rva	va	section	enc	text
0x4d	0x18000004d	?	ascii	!This program cannot be run in DOS mode.
0xf6	0x1800000f6	?	ascii	(gRich~
0x210	0x180000210	?	ascii	.text
0x237	0x180000237	?	ascii	`.rdata
0x25f	0x18000025f	?	ascii	@.data
0x288	0x180000288	?	ascii	.pdata
0x2af	0x1800002af	?	ascii	@.fptable
0x2d8	0x1800002d8	?	ascii	.rsrc
0x2ff	0x1800002ff	?	ascii	@.reloc
0x1010	0x180001010	.text	ascii	UAWAVAUATVWSH
0x1139	0x180001139	.text	ascii	H;UXv
0x119e	0x18000119e	.text	ascii	MHH;MXv
0x11cf	0x1800011cf	.text	ascii	EHH;EXvoH
0x1223	0x180001223	.text	ascii	H;U(s1H
0x124d	0x18000124d	.text	ascii	[_^A\A]A^A_]
0x1285	0x180001285	.text	ascii	UAWAVAUATVWSH
0x12a9	0x1800012a9	.text	ascii	([_^A\A]A^A_]
0x12c5	0x1800012c5	.text	ascii	UAWAVAUATVWSH
0x12e9	0x1800012e9	.text	ascii	([_^A\A]A^A_]
0x1300	0x180001300	.text	ascii	AWAVAUATVWUSH
0x14b1	0x1800014b1	.text	ascii	D$8fff.
0x14dd	0x1800014dd	.text	ascii	L$8L9
0x1572	0x180001572	.text	ascii	fffff.
0x160e	0x18000160e	.text	ascii	D$xHc@<H
0x1727	0x180001727	.text	ascii	D$hH;D$`H
0x1731	0x180001731	.text	ascii	ttu#J
0x1aac	0x180001aac	.text	ascii	[]_^A\A]A^A_
0x1ad0	0x180001ad0	.text	ascii	UAWAVVWSH
0x1b59	0x180001b59	.text	ascii	L;u v
0x1baa	0x180001baa	.text	ascii	H;M v
0x1bda	0x180001bda	.text	ascii	H;E v~H
0x1c69	0x180001c69	.text	ascii	[_^A^A_]
0x1ca5	0x180001ca5	.text	ascii	UAWAVVWSH
0x1cb9	0x180001cb9	.text	ascii	)t$ H
0x1cc7	0x180001cc7	.text	ascii	(t$ H
0x1cce	0x180001cce	.text	ascii	8[_^A^A_]
0x1ce5	0x180001ce5	.text	ascii	UAWAVVWSH
0x1cf9	0x180001cf9	.text	ascii	)t$ H
0x1d07	0x180001d07	.text	ascii	(t$ H
0x1d0e	0x180001d0e	.text	ascii	8[_^A^A_]
0x1ef0	0x180001ef0	.text	ascii	AWAVAUATVWUSH
0x1f4c	0x180001f4c	.text	ascii	";+Sd
0x1f9c	0x180001f9c	.text	ascii	DXKwH
0x1fcd	0x180001fcd	.text	ascii	L$(H9
0x1fff	0x180001fff	.text	ascii	Lh~[6
0x2037	0x180002037	.text	ascii	D$HH;D$8H
0x21b6	0x1800021b6	.text	ascii	";+Sd
0x220d	0x18000220d	.text	ascii	x[]_^A\A]A^A_
0x2240	0x180002240	.text	ascii	AWAVAUATVWUSH
0x225f	0x18000225f	.text	ascii	-fobH
0x2320	0x180002320	.text	ascii	D$0ffff.
0x234d	0x18000234d	.text	ascii	L$0L9
0x23c2	0x1800023c2	.text	ascii	D$HH;
0x2475	0x180002475	.text	ascii	D$@H;
0x2522	0x180002522	.text	ascii	fffff.
0x2594	0x180002594	.text	ascii	D$hH;D$XH
0x262c	0x18000262c	.text	ascii	H9D$hH
0x274b	0x18000274b	.text	ascii	L$PH)
0x2825	0x180002825	.text	ascii	H;D$XH
0x28ab	0x1800028ab	.text	ascii	H3T$PH9
0x2938	0x180002938	.text	ascii	D$hH;
0x2aa3	0x180002aa3	.text	ascii	[]_^A\A]A^A_
0x2c90	0x180002c90	.text	ascii	AWAVAUATVWUSH
0x2cab	0x180002cab	.text	ascii	W=^RH
0x2d00	0x180002d00	.text	ascii	[ffffff.
0x2d79	0x180002d79	.text	ascii	L$(L9
0x2dd2	0x180002dd2	.text	ascii	8[]_^A\A]A^A_
0x2de0	0x180002de0	.text	ascii	AWAVAUATVWUSH
0x2e50	0x180002e50	.text	ascii	[ffffff.
0x2ec9	0x180002ec9	.text	ascii	L$(L9
0x2f22	0x180002f22	.text	ascii	8[]_^A\A]A^A_
0x2f30	0x180002f30	.text	ascii	AWAVAUATVWUSH
0x2fa0	0x180002fa0	.text	ascii	[ffffff.
0x3019	0x180003019	.text	ascii	L$(L9
0x3072	0x180003072	.text	ascii	8[]_^A\A]A^A_
0x3080	0x180003080	.text	ascii	UAWAVAUATVWSH
0x32ca	0x1800032ca	.text	ascii	[_^A\A]A^A_]
0x32e5	0x1800032e5	.text	ascii	UAWAVAUATVWSH
0x3302	0x180003302	.text	ascii	fffff.
0x3315	0x180003315	.text	ascii	UAWAVAUATVWSH
0x3339	0x180003339	.text	ascii	8[_^A\A]A^A_]
0x3350	0x180003350	.text	ascii	AWAVAUATVWUSH
0x341d	0x18000341d	.text	ascii	L$0L9
0x3567	0x180003567	.text	ascii	]:T$/t
0x3570	0x180003570	.text	ascii	:l'+v
0x37cf	0x1800037cf	.text	ascii	H;D$Ht
0x3869	0x180003869	.text	ascii	fY Pa
0x3a75	0x180003a75	.text	ascii	H;L$Ht
0x3ab2	0x180003ab2	.text	ascii	`N:L$.t
0x3af9	0x180003af9	.text	ascii	H;D$`t
0x3cbf	0x180003cbf	.text	ascii	pH;L$Ht
0x3d50	0x180003d50	.text	ascii	[]_^A\A]A^A_
0x3d60	0x180003d60	.text	ascii	UAWAVATVWSH
0x3e50	0x180003e50	.text	ascii	@[_^A\A^A_]
0x3e65	0x180003e65	.text	ascii	UAWAVATVWSH
0x3e80	0x180003e80	.text	ascii	AWAVAUATVWUSH
0x3ec4	0x180003ec4	.text	ascii	V;k.I
0x3ed8	0x180003ed8	.text	ascii	V;k.I
0x3ee1	0x180003ee1	.text	ascii	@e#$:
0x3f1d	0x180003f1d	.text	ascii	L$0L9
0x3f73	0x180003f73	.text	ascii	ffff.
0x3fe5	0x180003fe5	.text	ascii	H;L$@t
0x4052	0x180004052	.text	ascii	D$`H)
0x4062	0x180004062	.text	ascii	H;L$@
0x4092	0x180004092	.text	ascii	D$PH9L$xv
0x40b3	0x1800040b3	.text	ascii	H+\$HL
0x40c5	0x1800040c5	.text	ascii	T$HH9
0x40cf	0x1800040cf	.text	ascii	\$XH9
0x4109	0x180004109	.text	ascii	D$@I)
0x41ad	0x1800041ad	.text	ascii	[]_^A\A]A^A_
0x41c0	0x1800041c0	.text	ascii	AWAVAUATVWUSH
0x4235	0x180004235	.text	ascii	D$`H;
0x428d	0x18000428d	.text	ascii	L$(L9
0x438d	0x18000438d	.text	ascii	L$HH)
0x443e	0x18000443e	.text	ascii	D$XI)
0x44e5	0x1800044e5	.text	ascii	LFo%@9
0x4606	0x180004606	.text	ascii	y`8 QA
0x4655	0x180004655	.text	ascii	H3T$HH9
0x4770	0x180004770	.text	ascii	D$@H;
0x47e9	0x1800047e9	.text	ascii	H;D$PH
0x4878	0x180004878	.text	ascii	H9D$`H
0x48e9	0x1800048e9	.text	ascii	D$`H;D$PH
0x4984	0x180004984	.text	ascii	D$8I)
0x49ae	0x1800049ae	.text	ascii	D$8H;
0x4a7d	0x180004a7d	.text	ascii	[]_^A\A]A^A_
0x4ae0	0x180004ae0	.text	ascii	AWAVAUATVWUSH
0x4b83	0x180004b83	.text	ascii	D$8f.
0x4bad	0x180004bad	.text	ascii	L$8L9
0x4bfd	0x180004bfd	.text	ascii	|$6}H
0x4c67	0x180004c67	.text	ascii	3+Q8d
0x4c78	0x180004c78	.text	ascii	|$7}H
0x4dcf	0x180004dcf	.text	ascii	D$HH9
0x4fa2	0x180004fa2	.text	ascii	1zd&'
0x50fc	0x1800050fc	.text	ascii	|$6}H
0x5130	0x180005130	.text	ascii	|$6:H
0x5256	0x180005256	.text	ascii	|$7}H
0x5260	0x180005260	.text	ascii	IAvnt
0x528a	0x18000528a	.text	ascii	|$7{H
0x5431	0x180005431	.text	ascii	[]_^A\A]A^A_
0x5558	0x180005558	.text	ascii	D$8H1
0x5575	0x180005575	.text	ascii	L$8H1
0x5610	0x180005610	.text	ascii	AWAVAUATVWUSH
0x5680	0x180005680	.text	ascii	5ffffff.
0x56d3	0x1800056d3	.text	ascii	L$(L9
0x5758	0x180005758	.text	ascii	8[]_^A\A]A^A_
0x5770	0x180005770	.text	ascii	AWAVAUATVWUSH
0x57e0	0x1800057e0	.text	ascii	5ffffff.
0x5833	0x180005833	.text	ascii	L$(L9
0x58b8	0x1800058b8	.text	ascii	8[]_^A\A]A^A_
0x58d0	0x1800058d0	.text	ascii	AWAVAUATVWUSH
0x59dd	0x1800059dd	.text	ascii	|$0L9
0x5a43	0x180005a43	.text	ascii	L$pH9L$PH
0x5b8c	0x180005b8c	.text	ascii	]8&H9
0x5bcd	0x180005bcd	.text	ascii	B%mHeH9
0x5c23	0x180005c23	.text	ascii	`^)NH
0x5e83	0x180005e83	.text	ascii	B%mHeH9
0x5f4d	0x180005f4d	.text	ascii	+Ir%m
0x6320	0x180006320	.text	ascii	"\MAH
0x6428	0x180006428	.text	ascii	[]_^A\A]A^A_
0x6450	0x180006450	.text	ascii	AWAVAUATVWUSH
0x64a1	0x1800064a1	.text	ascii	72a*E
0x64ee	0x1800064ee	.text	ascii	H;\$XH
0x653d	0x18000653d	.text	ascii	l$0L9
0x6591	0x180006591	.text	ascii	|$/:H
0x65fc	0x1800065fc	.text	ascii	Q*UL9
0x6621	0x180006621	.text	ascii	\$@:\$AH
0x66b4	0x1800066b4	.text	ascii	l$TH9
0x66bd	0x1800066bd	.text	ascii	R+pV$
0x673b	0x18000673b	.text	ascii	M8\$.H
0x67b9	0x1800067b9	.text	ascii	l$@@:l$AI
0x6922	0x180006922	.text	ascii	l$H;l$DI
0x69fa	0x1800069fa	.text	ascii	H;\$XH
0x6a44	0x180006a44	.text	ascii	|$.:H
0x6a8d	0x180006a8d	.text	ascii	|$.}H
0x6b1a	0x180006b1a	.text	ascii	|$/}H
0x6b3e	0x180006b3e	.text	ascii	t/**m
0x6b50	0x180006b50	.text	ascii	|$.}H
0x6b86	0x180006b86	.text	ascii	|$/}H
0x6ceb	0x180006ceb	.text	ascii	\$`H9
0x6e00	0x180006e00	.text	ascii	82a*E
0x6e62	0x180006e62	.text	ascii	[]_^A\A]A^A_
0x6f10	0x180006f10	.text	ascii	AWAVAUATVWUSH
0x700d	0x18000700d	.text	ascii	L$8L9
0x7032	0x180007032	.text	ascii	k)eH9
0x7045	0x180007045	.text	ascii	k)eH9
0x731e	0x18000731e	.text	ascii	1&UH9
0x7364	0x180007364	.text	ascii	T9 GmH
0x7404	0x180007404	.text	ascii	1(g6H9
0x751d	0x18000751d	.text	ascii	H9D$hH
0x75e6	0x1800075e6	.text	ascii	U-dyH
0x7660	0x180007660	.text	ascii	1&UH9
0x7672	0x180007672	.text	ascii	f8YVH9
0x7968	0x180007968	.text	ascii	D$xH9
0x7ac5	0x180007ac5	.text	ascii	bU?lS#h
0x7c77	0x180007c77	.text	ascii	[]_^A\A]A^A_
0x7cd0	0x180007cd0	.text	ascii	AWAVAUATVWUSH
0x7d9d	0x180007d9d	.text	ascii	L$8L9
0x7e09	0x180007e09	.text	ascii	t08^i
0x7fa4	0x180007fa4	.text	ascii	^z6'eH9
0x7fea	0x180007fea	.text	ascii	a&>L?Z
0x8438	0x180008438	.text	ascii	$4!4H9
0x845e	0x18000845e	.text	ascii	7O>1H9
0x883d	0x18000883d	.text	ascii	;D$\H
0x8846	0x180008846	.text	ascii	c]xe8H
0x8a64	0x180008a64	.text	ascii	D$f:D$MH
0x8ab6	0x180008ab6	.text	ascii	W#aH9
0x8d71	0x180008d71	.text	ascii	C(O5#
0x9202	0x180009202	.text	ascii	:L$MH
0x9250	0x180009250	.text	ascii	hxH\H9
0x9316	0x180009316	.text	ascii	$4!4H9
0x9404	0x180009404	.text	ascii	;D$\H
0x9829	0x180009829	.text	ascii	:L$MH
0x9b73	0x180009b73	.text	ascii	;D$\H
0x9cbf	0x180009cbf	.text	ascii	?=5UI
0x9e9e	0x180009e9e	.text	ascii	t$l;L$lH
0xa285	0x18000a285	.text	ascii	D$i:D$MH
0xa29c	0x18000a29c	.text	ascii	sz6yH
0xa420	0x18000a420	.text	ascii	#r=gX
0xa793	0x18000a793	.text	ascii	tb:~?
0xa9bb	0x18000a9bb	.text	ascii	t$l;L$lH
0xad30	0x18000ad30	.text	ascii	,V;v@G
0xae10	0x18000ae10	.text	ascii	H;L$pH
0xae9b	0x18000ae9b	.text	ascii	H;L$pH
0xaf03	0x18000af03	.text	ascii	w.KCH9
0xaf65	0x18000af65	.text	ascii	[]_^A\A]A^A_
0xafa0	0x18000afa0	.text	ascii	AWAVAUATVWUSH
0xb06d	0x18000b06d	.text	ascii	L$0H9
0xb141	0x18000b141	.text	ascii	1RsnJH9
0xb25e	0x18000b25e	.text	ascii	Vp4C5H
0xb38b	0x18000b38b	.text	ascii	[j4"@nH9
0xb3fd	0x18000b3fd	.text	ascii	D$\D;L$@H
0xb48b	0x18000b48b	.text	ascii	L$HH)
0xb532	0x18000b532	.text	ascii	L$@D)
0xb60e	0x18000b60e	.text	ascii	;D$@H
0xb704	0x18000b704	.text	ascii	;D$@H
0xb7ab	0x18000b7ab	.text	ascii	[j4"@nH9
0xb8d3	0x18000b8d3	.text	ascii	;T$@H
0xb949	0x18000b949	.text	ascii	;D$@H
0xb9ca	0x18000b9ca	.text	ascii	;T$@H
0xba6b	0x18000ba6b	.text	ascii	;L$XH
0xba73	0x18000ba73	.text	ascii	yHlP$~H
0xbac4	0x18000bac4	.text	ascii	\K42H
0xbb02	0x18000bb02	.text	ascii	6UW93H
0xbd40	0x18000bd40	.text	ascii	[]_^A\A]A^A_
0xbd50	0x18000bd50	.text	ascii	AWAVAUATVWUSH
0xbe4d	0x18000be4d	.text	ascii	L$(H9
0xbe8f	0x18000be8f	.text	ascii	2w*g,'
0xbfc7	0x18000bfc7	.text	ascii	ZU@H9
0xc01b	0x18000c01b	.text	ascii	L$@H)
0xc054	0x18000c054	.text	ascii	^}A?lU
0xc191	0x18000c191	.text	ascii	ZU@H9
0xc2cb	0x18000c2cb	.text	ascii	;T$<H
0xc361	0x18000c361	.text	ascii	;D$<H
0xc3e7	0x18000c3e7	.text	ascii	;D$<H
0xc40c	0x18000c40c	.text	ascii	2z$s8
0xc454	0x18000c454	.text	ascii	;L$PH
0xc514	0x18000c514	.text	ascii	h:\Lxs@H
0xc565	0x18000c565	.text	ascii	;D$<H
0xc5b4	0x18000c5b4	.text	ascii	5|iJH
0xc65c	0x18000c65c	.text	ascii	=QoHH
0xc7ee	0x18000c7ee	.text	ascii	;T$<H
0xc8c4	0x18000c8c4	.text	ascii	[]_^A\A]A^A_
0xc8e0	0x18000c8e0	.text	ascii	AWAVAUATVWUSH
0xc9e3	0x18000c9e3	.text	ascii	9fff.
0xca0d	0x18000ca0d	.text	ascii	L$(H9
0xca97	0x18000ca97	.text	ascii	o9Q"QH9
0xcc8b	0x18000cc8b	.text	ascii	T$pH;T$PH
0xcdb9	0x18000cdb9	.text	ascii	p/+^H
0xcef9	0x18000cef9	.text	ascii	H;D$PH
0xd08f	0x18000d08f	.text	ascii	o9Q"QH9
0xd0e3	0x18000d0e3	.text	ascii	H;D$PH
0xd1ba	0x18000d1ba	.text	ascii	L$8H)
0xd282	0x18000d282	.text	ascii	H;|$`H
0xd457	0x18000d457	.text	ascii	H;D$PH
0xd60e	0x18000d60e	.text	ascii	H;D$PH
0xd66b	0x18000d66b	.text	ascii	L$PH+L$pH
0xd6f6	0x18000d6f6	.text	ascii	H;D$PH
0xd818	0x18000d818	.text	ascii	H;L$hH
0xd880	0x18000d880	.text	ascii	[]_^A\A]A^A_
0xd890	0x18000d890	.text	ascii	AWAVAUATVWUSH
0xd95b	0x18000d95b	.text	ascii	H;L$XH
0xd9cd	0x18000d9cd	.text	ascii	L$(L9
0xd9fb	0x18000d9fb	.text	ascii	l%]>H9
0xda21	0x18000da21	.text	ascii	*"52H9
0xda69	0x18000da69	.text	ascii	H;D$HH
0xdbce	0x18000dbce	.text	ascii	H;D$HH
0xdc81	0x18000dc81	.text	ascii	H;D$HH
0xdc96	0x18000dc96	.text	ascii	bJm(I
0xdd8c	0x18000dd8c	.text	ascii	l+KhH
0xde19	0x18000de19	.text	ascii	H;D$HH
0xdfc8	0x18000dfc8	.text	ascii	l%]>H9
0xe1f6	0x18000e1f6	.text	ascii	H;D$HH
0xe366	0x18000e366	.text	ascii	L$8H)
0xe3f3	0x18000e3f3	.text	ascii	j=oao|H
0xe4f2	0x18000e4f2	.text	ascii	H;L$`H
0xe5d9	0x18000e5d9	.text	ascii	[]_^A\A]A^A_
0xe5f0	0x18000e5f0	.text	ascii	UAWAVAUATVWSH
0xe900	0x18000e900	.text	ascii	[_^A\A]A^A_]
0xe983	0x18000e983	.text	ascii	ffff.
0xe995	0x18000e995	.text	ascii	UAWAVAUATVWSH
0xe9c0	0x18000e9c0	.text	ascii	AWAVAUATVWUSH
0xe9d1	0x18000e9d1	.text	ascii	)t$`f
0xea9d	0x18000ea9d	.text	ascii	L$8L9
0xed06	0x18000ed06	.text	ascii	9D$\H
0xed29	0x18000ed29	.text	ascii	I.xRj
0xed8e	0x18000ed8e	.text	ascii	;D$XH
0xefc0	0x18000efc0	.text	ascii	(t$`H
0xefc7	0x18000efc7	.text	ascii	x[]_^A\A]A^A_
0xefe0	0x18000efe0	.text	ascii	AWAVAUATVWUSH
0xf106	0x18000f106	.text	ascii	L$ L9
0xf20c	0x18000f20c	.text	ascii	D$@;D$L
0xf3ff	0x18000f3ff	.text	ascii	D$<D!
0xf405	0x18000f405	.text	ascii	;D$4H
0xf515	0x18000f515	.text	ascii	9D$@H
0xf572	0x18000f572	.text	ascii	ts:H9
0xf617	0x18000f617	.text	ascii	00000000H
0xf695	0x18000f695	.text	ascii	;t$4H
0xf69c	0x18000f69c	.text	ascii	:z*[!
0xf744	0x18000f744	.text	ascii	L$l;L$4
0xf83a	0x18000f83a	.text	ascii	i)S#C
0xf868	0x18000f868	.text	ascii	H+D$p
0xf8cf	0x18000f8cf	.text	ascii	ywI!K$
0xf968	0x18000f968	.text	ascii	T$hD;T$<I
0xfad1	0x18000fad1	.text	ascii	;D$LH
0xfbda	0x18000fbda	.text	ascii	[EET?WH
0xfd38	0x18000fd38	.text	ascii	9D$@H
0xffd2	0x18000ffd2	.text	ascii	;L$LH
0xffe2	0x18000ffe2	.text	ascii	j-/0A
0x10022	0x180010022	.text	ascii	9D$@H
0x100a0	0x1800100a0	.text	ascii	;D$4H
0x1025c	0x18001025c	.text	ascii	9D$@H
0x10375	0x180010375	.text	ascii	;t$4H
0x1040a	0x18001040a	.text	ascii	[]_^A\A]A^A_
0x10430	0x180010430	.text	ascii	AWAVAUATVWUSH
0x10652	0x180010652	.text	ascii	D"D$4D
0x1068e	0x18001068e	.text	ascii	e^\"H
0x10833	0x180010833	.text	ascii	t$<;T$
0x10918	0x180010918	.text	ascii	ij+&l}[
0x10bab	0x180010bab	.text	ascii	``TH9
0x10d24	0x180010d24	.text	ascii	t$<;T$
0x10db3	0x180010db3	.text	ascii	t$<;T$
0x10e04	0x180010e04	.text	ascii	jj+&l}[
0x10fe6	0x180010fe6	.text	ascii	D;L$|A
0x11008	0x180011008	.text	ascii	;T$@H
0x11190	0x180011190	.text	ascii	t$<;T$
0x112ff	0x1800112ff	.text	ascii	D"|$.:D$
0x1130c	0x18001130c	.text	ascii	@"l$/
0x11352	0x180011352	.text	ascii	Br0 I
0x113e1	0x1800113e1	.text	ascii	D$8+D$p
0x113f8	0x1800113f8	.text	ascii	3T$@H
0x11560	0x180011560	.text	ascii	9D$PH
0x115b9	0x1800115b9	.text	ascii	D$#D8D$-A
0x116d4	0x1800116d4	.text	ascii	t$<;T$
0x118a9	0x1800118a9	.text	ascii	L$8A!
0x118cb	0x1800118cb	.text	ascii	T$!D"T$FA
0x118d9	0x1800118d9	.text	ascii	\$#E8
0x1193c	0x18001193c	.text	ascii	t$<;T$
0x1199b	0x18001199b	.text	ascii	V>R?*
0x11a9f	0x180011a9f	.text	ascii	3D$@#D$l;D$
0x11b1d	0x180011b1d	.text	ascii	;L$8H
0x11b95	0x180011b95	.text	ascii	[]_^A\A]A^A_
0x11bb0	0x180011bb0	.text	ascii	AWAVAUATVWUSH
0x11c6e	0x180011c6e	.text	ascii	9D$@H
0x11c9f	0x180011c9f	.text	ascii	L$Tfffff.
0x11ccd	0x180011ccd	.text	ascii	L$(H9
0x11d2a	0x180011d2a	.text	ascii	|i:NH9
0x11d45	0x180011d45	.text	ascii	;D$dH
0x11ddf	0x180011ddf	.text	ascii	D$@;D$d
0x11e42	0x180011e42	.text	ascii	2li0H9
0x11e76	0x180011e76	.text	ascii	D$H;D$LH
0x11f7b	0x180011f7b	.text	ascii	(ymH9
0x11f93	0x180011f93	.text	ascii	L$@;L$|H
0x120db	0x1800120db	.text	ascii	9D$@H
0x121ea	0x1800121ea	.text	ascii	OE+bs
0x12251	0x180012251	.text	ascii	;D$tH
0x12399	0x180012399	.text	ascii	D$@;D$|H
0x124aa	0x1800124aa	.text	ascii	D$@;D$tH
0x12563	0x180012563	.text	ascii	2li0H9
0x125a1	0x1800125a1	.text	ascii	;D$tH
0x12648	0x180012648	.text	ascii	F?A$H9
0x126d3	0x1800126d3	.text	ascii	;D$dH
0x12722	0x180012722	.text	ascii	`upH9
0x12888	0x180012888	.text	ascii	D$LD+D$HI
0x12922	0x180012922	.text	ascii	N<7/H
0x129ca	0x1800129ca	.text	ascii	D$@;D$|H
0x12bd0	0x180012bd0	.text	ascii	D$l;T$xH
0x12cec	0x180012cec	.text	ascii	D$l;D$L
0x12d93	0x180012d93	.text	ascii	D$@;D$8H
0x12e4a	0x180012e4a	.text	ascii	LQ[WH
0x13026	0x180013026	.text	ascii	D$8+D$HH
0x1303f	0x18001303f	.text	ascii	2\Lv*#IH
0x130f7	0x1800130f7	.text	ascii	+D$lH
0x131b3	0x1800131b3	.text	ascii	D$H;D$LH
0x13300	0x180013300	.text	ascii	D;L$xH
0x13361	0x180013361	.text	ascii	D$H;D$LH
0x133b6	0x1800133b6	.text	ascii	D$H;D$8Hc
0x1341d	0x18001341d	.text	ascii	9D$@H
0x1356f	0x18001356f	.text	ascii	D;D$xH
0x13602	0x180013602	.text	ascii	9D$@H
0x136d5	0x1800136d5	.text	ascii	[]_^A\A]A^A_
0x136f0	0x1800136f0	.text	ascii	UAWAVAUATVWSH
0x13b29	0x180013b29	.text	ascii	[_^A\A]A^A_]
0x13b45	0x180013b45	.text	ascii	UAWAVAUATVWSH
0x13b70	0x180013b70	.text	ascii	AWAVAUATVWUSH
0x13c03	0x180013c03	.text	ascii	nD$\f
0x13c43	0x180013c43	.text	ascii	ffff.
0x13c6d	0x180013c6d	.text	ascii	L$8L9
0x13de2	0x180013de2	.text	ascii	fffff.
0x14050	0x180014050	.text	ascii	+~aY)YH
0x14101	0x180014101	.text	ascii	2~Iuq
0x14155	0x180014155	.text	ascii	D$`fH
0x142ea	0x1800142ea	.text	ascii	H3D$hH#D$xH;D$`H
0x14331	0x180014331	.text	ascii	;D$PH
0x143b5	0x1800143b5	.text	ascii	D$HA)
0x143c0	0x1800143c0	.text	ascii	L$PD9
0x1443f	0x18001443f	.text	ascii	[]_^A\A]A^A_
0x14460	0x180014460	.text	ascii	AWAVAUATVWUSH
0x1458d	0x18001458d	.text	ascii	L$(L9
0x14614	0x180014614	.text	ascii	00000000H
0x15025	0x180015025	.text	ascii	00000000H
0x15149	0x180015149	.text	ascii	;D$@H
0x15185	0x180015185	.text	ascii	&ZbH9
0x15311	0x180015311	.text	ascii	%T-t{(
0x153b7	0x1800153b7	.text	ascii	z.I%H9
0x154bf	0x1800154bf	.text	ascii	\\L,kH9
0x154f7	0x1800154f7	.text	ascii	;L$DH
0x15817	0x180015817	.text	ascii	&ZbH9
0x15850	0x180015850	.text	ascii	;D$@H
0x15856	0x180015856	.text	ascii	Qr>K}
0x15d86	0x180015d86	.text	ascii	9D$lH
0x15fa4	0x180015fa4	.text	ascii	9D$lH
0x1650f	0x18001650f	.text	ascii	;L$@H
0x166ff	0x1800166ff	.text	ascii	;D$@H
0x16751	0x180016751	.text	ascii	|$K9H
0x167a9	0x1800167a9	.text	ascii	;D$@H
0x1680a	0x18001680a	.text	ascii	D$DD;
0x16884	0x180016884	.text	ascii	9D$lH
0x168e8	0x1800168e8	.text	ascii	N"OUq
0x16ce2	0x180016ce2	.text	ascii	1)6S:H
0x16e50	0x180016e50	.text	ascii	=-@w>
0x1733e	0x18001733e	.text	ascii	;\$@H
0x173a5	0x1800173a5	.text	ascii	;D$@H
0x173e8	0x1800173e8	.text	ascii	;D$DH
0x1746e	0x18001746e	.text	ascii	;D$@H
0x174a9	0x1800174a9	.text	ascii	L$K"L$]
0x174cf	0x1800174cf	.text	ascii	g~0GH
0x17531	0x180017531	.text	ascii	|$K.H
0x177b9	0x1800177b9	.text	ascii	9D$lH
0x17bf0	0x180017bf0	.text	ascii	|$K9H
0x17d3f	0x180017d3f	.text	ascii	xRCs1
0x17eab	0x180017eab	.text	ascii	Qd*O&jzH
0x17f54	0x180017f54	.text	ascii	[]_^A\A]A^A_
0x17f70	0x180017f70	.text	ascii	AWAVAUATVWUSH
0x17fd2	0x180017fd2	.text	ascii	fffff.
0x180a3	0x1800180a3	.text	ascii	<fff.
0x18122	0x180018122	.text	ascii	fffff.
0x1827a	0x18001827a	.text	ascii	xemH9
0x1872b	0x18001872b	.text	ascii	D$l9D$tH
0x18aac	0x180018aac	.text	ascii	xemH9
0x18d5c	0x180018d5c	.text	ascii	H#D$XH;
0x18dca	0x180018dca	.text	ascii	9D$tH
0x1901f	0x18001901f	.text	ascii	D$XH;
0x1902d	0x18001902d	.text	ascii	D;L$l
0x1903b	0x18001903b	.text	ascii	;D$pH
0x190f7	0x1800190f7	.text	ascii	D"T$-D
0x193df	0x1800193df	.text	ascii	L$8D9
0x19443	0x180019443	.text	ascii	L$8D9
0x19538	0x180019538	.text	ascii	L$8D9
0x199a2	0x1800199a2	.text	ascii	fffff.
0x19ab5	0x180019ab5	.text	ascii	[]_^A\A]A^A_
0x19ad0	0x180019ad0	.text	ascii	AWAVAUATVWUSH
0x19b39	0x180019b39	.text	ascii	GJ{R!
0x19ca8	0x180019ca8	.text	ascii	H9D$XH
0x19cde	0x180019cde	.text	ascii	L$Hffffff.
0x19d0d	0x180019d0d	.text	ascii	L$(L9
0x19db1	0x180019db1	.text	ascii	o~Ct=xH
0x19df0	0x180019df0	.text	ascii	5?$H9
0x19e7e	0x180019e7e	.text	ascii	Dr~7H
0x19f29	0x180019f29	.text	ascii	H9D$XH
0x19f79	0x180019f79	.text	ascii	~hkmH9
0x19fb3	0x180019fb3	.text	ascii	QcbH9
0x19fd4	0x180019fd4	.text	ascii	D$`D+D$PI
0x1a087	0x18001a087	.text	ascii	H9D$XH
0x1a1a3	0x18001a1a3	.text	ascii	H9D$XH
0x1a469	0x18001a469	.text	ascii	O.G|H9
0x1a5af	0x18001a5af	.text	ascii	HJ{R!
0x1a878	0x18001a878	.text	ascii	H9D$XH
0x1a9fd	0x18001a9fd	.text	ascii	H9D$XH
0x1aab7	0x18001aab7	.text	ascii	Fy]EH
0x1aac0	0x18001aac0	.text	ascii	-,$<pH
0x1ab10	0x18001ab10	.text	ascii	D$P;D$`H
0x1ac42	0x18001ac42	.text	ascii	0$|v-
0x1ad07	0x18001ad07	.text	ascii	D$d;D$`H
0x1ad6c	0x18001ad6c	.text	ascii	+D$dH
0x1ada7	0x18001ada7	.text	ascii	R\<CH9
0x1adb5	0x18001adb5	.text	ascii	D$P;D$`H
0x1adf4	0x18001adf4	.text	ascii	5?$H9
0x1ae7f	0x18001ae7f	.text	ascii	@StN!3
0x1aed6	0x18001aed6	.text	ascii	D$XH;
0x1aefa	0x18001aefa	.text	ascii	~hkmH9
0x1af0c	0x18001af0c	.text	ascii	yO$GoH9
0x1af1b	0x18001af1b	.text	ascii	D$P;D$`H
0x1af2e	0x18001af2e	.text	ascii	jz6P&Y
0x1b178	0x18001b178	.text	ascii	H9D$XH
0x1b1c4	0x18001b1c4	.text	ascii	H9D$XH
0x1b35a	0x18001b35a	.text	ascii	H9D$XH
0x1b36f	0x18001b36f	.text	ascii	ZLu6H
0x1b407	0x18001b407	.text	ascii	L$XH;
0x1b455	0x18001b455	.text	ascii	D$XH;
0x1b51a	0x18001b51a	.text	ascii	>1?5H
0x1b5a3	0x18001b5a3	.text	ascii	D$d;D$`
0x1b633	0x18001b633	.text	ascii	H9D$XH
0x1b6ac	0x18001b6ac	.text	ascii	;D$xH
0x1b6ee	0x18001b6ee	.text	ascii	9D$dH
0x1b744	0x18001b744	.text	ascii	H9D$XH
0x1b76b	0x18001b76b	.text	ascii	ABaWp
0x1b7b5	0x18001b7b5	.text	ascii	D$P;D$DHc
0x1b87c	0x18001b87c	.text	ascii	p|ei(H
0x1b908	0x18001b908	.text	ascii	H9D$XH
0x1b913	0x18001b913	.text	ascii	_DMMH
0x1b961	0x18001b961	.text	ascii	H9D$XH
0x1ba23	0x18001ba23	.text	ascii	D$D+D$PH
0x1bb51	0x18001bb51	.text	ascii	H9D$X
0x1bc05	0x18001bc05	.text	ascii	H9D$XH
0x1bc57	0x18001bc57	.text	ascii	H9D$XH
0x1bd22	0x18001bd22	.text	ascii	fffff.
0x1bd6a	0x18001bd6a	.text	ascii	D$tE9
0x1bf4c	0x18001bf4c	.text	ascii	[]_^A\A]A^A_
0x1bf60	0x18001bf60	.text	ascii	AWAVAUATVWUSH
0x1c03d	0x18001c03d	.text	ascii	L$0L9
0x1c0f0	0x18001c0f0	.text	ascii	4HQH9
0x1c3b4	0x18001c3b4	.text	ascii	H+L$XH
0x1c654	0x18001c654	.text	ascii	cpDH9
0x1c67a	0x18001c67a	.text	ascii	[]_^A\A]A^A_
0x1c690	0x18001c690	.text	ascii	AWAVAUATVWUSH
0x1c79d	0x18001c79d	.text	ascii	L$8L9
0x1c808	0x18001c808	.text	ascii	|$L-H
0x1ca55	0x18001ca55	.text	ascii	T$pH9
0x1cae2	0x18001cae2	.text	ascii	|$L H
0x1cb71	0x18001cb71	.text	ascii	)3R\)
0x1cbf9	0x18001cbf9	.text	ascii	:D$6H
0x1cc7b	0x18001cc7b	.text	ascii	|$L-H
0x1cd00	0x18001cd00	.text	ascii	m:L$OH
0x1ce7d	0x18001ce7d	.text	ascii	D$7:D$OH
0x1cef3	0x18001cef3	.text	ascii	D$7:D$6H
0x1d102	0x18001d102	.text	ascii	D8D$UH
0x1d1b7	0x18001d1b7	.text	ascii	D$7:D$6
0x1d283	0x18001d283	.text	ascii	:D$MH
0x1d2c5	0x18001d2c5	.text	ascii	D$7:D$6H
0x1d342	0x18001d342	.text	ascii	D$7:D$6
0x1d388	0x18001d388	.text	ascii	|$L+H
0x1d4c4	0x18001d4c4	.text	ascii	D$d;D$hH
0x1d4fd	0x18001d4fd	.text	ascii	|$L+H
0x1d606	0x18001d606	.text	ascii	D$W:D$MH
0x1d62d	0x18001d62d	.text	ascii	c)N8$J0H
0x1d6a3	0x18001d6a3	.text	ascii	D$7:D$6H
0x1d71c	0x18001d71c	.text	ascii	HO\#H
0x1d77a	0x18001d77a	.text	ascii	:D$MH
0x1d84c	0x18001d84c	.text	ascii	yiXsu
0x1daa3	0x18001daa3	.text	ascii	[]_^A\A]A^A_
0x1db70	0x18001db70	.text	ascii	AWAVAUATVWUSH
0x1dc41	0x18001dc41	.text	ascii	\$Hfff.
0x1dc6d	0x18001dc6d	.text	ascii	L$0L9
0x1dcb3	0x18001dcb3	.text	ascii	|$-^H
0x1dd46	0x18001dd46	.text	ascii	|$-^H
0x1ddd3	0x18001ddd3	.text	ascii	|$,^H
0x1debe	0x18001debe	.text	ascii	|$,>H
0x1dec7	0x18001dec7	.text	ascii	zhBQNH
0x1df0c	0x18001df0c	.text	ascii	5N::H9
0x1df89	0x18001df89	.text	ascii	|$,^H
0x1e05a	0x18001e05a	.text	ascii	|$,>H
0x1e0a4	0x18001e0a4	.text	ascii	D$/H9\$P
0x1e162	0x18001e162	.text	ascii	41Mi-Rb
0x1e175	0x18001e175	.text	ascii	|$,<H
0x1e1ab	0x18001e1ab	.text	ascii	|$-<H
0x1e271	0x18001e271	.text	ascii	|$->H
0x1e369	0x18001e369	.text	ascii	D$PH+D$pH
0x1e3be	0x18001e3be	.text	ascii	H9\$PH
0x1e4c2	0x18001e4c2	.text	ascii	|$->H
0x1e5a4	0x18001e5a4	.text	ascii	[]_^A\A]A^A_
0x1e630	0x18001e630	.text	ascii	AWAVAUATVWUSH
0x1e73d	0x18001e73d	.text	ascii	L$8L9
0x1e79b	0x18001e79b	.text	ascii	o4$2?B
0x1e7b1	0x18001e7b1	.text	ascii	ffffff.
0x1e7fc	0x18001e7fc	.text	ascii	BK(x7HnH9
0x1e813	0x18001e813	.text	ascii	D'|H9
0x1e8b0	0x18001e8b0	.text	ascii	D$L;D$TH
0x1ea0a	0x18001ea0a	.text	ascii	D$`H9
0x1ea74	0x18001ea74	.text	ascii	D$P;D$XH
0x1eada	0x18001eada	.text	ascii	I8D$6H
0x1ec46	0x18001ec46	.text	ascii	T>W3H
0x1ede8	0x18001ede8	.text	ascii	L$hH9
0x1eefa	0x18001eefa	.text	ascii	[]_^A\A]A^A_
0x1efc0	0x18001efc0	.text	ascii	AWAVAUATVWUSH
0x1f037	0x18001f037	.text	ascii	&OI@z
0x1f0bf	0x18001f0bf	.text	ascii	l$\fffff.
0x1f0ed	0x18001f0ed	.text	ascii	\$0L9
0x1f141	0x18001f141	.text	ascii	5YrL9
0x1f56a	0x18001f56a	.text	ascii	gR5rB
0x1f584	0x18001f584	.text	ascii	ks#aH
0x1f690	0x18001f690	.text	ascii	C#:L9
0x1f6a3	0x18001f6a3	.text	ascii	C#:L9
0x1f767	0x18001f767	.text	ascii	'OI@z
0x1f8e5	0x18001f8e5	.text	ascii	*]SZB4!L9
0x1f926	0x18001f926	.text	ascii	&OI@z
0x1f9b3	0x18001f9b3	.text	ascii	&OI@z
0x1fa6d	0x18001fa6d	.text	ascii	[(HALk
0x1fb5e	0x18001fb5e	.text	ascii	rnG{$wH
0x1fc46	0x18001fc46	.text	ascii	\|<6L
0x1ffc9	0x18001ffc9	.text	ascii	S(P_9L
0x20032	0x180020032	.text	ascii	>eP|L
0x201be	0x1800201be	.text	ascii	}E%vL
0x204e7	0x1800204e7	.text	ascii	[]_^A\A]A^A_
0x206d0	0x1800206d0	.text	ascii	AWAVAUATVWUSH
0x206ee	0x1800206ee	.text	ascii	'yK9H
0x2076e	0x18002076e	.text	ascii	L$#:L$
0x207a3	0x1800207a3	.text	ascii	D$@f.
0x209d2	0x1800209d2	.text	ascii	fffff.
0x20a3e	0x180020a3e	.text	ascii	g1ch=
0x20ba9	0x180020ba9	.text	ascii	D$0L9
0x20d35	0x180020d35	.text	ascii	|$&A!
0x20d51	0x180020d51	.text	ascii	0jb3H
0x20ea2	0x180020ea2	.text	ascii	'yK98
0x21054	0x180021054	.text	ascii	|$$A!
0x21228	0x180021228	.text	ascii	L$$:L$
0x21264	0x180021264	.text	ascii	L$&:L$
0x2133f	0x18002133f	.text	ascii	|$#A!
0x21471	0x180021471	.text	ascii	|!UGH
0x214ae	0x1800214ae	.text	ascii	[]_^A\A]A^A_
0x214c0	0x1800214c0	.text	ascii	AWAVAUATVWUSH
0x215a1	0x1800215a1	.text	ascii	ffffff.
0x215cd	0x1800215cd	.text	ascii	L$0L9
0x21642	0x180021642	.text	ascii	fffff.
0x2168c	0x18002168c	.text	ascii	!k (J
0x2169c	0x18002169c	.text	ascii	|$.}H
0x216d1	0x1800216d1	.text	ascii	ffffff.
0x216f0	0x1800216f0	.text	ascii	z1nH9
0x21728	0x180021728	.text	ascii	D$@:D$AH
0x21780	0x180021780	.text	ascii	EX<zc
0x217a3	0x1800217a3	.text	ascii	|$/}H
0x217a9	0x1800217a9	.text	ascii	vlV4t7VDH
0x21817	0x180021817	.text	ascii	L$H;L$DH
0x21916	0x180021916	.text	ascii	L$@:L$AH
0x219ea	0x1800219ea	.text	ascii	L$TH9
0x21a13	0x180021a13	.text	ascii	*%\/H
0x21ab1	0x180021ab1	.text	ascii	D$`H9
0x21b19	0x180021b19	.text	ascii	|$.:H
0x21b4f	0x180021b4f	.text	ascii	|$.}H
0x21b96	0x180021b96	.text	ascii	\u4+m
0x21ba8	0x180021ba8	.text	ascii	|$/:H
0x21c64	0x180021c64	.text	ascii	|$/}H
0x21ca1	0x180021ca1	.text	ascii	F8D$.H
0x21d6e	0x180021d6e	.text	ascii	[]_^A\A]A^A_
0x21dc0	0x180021dc0	.text	ascii	AWAVAUATVWUSH
0x21e1f	0x180021e1f	.text	ascii	#-f!)
0x21eb0	0x180021eb0	.text	ascii	D$8ffff.
0x21edd	0x180021edd	.text	ascii	L$8L9
0x2200f	0x18002200f	.text	ascii	#-f!)
0x22085	0x180022085	.text	ascii	^4rAd
0x22297	0x180022297	.text	ascii	DTCMH9
0x2241d	0x18002241d	.text	ascii	H9D$`H
0x22455	0x180022455	.text	ascii	_4rAd
0x224b5	0x1800224b5	.text	ascii	_q,mH9
0x225d3	0x1800225d3	.text	ascii	_q,mI
0x2263c	0x18002263c	.text	ascii	O^mQ`
0x2289b	0x18002289b	.text	ascii	_q,mH!
0x22a60	0x180022a60	.text	ascii	[]_^A\A]A^A_
0x22af0	0x180022af0	.text	ascii	AWAVAUATVWUSH
0x22b06	0x180022b06	.text	ascii	t}9PH
0x22bb2	0x180022bb2	.text	ascii	T$Pff.
0x22bdd	0x180022bdd	.text	ascii	d$8H9
0x22c53	0x180022c53	.text	ascii	ffff.
0x22ca5	0x180022ca5	.text	ascii	L;T$`H
0x22ced	0x180022ced	.text	ascii	ZN:_a
0x22e7e	0x180022e7e	.text	ascii	%q0X,z
0x23269	0x180023269	.text	ascii	T$\D;T$LI
0x2333f	0x18002333f	.text	ascii	ZN:_a
0x23401	0x180023401	.text	ascii	h[]_^A\A]A^A_
0x23470	0x180023470	.text	ascii	AWAVAUATVWUSH
0x23553	0x180023553	.text	ascii	D$0f.
0x2357d	0x18002357d	.text	ascii	L$0L9
0x23682	0x180023682	.text	ascii	D$xH9D$PH
0x2389e	0x18002389e	.text	ascii	Af"'7
0x2395a	0x18002395a	.text	ascii	ey$cH9
0x23979	0x180023979	.text	ascii	Z'-%N
0x240d2	0x1800240d2	.text	ascii	[]_^A\A]A^A_
0x24160	0x180024160	.text	ascii	AWAVAUATVWUSH
0x2425d	0x18002425d	.text	ascii	L$0L9
0x242ba	0x1800242ba	.text	ascii	D$D:D$EH
0x242f2	0x1800242f2	.text	ascii	fffff.
0x2434c	0x18002434c	.text	ascii	|$/:H
0x24381	0x180024381	.text	ascii	ffffff.
0x243d0	0x1800243d0	.text	ascii	88D$/H
0x244f4	0x1800244f4	.text	ascii	L$dH;D$XH
0x24567	0x180024567	.text	ascii	|$A}H
0x246af	0x1800246af	.text	ascii	D$pH;D$XH
0x247bf	0x1800247bf	.text	ascii	?tIK2
0x24943	0x180024943	.text	ascii	|$A:H
0x24957	0x180024957	.text	ascii	g[M8H
0x249be	0x1800249be	.text	ascii	L$D:L$EH
0x249ff	0x1800249ff	.text	ascii	|$/}H
0x24a78	0x180024a78	.text	ascii	L$L;L$HH
0x24bed	0x180024bed	.text	ascii	|$A}H
0x24cb2	0x180024cb2	.text	ascii	|$/}H
0x24cbc	0x180024cbc	.text	ascii	I\5(H
0x24cd7	0x180024cd7	.text	ascii	_5}L:1H
0x24de0	0x180024de0	.text	ascii	[]_^A\A]A^A_
0x24e60	0x180024e60	.text	ascii	AWAVAUATVWUSH
0x24ebe	0x180024ebe	.text	ascii	>4t@f
0x24f6d	0x180024f6d	.text	ascii	L$8L9
0x24fb5	0x180024fb5	.text	ascii	'fzCo
0x24fe2	0x180024fe2	.text	ascii	fffff.
0x25073	0x180025073	.text	ascii	H~j2mr
0x25112	0x180025112	.text	ascii	fffff.
0x2513e	0x18002513e	.text	ascii	?4t@f
0x2522c	0x18002522c	.text	ascii	f]&@O
0x255f1	0x1800255f1	.text	ascii	^K;%h
0x25839	0x180025839	.text	ascii	H9D$`H
0x25afa	0x180025afa	.text	ascii	[]_^A\A]A^A_
0x25b90	0x180025b90	.text	ascii	AWAVAUATVWUSH
0x25bf6	0x180025bf6	.text	ascii	 T$NI
0x25c52	0x180025c52	.text	ascii	t$Pff.
0x25c7d	0x180025c7d	.text	ascii	l$8I9
0x25d71	0x180025d71	.text	ascii	ffffff.
0x25ed4	0x180025ed4	.text	ascii	rvrM9
0x260ad	0x1800260ad	.text	ascii	 T$NM9
0x2615c	0x18002615c	.text	ascii	>T%Xd:
0x262c9	0x1800262c9	.text	ascii	l$\;l$LI
0x26305	0x180026305	.text	ascii	L;t$`I
0x2641f	0x18002641f	.text	ascii	t<6 M9
0x26459	0x180026459	.text	ascii	NpHM9
0x26488	0x180026488	.text	ascii	h[]_^A\A]A^A_
0x26510	0x180026510	.text	ascii	AWAVAUATVWUSH
0x265de	0x1800265de	.text	ascii	q~[!G)H
0x2661d	0x18002661d	.text	ascii	L$0L9
0x2666d	0x18002666d	.text	ascii	H~iKL
0x266a3	0x1800266a3	.text	ascii	KY&?bS
0x26864	0x180026864	.text	ascii	f}dnH
0x268c2	0x1800268c2	.text	ascii	D$pH9D$PH
0x26a19	0x180026a19	.text	ascii	OqPi0H9
0x26afc	0x180026afc	.text	ascii	$V8FH
0x26cc6	0x180026cc6	.text	ascii	OqPi0H9
0x26fff	0x180026fff	.text	ascii	;a~XH
0x27111	0x180027111	.text	ascii	I~iKL
0x27197	0x180027197	.text	ascii	[]_^A\A]A^A_
0x27230	0x180027230	.text	ascii	AWAVAUATVWUSH
0x272de	0x1800272de	.text	ascii	D$0ffffff.
0x2730d	0x18002730d	.text	ascii	L$0L9
0x27383	0x180027383	.text	ascii	)D$`H
0x274d2	0x1800274d2	.text	ascii	fffff.
0x274f6	0x1800274f6	.text	ascii	{q,y5
0x275c6	0x1800275c6	.text	ascii	)D$`H
0x27688	0x180027688	.text	ascii	Yf|H9
0x2777e	0x18002777e	.text	ascii	)D$`H
0x27838	0x180027838	.text	ascii	^>ICjH9
0x27865	0x180027865	.text	ascii	)D$`H
0x278a1	0x1800278a1	.text	ascii	{q,y5
0x27920	0x180027920	.text	ascii	]H5)H9
0x27ac0	0x180027ac0	.text	ascii	)D$`H
0x27b01	0x180027b01	.text	ascii	)D$PH
0x27c7b	0x180027c7b	.text	ascii	G}5v&,H
0x27d48	0x180027d48	.text	ascii	)D$`H
0x27dfd	0x180027dfd	.text	ascii	[]_^A\A]A^A_
0x27e20	0x180027e20	.text	ascii	AWAVAUATVWUSH
0x27edd	0x180027edd	.text	ascii	L$@L9
0x27f63	0x180027f63	.text	ascii	cO)H9
0x27fa9	0x180027fa9	.text	ascii	$H-$P
0x28162	0x180028162	.text	ascii	kJ'&m
0x28327	0x180028327	.text	ascii	[]_^A\A]A^A_
0x28350	0x180028350	.text	ascii	UAWAVAUATVWSH
0x28891	0x180028891	.text	ascii	ffffff.
0x28f41	0x180028f41	.text	ascii	<x}R<oE
0x2933f	0x18002933f	.text	ascii	[_^A\A]A^A_]
0x293f5	0x1800293f5	.text	ascii	UAWAVAUATVWSH
0x29425	0x180029425	.text	ascii	UAWAVAUATVWSH
0x2943d	0x18002943d	.text	ascii	)t$0H
0x29468	0x180029468	.text	ascii	(t$0H
0x2946f	0x18002946f	.text	ascii	H[_^A\A]A^A_]
0x29485	0x180029485	.text	ascii	UAWAVAUATVWSH
0x2949d	0x18002949d	.text	ascii	)t$0H
0x294ae	0x1800294ae	.text	ascii	(t$0H
0x294b5	0x1800294b5	.text	ascii	H[_^A\A]A^A_]
0x294d0	0x1800294d0	.text	ascii	AWAVAUATVWUSH
0x295bd	0x1800295bd	.text	ascii	L$8L9
0x29604	0x180029604	.text	ascii	|$7cH
0x29663	0x180029663	.text	ascii	D.<H9
0x299d3	0x1800299d3	.text	ascii	|$7cH
0x29a3c	0x180029a3c	.text	ascii	[]_^A\A]A^A_
0x29a60	0x180029a60	.text	ascii	UAVVWSH
0x29ba6	0x180029ba6	.text	ascii	`[_^A^]
0x29bc5	0x180029bc5	.text	ascii	UAVVWSH
0x29bea	0x180029bea	.text	ascii	 [_^A^]
0x29bf2	0x180029bf2	.text	ascii	fffff.
0x29c05	0x180029c05	.text	ascii	UAVVWSH
0x29c20	0x180029c20	.text	ascii	 [_^A^]
0x29c30	0x180029c30	.text	ascii	UAWAVAUATVWSH
0x29d07	0x180029d07	.text	ascii	0D+1~dI
0x29f6f	0x180029f6f	.text	ascii	x[_^A\A]A^A_]
0x29f85	0x180029f85	.text	ascii	UAWAVAUATVWSH
0x29fa5	0x180029fa5	.text	ascii	UAWAVAUATVWSH
0x29fdd	0x180029fdd	.text	ascii	8[_^A\A]A^A_]
0x29ff0	0x180029ff0	.text	ascii	AWAVAUATVWUSH
0x2a08b	0x18002a08b	.text	ascii	7[O I
0x2a0bb	0x18002a0bb	.text	ascii	aVsHH
0x2a0fd	0x18002a0fd	.text	ascii	L$(H9
0x2a14e	0x18002a14e	.text	ascii	y%J)?>C
0x2a1ab	0x18002a1ab	.text	ascii	7[O H9
0x2a1f3	0x18002a1f3	.text	ascii	ffff.
0x2a24f	0x18002a24f	.text	ascii	;D$PH
0x2a2b1	0x18002a2b1	.text	ascii	|er8WH9
0x2a303	0x18002a303	.text	ascii	;D$@H
0x2a3bb	0x18002a3bb	.text	ascii	:L$%L
0x2a5d0	0x18002a5d0	.text	ascii	:D$%H
0x2a69c	0x18002a69c	.text	ascii	7[O I
0x2a6bb	0x18002a6bb	.text	ascii	D$h;D$@H
0x2a721	0x18002a721	.text	ascii	7[O I
0x2aa30	0x18002aa30	.text	ascii	7[O I
0x2ab04	0x18002ab04	.text	ascii	Aj7OI
0x2ab80	0x18002ab80	.text	ascii	;D$PH
0x2ac6a	0x18002ac6a	.text	ascii	[]_^A\A]A^A_
0x2ac90	0x18002ac90	.text	ascii	UAWAVAUATVWSH
0x2aecb	0x18002aecb	.text	ascii	%XO6H
0x2b852	0x18002b852	.text	ascii	<x}E<ouzE1
0x2bac2	0x18002bac2	.text	ascii	fffff.
0x2bc4f	0x18002bc4f	.text	ascii	[_^A\A]A^A_]
0x2bd05	0x18002bd05	.text	ascii	UAWAVAUATVWSH
0x2bd35	0x18002bd35	.text	ascii	UAWAVAUATVWSH
0x2bd4d	0x18002bd4d	.text	ascii	)t$0H
0x2bd78	0x18002bd78	.text	ascii	(t$0H
0x2bd7f	0x18002bd7f	.text	ascii	H[_^A\A]A^A_]
0x2bd95	0x18002bd95	.text	ascii	UAWAVAUATVWSH
0x2bdad	0x18002bdad	.text	ascii	)t$0H
0x2bdbe	0x18002bdbe	.text	ascii	(t$0H
0x2bdc5	0x18002bdc5	.text	ascii	H[_^A\A]A^A_]
0x2bde0	0x18002bde0	.text	ascii	UAWAVAUATVWSH
0x2bee4	0x18002bee4	.text	ascii	0D+1~gI
0x2c0be	0x18002c0be	.text	ascii	x[_^A\A]A^A_]
0x2c0d5	0x18002c0d5	.text	ascii	UAWAVAUATVWSH
0x2c0f5	0x18002c0f5	.text	ascii	UAWAVAUATVWSH
0x2c12d	0x18002c12d	.text	ascii	8[_^A\A]A^A_]
0x2c140	0x18002c140	.text	ascii	AWAVAUATVWUSH
0x2c23d	0x18002c23d	.text	ascii	L$(H9
0x2c4b2	0x18002c4b2	.text	ascii	:D$%H
0x2c521	0x18002c521	.text	ascii	sZqH9
0x2c604	0x18002c604	.text	ascii	;D$PH
0x2c7b0	0x18002c7b0	.text	ascii	:L$%L
0x2c973	0x18002c973	.text	ascii	z:xqe
0x2ca4c	0x18002ca4c	.text	ascii	D$h;D$@H
0x2cb0b	0x18002cb0b	.text	ascii	;D$PH
0x2cd14	0x18002cd14	.text	ascii	;D$@H
0x2cda3	0x18002cda3	.text	ascii	[]_^A\A]A^A_
0x2cdd0	0x18002cdd0	.text	ascii	AWAVAUATVWUSH
0x2ce94	0x18002ce94	.text	ascii	:D$.H
0x2ced2	0x18002ced2	.text	ascii	D$Jff.
0x2cefd	0x18002cefd	.text	ascii	L$0L9
0x2cf22	0x18002cf22	.text	ascii	xmFgH9
0x2cf3e	0x18002cf3e	.text	ascii	xmFgH9
0x2d018	0x18002d018	.text	ascii	;T$`H
0x2d1a5	0x18002d1a5	.text	ascii	:D$.H
0x2d27c	0x18002d27c	.text	ascii	z9NH9
0x2d2b2	0x18002d2b2	.text	ascii	:D$.H
0x2d556	0x18002d556	.text	ascii	:L$/H
0x2d55c	0x18002d55c	.text	ascii	]*e1M
0x2d5be	0x18002d5be	.text	ascii	:D$.H
0x2d676	0x18002d676	.text	ascii	:L$GH
0x2d686	0x18002d686	.text	ascii	EncU<
0x2d6ec	0x18002d6ec	.text	ascii	:D$.H
0x2d6fc	0x18002d6fc	.text	ascii	-zDt 
0x2d8aa	0x18002d8aa	.text	ascii	n&@rQH
0x2d8d7	0x18002d8d7	.text	ascii	L$PH)
0x2d97a	0x18002d97a	.text	ascii	[]_^A\A]A^A_
0x2d990	0x18002d990	.text	ascii	AWAVAUATVWUSH
0x2d9d3	0x18002d9d3	.text	ascii	WsXwH
0x2da6d	0x18002da6d	.text	ascii	L$ H9
0x2dc5e	0x18002dc5e	.text	ascii	HcT$lI
0x2dd3b	0x18002dd3b	.text	ascii	|`2;H9
0x2ddb7	0x18002ddb7	.text	ascii	_v$$H9
0x2e1d3	0x18002e1d3	.text	ascii	5x;L$4t
0x2e45f	0x18002e45f	.text	ascii	2#;T$<
0x2e62c	0x18002e62c	.text	ascii	0%D=7zH9
0x2e655	0x18002e655	.text	ascii	[]_^A\A]A^A_
0x2e670	0x18002e670	.text	ascii	AWAVAUATVWUSH
0x2e6c9	0x18002e6c9	.text	ascii	%=@W 
0x2e71f	0x18002e71f	.text	ascii	D$P;D$hH
0x2e79d	0x18002e79d	.text	ascii	L$ L9
0x2ea2f	0x18002ea2f	.text	ascii	D$T;D$hH
0x2eab5	0x18002eab5	.text	ascii	5]k{y
0x2eaf5	0x18002eaf5	.text	ascii	9L$TJ
0x2eb0e	0x18002eb0e	.text	ascii	L;L$`H
0x2ed99	0x18002ed99	.text	ascii	H;L$`H
0x2ef02	0x18002ef02	.text	ascii	L$@;L$8
0x2ef0a	0x18002ef0a	.text	ascii	LD$LH
0x2f0f9	0x18002f0f9	.text	ascii	9L$PJ
0x2f112	0x18002f112	.text	ascii	L;L$`H
0x2f127	0x18002f127	.text	ascii	o79XH
0x2f16c	0x18002f16c	.text	ascii	;L$@H
0x2f24d	0x18002f24d	.text	ascii	L$T;L
0x2f300	0x18002f300	.text	ascii	L$P;L
0x2f30d	0x18002f30d	.text	ascii	P6X,H
0x2f3a0	0x18002f3a0	.text	ascii	%=@W 
0x2f3c9	0x18002f3c9	.text	ascii	[]_^A\A]A^A_
0x2f3e0	0x18002f3e0	.text	ascii	AWAVAUATVWUSH
0x2f486	0x18002f486	.text	ascii	;D$hH
0x2f4dd	0x18002f4dd	.text	ascii	L$0L9
0x2f67f	0x18002f67f	.text	ascii	;D$hH
0x2f6f1	0x18002f6f1	.text	ascii	ffffff.
0x2f8bf	0x18002f8bf	.text	ascii	;D$HH
0x2f921	0x18002f921	.text	ascii	a!"H9
0x2f95a	0x18002f95a	.text	ascii	:D$-H
0x2fb2a	0x18002fb2a	.text	ascii	J2<H9
0x2fb3e	0x18002fb3e	.text	ascii	8c47=
0x2fb86	0x18002fb86	.text	ascii	:%eH9
0x2fbc6	0x18002fbc6	.text	ascii	;D$HH
0x2fbe9	0x18002fbe9	.text	ascii	Z(.Xd
0x2ff85	0x18002ff85	.text	ascii	:L$-L
0x30120	0x180030120	.text	ascii	Ir'$yTiH
0x30190	0x180030190	.text	ascii	&2V#?I
0x3020c	0x18003020c	.text	ascii	[@&[:`
0x302bc	0x1800302bc	.text	ascii	[]_^A\A]A^A_
0x302d0	0x1800302d0	.text	ascii	AWAVAUATVWUSH
0x303a0	0x1800303a0	.text	ascii	W"D$.:D$GH
0x303fd	0x1800303fd	.text	ascii	L$0L9
0x3046e	0x18003046e	.text	ascii	"Q|H9
0x30775	0x180030775	.text	ascii	"JJBL
0x3086b	0x18003086b	.text	ascii	E>@H9
0x3087e	0x18003087e	.text	ascii	{;DH9
0x3089f	0x18003089f	.text	ascii	1yB~H
0x30a74	0x180030a74	.text	ascii	=U:H?
0x30be6	0x180030be6	.text	ascii	S'MH9
0x30d1b	0x180030d1b	.text	ascii	<6>x@
0x30d62	0x180030d62	.text	ascii	D$Y:D$E
0x30e0e	0x180030e0e	.text	ascii	L$xM1
0x30e17	0x180030e17	.text	ascii	9L$pJ
0x30e37	0x180030e37	.text	ascii	E>@L;
0x30e4e	0x180030e4e	.text	ascii	X[sD7'
0x30fad	0x180030fad	.text	ascii	QddU=x
0x30fe1	0x180030fe1	.text	ascii	ha*Sf
0x30feb	0x180030feb	.text	ascii	:L$EH
0x30ffc	0x180030ffc	.text	ascii	;8D$/I
0x31182	0x180031182	.text	ascii	zgGNWNN
0x312cb	0x1800312cb	.text	ascii	IH-H9
0x31378	0x180031378	.text	ascii	E8(H9
0x31478	0x180031478	.text	ascii	=U:H?
0x31518	0x180031518	.text	ascii	F6|.2
0x318d0	0x1800318d0	.text	ascii	L$xM1
0x318d9	0x1800318d9	.text	ascii	9L$pJ
0x318f9	0x1800318f9	.text	ascii	E>@L;
0x319f5	0x1800319f5	.text	ascii	L$xM1
0x319fe	0x1800319fe	.text	ascii	9L$tJ
0x31a1e	0x180031a1e	.text	ascii	E>@L;
0x31a88	0x180031a88	.text	ascii	D$.D:D$GH
0x31cda	0x180031cda	.text	ascii	L$xM1
0x31ce3	0x180031ce3	.text	ascii	9L$tJ
0x31d03	0x180031d03	.text	ascii	E>@L;
0x31e10	0x180031e10	.text	ascii	<n+;H
0x31f7c	0x180031f7c	.text	ascii	[]_^A\A]A^A_
0x323c0	0x1800323c0	.text	ascii	UAWAVATVWSH
0x32581	0x180032581	.text	ascii	p[_^A\A^A_]
0x325a5	0x1800325a5	.text	ascii	UAWAVATVWSH
0x325c4	0x1800325c4	.text	ascii	0[_^A\A^A_]
0x32630	0x180032630	.text	ascii	AWAVAUATVWUSH
0x32644	0x180032644	.text	ascii	)t$pH
0x3270d	0x18003270d	.text	ascii	L$(L9
0x32747	0x180032747	.text	ascii	[O=s~e
0x32752	0x180032752	.text	ascii	H9D$8H
0x3276a	0x18003276a	.text	ascii	gYVlG
0x329c9	0x1800329c9	.text	ascii	(t$pH
0x329d4	0x1800329d4	.text	ascii	[]_^A\A]A^A_
0x329f0	0x1800329f0	.text	ascii	AWAVAUATVWUSH
0x32a04	0x180032a04	.text	ascii	)t$pH
0x32a9f	0x180032a9f	.text	ascii	D$Xfffff.
0x32acd	0x180032acd	.text	ascii	L$(L9
0x32c79	0x180032c79	.text	ascii	H9D$8H
0x32d9a	0x180032d9a	.text	ascii	(t$pH
0x32da5	0x180032da5	.text	ascii	[]_^A\A]A^A_
0x32dc0	0x180032dc0	.text	ascii	AWAVAUATVWUSH
0x32dd4	0x180032dd4	.text	ascii	)t$pH
0x32e01	0x180032e01	.text	ascii	<?\_PI
0x32e9d	0x180032e9d	.text	ascii	L$(L9
0x32ed6	0x180032ed6	.text	ascii	H9D$8H
0x3315c	0x18003315c	.text	ascii	(t$pH
0x33167	0x180033167	.text	ascii	[]_^A\A]A^A_
0x33190	0x180033190	.text	ascii	AWAVAUATVWUSH
0x33243	0x180033243	.text	ascii	L$ H9
0x332a8	0x1800332a8	.text	ascii	8[]_^A\A]A^A_
0x332c0	0x1800332c0	.text	ascii	AWAVAUATVWUSH
0x33330	0x180033330	.text	ascii	5ffffff.
0x3334a	0x18003334a	.text	ascii	=|4#,
0x33383	0x180033383	.text	ascii	L$(L9
0x33403	0x180033403	.text	ascii	38ii/
0x3341a	0x18003341a	.text	ascii	8[]_^A\A]A^A_
0x33490	0x180033490	.text	ascii	AWAVAUATVWUSH
0x33500	0x180033500	.text	ascii	[ffffff.
0x33579	0x180033579	.text	ascii	L$(L9
0x335d2	0x1800335d2	.text	ascii	8[]_^A\A]A^A_
0x335e0	0x1800335e0	.text	ascii	UAWAVAUATVWSH
0x33750	0x180033750	.text	ascii	Y{bcH
0x33ae1	0x180033ae1	.text	ascii	ffffff.
0x341b2	0x1800341b2	.text	ascii	<x}E<ouzE1
0x34422	0x180034422	.text	ascii	fffff.
0x345af	0x1800345af	.text	ascii	[_^A\A]A^A_]
0x34665	0x180034665	.text	ascii	UAWAVAUATVWSH
0x34695	0x180034695	.text	ascii	UAWAVAUATVWSH
0x346ad	0x1800346ad	.text	ascii	)t$0H
0x346d8	0x1800346d8	.text	ascii	(t$0H
0x346df	0x1800346df	.text	ascii	H[_^A\A]A^A_]
0x346f5	0x1800346f5	.text	ascii	UAWAVAUATVWSH
0x3470d	0x18003470d	.text	ascii	)t$0H
0x3471e	0x18003471e	.text	ascii	(t$0H
0x34725	0x180034725	.text	ascii	H[_^A\A]A^A_]
0x34740	0x180034740	.text	ascii	UAWAVAUATVWSH
0x34844	0x180034844	.text	ascii	0D+1~gI
0x34a1e	0x180034a1e	.text	ascii	x[_^A\A]A^A_]
0x34a35	0x180034a35	.text	ascii	UAWAVAUATVWSH
0x34a55	0x180034a55	.text	ascii	UAWAVAUATVWSH
0x34a8d	0x180034a8d	.text	ascii	8[_^A\A]A^A_]
0x34aa0	0x180034aa0	.text	ascii	AWAVAUATVWUSH
0x34ae7	0x180034ae7	.text	ascii	?Xq3a`
0x34bad	0x180034bad	.text	ascii	L$(H9
0x34c31	0x180034c31	.text	ascii	;D$@H
0x34cff	0x180034cff	.text	ascii	:L$%L
0x35014	0x180035014	.text	ascii	;D$PH
0x35327	0x180035327	.text	ascii	:D$%H
0x3546e	0x18003546e	.text	ascii	D$l;D$@H
0x354e9	0x1800354e9	.text	ascii	;D$PH
0x356ef	0x1800356ef	.text	ascii	[]_^A\A]A^A_
0x35710	0x180035710	.text	ascii	UAWAVAUATVWSH
0x35787	0x180035787	.text	ascii	nMEcH
0x36311	0x180036311	.text	ascii	<x}S<oE
0x3670f	0x18003670f	.text	ascii	[_^A\A]A^A_]
0x367c5	0x1800367c5	.text	ascii	UAWAVAUATVWSH
0x367f5	0x1800367f5	.text	ascii	UAWAVAUATVWSH
0x3680d	0x18003680d	.text	ascii	)t$0H
0x36838	0x180036838	.text	ascii	(t$0H
0x3683f	0x18003683f	.text	ascii	H[_^A\A]A^A_]
0x36855	0x180036855	.text	ascii	UAWAVAUATVWSH
0x3686d	0x18003686d	.text	ascii	)t$0H
0x3687e	0x18003687e	.text	ascii	(t$0H
0x36885	0x180036885	.text	ascii	H[_^A\A]A^A_]
0x368a0	0x1800368a0	.text	ascii	UAWAVAUATVWSH
0x36970	0x180036970	.text	ascii	0D+1~kI
0x36981	0x180036981	.text	ascii	9fffff.
0x36b81	0x180036b81	.text	ascii	'sA|L
0x36bef	0x180036bef	.text	ascii	x[_^A\A]A^A_]
0x36c05	0x180036c05	.text	ascii	UAWAVAUATVWSH
0x36c25	0x180036c25	.text	ascii	UAWAVAUATVWSH
0x36c5d	0x180036c5d	.text	ascii	8[_^A\A]A^A_]
0x36c70	0x180036c70	.text	ascii	AWAVAUATVWUSH
0x36d4e	0x180036d4e	.text	ascii	:D$%H
0x36dbd	0x180036dbd	.text	ascii	L$(H9
0x3723e	0x18003723e	.text	ascii	:L$%L
0x37388	0x180037388	.text	ascii	D$l;D$@H
0x3744b	0x18003744b	.text	ascii	;D$PH
0x374c4	0x1800374c4	.text	ascii	M=<D)
0x37525	0x180037525	.text	ascii	;D$PH
0x3763c	0x18003763c	.text	ascii	;D$@H
0x378e8	0x1800378e8	.text	ascii	[]_^A\A]A^A_
0x37910	0x180037910	.text	ascii	UAWAVAUATVWSH
0x37b48	0x180037b48	.text	ascii	xXg)z
0x384e2	0x1800384e2	.text	ascii	<x}E<ouzE1
0x38752	0x180038752	.text	ascii	fffff.
0x388df	0x1800388df	.text	ascii	[_^A\A]A^A_]
0x38995	0x180038995	.text	ascii	UAWAVAUATVWSH
0x389c5	0x1800389c5	.text	ascii	UAWAVAUATVWSH
0x389dd	0x1800389dd	.text	ascii	)t$0H
0x38a08	0x180038a08	.text	ascii	(t$0H
0x38a0f	0x180038a0f	.text	ascii	H[_^A\A]A^A_]
0x38a25	0x180038a25	.text	ascii	UAWAVAUATVWSH
0x38a3d	0x180038a3d	.text	ascii	)t$0H
0x38a4e	0x180038a4e	.text	ascii	(t$0H
0x38a55	0x180038a55	.text	ascii	H[_^A\A]A^A_]
0x38a70	0x180038a70	.text	ascii	UAWAVAUATVWSH
0x38b74	0x180038b74	.text	ascii	0D+1~gI
0x38d4e	0x180038d4e	.text	ascii	x[_^A\A]A^A_]
0x38d65	0x180038d65	.text	ascii	UAWAVAUATVWSH
0x38d85	0x180038d85	.text	ascii	UAWAVAUATVWSH
0x38dbd	0x180038dbd	.text	ascii	8[_^A\A]A^A_]
0x38dd0	0x180038dd0	.text	ascii	AWAVAUATVWUSH
0x38e27	0x180038e27	.text	ascii	XGkfX}
0x38ea0	0x180038ea0	.text	ascii	D$Lffff.
0x38ecd	0x180038ecd	.text	ascii	L$(H9
0x38f2d	0x180038f2d	.text	ascii	;D$PH
0x38ff8	0x180038ff8	.text	ascii	;D$PH
0x39031	0x180039031	.text	ascii	ffffff.
0x392b8	0x1800392b8	.text	ascii	?HvH9
0x393c8	0x1800393c8	.text	ascii	:D$%H
0x39457	0x180039457	.text	ascii	Xrjq'H
0x39644	0x180039644	.text	ascii	:L$%L
0x3984a	0x18003984a	.text	ascii	D$h;D$@H
0x3993f	0x18003993f	.text	ascii	;D$@H
0x39a4c	0x180039a4c	.text	ascii	[]_^A\A]A^A_
0x39a70	0x180039a70	.text	ascii	UAWAVAUATVWSH
0x39caa	0x180039caa	.text	ascii	H;E8v
0x39ccd	0x180039ccd	.text	ascii	UX}$9
0x39cd3	0x180039cd3	.text	ascii	} L;uH
0x39ce7	0x180039ce7	.text	ascii	E0H;E8
0x39d4d	0x180039d4d	.text	ascii	E0H;E8v5H
0x39d94	0x180039d94	.text	ascii	[_^A\A]A^A_]
0x39e11	0x180039e11	.text	ascii	ffffff.
0x39e25	0x180039e25	.text	ascii	UAWAVAUATVWSH
0x39e42	0x180039e42	.text	ascii	fffff.
0x39e55	0x180039e55	.text	ascii	UAWAVAUATVWSH
0x39e90	0x180039e90	.text	ascii	8[_^A\A]A^A_]
0x39ea5	0x180039ea5	.text	ascii	UAWAVAUATVWSH
0x39ed5	0x180039ed5	.text	ascii	8[_^A\A]A^A_]
0x39ee3	0x180039ee3	.text	ascii	ffff.
0x39ef5	0x180039ef5	.text	ascii	UAWAVAUATVWSH
0x39f23	0x180039f23	.text	ascii	8[_^A\A]A^A_]
0x39f40	0x180039f40	.text	ascii	AWAVAUATVWUSH
0x3a09d	0x18003a09d	.text	ascii	L$8H9
0x3a425	0x18003a425	.text	ascii	[]_^A\A]A^A_
0x3a450	0x18003a450	.text	ascii	UAWAVAUATVWSH
0x3a838	0x18003a838	.text	ascii	};<F}o<Et;<A
0x3a875	0x18003a875	.text	ascii	<f}?<euoD
0x3a8eb	0x18003a8eb	.text	ascii	Q<auR
0x3a903	0x18003a903	.text	ascii	X<gu:D
0x3b2a3	0x18003b2a3	.text	ascii	ffff.
0x3ba42	0x18003ba42	.text	ascii	fffff.
0x3baf1	0x18003baf1	.text	ascii	ffffff.
0x3bcd1	0x18003bcd1	.text	ascii	[_^A\A]A^A_]
0x3c065	0x18003c065	.text	ascii	UAWAVAUATVWSH
0x3c092	0x18003c092	.text	ascii	fffff.
0x3c0a5	0x18003c0a5	.text	ascii	UAWAVAUATVWSH
0x3c0d2	0x18003c0d2	.text	ascii	fffff.
0x3c0e5	0x18003c0e5	.text	ascii	UAWAVAUATVWSH
0x3c112	0x18003c112	.text	ascii	fffff.
0x3c125	0x18003c125	.text	ascii	UAWAVAUATVWSH
0x3c148	0x18003c148	.text	ascii	)t$PH
0x3c178	0x18003c178	.text	ascii	(|$@D
0x3c17e	0x18003c17e	.text	ascii	(D$0H
0x3c185	0x18003c185	.text	ascii	h[_^A\A]A^A_]
0x3c193	0x18003c193	.text	ascii	ffff.
0x3c1a5	0x18003c1a5	.text	ascii	UAWAVAUATVWSH
0x3c1c8	0x18003c1c8	.text	ascii	)t$PH
0x3c1de	0x18003c1de	.text	ascii	(|$@D
0x3c1e4	0x18003c1e4	.text	ascii	(D$0H
0x3c1eb	0x18003c1eb	.text	ascii	h[_^A\A]A^A_]
0x3c200	0x18003c200	.text	ascii	UAWAVATVWSH
0x3c2c0	0x18003c2c0	.text	ascii	1D+0~eI
0x3c2d1	0x18003c2d1	.text	ascii	3fffff.
0x3c67b	0x18003c67b	.text	ascii	[_^A\A^A_]
0x3c695	0x18003c695	.text	ascii	UAWAVATVWSH
0x3c6b5	0x18003c6b5	.text	ascii	UAWAVATVWSH
0x3c6ee	0x18003c6ee	.text	ascii	@[_^A\A^A_]
0x3c700	0x18003c700	.text	ascii	AWAVAUATVWUSH
0x3c7d1	0x18003c7d1	.text	ascii	ffffff.
0x3c7fd	0x18003c7fd	.text	ascii	L$(H9
0x3c8c0	0x18003c8c0	.text	ascii	D$l;D$@H
0x3c8ea	0x18003c8ea	.text	ascii	=!!DH
0x3c981	0x18003c981	.text	ascii	ffffff.
0x3ca02	0x18003ca02	.text	ascii	:D$%H
0x3cad6	0x18003cad6	.text	ascii	:L$%L
0x3cda8	0x18003cda8	.text	ascii	p2&_sl
0x3ce9e	0x18003ce9e	.text	ascii	a8b]KIH
0x3d01a	0x18003d01a	.text	ascii	Uzc2A
0x3d061	0x18003d061	.text	ascii	;D$PH
0x3d0a7	0x18003d0a7	.text	ascii	;D$PH
0x3d180	0x18003d180	.text	ascii	;D$@H
0x3d372	0x18003d372	.text	ascii	[]_^A\A]A^A_
0x3d390	0x18003d390	.text	ascii	UAWAVAUATVWSH
0x3d5e6	0x18003d5e6	.text	ascii	5u^;E
0x3d66c	0x18003d66c	.text	ascii	x[_^A\A]A^A_]
0x3d685	0x18003d685	.text	ascii	UAWAVAUATVWSH
0x3d6a5	0x18003d6a5	.text	ascii	UAWAVAUATVWSH
0x3d6c0	0x18003d6c0	.text	ascii	UAWAVAUATVWSH
0x3d7a2	0x18003d7a2	.text	ascii	s\shD
0x3d8d1	0x18003d8d1	.text	ascii	D;}L~-I
0x3d96e	0x18003d96e	.text	ascii	[_^A\A]A^A_]
0x3d9d5	0x18003d9d5	.text	ascii	UAWAVAUATVWSH
0x3d9f2	0x18003d9f2	.text	ascii	fffff.
0x3da05	0x18003da05	.text	ascii	UAWAVAUATVWSH
0x3da30	0x18003da30	.text	ascii	AWAVAUATVWUSH
0x3db2d	0x18003db2d	.text	ascii	L$0L9
0x3dbd2	0x18003dbd2	.text	ascii	fffff.
0x3dc60	0x18003dc60	.text	ascii	9D$HH
0x3dca2	0x18003dca2	.text	ascii	fffff.
0x3dcdd	0x18003dcdd	.text	ascii	%R]H9
0x3dd1a	0x18003dd1a	.text	ascii	D$H;D$XH
0x3ddc5	0x18003ddc5	.text	ascii	D$H;D$xH
0x3e134	0x18003e134	.text	ascii	5uRr/H
0x3e378	0x18003e378	.text	ascii	t$\;L$\H
0x3e48a	0x18003e48a	.text	ascii	;D$DH
0x3e57d	0x18003e57d	.text	ascii	9D$HH
0x3e5fd	0x18003e5fd	.text	ascii	D$H;D$lH
0x3e6cf	0x18003e6cf	.text	ascii	/)uH9
0x3e6ed	0x18003e6ed	.text	ascii	[]_^A\A]A^A_
0x3e700	0x18003e700	.text	ascii	AWAVAUATVWUSH
0x3e81d	0x18003e81d	.text	ascii	L$(L9
0x3e8ba	0x18003e8ba	.text	ascii	;D$@H
0x3e900	0x18003e900	.text	ascii	T5]H9
0x3e92f	0x18003e92f	.text	ascii	!"dH9
0x3e942	0x18003e942	.text	ascii	!"dH9
0x3e990	0x18003e990	.text	ascii	D$DD;
0x3e9a1	0x18003e9a1	.text	ascii	`\~5I
0x3eb5f	0x18003eb5f	.text	ascii	@T!H9
0x3ebad	0x18003ebad	.text	ascii	)jIH9
0x3ec0b	0x18003ec0b	.text	ascii	XDrZH9
0x3eec9	0x18003eec9	.text	ascii	3jzH9
0x3eedb	0x18003eedb	.text	ascii	hb%{H9
0x3f0d7	0x18003f0d7	.text	ascii	PlgM!H
0x3f100	0x18003f100	.text	ascii	9k"9Z
0x3f1d1	0x18003f1d1	.text	ascii	+|M#lU
0x3f208	0x18003f208	.text	ascii	|$K9H
0x3f212	0x18003f212	.text	ascii	'}w H
0x3f32a	0x18003f32a	.text	ascii	q{4jH
0x3f334	0x18003f334	.text	ascii	x;xSH
0x3f398	0x18003f398	.text	ascii	H;D$xH
0x3f415	0x18003f415	.text	ascii	)jIH9
0x3f690	0x18003f690	.text	ascii	T5]H9
0x3fa8d	0x18003fa8d	.text	ascii	nu!:kH
0x3fb01	0x18003fb01	.text	ascii	aVrJ]
0x3fd95	0x18003fd95	.text	ascii	D$xfH
0x3fdd3	0x18003fdd3	.text	ascii	47dwQ
0x3fdfe	0x18003fdfe	.text	ascii	Hl6H9
0x3ffca	0x18003ffca	.text	ascii	L$xL)
0x400fb	0x1800400fb	.text	ascii	D$d;D$X
0x401c7	0x1800401c7	.text	ascii	H;D$xH
0x4032e	0x18004032e	.text	ascii	<md7H
0x4039b	0x18004039b	.text	ascii	H;D$xH
0x404ac	0x1800404ac	.text	ascii	|$K.H
0x40523	0x180040523	.text	ascii	;D$XH
0x40549	0x180040549	.text	ascii	Z6R=~H
0x40572	0x180040572	.text	ascii	1HbH9
0x40605	0x180040605	.text	ascii	D$P;D$X
0x40710	0x180040710	.text	ascii	`2{?5
0x408b8	0x1800408b8	.text	ascii	57dwQ
0x408dd	0x1800408dd	.text	ascii	|$K9H
0x4099e	0x18004099e	.text	ascii	+|M#lU
0x409e0	0x1800409e0	.text	ascii	;L$@H
0x40afb	0x180040afb	.text	ascii	T$xH+
0x40c13	0x180040c13	.text	ascii	>:-7dE_
0x40d1f	0x180040d1f	.text	ascii	L$K"L$s
0x40ea0	0x180040ea0	.text	ascii	euccH9
0x40eb4	0x180040eb4	.text	ascii	;D$@H
0x40ebe	0x180040ebe	.text	ascii	Vq+NH
0x41108	0x180041108	.text	ascii	T$xH+
0x41319	0x180041319	.text	ascii	L$xL)
0x41444	0x180041444	.text	ascii	;L$DH
0x415cc	0x1800415cc	.text	ascii	D$d;D$@H
0x4175f	0x18004175f	.text	ascii	;D$@H
0x4179b	0x18004179b	.text	ascii	;D$@H
0x418e0	0x1800418e0	.text	ascii	T$xH+
0x4195a	0x18004195a	.text	ascii	L$xL)
0x42222	0x180042222	.text	ascii	;D$XH
0x424a9	0x1800424a9	.text	ascii	;D$hH
0x4261b	0x18004261b	.text	ascii	L$xL)
0x427a5	0x1800427a5	.text	ascii	;D$XH
0x42829	0x180042829	.text	ascii	;D$@H
0x42b5c	0x180042b5c	.text	ascii	'`<\^t
0x43007	0x180043007	.text	ascii	00000000H
0x430dd	0x1800430dd	.text	ascii	00000000H
0x43345	0x180043345	.text	ascii	D$P;D$@H
0x4349a	0x18004349a	.text	ascii	L$xL)
0x4353f	0x18004353f	.text	ascii	D$P;D$@H
0x436d5	0x1800436d5	.text	ascii	D$@A)
0x436e3	0x1800436e3	.text	ascii	L$DD9
0x43765	0x180043765	.text	ascii	[]_^A\A]A^A_
0x43780	0x180043780	.text	ascii	UAWAVAUATVWSH
0x43b73	0x180043b73	.text	ascii	}A<F}a<EtA<A
0x43bb6	0x180043bb6	.text	ascii	<f}+<euf;
0x43c40	0x180043c40	.text	ascii	_<gu<
0x44343	0x180044343	.text	ascii	ffff.
0x44d7e	0x180044d7e	.text	ascii	[_^A\A]A^A_]
0x44f73	0x180044f73	.text	ascii	ffff.
0x45165	0x180045165	.text	ascii	UAWAVAUATVWSH
0x4517e	0x18004517e	.text	ascii	)D$0f
0x45193	0x180045193	.text	ascii	ffff.
0x451a5	0x1800451a5	.text	ascii	UAWAVAUATVWSH
0x451d2	0x1800451d2	.text	ascii	fffff.
0x451e5	0x1800451e5	.text	ascii	UAWAVAUATVWSH
0x451fe	0x1800451fe	.text	ascii	)D$0f
0x45209	0x180045209	.text	ascii	)t$PH
0x45235	0x180045235	.text	ascii	(t$Pf
0x4523b	0x18004523b	.text	ascii	(|$@fD
0x45242	0x180045242	.text	ascii	(D$0H
0x45249	0x180045249	.text	ascii	h[_^A\A]A^A_]
0x45265	0x180045265	.text	ascii	UAWAVAUATVWSH
0x4527f	0x18004527f	.text	ascii	)D$0f
0x45285	0x180045285	.text	ascii	)|$@f
0x4528b	0x18004528b	.text	ascii	)t$PH
0x452a1	0x1800452a1	.text	ascii	(|$@D
0x452a7	0x1800452a7	.text	ascii	(D$0H
0x452ae	0x1800452ae	.text	ascii	h[_^A\A]A^A_]
0x452c0	0x1800452c0	.text	ascii	UAWAVATVWSH
0x45380	0x180045380	.text	ascii	1D+0~eI
0x45391	0x180045391	.text	ascii	3fffff.
0x4573b	0x18004573b	.text	ascii	[_^A\A^A_]
0x45755	0x180045755	.text	ascii	UAWAVATVWSH
0x45775	0x180045775	.text	ascii	UAWAVATVWSH
0x457ae	0x1800457ae	.text	ascii	@[_^A\A^A_]
0x457c0	0x1800457c0	.text	ascii	AWAVAUATVWUSH
0x45890	0x180045890	.text	ascii	D$Lffff.
0x458bd	0x1800458bd	.text	ascii	L$(H9
0x459a8	0x1800459a8	.text	ascii	;D$PH
0x459e1	0x1800459e1	.text	ascii	ffffff.
0x45a13	0x180045a13	.text	ascii	N71H9
0x45b83	0x180045b83	.text	ascii	|[`JH9
0x45cb3	0x180045cb3	.text	ascii	D$l;D$@H
0x45d58	0x180045d58	.text	ascii	:L$%L
0x45dee	0x180045dee	.text	ascii	s-yH9
0x4614e	0x18004614e	.text	ascii	;D$@H
0x46247	0x180046247	.text	ascii	:D$%H
0x46384	0x180046384	.text	ascii	;D$PH
0x46434	0x180046434	.text	ascii	[]_^A\A]A^A_
0x46460	0x180046460	.text	ascii	UAWAVAUATVWSH
0x466ea	0x1800466ea	.text	ascii	1uZ;E
0x46770	0x180046770	.text	ascii	[_^A\A]A^A_]
0x46785	0x180046785	.text	ascii	UAWAVAUATVWSH
0x467a2	0x1800467a2	.text	ascii	fffff.
0x467b5	0x1800467b5	.text	ascii	UAWAVAUATVWSH
0x467e0	0x1800467e0	.text	ascii	UAWAVAUATVWSH
0x46b42	0x180046b42	.text	ascii	fffff.
0x46be2	0x180046be2	.text	ascii	[_^A\A]A^A_]
0x46c35	0x180046c35	.text	ascii	UAWAVAUATVWSH
0x46c52	0x180046c52	.text	ascii	fffff.
0x46c65	0x180046c65	.text	ascii	UAWAVAUATVWSH
0x46c90	0x180046c90	.text	ascii	AWAVAUATVWUSH
0x46d2e	0x180046d2e	.text	ascii	Z-=Z5)
0x46ded	0x180046ded	.text	ascii	L$b;D$tH
0x46e7d	0x180046e7d	.text	ascii	L$0L9
0x46ee1	0x180046ee1	.text	ascii	L$(;L$d
0x46fa5	0x180046fa5	.text	ascii	H#D$@
0x47073	0x180047073	.text	ascii	9D$|H
0x4710c	0x18004710c	.text	ascii	H#D$@
0x47138	0x180047138	.text	ascii	9D$(H
0x47239	0x180047239	.text	ascii	H#D$@
0x47265	0x180047265	.text	ascii	9D$(H
0x472d1	0x1800472d1	.text	ascii	'In!=
0x47310	0x180047310	.text	ascii	t$t;L$tH
0x473a8	0x1800473a8	.text	ascii	H#D$@
0x473cd	0x1800473cd	.text	ascii	9D$(H
0x4743b	0x18004743b	.text	ascii	H#D$@
0x47467	0x180047467	.text	ascii	9D$(H
0x474df	0x1800474df	.text	ascii	H#D$@
0x4750b	0x18004750b	.text	ascii	9D$(H
0x47607	0x180047607	.text	ascii	)Y|H9
0x47623	0x180047623	.text	ascii	H#D$@
0x4764f	0x18004764f	.text	ascii	9D$(H
0x476b4	0x1800476b4	.text	ascii	H#D$@
0x476e0	0x1800476e0	.text	ascii	9D$(H
0x47799	0x180047799	.text	ascii	H#D$@
0x477c5	0x1800477c5	.text	ascii	9D$(H
0x47882	0x180047882	.text	ascii	H#D$@
0x478ae	0x1800478ae	.text	ascii	9D$(H
0x479c0	0x1800479c0	.text	ascii	9D$|H
0x47a8d	0x180047a8d	.text	ascii	H#D$@
0x47aad	0x180047aad	.text	ascii	D$(;D$tH
0x47bd9	0x180047bd9	.text	ascii	H#D$@
0x47bf5	0x180047bf5	.text	ascii	H#D$@
0x47c11	0x180047c11	.text	ascii	H#D$@
0x47c2d	0x180047c2d	.text	ascii	H#D$@
0x47c49	0x180047c49	.text	ascii	H#D$@
0x47c65	0x180047c65	.text	ascii	H#D$@
0x47c81	0x180047c81	.text	ascii	H#D$@
0x47c9d	0x180047c9d	.text	ascii	H#D$@
0x47cb9	0x180047cb9	.text	ascii	H#D$@
0x47cd5	0x180047cd5	.text	ascii	H#D$@
0x47cf1	0x180047cf1	.text	ascii	H#D$@
0x47d0d	0x180047d0d	.text	ascii	H#D$@
0x47d1b	0x180047d1b	.text	ascii	D$PH#D$@
0x47d4e	0x180047d4e	.text	ascii	;D$dH
0x47d56	0x180047d56	.text	ascii	1R=~g
0x47da0	0x180047da0	.text	ascii	H#D$@
0x47ebe	0x180047ebe	.text	ascii	I8Qs|H
0x480ed	0x1800480ed	.text	ascii	[]_^A\A]A^A_
0x48100	0x180048100	.text	ascii	UAWAVAUATVWSH
0x48233	0x180048233	.text	ascii	{{PfH
0x4832c	0x18004832c	.text	ascii	ZjdMH
0x484f3	0x1800484f3	.text	ascii	}A<F}z<EtA<A
0x48536	0x180048536	.text	ascii	<f}D<euy
0x485b6	0x1800485b6	.text	ascii	[<au\
0x485d3	0x1800485d3	.text	ascii	b<gu?
0x48cf3	0x180048cf3	.text	ascii	ffff.
0x492d3	0x1800492d3	.text	ascii	.fff.
0x49683	0x180049683	.text	ascii	ffff.
0x49783	0x180049783	.text	ascii	ffff.
0x49a07	0x180049a07	.text	ascii	[_^A\A]A^A_]
0x49b45	0x180049b45	.text	ascii	UAWAVAUATVWSH
0x49b5e	0x180049b5e	.text	ascii	)D$0f
0x49b73	0x180049b73	.text	ascii	ffff.
0x49b85	0x180049b85	.text	ascii	UAWAVAUATVWSH
0x49bb2	0x180049bb2	.text	ascii	fffff.
0x49bc5	0x180049bc5	.text	ascii	UAWAVAUATVWSH
0x49bde	0x180049bde	.text	ascii	)D$0f
0x49be9	0x180049be9	.text	ascii	)t$PH
0x49c15	0x180049c15	.text	ascii	(t$Pf
0x49c1b	0x180049c1b	.text	ascii	(|$@fD
0x49c22	0x180049c22	.text	ascii	(D$0H
0x49c29	0x180049c29	.text	ascii	h[_^A\A]A^A_]
0x49c45	0x180049c45	.text	ascii	UAWAVAUATVWSH
0x49c5f	0x180049c5f	.text	ascii	)D$0f
0x49c65	0x180049c65	.text	ascii	)|$@f
0x49c6b	0x180049c6b	.text	ascii	)t$PH
0x49c81	0x180049c81	.text	ascii	(|$@D
0x49c87	0x180049c87	.text	ascii	(D$0H
0x49c8e	0x180049c8e	.text	ascii	h[_^A\A]A^A_]
0x49ca0	0x180049ca0	.text	ascii	UAWAVATVWSH
0x49d60	0x180049d60	.text	ascii	1D+0~eI
0x49d71	0x180049d71	.text	ascii	3fffff.
0x4a11b	0x18004a11b	.text	ascii	[_^A\A^A_]
0x4a135	0x18004a135	.text	ascii	UAWAVATVWSH
0x4a155	0x18004a155	.text	ascii	UAWAVATVWSH
0x4a18e	0x18004a18e	.text	ascii	@[_^A\A^A_]
0x4a1a0	0x18004a1a0	.text	ascii	AWAVAUATVWUSH
0x4a2cd	0x18004a2cd	.text	ascii	L$(H9
0x4a315	0x18004a315	.text	ascii	(p\\q
0x4a33c	0x18004a33c	.text	ascii	,%VD=:
0x4a492	0x18004a492	.text	ascii	fffff.
0x4a4b0	0x18004a4b0	.text	ascii	QsFH9
0x4a4c1	0x18004a4c1	.text	ascii	5#KZVH9
0x4a6e2	0x18004a6e2	.text	ascii	3B$zH9
0x4a824	0x18004a824	.text	ascii	:L$%L
0x4a928	0x18004a928	.text	ascii	;D$@H
0x4aa4c	0x18004aa4c	.text	ascii	;D$PH
0x4aa60	0x18004aa60	.text	ascii	XEXvH
0x4ab81	0x18004ab81	.text	ascii	;D$PH
0x4ac15	0x18004ac15	.text	ascii	:D$%H
0x4acfc	0x18004acfc	.text	ascii	D$l;D$@H
0x4add3	0x18004add3	.text	ascii	[]_^A\A]A^A_
0x4ae00	0x18004ae00	.text	ascii	AWAVAUATVWUSH
0x4aecc	0x18004aecc	.text	ascii	jADKm
0x4afa1	0x18004afa1	.text	ascii	D$8fff.
0x4afcd	0x18004afcd	.text	ascii	L$8H9
0x4b00c	0x18004b00c	.text	ascii	F<'&d(H9
0x4b082	0x18004b082	.text	ascii	fffff.
0x4b134	0x18004b134	.text	ascii	0P<~(_H9
0x4b16d	0x18004b16d	.text	ascii	0P<~(_H9
0x4b29a	0x18004b29a	.text	ascii	Juok!
0x4b347	0x18004b347	.text	ascii	,5TWH9
0x4b36d	0x18004b36d	.text	ascii	,5TWH9
0x4b672	0x18004b672	.text	ascii	kADKm
0x4b91e	0x18004b91e	.text	ascii	D$PH;
0x4bcf2	0x18004bcf2	.text	ascii	oD$Pf
0x4bcf9	0x18004bcf9	.text	ascii	D$pfA
0x4bd68	0x18004bd68	.text	ascii	F<'&d(H9
0x4be1e	0x18004be1e	.text	ascii	6J5b;
0x4c071	0x18004c071	.text	ascii	jADKm
0x4c139	0x18004c139	.text	ascii	Juok!
0x4c198	0x18004c198	.text	ascii	jADKm
0x4c282	0x18004c282	.text	ascii	WAEGCH
0x4c582	0x18004c582	.text	ascii	jADKm
0x4ccd3	0x18004ccd3	.text	ascii	TYPzM
0x4cd14	0x18004cd14	.text	ascii	O!'kIC
0x4cddc	0x18004cddc	.text	ascii	[]_^A\A]A^A_
0x4cdf0	0x18004cdf0	.text	ascii	AWAVAUATVWUSH
0x4ce91	0x18004ce91	.text	ascii	ffffff.
0x4cebd	0x18004cebd	.text	ascii	L$(L9
0x4cf53	0x18004cf53	.text	ascii	ffff.
0x4d071	0x18004d071	.text	ascii	ffffff.
0x4d18b	0x18004d18b	.text	ascii	D$l+D$hH
0x4d1a6	0x18004d1a6	.text	ascii	*&H$8
0x4d20b	0x18004d20b	.text	ascii	|H;T$H
0x4d40b	0x18004d40b	.text	ascii	40DzH
0x4d541	0x18004d541	.text	ascii	[]_^A\A]A^A_
0x4d550	0x18004d550	.text	ascii	AWAVAUATVWUSH
0x4d65d	0x18004d65d	.text	ascii	L$(H9
0x4d97a	0x18004d97a	.text	ascii	S8P>KH9
0x4da93	0x18004da93	.text	ascii	28cH9
0x4db39	0x18004db39	.text	ascii	/^xH9
0x4dbaf	0x18004dbaf	.text	ascii	;D$@H
0x4dc06	0x18004dc06	.text	ascii	;D$PH
0x4dcaf	0x18004dcaf	.text	ascii	D$h;D$@H
0x4dd2a	0x18004dd2a	.text	ascii	;D$PH
0x4ddca	0x18004ddca	.text	ascii	:L$%L
0x4debc	0x18004debc	.text	ascii	:D$%H
0x4e1c5	0x18004e1c5	.text	ascii	[]_^A\A]A^A_
0x4e1e3	0x18004e1e3	.text	ascii	AWAVAUATVWUSH
0x4e25d	0x18004e25d	.text	ascii	Y*LWL|H
0x4e39c	0x18004e39c	.text	ascii	HcT$$
0x4e3a6	0x18004e3a6	.text	ascii	;T$ I
0x4e486	0x18004e486	.text	ascii	0[]_^A\A]A^A_
0x4e494	0x18004e494	.text	ascii	AWAVAUATVWUSH
0x4e640	0x18004e640	.text	ascii	HcT$,f
0x4e64b	0x18004e64b	.text	ascii	;T$(I
0x4e6f6	0x18004e6f6	.text	ascii	T$0Mc
0x4e757	0x18004e757	.text	ascii	8[]_^A\A]A^A_
0x4e770	0x18004e770	.text	ascii	AWAVAUATVWUSH
0x4e854	0x18004e854	.text	ascii	L$(L9
0x4e8b3	0x18004e8b3	.text	ascii	ffff.
0x4e905	0x18004e905	.text	ascii	8[]_^A\A]A^A_
0x4e920	0x18004e920	.text	ascii	AWAVAUATVWUSH
0x4e933	0x18004e933	.text	ascii	|X:-C
0x4e970	0x18004e970	.text	ascii	@)m1^
0x4ea2d	0x18004ea2d	.text	ascii	L$0H9
0x4ea92	0x18004ea92	.text	ascii	IC>)I
0x4eba6	0x18004eba6	.text	ascii	D$PH;D$HH
0x4ec4e	0x18004ec4e	.text	ascii	x[]_^A\A]A^A_
0x4ec60	0x18004ec60	.text	ascii	UAVVWSH
0x4f6b3	0x18004f6b3	.text	ascii	[_^A^]
0x4f6f5	0x18004f6f5	.text	ascii	UAVVWSH
0x4f707	0x18004f707	.text	ascii	)t$ H
0x4f715	0x18004f715	.text	ascii	(t$ H
0x4f71c	0x18004f71c	.text	ascii	@[_^A^]
0x4f735	0x18004f735	.text	ascii	UAVVWSH
0x4f747	0x18004f747	.text	ascii	)t$ H
0x4f755	0x18004f755	.text	ascii	(t$ H
0x4f75c	0x18004f75c	.text	ascii	@[_^A^]
0x4f775	0x18004f775	.text	ascii	UAVVWSH
0x4f787	0x18004f787	.text	ascii	)t$ H
0x4f795	0x18004f795	.text	ascii	(t$ H
0x4f79c	0x18004f79c	.text	ascii	@[_^A^]
0x4f7b5	0x18004f7b5	.text	ascii	UAVVWSH
0x4f7c7	0x18004f7c7	.text	ascii	)t$ H
0x4f7d5	0x18004f7d5	.text	ascii	(t$ H
0x4f7dc	0x18004f7dc	.text	ascii	@[_^A^]
0x4f7f5	0x18004f7f5	.text	ascii	UAVVWSH
0x4f807	0x18004f807	.text	ascii	)t$ H
0x4f815	0x18004f815	.text	ascii	(t$ H
0x4f81c	0x18004f81c	.text	ascii	@[_^A^]
0x4f835	0x18004f835	.text	ascii	UAVVWSH
0x4f847	0x18004f847	.text	ascii	)t$ H
0x4f855	0x18004f855	.text	ascii	(t$ H
0x4f85c	0x18004f85c	.text	ascii	@[_^A^]
0x4f875	0x18004f875	.text	ascii	UAVVWSH
0x4f887	0x18004f887	.text	ascii	)t$ H
0x4f895	0x18004f895	.text	ascii	(t$ H
0x4f89c	0x18004f89c	.text	ascii	@[_^A^]
0x4f8b5	0x18004f8b5	.text	ascii	UAVVWSH
0x4f8c7	0x18004f8c7	.text	ascii	)t$ H
0x4f8d5	0x18004f8d5	.text	ascii	(t$ H
0x4f8dc	0x18004f8dc	.text	ascii	@[_^A^]
0x4f8f5	0x18004f8f5	.text	ascii	UAVVWSH
0x4f907	0x18004f907	.text	ascii	)t$ H
0x4f915	0x18004f915	.text	ascii	(t$ H
0x4f91c	0x18004f91c	.text	ascii	@[_^A^]
0x4f930	0x18004f930	.text	ascii	UAWAVAUATVWSH
0x4fb55	0x18004fb55	.text	ascii	X[_^A\A]A^A_]
0x4fb63	0x18004fb63	.text	ascii	ffff.
0x4fb75	0x18004fb75	.text	ascii	UAWAVAUATVWSH
0x4fb96	0x18004fb96	.text	ascii	([_^A\A]A^A_]
0x4fbb5	0x18004fbb5	.text	ascii	UAWAVAUATVWSH
0x4fbd6	0x18004fbd6	.text	ascii	([_^A\A]A^A_]
0x4fbf0	0x18004fbf0	.text	ascii	AWAVAUATVWUSH
0x4fcad	0x18004fcad	.text	ascii	L$0H9
0x4fd87	0x18004fd87	.text	ascii	yrCH9
0x4fde1	0x18004fde1	.text	ascii	H;L$@w
0x4fe2b	0x18004fe2b	.text	ascii	tkU]CH
0x4fecc	0x18004fecc	.text	ascii	I%?N}H9
0x4ff3e	0x18004ff3e	.text	ascii	[]_^A\A]A^A_
0x4ff50	0x18004ff50	.text	ascii	UAVVWSH
0x500dc	0x1800500dc	.text	ascii	p[_^A^]
0x50135	0x180050135	.text	ascii	UAVVWSH
0x50150	0x180050150	.text	ascii	0[_^A^]
0x50165	0x180050165	.text	ascii	UAVVWSH
0x50180	0x180050180	.text	ascii	0[_^A^]
0x50190	0x180050190	.text	ascii	UAWAVAUATVWSH
0x505df	0x1800505df	.text	ascii	x[_^A\A]A^A_]
0x50615	0x180050615	.text	ascii	UAWAVAUATVWSH
0x50636	0x180050636	.text	ascii	([_^A\A]A^A_]
0x50650	0x180050650	.text	ascii	UAWAVATVWSH
0x507c3	0x1800507c3	.text	ascii	ffff.
0x50a01	0x180050a01	.text	ascii	[_^A\A^A_]
0x50a32	0x180050a32	.text	ascii	fffff.
0x50a45	0x180050a45	.text	ascii	UAWAVATVWSH
0x50a67	0x180050a67	.text	ascii	0[_^A\A^A_]
0x50a80	0x180050a80	.text	ascii	UAWAVAUATVWSH
0x50bd6	0x180050bd6	.text	ascii	L;epL
0x50c8e	0x180050c8e	.text	ascii	H;upH
0x50d02	0x180050d02	.text	ascii	H;Mpv
0x50d4d	0x180050d4d	.text	ascii	L;EXv?H
0x50d65	0x180050d65	.text	ascii	H;UPv
0x50d96	0x180050d96	.text	ascii	L;EXv?H
0x50dae	0x180050dae	.text	ascii	H;UPv
0x50dff	0x180050dff	.text	ascii	H;Epv1H
0x50e10	0x180050e10	.text	ascii	H;UPv
0x50e21	0x180050e21	.text	ascii	H;M@s+H
0x50e40	0x180050e40	.text	ascii	[_^A\A]A^A_]
0x50e75	0x180050e75	.text	ascii	UAWAVAUATVWSH
0x50e99	0x180050e99	.text	ascii	([_^A\A]A^A_]
0x50eb5	0x180050eb5	.text	ascii	UAWAVAUATVWSH
0x50ed9	0x180050ed9	.text	ascii	([_^A\A]A^A_]
0x50ef5	0x180050ef5	.text	ascii	UAWAVAUATVWSH
0x50f18	0x180050f18	.text	ascii	([_^A\A]A^A_]
0x50f30	0x180050f30	.text	ascii	AWAVAUATVWUSH
0x50f66	0x180050f66	.text	ascii	,^lRk~fbI
0x50fc2	0x180050fc2	.text	ascii	D$Pff.
0x50fed	0x180050fed	.text	ascii	L$(L9
0x51020	0x180051020	.text	ascii	0ja*5H
0x5102d	0x18005102d	.text	ascii	apNi\f
0x510d7	0x1800510d7	.text	ascii	%q,H9
0x51123	0x180051123	.text	ascii	H;D$@v
0x51175	0x180051175	.text	ascii	H;L$@w
0x5129f	0x18005129f	.text	ascii	D$<;D$8
0x512b0	0x1800512b0	.text	ascii	[]_^A\A]A^A_
0x512c0	0x1800512c0	.text	ascii	UAWAVAUATVWSH
0x513ce	0x1800513ce	.text	ascii	nY(s:
0x5143b	0x18005143b	.text	ascii	H;Uhv
0x51559	0x180051559	.text	ascii	H;Epu
0x51617	0x180051617	.text	ascii	H;Uhv
0x51663	0x180051663	.text	ascii	H;Uhv
0x5172f	0x18005172f	.text	ascii	E0H;E
0x51742	0x180051742	.text	ascii	H;Uhv/L
0x518e7	0x1800518e7	.text	ascii	[_^A\A]A^A_]
0x51905	0x180051905	.text	ascii	UAWAVAUATVWSH
0x5191d	0x18005191d	.text	ascii	)t$ H
0x5192b	0x18005192b	.text	ascii	(t$ H
0x51932	0x180051932	.text	ascii	8[_^A\A]A^A_]
0x51945	0x180051945	.text	ascii	UAWAVAUATVWSH
0x5195d	0x18005195d	.text	ascii	)t$ H
0x5196b	0x18005196b	.text	ascii	(t$ H
0x51972	0x180051972	.text	ascii	8[_^A\A]A^A_]
0x51985	0x180051985	.text	ascii	UAWAVAUATVWSH
0x5199d	0x18005199d	.text	ascii	)t$ H
0x519bc	0x1800519bc	.text	ascii	(t$ H
0x519c3	0x1800519c3	.text	ascii	8[_^A\A]A^A_]
0x519d1	0x1800519d1	.text	ascii	ffffff.
0x519e5	0x1800519e5	.text	ascii	UAWAVAUATVWSH
0x519fd	0x1800519fd	.text	ascii	)t$ H
0x51a0b	0x180051a0b	.text	ascii	(t$ H
0x51a12	0x180051a12	.text	ascii	8[_^A\A]A^A_]
0x51a25	0x180051a25	.text	ascii	UAWAVAUATVWSH
0x51a3d	0x180051a3d	.text	ascii	)t$ H
0x51a54	0x180051a54	.text	ascii	(t$ H
0x51a5b	0x180051a5b	.text	ascii	8[_^A\A]A^A_]
0x51a75	0x180051a75	.text	ascii	UAWAVAUATVWSH
0x51a8d	0x180051a8d	.text	ascii	)t$ H
0x51a9b	0x180051a9b	.text	ascii	(t$ H
0x51aa2	0x180051aa2	.text	ascii	8[_^A\A]A^A_]
0x51ab0	0x180051ab0	.text	ascii	AWAVAUATVWUSH
0x51b8d	0x180051b8d	.text	ascii	L$(L9
0x51beb	0x180051beb	.text	ascii	f;L$<H
0x51c85	0x180051c85	.text	ascii	D$PH9
0x51cc1	0x180051cc1	.text	ascii	ffffff.
0x51d27	0x180051d27	.text	ascii	f;D$<H
0x51e3f	0x180051e3f	.text	ascii	|$>/H
0x51f99	0x180051f99	.text	ascii	T$HH)
0x52006	0x180052006	.text	ascii	|$>\H
0x52044	0x180052044	.text	ascii	H9L$PH
0x5214a	0x18005214a	.text	ascii	f;L$<H
0x521a1	0x1800521a1	.text	ascii	H9D$hH
0x521fd	0x1800521fd	.text	ascii	H9D$PH
0x522a1	0x1800522a1	.text	ascii	H9D$PH
0x52322	0x180052322	.text	ascii	|$>\H
0x523a1	0x1800523a1	.text	ascii	H;D$`v
0x5248c	0x18005248c	.text	ascii	[]_^A\A]A^A_
0x524a0	0x1800524a0	.text	ascii	AWAVAUATVWUSH
0x524ee	0x1800524ee	.text	ascii	eG&[j
0x52540	0x180052540	.text	ascii	H9D$`H
0x525ad	0x1800525ad	.text	ascii	L$ L9
0x52687	0x180052687	.text	ascii	|$6\H
0x52728	0x180052728	.text	ascii	D$PH9
0x52773	0x180052773	.text	ascii	ffff.
0x527c4	0x1800527c4	.text	ascii	|$6\H
0x5287e	0x18005287e	.text	ascii	eG&[j
0x5294d	0x18005294d	.text	ascii	f;L$4H
0x529c0	0x1800529c0	.text	ascii	D$8H9
0x52a05	0x180052a05	.text	ascii	H9L$8H
0x52abc	0x180052abc	.text	ascii	H;D$Xv
0x52b1d	0x180052b1d	.text	ascii	D$@H+D$8H
0x52b4b	0x180052b4b	.text	ascii	gFx".'
0x52bcf	0x180052bcf	.text	ascii	f;L$4H
0x52c1e	0x180052c1e	.text	ascii	H9D$8H
0x52c56	0x180052c56	.text	ascii	|$6/H
0x52ce1	0x180052ce1	.text	ascii	f;D$4H
0x52d92	0x180052d92	.text	ascii	H9D$8H
0x52df3	0x180052df3	.text	ascii	b]Xhs
0x52e63	0x180052e63	.text	ascii	[]_^A\A]A^A_
0x52ecd	0x180052ecd	.text	ascii	D$8H1
0x52eea	0x180052eea	.text	ascii	L$8H1
0x52f00	0x180052f00	.text	ascii	AWAVAUATVWUSH
0x52ffd	0x180052ffd	.text	ascii	L$0L9
0x53092	0x180053092	.text	ascii	fffff.
0x530af	0x1800530af	.text	ascii	yDOaH9
0x530c2	0x1800530c2	.text	ascii	yDOaH9
0x531bd	0x1800531bd	.text	ascii	;D$LH
0x531f2	0x1800531f2	.text	ascii	fffff.
0x5351f	0x18005351f	.text	ascii	;L$LH
0x53529	0x180053529	.text	ascii	R,1NH
0x53586	0x180053586	.text	ascii	|$F.H
0x535bd	0x1800535bd	.text	ascii	|$F.H
0x536ab	0x1800536ab	.text	ascii	[]_^A\A]A^A_
0x536d0	0x1800536d0	.text	ascii	AWAVAUATVWUSH
0x5378d	0x18005378d	.text	ascii	L$(L9
0x5380d	0x18005380d	.text	ascii	;L$<H
0x53859	0x180053859	.text	ascii	;D$<H
0x538a4	0x1800538a4	.text	ascii	H[]_^A\A]A^A_
0x53a0e	0x180053a0e	.text	ascii	L;E(v;H
0x53a53	0x180053a53	.text	ascii	L;E(v;H
0x53e31	0x180053e31	.text	ascii	ffffff.
0x54153	0x180054153	.text	ascii	ffff.
0x54191	0x180054191	.text	ascii	ffffff.
0x541f0	0x1800541f0	.text	ascii	UVWSH
0x54287	0x180054287	.text	ascii	H[_^]
0x54295	0x180054295	.text	ascii	UVWSH
0x542c5	0x1800542c5	.text	ascii	([_^]
0x54341	0x180054341	.text	ascii	ffffff.
0x544da	0x1800544da	.text	ascii	OA`qH
0x54543	0x180054543	.text	ascii	ffff.
0x54580	0x180054580	.text	ascii	UAWAVAUATVWSH
0x54972	0x180054972	.text	ascii	|Hum1
0x54b43	0x180054b43	.text	ascii	4fff.
0x54cd3	0x180054cd3	.text	ascii	tfff.
0x54d33	0x180054d33	.text	ascii	ffff.
0x54e53	0x180054e53	.text	ascii	ffff.
0x54f90	0x180054f90	.text	ascii	Wffffff.
0x55072	0x180055072	.text	ascii	fffff.
0x55343	0x180055343	.text	ascii	ubff.
0x5622d	0x18005622d	.text	ascii	[_^A\A]A^A_]
0x566e5	0x1800566e5	.text	ascii	UAWAVAUATVWSH
0x56708	0x180056708	.text	ascii	)t$@H
0x5671e	0x18005671e	.text	ascii	(|$0D
0x56724	0x180056724	.text	ascii	(D$ H
0x5672b	0x18005672b	.text	ascii	X[_^A\A]A^A_]
0x56745	0x180056745	.text	ascii	UAWAVAUATVWSH
0x56768	0x180056768	.text	ascii	)t$@H
0x5677e	0x18005677e	.text	ascii	(|$0D
0x56784	0x180056784	.text	ascii	(D$ H
0x5678b	0x18005678b	.text	ascii	X[_^A\A]A^A_]
0x567a5	0x1800567a5	.text	ascii	UAWAVAUATVWSH
0x567c8	0x1800567c8	.text	ascii	)t$@H
0x567de	0x1800567de	.text	ascii	(|$0D
0x567e4	0x1800567e4	.text	ascii	(D$ H
0x567eb	0x1800567eb	.text	ascii	X[_^A\A]A^A_]
0x56805	0x180056805	.text	ascii	UAWAVAUATVWSH
0x56828	0x180056828	.text	ascii	)t$@H
0x5683e	0x18005683e	.text	ascii	(|$0D
0x56844	0x180056844	.text	ascii	(D$ H
0x5684b	0x18005684b	.text	ascii	X[_^A\A]A^A_]
0x56865	0x180056865	.text	ascii	UAWAVAUATVWSH
0x56888	0x180056888	.text	ascii	)t$@H
0x5689e	0x18005689e	.text	ascii	(|$0D
0x568a4	0x1800568a4	.text	ascii	(D$ H
0x568ab	0x1800568ab	.text	ascii	X[_^A\A]A^A_]
0x568c5	0x1800568c5	.text	ascii	UAWAVAUATVWSH
0x568e8	0x1800568e8	.text	ascii	)t$@H
0x568fe	0x1800568fe	.text	ascii	(|$0D
0x56904	0x180056904	.text	ascii	(D$ H
0x5690b	0x18005690b	.text	ascii	X[_^A\A]A^A_]
0x56925	0x180056925	.text	ascii	UAWAVAUATVWSH
0x56948	0x180056948	.text	ascii	)t$@H
0x5695e	0x18005695e	.text	ascii	(|$0D
0x56964	0x180056964	.text	ascii	(D$ H
0x5696b	0x18005696b	.text	ascii	X[_^A\A]A^A_]
0x56985	0x180056985	.text	ascii	UAWAVAUATVWSH
0x569a8	0x1800569a8	.text	ascii	)t$@H
0x569be	0x1800569be	.text	ascii	(|$0D
0x569c4	0x1800569c4	.text	ascii	(D$ H
0x569cb	0x1800569cb	.text	ascii	X[_^A\A]A^A_]
0x569e5	0x1800569e5	.text	ascii	UAWAVAUATVWSH
0x56a08	0x180056a08	.text	ascii	)t$@H
0x56a1e	0x180056a1e	.text	ascii	(|$0D
0x56a24	0x180056a24	.text	ascii	(D$ H
0x56a2b	0x180056a2b	.text	ascii	X[_^A\A]A^A_]
0x56a45	0x180056a45	.text	ascii	UAWAVAUATVWSH
0x56a68	0x180056a68	.text	ascii	)t$@H
0x56a7e	0x180056a7e	.text	ascii	(|$0D
0x56a84	0x180056a84	.text	ascii	(D$ H
0x56a8b	0x180056a8b	.text	ascii	X[_^A\A]A^A_]
0x56aa5	0x180056aa5	.text	ascii	UAWAVAUATVWSH
0x56ad2	0x180056ad2	.text	ascii	(|$0D
0x56ad8	0x180056ad8	.text	ascii	(D$ H
0x56ae6	0x180056ae6	.text	ascii	X[_^A\A]A^A_]
0x56b05	0x180056b05	.text	ascii	UAWAVAUATVWSH
0x56b32	0x180056b32	.text	ascii	fffff.
0x56b45	0x180056b45	.text	ascii	UAWAVAUATVWSH
0x56b68	0x180056b68	.text	ascii	)t$@H
0x56b7e	0x180056b7e	.text	ascii	(|$0D
0x56b84	0x180056b84	.text	ascii	(D$ H
0x56b8b	0x180056b8b	.text	ascii	X[_^A\A]A^A_]
0x56ba5	0x180056ba5	.text	ascii	UAWAVAUATVWSH
0x56bc8	0x180056bc8	.text	ascii	)t$@H
0x56bde	0x180056bde	.text	ascii	(|$0D
0x56be4	0x180056be4	.text	ascii	(D$ H
0x56beb	0x180056beb	.text	ascii	X[_^A\A]A^A_]
0x56c05	0x180056c05	.text	ascii	UAWAVAUATVWSH
0x56c28	0x180056c28	.text	ascii	)t$@H
0x56d3d	0x180056d3d	.text	ascii	(|$0D
0x56d43	0x180056d43	.text	ascii	(D$ H
0x56d51	0x180056d51	.text	ascii	X[_^A\A]A^A_]
0x56d65	0x180056d65	.text	ascii	UAWAVAUATVWSH
0x56d88	0x180056d88	.text	ascii	)t$@H
0x56d9e	0x180056d9e	.text	ascii	(|$0D
0x56da4	0x180056da4	.text	ascii	(D$ H
0x56dab	0x180056dab	.text	ascii	X[_^A\A]A^A_]
0x56dc5	0x180056dc5	.text	ascii	UAWAVAUATVWSH
0x56df2	0x180056df2	.text	ascii	fffff.
0x56e05	0x180056e05	.text	ascii	UAWAVAUATVWSH
0x56e28	0x180056e28	.text	ascii	)t$@H
0x56e3e	0x180056e3e	.text	ascii	(|$0D
0x56e44	0x180056e44	.text	ascii	(D$ H
0x56e4b	0x180056e4b	.text	ascii	X[_^A\A]A^A_]
0x56e65	0x180056e65	.text	ascii	UAWAVAUATVWSH
0x56e88	0x180056e88	.text	ascii	)t$@H
0x56e9e	0x180056e9e	.text	ascii	(|$0D
0x56ea4	0x180056ea4	.text	ascii	(D$ H
0x56eab	0x180056eab	.text	ascii	X[_^A\A]A^A_]
0x56ec5	0x180056ec5	.text	ascii	UAWAVAUATVWSH
0x56ee8	0x180056ee8	.text	ascii	)t$@H
0x56efe	0x180056efe	.text	ascii	(|$0D
0x56f04	0x180056f04	.text	ascii	(D$ H
0x56f0b	0x180056f0b	.text	ascii	X[_^A\A]A^A_]
0x56f25	0x180056f25	.text	ascii	UAWAVAUATVWSH
0x56f48	0x180056f48	.text	ascii	)t$@H
0x56f5e	0x180056f5e	.text	ascii	(|$0D
0x56f64	0x180056f64	.text	ascii	(D$ H
0x56f6b	0x180056f6b	.text	ascii	X[_^A\A]A^A_]
0x56f85	0x180056f85	.text	ascii	UAWAVAUATVWSH
0x56fa8	0x180056fa8	.text	ascii	)t$@H
0x56fbe	0x180056fbe	.text	ascii	(|$0D
0x56fc4	0x180056fc4	.text	ascii	(D$ H
0x56fcb	0x180056fcb	.text	ascii	X[_^A\A]A^A_]
0x56fe5	0x180056fe5	.text	ascii	UAWAVAUATVWSH
0x57008	0x180057008	.text	ascii	)t$@H
0x5701e	0x18005701e	.text	ascii	(|$0D
0x57024	0x180057024	.text	ascii	(D$ H
0x5702b	0x18005702b	.text	ascii	X[_^A\A]A^A_]
0x57045	0x180057045	.text	ascii	UAWAVAUATVWSH
0x57068	0x180057068	.text	ascii	)t$@H
0x5707e	0x18005707e	.text	ascii	(|$0D
0x57084	0x180057084	.text	ascii	(D$ H
0x5708b	0x18005708b	.text	ascii	X[_^A\A]A^A_]
0x570a5	0x1800570a5	.text	ascii	UAWAVAUATVWSH
0x570c8	0x1800570c8	.text	ascii	)t$@H
0x570de	0x1800570de	.text	ascii	(|$0D
0x570e4	0x1800570e4	.text	ascii	(D$ H
0x570eb	0x1800570eb	.text	ascii	X[_^A\A]A^A_]
0x57105	0x180057105	.text	ascii	UAWAVAUATVWSH
0x57128	0x180057128	.text	ascii	)t$@H
0x5713e	0x18005713e	.text	ascii	(|$0D
0x57144	0x180057144	.text	ascii	(D$ H
0x5714b	0x18005714b	.text	ascii	X[_^A\A]A^A_]
0x57165	0x180057165	.text	ascii	UAWAVAUATVWSH
0x57188	0x180057188	.text	ascii	)t$@H
0x571a7	0x1800571a7	.text	ascii	(|$0D
0x571ad	0x1800571ad	.text	ascii	(D$ H
0x571b4	0x1800571b4	.text	ascii	X[_^A\A]A^A_]
0x571c2	0x1800571c2	.text	ascii	fffff.
0x571d5	0x1800571d5	.text	ascii	UAWAVAUATVWSH
0x571f8	0x1800571f8	.text	ascii	)t$@H
0x5720e	0x18005720e	.text	ascii	(|$0D
0x57214	0x180057214	.text	ascii	(D$ H
0x5721b	0x18005721b	.text	ascii	X[_^A\A]A^A_]
0x57235	0x180057235	.text	ascii	UAWAVAUATVWSH
0x57258	0x180057258	.text	ascii	)t$@H
0x5726e	0x18005726e	.text	ascii	(|$0D
0x57274	0x180057274	.text	ascii	(D$ H
0x5727b	0x18005727b	.text	ascii	X[_^A\A]A^A_]
0x57290	0x180057290	.text	ascii	AWAVAUATVWUSH
0x572a1	0x1800572a1	.text	ascii	)t$`H
0x572fa	0x1800572fa	.text	ascii	Jrb]H
0x5739d	0x18005739d	.text	ascii	L$ L9
0x57439	0x180057439	.text	ascii	H9D$0H
0x5754a	0x18005754a	.text	ascii	-]RaL
0x575e1	0x1800575e1	.text	ascii	Jrb]H9
0x57629	0x180057629	.text	ascii	(t$`H
0x57630	0x180057630	.text	ascii	x[]_^A\A]A^A_
0x57640	0x180057640	.text	ascii	UAVVWSH
0x577b6	0x1800577b6	.text	ascii	`[_^A^]
0x577e1	0x1800577e1	.text	ascii	ffffff.
0x577f5	0x1800577f5	.text	ascii	UAVVWSH
0x57810	0x180057810	.text	ascii	0[_^A^]
0x57820	0x180057820	.text	ascii	UAWAVAUATVWSH
0x57db1	0x180057db1	.text	ascii	ffffff.
0x58151	0x180058151	.text	ascii	ffffff.
0x58331	0x180058331	.text	ascii	ffffff.
0x58472	0x180058472	.text	ascii	Rffff.
0x58571	0x180058571	.text	ascii	ffffff.
0x58853	0x180058853	.text	ascii	ffff.
0x58a09	0x180058a09	.text	ascii	E Hc@
0x58cd1	0x180058cd1	.text	ascii	E Hc@
0x58ce5	0x180058ce5	.text	ascii	E Hc@
0x58e0d	0x180058e0d	.text	ascii	[_^A\A]A^A_]
0x58f45	0x180058f45	.text	ascii	UAWAVAUATVWSH
0x58f5d	0x180058f5d	.text	ascii	)t$0H
0x58f6e	0x180058f6e	.text	ascii	(t$0H
0x58f75	0x180058f75	.text	ascii	H[_^A\A]A^A_]
0x58f83	0x180058f83	.text	ascii	ffff.
0x58f95	0x180058f95	.text	ascii	UAWAVAUATVWSH
0x58fad	0x180058fad	.text	ascii	)t$0H
0x58fbe	0x180058fbe	.text	ascii	(t$0H
0x58fc5	0x180058fc5	.text	ascii	H[_^A\A]A^A_]
0x58fd3	0x180058fd3	.text	ascii	ffff.
0x58fe5	0x180058fe5	.text	ascii	UAWAVAUATVWSH
0x59015	0x180059015	.text	ascii	UAWAVAUATVWSH
0x59045	0x180059045	.text	ascii	UAWAVAUATVWSH
0x59075	0x180059075	.text	ascii	UAWAVAUATVWSH
0x5908d	0x18005908d	.text	ascii	)t$0H
0x5909e	0x18005909e	.text	ascii	(t$0H
0x590a5	0x1800590a5	.text	ascii	H[_^A\A]A^A_]
0x590b3	0x1800590b3	.text	ascii	ffff.
0x590c5	0x1800590c5	.text	ascii	UAWAVAUATVWSH
0x590dd	0x1800590dd	.text	ascii	)t$0H
0x590eb	0x1800590eb	.text	ascii	(t$0H
0x590f2	0x1800590f2	.text	ascii	H[_^A\A]A^A_]
0x59105	0x180059105	.text	ascii	UAWAVAUATVWSH
0x5911d	0x18005911d	.text	ascii	)t$0H
0x5912e	0x18005912e	.text	ascii	(t$0H
0x59135	0x180059135	.text	ascii	H[_^A\A]A^A_]
0x59143	0x180059143	.text	ascii	ffff.
0x59155	0x180059155	.text	ascii	UAWAVAUATVWSH
0x59185	0x180059185	.text	ascii	UAWAVAUATVWSH
0x591b5	0x1800591b5	.text	ascii	UAWAVAUATVWSH
0x591e5	0x1800591e5	.text	ascii	UAWAVAUATVWSH
0x591fd	0x1800591fd	.text	ascii	)t$0H
0x5920e	0x18005920e	.text	ascii	(t$0H
0x59215	0x180059215	.text	ascii	H[_^A\A]A^A_]
0x59223	0x180059223	.text	ascii	ffff.
0x59235	0x180059235	.text	ascii	UAWAVAUATVWSH
0x59265	0x180059265	.text	ascii	UAWAVAUATVWSH
0x5927d	0x18005927d	.text	ascii	)t$0H
0x5928e	0x18005928e	.text	ascii	(t$0H
0x59295	0x180059295	.text	ascii	H[_^A\A]A^A_]
0x592a3	0x1800592a3	.text	ascii	ffff.
0x592b5	0x1800592b5	.text	ascii	UAWAVAUATVWSH
0x592e5	0x1800592e5	.text	ascii	UAWAVAUATVWSH
0x592fd	0x1800592fd	.text	ascii	)t$0H
0x5930e	0x18005930e	.text	ascii	(t$0H
0x59315	0x180059315	.text	ascii	H[_^A\A]A^A_]
0x59323	0x180059323	.text	ascii	ffff.
0x59335	0x180059335	.text	ascii	UAWAVAUATVWSH
0x5934d	0x18005934d	.text	ascii	)t$0H
0x5935e	0x18005935e	.text	ascii	(t$0H
0x59365	0x180059365	.text	ascii	H[_^A\A]A^A_]
0x59373	0x180059373	.text	ascii	ffff.
0x59385	0x180059385	.text	ascii	UAWAVAUATVWSH
0x5939d	0x18005939d	.text	ascii	)t$0H
0x593ae	0x1800593ae	.text	ascii	(t$0H
0x593b5	0x1800593b5	.text	ascii	H[_^A\A]A^A_]
0x593c3	0x1800593c3	.text	ascii	ffff.
0x593d5	0x1800593d5	.text	ascii	UAWAVAUATVWSH
0x593ed	0x1800593ed	.text	ascii	)t$0H
0x59416	0x180059416	.text	ascii	(t$0H
0x5941d	0x18005941d	.text	ascii	H[_^A\A]A^A_]
0x59435	0x180059435	.text	ascii	UAWAVAUATVWSH
0x59465	0x180059465	.text	ascii	UAWAVAUATVWSH
0x5947d	0x18005947d	.text	ascii	)t$0H
0x594ef	0x1800594ef	.text	ascii	(t$0H
0x594f6	0x1800594f6	.text	ascii	H[_^A\A]A^A_]
0x59535	0x180059535	.text	ascii	UAWAVAUATVWSH
0x59565	0x180059565	.text	ascii	UAWAVAUATVWSH
0x5957d	0x18005957d	.text	ascii	)t$0H
0x59598	0x180059598	.text	ascii	(t$0H
0x5959f	0x18005959f	.text	ascii	H[_^A\A]A^A_]
0x595b5	0x1800595b5	.text	ascii	UAWAVAUATVWSH
0x595e5	0x1800595e5	.text	ascii	UAWAVAUATVWSH
0x595fd	0x1800595fd	.text	ascii	)t$0H
0x59618	0x180059618	.text	ascii	(t$0H
0x5961f	0x18005961f	.text	ascii	H[_^A\A]A^A_]
0x59635	0x180059635	.text	ascii	UAWAVAUATVWSH
0x5964d	0x18005964d	.text	ascii	)t$0H
0x5965e	0x18005965e	.text	ascii	(t$0H
0x59665	0x180059665	.text	ascii	H[_^A\A]A^A_]
0x59673	0x180059673	.text	ascii	ffff.
0x59685	0x180059685	.text	ascii	UAWAVAUATVWSH
0x5969d	0x18005969d	.text	ascii	)t$0H
0x596b5	0x1800596b5	.text	ascii	(t$0H
0x596bc	0x1800596bc	.text	ascii	H[_^A\A]A^A_]
0x596d5	0x1800596d5	.text	ascii	UAWAVAUATVWSH
0x596ed	0x1800596ed	.text	ascii	)t$0H
0x59705	0x180059705	.text	ascii	(t$0H
0x5970c	0x18005970c	.text	ascii	H[_^A\A]A^A_]
0x59725	0x180059725	.text	ascii	UAWAVAUATVWSH
0x5973d	0x18005973d	.text	ascii	)t$0H
0x5974e	0x18005974e	.text	ascii	(t$0H
0x59755	0x180059755	.text	ascii	H[_^A\A]A^A_]
0x59763	0x180059763	.text	ascii	ffff.
0x59775	0x180059775	.text	ascii	UAWAVAUATVWSH
0x597a5	0x1800597a5	.text	ascii	UAWAVAUATVWSH
0x597d5	0x1800597d5	.text	ascii	UAWAVAUATVWSH
0x59805	0x180059805	.text	ascii	UAWAVAUATVWSH
0x5981d	0x18005981d	.text	ascii	)t$0H
0x59838	0x180059838	.text	ascii	(t$0H
0x5983f	0x18005983f	.text	ascii	H[_^A\A]A^A_]
0x59855	0x180059855	.text	ascii	UAWAVAUATVWSH
0x5986d	0x18005986d	.text	ascii	)t$0H
0x59888	0x180059888	.text	ascii	(t$0H
0x5988f	0x18005988f	.text	ascii	H[_^A\A]A^A_]
0x598a5	0x1800598a5	.text	ascii	UAWAVAUATVWSH
0x598ef	0x1800598ef	.text	ascii	(t$0H
0x598f6	0x1800598f6	.text	ascii	H[_^A\A]A^A_]
0x59915	0x180059915	.text	ascii	UAWAVAUATVWSH
0x5992d	0x18005992d	.text	ascii	)t$0H
0x59942	0x180059942	.text	ascii	t%fff.
0x5997f	0x18005997f	.text	ascii	(t$0H
0x59986	0x180059986	.text	ascii	H[_^A\A]A^A_]
0x599a5	0x1800599a5	.text	ascii	UAWAVAUATVWSH
0x599bd	0x1800599bd	.text	ascii	)t$0H
0x599d2	0x1800599d2	.text	ascii	t%fff.
0x59a0f	0x180059a0f	.text	ascii	(t$0H
0x59a16	0x180059a16	.text	ascii	H[_^A\A]A^A_]
0x59a35	0x180059a35	.text	ascii	UAWAVAUATVWSH
0x59a93	0x180059a93	.text	ascii	(t$0H
0x59a9a	0x180059a9a	.text	ascii	H[_^A\A]A^A_]
0x59ab5	0x180059ab5	.text	ascii	UAWAVAUATVWSH
0x59b13	0x180059b13	.text	ascii	(t$0H
0x59b1a	0x180059b1a	.text	ascii	H[_^A\A]A^A_]
0x59b35	0x180059b35	.text	ascii	UAWAVAUATVWSH
0x59b4d	0x180059b4d	.text	ascii	)t$0H
0x59b96	0x180059b96	.text	ascii	(t$0H
0x59b9d	0x180059b9d	.text	ascii	H[_^A\A]A^A_]
0x59bb5	0x180059bb5	.text	ascii	UAWAVAUATVWSH
0x59bcd	0x180059bcd	.text	ascii	)t$0H
0x59bde	0x180059bde	.text	ascii	(t$0H
0x59be5	0x180059be5	.text	ascii	H[_^A\A]A^A_]
0x59bf3	0x180059bf3	.text	ascii	ffff.
0x59c05	0x180059c05	.text	ascii	UAWAVAUATVWSH
0x59c1d	0x180059c1d	.text	ascii	)t$0H
0x59c2e	0x180059c2e	.text	ascii	(t$0H
0x59c35	0x180059c35	.text	ascii	H[_^A\A]A^A_]
0x59c43	0x180059c43	.text	ascii	ffff.
0x59c55	0x180059c55	.text	ascii	UAWAVAUATVWSH
0x59c6d	0x180059c6d	.text	ascii	)t$0H
0x59c8a	0x180059c8a	.text	ascii	(t$0H
0x59c91	0x180059c91	.text	ascii	H[_^A\A]A^A_]
0x59ca0	0x180059ca0	.text	ascii	AWAVAUATVWUSH
0x59d32	0x180059d32	.text	ascii	D$8ff.
0x59d5d	0x180059d5d	.text	ascii	L$8H9
0x59dbb	0x180059dbb	.text	ascii	s@Z;D$Tt
0x59eb3	0x180059eb3	.text	ascii	ffff.
0x5a04d	0x18005a04d	.text	ascii	H;L$Hr
0x5a0a1	0x18005a0a1	.text	ascii	ie/jr
0x5a14c	0x18005a14c	.text	ascii	H;D$Hv
0x5a183	0x18005a183	.text	ascii	_H;L$HI
0x5a1c8	0x18005a1c8	.text	ascii	H;T$hv
0x5a1fb	0x18005a1fb	.text	ascii	L;D$hv
0x5a33f	0x18005a33f	.text	ascii	H;L$`t
0x5a429	0x18005a429	.text	ascii	[]_^A\A]A^A_
0x5a760	0x18005a760	.text	ascii	UAWAVATVWSH
0x5a7ef	0x18005a7ef	.text	ascii	H;M@v
0x5a833	0x18005a833	.text	ascii	H;U@v
0x5a88b	0x18005a88b	.text	ascii	M(H;M@v
0x5a8bb	0x18005a8bb	.text	ascii	E(H;E@voH
0x5a939	0x18005a939	.text	ascii	[_^A\A^A_]
0x5a975	0x18005a975	.text	ascii	UAWAVATVWSH
0x5a997	0x18005a997	.text	ascii	0[_^A\A^A_]
0x5a9a3	0x18005a9a3	.text	ascii	ffff.
0x5a9b5	0x18005a9b5	.text	ascii	UAWAVATVWSH
0x5a9d7	0x18005a9d7	.text	ascii	0[_^A\A^A_]
0x5a9f0	0x18005a9f0	.text	ascii	UAVVWSH
0x5ace7	0x18005ace7	.text	ascii	[_^A^]
0x5ad15	0x18005ad15	.text	ascii	UAVVWSH
0x5ad27	0x18005ad27	.text	ascii	)t$0H
0x5ad38	0x18005ad38	.text	ascii	(t$0H
0x5ad3f	0x18005ad3f	.text	ascii	@[_^A^]
0x5ad55	0x18005ad55	.text	ascii	UAVVWSH
0x5ad67	0x18005ad67	.text	ascii	)t$0H
0x5ad75	0x18005ad75	.text	ascii	(t$0H
0x5ad7c	0x18005ad7c	.text	ascii	@[_^A^]
0x5ad95	0x18005ad95	.text	ascii	UAVVWSH
0x5ada7	0x18005ada7	.text	ascii	)t$0H
0x5adb8	0x18005adb8	.text	ascii	(t$0H
0x5adbf	0x18005adbf	.text	ascii	@[_^A^]
0x5add0	0x18005add0	.text	ascii	UAWAVAUATVWSH
0x5ae68	0x18005ae68	.text	ascii	H;MHv
0x5aed0	0x18005aed0	.text	ascii	H;UHv
0x5af35	0x18005af35	.text	ascii	M8H;MHv
0x5af65	0x18005af65	.text	ascii	E8H;EHvoH
0x5afe3	0x18005afe3	.text	ascii	[_^A\A]A^A_]
0x5b013	0x18005b013	.text	ascii	ffff.
0x5b025	0x18005b025	.text	ascii	UAWAVAUATVWSH
0x5b049	0x18005b049	.text	ascii	([_^A\A]A^A_]
0x5b065	0x18005b065	.text	ascii	UAWAVAUATVWSH
0x5b089	0x18005b089	.text	ascii	([_^A\A]A^A_]
0x5b0a0	0x18005b0a0	.text	ascii	UVWSH
0x5b221	0x18005b221	.text	ascii	ffffff.
0x5b235	0x18005b235	.text	ascii	UVWSH
0x5b251	0x18005b251	.text	ascii	([_^]
0x5b265	0x18005b265	.text	ascii	UVWSH
0x5b281	0x18005b281	.text	ascii	([_^]
0x5b290	0x18005b290	.text	ascii	UVWSH
0x5b3d3	0x18005b3d3	.text	ascii	ffff.
0x5b3e5	0x18005b3e5	.text	ascii	UVWSH
0x5b401	0x18005b401	.text	ascii	([_^]
0x5b415	0x18005b415	.text	ascii	UVWSH
0x5b431	0x18005b431	.text	ascii	([_^]
0x5b440	0x18005b440	.text	ascii	UVWSH
0x5b635	0x18005b635	.text	ascii	UVWSH
0x5b651	0x18005b651	.text	ascii	([_^]
0x5b665	0x18005b665	.text	ascii	UVWSH
0x5b681	0x18005b681	.text	ascii	([_^]
0x5b695	0x18005b695	.text	ascii	UVWSH
0x5b6b1	0x18005b6b1	.text	ascii	([_^]
0x5b6e0	0x18005b6e0	.text	ascii	AWAVAUATVWUSH
0x5b7b2	0x18005b7b2	.text	ascii	D$`ff.
0x5b7dd	0x18005b7dd	.text	ascii	L$0L9
0x5b926	0x18005b926	.text	ascii	|$l/H
0x5ba0c	0x18005ba0c	.text	ascii	eVQRz
0x5ba7d	0x18005ba7d	.text	ascii	|$r/H
0x5bbd5	0x18005bbd5	.text	ascii	="QLH9
0x5bd5f	0x18005bd5f	.text	ascii	|$h\H
0x5bf1d	0x18005bf1d	.text	ascii	W3R=T
0x5c13a	0x18005c13a	.text	ascii	|$j\H
0x5c1e2	0x18005c1e2	.text	ascii	nM-{&H
0x5c2d0	0x18005c2d0	.text	ascii	|$~\H
0x5c2d7	0x18005c2d7	.text	ascii	PAjF.
0x5c360	0x18005c360	.text	ascii	|$D/H
0x5c383	0x18005c383	.text	ascii	Q!`3!U%SH
0x5c3d1	0x18005c3d1	.text	ascii	#qZ.;
0x5c3e3	0x18005c3e3	.text	ascii	|$x/H
0x5c4d0	0x18005c4d0	.text	ascii	|$D\H
0x5c637	0x18005c637	.text	ascii	Y}mH9
0x5c64a	0x18005c64a	.text	ascii	b~mH9
0x5c66b	0x18005c66b	.text	ascii	|$^?H
0x5c852	0x18005c852	.text	ascii	|$l\H
0x5c8c2	0x18005c8c2	.text	ascii	|$z\H
0x5ca49	0x18005ca49	.text	ascii	T$Pf;
0x5ccf4	0x18005ccf4	.text	ascii	3n^'yn
0x5cf3a	0x18005cf3a	.text	ascii	|$~\H
0x5d030	0x18005d030	.text	ascii	|$\?H
0x5d1a8	0x18005d1a8	.text	ascii	|$n/H
0x5d200	0x18005d200	.text	ascii	|$D\H
0x5d214	0x18005d214	.text	ascii	sp@LH
0x5d2a6	0x18005d2a6	.text	ascii	|$D\H
0x5d4eb	0x18005d4eb	.text	ascii	|$F\H
0x5d57d	0x18005d57d	.text	ascii	eVQRz
0x5d5a2	0x18005d5a2	.text	ascii	|$D/H
0x5d5ff	0x18005d5ff	.text	ascii	|$x\H
0x5d6cf	0x18005d6cf	.text	ascii	H9D$PH
0x5d7a4	0x18005d7a4	.text	ascii	|$h\H
0x5d7f3	0x18005d7f3	.text	ascii	)YGH9
0x5d801	0x18005d801	.text	ascii	|$F?H
0x5d84f	0x18005d84f	.text	ascii	*(IQH9
0x5da66	0x18005da66	.text	ascii	|$n\H
0x5db2e	0x18005db2e	.text	ascii	|$~/H
0x5db72	0x18005db72	.text	ascii	|$x\H
0x5dbf5	0x18005dbf5	.text	ascii	|$|\H
0x5dd0c	0x18005dd0c	.text	ascii	|$t\H
0x5dd43	0x18005dd43	.text	ascii	|$F\H
0x5ddc9	0x18005ddc9	.text	ascii	|$j\H
0x5de92	0x18005de92	.text	ascii	yb]6H
0x5dea2	0x18005dea2	.text	ascii	|$v/H
0x5dec5	0x18005dec5	.text	ascii	Vo9kuI
0x5ded9	0x18005ded9	.text	ascii	|$|/H
0x5df10	0x18005df10	.text	ascii	|$z/H
0x5df47	0x18005df47	.text	ascii	|$F\H
0x5df7e	0x18005df7e	.text	ascii	|$p\H
0x5e04d	0x18005e04d	.text	ascii	|$t/H
0x5e084	0x18005e084	.text	ascii	|$r\H
0x5e117	0x18005e117	.text	ascii	|$F\H
0x5e1a0	0x18005e1a0	.text	ascii	|$n\H
0x5e1d2	0x18005e1d2	.text	ascii	|$v\H
0x5e24a	0x18005e24a	.text	ascii	|$F/H
0x5e281	0x18005e281	.text	ascii	|$D?H
0x5e3e6	0x18005e3e6	.text	ascii	|$p\H
0x5e4a0	0x18005e4a0	.text	ascii	|$j/H
0x5e747	0x18005e747	.text	ascii	|$D\H
0x5e843	0x18005e843	.text	ascii	|$D?H
0x5e87a	0x18005e87a	.text	ascii	|$F?H
0x5e927	0x18005e927	.text	ascii	D$BfA9
0x5e9fd	0x18005e9fd	.text	ascii	|$r\H
0x5ea34	0x18005ea34	.text	ascii	|$F/H
0x5eaf6	0x18005eaf6	.text	ascii	D$BfA9
0x5ebf1	0x18005ebf1	.text	ascii	|$t\H
0x5ec28	0x18005ec28	.text	ascii	|$\?H
0x5ec8a	0x18005ec8a	.text	ascii	|$h/H
0x5ed48	0x18005ed48	.text	ascii	|$^.H
0x5ed7a	0x18005ed7a	.text	ascii	|$|\H
0x5edb1	0x18005edb1	.text	ascii	|$\.H
0x5edf8	0x18005edf8	.text	ascii	|$v\H
0x5ee1f	0x18005ee1f	.text	ascii	0V"GH
0x5ee2f	0x18005ee2f	.text	ascii	|$^?H
0x5ee73	0x18005ee73	.text	ascii	|$z\H
0x5eef3	0x18005eef3	.text	ascii	|$p/H
0x5ef6b	0x18005ef6b	.text	ascii	|$l\H
0x5efbb	0x18005efbb	.text	ascii	Y}mH9
0x5efd6	0x18005efd6	.text	ascii	[]_^A\A]A^A_
0x5eff0	0x18005eff0	.text	ascii	AWAVAUATVWUSH
0x5f0ad	0x18005f0ad	.text	ascii	L$(L9
0x5f13c	0x18005f13c	.text	ascii	n~3]W
0x5f1f0	0x18005f1f0	.text	ascii	H;L$P|
0x5f26d	0x18005f26d	.text	ascii	H9L$hr
0x5f2f7	0x18005f2f7	.text	ascii	H9L$hw
0x5f40b	0x18005f40b	.text	ascii	TcKb8
0x5f510	0x18005f510	.text	ascii	L$XH)
0x5f5df	0x18005f5df	.text	ascii	H;L$Xw
0x5f6d1	0x18005f6d1	.text	ascii	H;T$Pt
0x5f7b7	0x18005f7b7	.text	ascii	L$XH)
0x5f872	0x18005f872	.text	ascii	[]_^A\A]A^A_
0x5f8b0	0x18005f8b0	.text	ascii	AWAVAUATVWUSH
0x5f98d	0x18005f98d	.text	ascii	L$ L9
0x5fada	0x18005fada	.text	ascii	H9D$`H
0x5fb42	0x18005fb42	.text	ascii	D$`H;D$PH
0x5fc71	0x18005fc71	.text	ascii	H9D$0H
0x5fd22	0x18005fd22	.text	ascii	H;T$8v
0x5fd2e	0x18005fd2e	.text	ascii	L$XH;D$PH
0x5fdbb	0x18005fdbb	.text	ascii	[]_^A\A]A^A_
0x5fdd0	0x18005fdd0	.text	ascii	AWAVAUATVWUSH
0x5fe73	0x18005fe73	.text	ascii	L$0H;L$HH
0x5fe87	0x18005fe87	.text	ascii	$&~T/
0x5ff0f	0x18005ff0f	.text	ascii	clOH9
0x5fff1	0x18005fff1	.text	ascii	ffffff.
0x6001a	0x18006001a	.text	ascii	%KDH9
0x60087	0x180060087	.text	ascii	m5`J0H
0x600e4	0x1800600e4	.text	ascii	9L$TH
0x6012a	0x18006012a	.text	ascii	z{fH9
0x6021b	0x18006021b	.text	ascii	E|+(H9
0x6022e	0x18006022e	.text	ascii	E|+(H9
0x60255	0x180060255	.text	ascii	UD8H9
0x60263	0x180060263	.text	ascii	L$0H;L$HH
0x60317	0x180060317	.text	ascii	%KDH9
0x6032a	0x18006032a	.text	ascii	$VLH9
0x604ad	0x1800604ad	.text	ascii	H9L$0H
0x604ea	0x1800604ea	.text	ascii	z{fH9
0x60529	0x180060529	.text	ascii	f9L$&H
0x606a5	0x1800606a5	.text	ascii	L$<;L$DH
0x60722	0x180060722	.text	ascii	H9L$0H
0x60749	0x180060749	.text	ascii	#&C{+H
0x60875	0x180060875	.text	ascii	jktWJH
0x6090a	0x18006090a	.text	ascii	f;L$"
0x60912	0x180060912	.text	ascii	f;L$$
0x60992	0x180060992	.text	ascii	f;L$"
0x6099a	0x18006099a	.text	ascii	f;L$$
0x609fa	0x1800609fa	.text	ascii	L$0H;L$HH
0x60ad6	0x180060ad6	.text	ascii	L$<;L$D
0x60b5d	0x180060b5d	.text	ascii	|$ \H
0x60bb2	0x180060bb2	.text	ascii	e=o^:P{H
0x60bc5	0x180060bc5	.text	ascii	|$ /H
0x60cdd	0x180060cdd	.text	ascii	|$ \H
0x60d2d	0x180060d2d	.text	ascii	X[]_^A\A]A^A_
0x60d40	0x180060d40	.text	ascii	AWAVAUATVWUSH
0x60d69	0x180060d69	.text	ascii	A8-Mw
0x60e2d	0x180060e2d	.text	ascii	L$(H9
0x60e81	0x180060e81	.text	ascii	L$`H)
0x60eda	0x180060eda	.text	ascii	?4NH9
0x60eed	0x180060eed	.text	ascii	?4NH9
0x60f11	0x180060f11	.text	ascii	ffffff.
0x60f96	0x180060f96	.text	ascii	MG.gH9
0x610cc	0x1800610cc	.text	ascii	CsH;L$X|
0x61236	0x180061236	.text	ascii	L$PH;L$`w
0x61299	0x180061299	.text	ascii	H;L$`w
0x61483	0x180061483	.text	ascii	MG.gH9
0x61525	0x180061525	.text	ascii	dH;L$h
0x61557	0x180061557	.text	ascii	[]_^A\A]A^A_
0x615e0	0x1800615e0	.text	ascii	AWAVAUATVWUSH
0x6169d	0x18006169d	.text	ascii	L$(L9
0x61752	0x180061752	.text	ascii	fffff.
0x618b3	0x1800618b3	.text	ascii	L$XH)
0x618e1	0x1800618e1	.text	ascii	S**YH9
0x61937	0x180061937	.text	ascii	@RH;L$P|
0x61a34	0x180061a34	.text	ascii	L$XH)
0x61adb	0x180061adb	.text	ascii	H;L$Xw
0x61b36	0x180061b36	.text	ascii	H9L$hw
0x61bba	0x180061bba	.text	ascii	D$<fA
0x61bc4	0x180061bc4	.text	ascii	D$>fA
0x61c41	0x180061c41	.text	ascii	Gv9#*
0x61c91	0x180061c91	.text	ascii	D$<fA
0x61c9b	0x180061c9b	.text	ascii	D$>fA
0x61d5c	0x180061d5c	.text	ascii	rH9L$hr
0x61da8	0x180061da8	.text	ascii	>H;T$Pt
0x61e88	0x180061e88	.text	ascii	s+rH9
0x61ec0	0x180061ec0	.text	ascii	[]_^A\A]A^A_
0x61f00	0x180061f00	.text	ascii	AWAVAUATVWUSH
0x61fcd	0x180061fcd	.text	ascii	L$0L9
0x620bc	0x1800620bc	.text	ascii	L$`H)
0x6223a	0x18006223a	.text	ascii	=%kH9
0x6224d	0x18006224d	.text	ascii	=%kH9
0x6227b	0x18006227b	.text	ascii	H;T$X
0x622fd	0x1800622fd	.text	ascii	iuH;L$`w
0x623f6	0x1800623f6	.text	ascii	H9L$pr
0x62451	0x180062451	.text	ascii	H9L$pw
0x624a8	0x1800624a8	.text	ascii	L$`H)
0x6256c	0x18006256c	.text	ascii	D$FfA
0x62647	0x180062647	.text	ascii	H;L$X|
0x6272e	0x18006272e	.text	ascii	D$FfA
0x6285a	0x18006285a	.text	ascii	[]_^A\A]A^A_
0x62880	0x180062880	.text	ascii	AWAVAUATVWUSH
0x6292d	0x18006292d	.text	ascii	L$0H9
0x6299d	0x18006299d	.text	ascii	xH;L$@w
0x62a66	0x180062a66	.text	ascii	q`[H9
0x62bc3	0x180062bc3	.text	ascii	[]_^A\A]A^A_
0x62bd0	0x180062bd0	.text	ascii	UAWAVVWSH
0x62c5f	0x180062c5f	.text	ascii	H;E`}
0x62cdd	0x180062cdd	.text	ascii	K(2X4
0x62d52	0x180062d52	.text	ascii	fffff.
0x62d65	0x180062d65	.text	ascii	UAWAVVWSH
0x62d7a	0x180062d7a	.text	ascii	EXH;ExvbH
0x62de7	0x180062de7	.text	ascii	([_^A^A_]
0x62e60	0x180062e60	.text	ascii	UAWAVVWSH
0x6304f	0x18006304f	.text	ascii	X[_^A^A_]
0x63065	0x180063065	.text	ascii	UAWAVVWSH
0x63082	0x180063082	.text	ascii	([_^A^A_]
0x63184	0x180063184	.text	ascii	T$8H1
0x631a0	0x1800631a0	.text	ascii	L$8H1
0x631b0	0x1800631b0	.text	ascii	AWAVAUATVWUSH
0x63220	0x180063220	.text	ascii	5ffffff.
0x63273	0x180063273	.text	ascii	L$(L9
0x632e5	0x1800632e5	.text	ascii	8[]_^A\A]A^A_
0x63340	0x180063340	.text	ascii	AWAVAUATVWUSH
0x63354	0x180063354	.text	ascii	)t$pD
0x63372	0x180063372	.text	ascii	wW6G_H
0x6343d	0x18006343d	.text	ascii	L$(L9
0x6363e	0x18006363e	.text	ascii	H9D$8H
0x6364c	0x18006364c	.text	ascii	bazOzTH
0x63658	0x180063658	.text	ascii	P=)MH
0x636e7	0x1800636e7	.text	ascii	(t$pH
0x636f2	0x1800636f2	.text	ascii	[]_^A\A]A^A_
0x63710	0x180063710	.text	ascii	AWAVAUATVWUSH
0x63780	0x180063780	.text	ascii	5ffffff.
0x637d3	0x1800637d3	.text	ascii	L$(L9
0x63845	0x180063845	.text	ascii	8[]_^A\A]A^A_
0x63860	0x180063860	.text	ascii	AWAVAUATVWUSH
0x6398d	0x18006398d	.text	ascii	L$(L9
0x639d8	0x1800639d8	.text	ascii	QeOH9
0x63a3c	0x180063a3c	.text	ascii	L$8fD
0x63b23	0x180063b23	.text	ascii	ffff.
0x63b79	0x180063b79	.text	ascii	*q8H9
0x63bb8	0x180063bb8	.text	ascii	y!buhi
0x63e04	0x180063e04	.text	ascii	CMgUF
0x63fbc	0x180063fbc	.text	ascii	H;D$8t
0x64056	0x180064056	.text	ascii	H;D$8t
0x640ea	0x1800640ea	.text	ascii	L$8fD
0x641dc	0x1800641dc	.text	ascii	H;|$hH
0x6425c	0x18006425c	.text	ascii	X:[;H
0x64344	0x180064344	.text	ascii	Fm_NH;L$8|
0x643d3	0x1800643d3	.text	ascii	H;|$8t
0x64427	0x180064427	.text	ascii	YH;|$pr
0x64433	0x180064433	.text	ascii	;Du@>^H
0x6457e	0x18006457e	.text	ascii	L;L$8t
0x646cd	0x1800646cd	.text	ascii	H;|$8t
0x6483a	0x18006483a	.text	ascii	H;|$hH
0x6493b	0x18006493b	.text	ascii	X`:'NH
0x64a09	0x180064a09	.text	ascii	KP_A|g
0x64a9c	0x180064a9c	.text	ascii	H;|$pr
0x64b43	0x180064b43	.text	ascii	H;T$8t
0x64bf4	0x180064bf4	.text	ascii	.L;L$8t
0x64d74	0x180064d74	.text	ascii	[]_^A\A]A^A_
0x64db0	0x180064db0	.text	ascii	UAVVWSH
0x64f5d	0x180064f5d	.text	ascii	[_^A^]
0x64fa5	0x180064fa5	.text	ascii	UAVVWSH
0x64fd5	0x180064fd5	.text	ascii	0[_^A^]
0x64fe5	0x180064fe5	.text	ascii	UAVVWSH
0x65011	0x180065011	.text	ascii	0[_^A^]
0x65020	0x180065020	.text	ascii	UAVVWSH
0x650fe	0x1800650fe	.text	ascii	=J$#p
0x651fe	0x1800651fe	.text	ascii	`[_^A^]
0x65211	0x180065211	.text	ascii	ffffff.
0x65225	0x180065225	.text	ascii	UAVVWSH
0x65240	0x180065240	.text	ascii	 [_^A^]
0x65255	0x180065255	.text	ascii	UAVVWSH
0x65270	0x180065270	.text	ascii	 [_^A^]
0x65285	0x180065285	.text	ascii	UAVVWSH
0x652ae	0x1800652ae	.text	ascii	 [_^A^]
0x65360	0x180065360	.text	ascii	AWAVAUATVWUSH
0x65422	0x180065422	.text	ascii	fffff.
0x6544d	0x18006544d	.text	ascii	L$0H9
0x654c1	0x1800654c1	.text	ascii	ffffff.
0x65589	0x180065589	.text	ascii	H;L$Xw
0x655c3	0x1800655c3	.text	ascii	ffff.
0x65666	0x180065666	.text	ascii	H;L$Pw
0x656f0	0x1800656f0	.text	ascii	H;T$Xw
0x657a4	0x1800657a4	.text	ascii	V:RH;L$Pw
0x657b2	0x1800657b2	.text	ascii	j4e8[
0x659df	0x1800659df	.text	ascii	L$`H)
0x659ed	0x1800659ed	.text	ascii	(UH;L$pr
0x65aa9	0x180065aa9	.text	ascii	?H;T$Xw
0x65afa	0x180065afa	.text	ascii	L$`H)
0x65b09	0x180065b09	.text	ascii	GH;L$pr
0x65b4a	0x180065b4a	.text	ascii	L$`H)
0x65b5a	0x180065b5a	.text	ascii	H;L$pr
0x65c77	0x180065c77	.text	ascii	[]_^A\A]A^A_
0x65c90	0x180065c90	.text	ascii	UAWAVATVWSH
0x65d29	0x180065d29	.text	ascii	lP51H
0x65ddb	0x180065ddb	.text	ascii	H;M(v
0x65e0f	0x180065e0f	.text	ascii	H;M(v
0x65ec1	0x180065ec1	.text	ascii	H;Ehv
0x65f51	0x180065f51	.text	ascii	H;Ehv
0x65fac	0x180065fac	.text	ascii	H;Ehv
0x66023	0x180066023	.text	ascii	H;Ehv
0x660bc	0x1800660bc	.text	ascii	H;Ehv
0x66101	0x180066101	.text	ascii	H;Uhv
0x66129	0x180066129	.text	ascii	H;Ehw
0x6613c	0x18006613c	.text	ascii	H;Ehv
0x66176	0x180066176	.text	ascii	H;Uhv
0x661a4	0x1800661a4	.text	ascii	H;Ehv1H
0x661b5	0x1800661b5	.text	ascii	H;U v
0x661df	0x1800661df	.text	ascii	H;EhH
0x661e5	0x1800661e5	.text	ascii	u`v1H
0x661f4	0x1800661f4	.text	ascii	H;U v
0x66224	0x180066224	.text	ascii	[_^A\A^A_]
0x66255	0x180066255	.text	ascii	UAWAVATVWSH
0x66277	0x180066277	.text	ascii	0[_^A\A^A_]
0x66283	0x180066283	.text	ascii	ffff.
0x66295	0x180066295	.text	ascii	UAWAVATVWSH
0x662b7	0x1800662b7	.text	ascii	0[_^A\A^A_]
0x662c3	0x1800662c3	.text	ascii	ffff.
0x662d5	0x1800662d5	.text	ascii	UAWAVATVWSH
0x662f7	0x1800662f7	.text	ascii	0[_^A\A^A_]
0x66340	0x180066340	.text	ascii	AWAVAUATVWUSH
0x6642d	0x18006642d	.text	ascii	L$(L9
0x664d3	0x1800664d3	.text	ascii	ffff.
0x66611	0x180066611	.text	ascii	ffffff.
0x667fc	0x1800667fc	.text	ascii	V{s3pH
0x66844	0x180066844	.text	ascii	H;T$8v
0x66855	0x180066855	.text	ascii	L$xH;D$pH
0x66941	0x180066941	.text	ascii	H;L$8v
0x669a1	0x1800669a1	.text	ascii	H;D$8H
0x669b6	0x1800669b6	.text	ascii	;Z&wH
0x669f1	0x1800669f1	.text	ascii	H9D$@H
0x66a91	0x180066a91	.text	ascii	[]_^A\A]A^A_
0x66ad0	0x180066ad0	.text	ascii	UAWAVATVWSH
0x66d20	0x180066d20	.text	ascii	[_^A\A^A_]
0x66d55	0x180066d55	.text	ascii	UAWAVATVWSH
0x66d77	0x180066d77	.text	ascii	0[_^A\A^A_]
0x66d83	0x180066d83	.text	ascii	ffff.
0x66d95	0x180066d95	.text	ascii	UAWAVATVWSH
0x66db7	0x180066db7	.text	ascii	0[_^A\A^A_]
0x66dd0	0x180066dd0	.text	ascii	AWAVAUATVWUSH
0x66e80	0x180066e80	.text	ascii	D$hH;D$XH
0x66efd	0x180066efd	.text	ascii	L$0H9
0x66f72	0x180066f72	.text	ascii	D$@H;
0x66f89	0x180066f89	.text	ascii	iW7{P
0x670f4	0x1800670f4	.text	ascii	D$PH;
0x671b6	0x1800671b6	.text	ascii	H;D$XH
0x6725b	0x18006725b	.text	ascii	%@oH9
0x6726e	0x18006726e	.text	ascii	F2tH9
0x67292	0x180067292	.text	ascii	H3T$HH9
0x673ab	0x1800673ab	.text	ascii	L$HH)
0x6747f	0x18006747f	.text	ascii	D$hH;
0x67499	0x180067499	.text	ascii	x']rdH
0x6753e	0x18006753e	.text	ascii	H9D$hH
0x6767c	0x18006767c	.text	ascii	[]_^A\A]A^A_
0x676a0	0x1800676a0	.text	ascii	AWAVAUATVWUSH
0x67710	0x180067710	.text	ascii	5ffffff.
0x67763	0x180067763	.text	ascii	L$(L9
0x677e8	0x1800677e8	.text	ascii	8[]_^A\A]A^A_
0x67800	0x180067800	.text	ascii	AWAVAUATVWUSH
0x67870	0x180067870	.text	ascii	5ffffff.
0x678c3	0x1800678c3	.text	ascii	L$(L9
0x67948	0x180067948	.text	ascii	8[]_^A\A]A^A_
0x67960	0x180067960	.text	ascii	UAWAVATVWSH
0x67aff	0x180067aff	.text	ascii	`[_^A\A^A_]
0x67b35	0x180067b35	.text	ascii	UAWAVATVWSH
0x67b54	0x180067b54	.text	ascii	0[_^A\A^A_]
0x67bb0	0x180067bb0	.text	ascii	AWAVAUATVWUSH
0x67c7d	0x180067c7d	.text	ascii	L$8L9
0x67cb9	0x180067cb9	.text	ascii	H;L$Hv
0x67d26	0x180067d26	.text	ascii	T$pH)
0x67d76	0x180067d76	.text	ascii	H;D$H
0x67e54	0x180067e54	.text	ascii	x[]_^A\A]A^A_
0x67e8b	0x180067e8b	.text	ascii	)D$ H
0x67ea5	0x180067ea5	.text	ascii	D$8H1
0x67ec2	0x180067ec2	.text	ascii	L$8H1
0x67ed0	0x180067ed0	.text	ascii	AWAVAUATVWUSH
0x67f93	0x180067f93	.text	ascii	D$HH;D$@H
0x67fed	0x180067fed	.text	ascii	L$0L9
0x68048	0x180068048	.text	ascii	=RhD@
0x680dc	0x1800680dc	.text	ascii	H;L$@
0x68282	0x180068282	.text	ascii	[]_^A\A]A^A_
0x682e0	0x1800682e0	.text	ascii	AWAVAUATVWUSH
0x68383	0x180068383	.text	ascii	D$8f.
0x683ad	0x1800683ad	.text	ascii	L$8L9
0x683d8	0x1800683d8	.text	ascii	}qkH9
0x683ea	0x1800683ea	.text	ascii	dn*pH9
0x68419	0x180068419	.text	ascii	#Xck,
0x684e2	0x1800684e2	.text	ascii	fffff.
0x6851d	0x18006851d	.text	ascii	A7YH9
0x68566	0x180068566	.text	ascii	H;D$`H
0x68730	0x180068730	.text	ascii	D$XH;
0x6878a	0x18006878a	.text	ascii	(#2'H9
0x68799	0x180068799	.text	ascii	D$pH;
0x68813	0x180068813	.text	ascii	D$pH;D$`H
0x68888	0x180068888	.text	ascii	H9D$pH
0x68903	0x180068903	.text	ascii	D$HH;
0x68957	0x180068957	.text	ascii	H3T$PH9
0x68ac4	0x180068ac4	.text	ascii	L$PH)
0x68b6f	0x180068b6f	.text	ascii	[]_^A\A]A^A_
0x68bb0	0x180068bb0	.text	ascii	AWAVAUATVWUSH
0x68c20	0x180068c20	.text	ascii	Pffffff.
0x68c8e	0x180068c8e	.text	ascii	L$(L9
0x68ca1	0x180068ca1	.text	ascii	Jfffff.
0x68cf2	0x180068cf2	.text	ascii	8[]_^A\A]A^A_
0x68d00	0x180068d00	.text	ascii	AWAVAUATVWUSH
0x68da0	0x180068da0	.text	ascii	H9L$PH
0x68e31	0x180068e31	.text	ascii	(]mx&I9
0x68f30	0x180068f30	.text	ascii	|$,/H
0x68f9c	0x180068f9c	.text	ascii	Z#ZI9
0x690a5	0x1800690a5	.text	ascii	|$$/H
0x69127	0x180069127	.text	ascii	|$,\H
0x6929a	0x18006929a	.text	ascii	|$"\H
0x692d5	0x1800692d5	.text	ascii	=':I9
0x69309	0x180069309	.text	ascii	|$*/H
0x6932f	0x18006932f	.text	ascii	vrIIY
0x69444	0x180069444	.text	ascii	|$*\H
0x694a1	0x1800694a1	.text	ascii	#9GI9
0x694f7	0x1800694f7	.text	ascii	/pU3Y
0x6950a	0x18006950a	.text	ascii	|$(\H
0x69579	0x180069579	.text	ascii	|$(/H
0x695fc	0x1800695fc	.text	ascii	o3YeH
0x69631	0x180069631	.text	ascii	|$$\H
0x6969c	0x18006969c	.text	ascii	iMF5@
0x696c7	0x1800696c7	.text	ascii	RfjI9
0x6973b	0x18006973b	.text	ascii	|$&\H
0x6974e	0x18006974e	.text	ascii	(p~=pH
0x69774	0x180069774	.text	ascii	(]mx&I9
0x697c7	0x1800697c7	.text	ascii	=':I9
0x697fa	0x1800697fa	.text	ascii	H9L$PH
0x698f5	0x1800698f5	.text	ascii	|$"\H
0x6993e	0x18006993e	.text	ascii	0m]f4
0x69982	0x180069982	.text	ascii	NFWETQ
0x699de	0x1800699de	.text	ascii	|$*\H
0x69a64	0x180069a64	.text	ascii	f9t$.u
0x69ac4	0x180069ac4	.text	ascii	|$"/H
0x69b59	0x180069b59	.text	ascii	H9L$pH
0x69bbb	0x180069bbb	.text	ascii	|$,\H
0x69c4f	0x180069c4f	.text	ascii	|$&/H
0x69d1f	0x180069d1f	.text	ascii	|$&\H
0x69e23	0x180069e23	.text	ascii	|$(\H
0x69f36	0x180069f36	.text	ascii	|$LfD
0x69f7c	0x180069f7c	.text	ascii	9L$LH
0x6a03b	0x18006a03b	.text	ascii	|$$\H
0x6a08a	0x18006a08a	.text	ascii	x[]_^A\A]A^A_
0x6a0a0	0x18006a0a0	.text	ascii	AWAVAUATVWUSH
0x6a15d	0x18006a15d	.text	ascii	L$(L9
0x6a1c3	0x18006a1c3	.text	ascii	H;T$Pt
0x6a2a2	0x18006a2a2	.text	ascii	]!rnH9
0x6a2c9	0x18006a2c9	.text	ascii	L$XH)
0x6a301	0x18006a301	.text	ascii	ffffff.
0x6a3cf	0x18006a3cf	.text	ascii	H9L$hr
0x6a412	0x18006a412	.text	ascii	t)ezH9
0x6a4bb	0x18006a4bb	.text	ascii	L_yH;L$Xw
0x6a552	0x18006a552	.text	ascii	G=vg`H9
0x6a576	0x18006a576	.text	ascii	l~cH9
0x6a66d	0x18006a66d	.text	ascii	L$XH)
0x6a797	0x18006a797	.text	ascii	H9L$hw
0x6a7f8	0x18006a7f8	.text	ascii	]H;L$P|
0x6a934	0x18006a934	.text	ascii	[]_^A\A]A^A_
0x6a970	0x18006a970	.text	ascii	AWAVAUATVWUSH
0x6aa42	0x18006aa42	.text	ascii	D$8ff.
0x6aa6d	0x18006aa6d	.text	ascii	L$8L9
0x6ac1b	0x18006ac1b	.text	ascii	L$PH)
0x6ac8d	0x18006ac8d	.text	ascii	+<hH9
0x6acad	0x18006acad	.text	ascii	H9D$pH
0x6ad2b	0x18006ad2b	.text	ascii	D$pH;
0x6ae57	0x18006ae57	.text	ascii	DWn7H
0x6aeb0	0x18006aeb0	.text	ascii	D$HH;
0x6af17	0x18006af17	.text	ascii	H3T$PH9
0x6afc5	0x18006afc5	.text	ascii	H;D$`H
0x6b04c	0x18006b04c	.text	ascii	D$XH;
0x6b0cb	0x18006b0cb	.text	ascii	D$pH;D$`H
0x6b187	0x18006b187	.text	ascii	UQ=H9
0x6b1f5	0x18006b1f5	.text	ascii	[]_^A\A]A^A_
0x6b210	0x18006b210	.text	ascii	UAWAVVWSH
0x6b5cf	0x18006b5cf	.text	ascii	[_^A^A_]
0x6b615	0x18006b615	.text	ascii	UAWAVVWSH
0x6b63e	0x18006b63e	.text	ascii	([_^A^A_]
0x6b655	0x18006b655	.text	ascii	UAWAVVWSH
0x6b67f	0x18006b67f	.text	ascii	([_^A^A_]
0x6b695	0x18006b695	.text	ascii	UAWAVVWSH
0x6b6b5	0x18006b6b5	.text	ascii	([_^A^A_]
0x6b6c0	0x18006b6c0	.text	ascii	AWAVAUATVWUSH
0x6b79d	0x18006b79d	.text	ascii	L$(L9
0x6b7ca	0x18006b7ca	.text	ascii	;D$<H
0x6b84b	0x18006b84b	.text	ascii	;L$<H
0x6b896	0x18006b896	.text	ascii	H[]_^A\A]A^A_
0x6b8b0	0x18006b8b0	.text	ascii	AWAVAUATVWUSH
0x6b96d	0x18006b96d	.text	ascii	L$0H9
0x6bad0	0x18006bad0	.text	ascii	H;L$@w
0x6bb8a	0x18006bb8a	.text	ascii	rIu#H
0x6bb9e	0x18006bb9e	.text	ascii	wqPLH9
0x6bc0f	0x18006bc0f	.text	ascii	[]_^A\A]A^A_
0x6bc20	0x18006bc20	.text	ascii	UAWAVAUATVWSH
0x6bcfd	0x18006bcfd	.text	ascii	H;E v
0x6be84	0x18006be84	.text	ascii	H;E v
0x6bf1b	0x18006bf1b	.text	ascii	H;E v0H
0x6bf26	0x18006bf26	.text	ascii	.uZ#}(
0x6bf87	0x18006bf87	.text	ascii	L;M vsL
0x6c007	0x18006c007	.text	ascii	[_^A\A]A^A_]
0x6c01a	0x18006c01a	.text	ascii	L;M v
0x6c055	0x18006c055	.text	ascii	UAWAVAUATVWSH
0x6c079	0x18006c079	.text	ascii	([_^A\A]A^A_]
0x6c090	0x18006c090	.text	ascii	UAWAVVWSH
0x6c19b	0x18006c19b	.text	ascii	_0O<H
0x6c2c1	0x18006c2c1	.text	ascii	[_^A^A_]
0x6c315	0x18006c315	.text	ascii	UAWAVVWSH
0x6c335	0x18006c335	.text	ascii	([_^A^A_]
0x6c340	0x18006c340	.text	ascii	AWAVAUATVWUSH
0x6c3ed	0x18006c3ed	.text	ascii	L$(H9
0x6c436	0x18006c436	.text	ascii	4p@VH
0x6c470	0x18006c470	.text	ascii	H;L$8w
0x6c630	0x18006c630	.text	ascii	hDJi-
0x6c64a	0x18006c64a	.text	ascii	Q(VH9
0x6c6aa	0x18006c6aa	.text	ascii	[]_^A\A]A^A_
0x6c6f0	0x18006c6f0	.text	ascii	UVWSH
0x6c78c	0x18006c78c	.text	ascii	K8L;M
0x6c88c	0x18006c88c	.text	ascii	X[_^]
0x6c8c5	0x18006c8c5	.text	ascii	UVWSH
0x6c8ea	0x18006c8ea	.text	ascii	([_^]
0x6c8f0	0x18006c8f0	.text	ascii	UAWAVATVWSH
0x6cc21	0x18006cc21	.text	ascii	[_^A\A^A_]
0x6cc75	0x18006cc75	.text	ascii	UAWAVATVWSH
0x6cc95	0x18006cc95	.text	ascii	UAWAVATVWSH
0x6ccb7	0x18006ccb7	.text	ascii	0[_^A\A^A_]
0x6ccd0	0x18006ccd0	.text	ascii	AWAVAUATVWUSH
0x6cd7d	0x18006cd7d	.text	ascii	L$(H9
0x6ce43	0x18006ce43	.text	ascii	ffff.
0x6cf88	0x18006cf88	.text	ascii	CH;L$8w
0x6d02f	0x18006d02f	.text	ascii	[]_^A\A]A^A_
0x6d040	0x18006d040	.text	ascii	AWAVAUATVWUSH
0x6d0b0	0x18006d0b0	.text	ascii	5ffffff.
0x6d103	0x18006d103	.text	ascii	L$(L9
0x6d175	0x18006d175	.text	ascii	8[]_^A\A]A^A_
0x6d190	0x18006d190	.text	ascii	AWAVAUATVWUSH
0x6d27d	0x18006d27d	.text	ascii	L$ L9
0x6d328	0x18006d328	.text	ascii	+'n_H9
0x6d5f0	0x18006d5f0	.text	ascii	|$<5H
0x6d6eb	0x18006d6eb	.text	ascii	D$l#D$T;D$8
0x6d76c	0x18006d76c	.text	ascii	+'n_H9
0x6d78d	0x18006d78d	.text	ascii	|$<@H
0x6d7b0	0x18006d7b0	.text	ascii	?RRX?&H
0x6d7e7	0x18006d7e7	.text	ascii	|$<@H
0x6d853	0x18006d853	.text	ascii	D$h#D$T;D$8
0x6d8e8	0x18006d8e8	.text	ascii	D$l#D$`;D$8
0x6d905	0x18006d905	.text	ascii	L$l#L$dH
0x6d916	0x18006d916	.text	ascii	;L$8t
0x6d940	0x18006d940	.text	ascii	D$|#D$@
0x6d9da	0x18006d9da	.text	ascii	|$<{H
0x6db2b	0x18006db2b	.text	ascii	|$<{H
0x6db5a	0x18006db5a	.text	ascii	|$<5H
0x6db6c	0x18006db6c	.text	ascii	11sT[
0x6dbd9	0x18006dbd9	.text	ascii	D$h#D$`;D$8
0x6dbf6	0x18006dbf6	.text	ascii	L$h#L$dH
0x6dc07	0x18006dc07	.text	ascii	;L$8t
0x6dc88	0x18006dc88	.text	ascii	;D$8t
0x6dd0c	0x18006dd0c	.text	ascii	[]_^A\A]A^A_
0x6dd30	0x18006dd30	.text	ascii	AWAVAUATVWUSH
0x6ddbe	0x18006ddbe	.text	ascii	o&Z5E
0x6ddd3	0x18006ddd3	.text	ascii	|$f/H
0x6ded1	0x18006ded1	.text	ascii	|$f\H
0x6df01	0x18006df01	.text	ascii	ffffff.
0x6df78	0x18006df78	.text	ascii	|$X\H
0x6e007	0x18006e007	.text	ascii	IvHf,
0x6e01b	0x18006e01b	.text	ascii	yp1RsG
0x6e02d	0x18006e02d	.text	ascii	|$0/H
0x6e061	0x18006e061	.text	ascii	ffffff.
0x6e0f7	0x18006e0f7	.text	ascii	D$vf;D$nH
0x6e192	0x18006e192	.text	ascii	eUS|-
0x6e1c1	0x18006e1c1	.text	ascii	Jxsf+]H
0x6e360	0x18006e360	.text	ascii	_y$H9
0x6e3dd	0x18006e3dd	.text	ascii	a}G#Z
0x6e472	0x18006e472	.text	ascii	|$`\H
0x6e6f8	0x18006e6f8	.text	ascii	|$b/H
0x6e71b	0x18006e71b	.text	ascii	q<cn.).
0x6e732	0x18006e732	.text	ascii	[}FQH9
0x6e824	0x18006e824	.text	ascii	o&Z5E
0x6e8ba	0x18006e8ba	.text	ascii	wW3H9
0x6e93b	0x18006e93b	.text	ascii	=r4KH
0x6e996	0x18006e996	.text	ascii	|$P\H
0x6eaa4	0x18006eaa4	.text	ascii	|$R\H
0x6eaae	0x18006eaae	.text	ascii	=nI*H
0x6ec1e	0x18006ec1e	.text	ascii	|$^\H
0x6ed16	0x18006ed16	.text	ascii	|$Z\H
0x6ed98	0x18006ed98	.text	ascii	|$d\H
0x6edf5	0x18006edf5	.text	ascii	oc|H9
0x6ee08	0x18006ee08	.text	ascii	*5~H9
0x6ef20	0x18006ef20	.text	ascii	D$r3D$|
0x6ef44	0x18006ef44	.text	ascii	|$ f;
0x6f047	0x18006f047	.text	ascii	|$`\H
0x6f0a6	0x18006f0a6	.text	ascii	/#,b7H9
0x6f0c9	0x18006f0c9	.text	ascii	|$h\H
0x6f200	0x18006f200	.text	ascii	|$R/H
0x6f258	0x18006f258	.text	ascii	|$\\H
0x6f2d3	0x18006f2d3	.text	ascii	L$0f;L$l@
0x6f2df	0x18006f2df	.text	ascii	f;L$p
0x6f2f5	0x18006f2f5	.text	ascii	f;D$l@
0x6f2fe	0x18006f2fe	.text	ascii	f;D$p
0x6f3f8	0x18006f3f8	.text	ascii	|$Z\H
0x6f454	0x18006f454	.text	ascii	|$\\H
0x6f5b4	0x18006f5b4	.text	ascii	|$\/H
0x6f61d	0x18006f61d	.text	ascii	|$0\H
0x6f6bd	0x18006f6bd	.text	ascii	|$Z/H
0x6f719	0x18006f719	.text	ascii	|$X/H
0x6f775	0x18006f775	.text	ascii	|$^\H
0x6f860	0x18006f860	.text	ascii	|$b\H
0x6f8bc	0x18006f8bc	.text	ascii	|$h\H
0x6f9f8	0x18006f9f8	.text	ascii	[}FQH9
0x6fa0c	0x18006fa0c	.text	ascii	lcQH9
0x6fa1a	0x18006fa1a	.text	ascii	|$0\H
0x6fb55	0x18006fb55	.text	ascii	_y$H9
0x6fca4	0x18006fca4	.text	ascii	wW3H9
0x6fcc5	0x18006fcc5	.text	ascii	|$T\H
0x6fd21	0x18006fd21	.text	ascii	D$tf;D$nH
0x6fd5d	0x18006fd5d	.text	ascii	|$.?H
0x6ff7a	0x18006ff7a	.text	ascii	|$X\H
0x6ff8e	0x18006ff8e	.text	ascii	K5)}H
0x7012d	0x18007012d	.text	ascii	|$V\H
0x70229	0x180070229	.text	ascii	|$P/H
0x70312	0x180070312	.text	ascii	t$ f;
0x70440	0x180070440	.text	ascii	|$f\H
0x7052d	0x18007052d	.text	ascii	~D]yH
0x706ce	0x1800706ce	.text	ascii	|$2.H
0x70711	0x180070711	.text	ascii	|$T/H
0x70784	0x180070784	.text	ascii	t$jfA9
0x70801	0x180070801	.text	ascii	o&Z5E
0x7083e	0x18007083e	.text	ascii	|$..H
0x70870	0x180070870	.text	ascii	|$P\H
0x7096a	0x18007096a	.text	ascii	|$^/H
0x70973	0x180070973	.text	ascii	dSf=UH
0x709d6	0x1800709d6	.text	ascii	|$R\H
0x70b0f	0x180070b0f	.text	ascii	|$N\H
0x70bd3	0x180070bd3	.text	ascii	|$h/H
0x70c09	0x180070c09	.text	ascii	|$N\H
0x70c3f	0x180070c3f	.text	ascii	|$d/H
0x70c52	0x180070c52	.text	ascii	NzW^"H
0x70cf2	0x180070cf2	.text	ascii	|$2?H
0x70d3c	0x180070d3c	.text	ascii	]O~cH
0x70f9c	0x180070f9c	.text	ascii	|$N/H
0x70fd4	0x180070fd4	.text	ascii	Vd*eJEH
0x7102a	0x18007102a	.text	ascii	|$V/H
0x71060	0x180071060	.text	ascii	|$T\H
0x7125f	0x18007125f	.text	ascii	t$jfA9
0x7130c	0x18007130c	.text	ascii	=uF.H
0x7132b	0x18007132b	.text	ascii	|$`/H
0x71489	0x180071489	.text	ascii	|$.?H
0x7153a	0x18007153a	.text	ascii	>KLBH
0x715bc	0x1800715bc	.text	ascii	|$V\H
0x715f2	0x1800715f2	.text	ascii	|$d\H
0x716da	0x1800716da	.text	ascii	|$b\H
0x71710	0x180071710	.text	ascii	|$2?H
0x717c3	0x1800717c3	.text	ascii	[]_^A\A]A^A_
0x717d0	0x1800717d0	.text	ascii	AWAVAUATVWUSH
0x718bd	0x1800718bd	.text	ascii	L$(L9
0x71a4d	0x180071a4d	.text	ascii	VR9H9
0x71a9a	0x180071a9a	.text	ascii	gKb8~4_
0x71c91	0x180071c91	.text	ascii	L$HH)
0x71cb8	0x180071cb8	.text	ascii	oYH;T$Hw
0x71d13	0x180071d13	.text	ascii	kYH9L$@w
0x71d60	0x180071d60	.text	ascii	@H;L$Ht
0x7205b	0x18007205b	.text	ascii	H;T$8t
0x7211a	0x18007211a	.text	ascii	[]_^A\A]A^A_
0x72130	0x180072130	.text	ascii	AWAVAUATVWUSH
0x721fd	0x1800721fd	.text	ascii	L$(L9
0x722fa	0x1800722fa	.text	ascii	H;L$h
0x723c1	0x1800723c1	.text	ascii	ffffff.
0x725e6	0x1800725e6	.text	ascii	H;L$Pw
0x7268d	0x18007268d	.text	ascii	H;L$Pw
0x7271d	0x18007271d	.text	ascii	L$XH)
0x7272d	0x18007272d	.text	ascii	H;L$`r
0x7276d	0x18007276d	.text	ascii	L$XH)
0x7277d	0x18007277d	.text	ascii	H;L$`r
0x72875	0x180072875	.text	ascii	[]_^A\A]A^A_
0x728a0	0x1800728a0	.text	ascii	AWAVAUATVWUSH
0x7298d	0x18007298d	.text	ascii	L$0H9
0x72a00	0x180072a00	.text	ascii	H;L$Xw
0x72aa4	0x180072aa4	.text	ascii	H;L$pw
0x72af3	0x180072af3	.text	ascii	YOcH9
0x72c27	0x180072c27	.text	ascii	L$`H)
0x72c34	0x180072c34	.text	ascii	bOsH;L$hr
0x72d3e	0x180072d3e	.text	ascii	mrc%H
0x72dfc	0x180072dfc	.text	ascii	H;T$Xw
0x72e4c	0x180072e4c	.text	ascii	L$`H)
0x72e5b	0x180072e5b	.text	ascii	RH;L$hr
0x72e98	0x180072e98	.text	ascii	%eVi{
0x72f3c	0x180072f3c	.text	ascii	Nc8(Q
0x72fae	0x180072fae	.text	ascii	[]_^A\A]A^A_
0x72fc0	0x180072fc0	.text	ascii	UAWAVATVWSH
0x7315f	0x18007315f	.text	ascii	`[_^A\A^A_]
0x73195	0x180073195	.text	ascii	UAWAVATVWSH
0x731b4	0x1800731b4	.text	ascii	0[_^A\A^A_]
0x731c0	0x1800731c0	.text	ascii	UAVVWSH
0x73254	0x180073254	.text	ascii	H;Eh}
0x73355	0x180073355	.text	ascii	UAVVWSH
0x733d8	0x1800733d8	.text	ascii	0[_^A^]
0x73410	0x180073410	.text	ascii	UAWAVAUATVWSH
0x7362e	0x18007362e	.text	ascii	[_^A\A]A^A_]
0x73655	0x180073655	.text	ascii	UAWAVAUATVWSH
0x7366d	0x18007366d	.text	ascii	)t$ H
0x7369b	0x18007369b	.text	ascii	(t$ H
0x736a2	0x1800736a2	.text	ascii	8[_^A\A]A^A_]
0x736b0	0x1800736b0	.text	ascii	AWAVAUATVWUSH
0x7378d	0x18007378d	.text	ascii	L$(L9
0x73821	0x180073821	.text	ascii	ffffff.
0x738a2	0x1800738a2	.text	ascii	fffff.
0x739c0	0x1800739c0	.text	ascii	H;D$XH
0x73a09	0x180073a09	.text	ascii	H;T$PH
0x73ad4	0x180073ad4	.text	ascii	]WC!H
0x73af4	0x180073af4	.text	ascii	Fe,24]
0x73b34	0x180073b34	.text	ascii	H;D$PH
0x73c9f	0x180073c9f	.text	ascii	[]_^A\A]A^A_
0x73cc0	0x180073cc0	.text	ascii	AWAVAUATVWUSH
0x73ddd	0x180073ddd	.text	ascii	L$8L9
0x73ef8	0x180073ef8	.text	ascii	H;L$pw
0x73f32	0x180073f32	.text	ascii	fffff.
0x73f46	0x180073f46	.text	ascii	8x"^H9
0x73fe2	0x180073fe2	.text	ascii	fffff.
0x7405e	0x18007405e	.text	ascii	QH;L$pw
0x7412c	0x18007412c	.text	ascii	H;L$Pw
0x7425e	0x18007425e	.text	ascii	~N=H9
0x742a2	0x1800742a2	.text	ascii	}H;T$Pw
0x74307	0x180074307	.text	ascii	H;D$hH
0x74435	0x180074435	.text	ascii	D-}iH
0x74458	0x180074458	.text	ascii	8x"^H9
0x74490	0x180074490	.text	ascii	F,XZ[dIH
0x745a9	0x1800745a9	.text	ascii	D$LH;|$hH
0x746a0	0x1800746a0	.text	ascii	H;L$pw
0x746bc	0x1800746bc	.text	ascii	/0 ^H
0x74707	0x180074707	.text	ascii	H;L$pw
0x7480d	0x18007480d	.text	ascii	|=F"H;L$ht
0x748d4	0x1800748d4	.text	ascii	H;L$Pw
0x748ec	0x1800748ec	.text	ascii	nddvS
0x74963	0x180074963	.text	ascii	H;L$Pw
0x749bf	0x1800749bf	.text	ascii	_xg%H
0x74bb1	0x180074bb1	.text	ascii	H;D$Pv
0x74beb	0x180074beb	.text	ascii	;D$LA
0x74c37	0x180074c37	.text	ascii	H;D$Pv
0x74c71	0x180074c71	.text	ascii	;D$LA
0x74d33	0x180074d33	.text	ascii	H;D$Pv
0x74d63	0x180074d63	.text	ascii	H;D$Pv
0x74d98	0x180074d98	.text	ascii	;D$LA
0x74ded	0x180074ded	.text	ascii	[]_^A\A]A^A_
0x74e20	0x180074e20	.text	ascii	UAWAVAUATVWSH
0x74e45	0x180074e45	.text	ascii	>]Y8!z
0x74fb6	0x180074fb6	.text	ascii	x[_^A\A]A^A_]
0x74ff5	0x180074ff5	.text	ascii	UAWAVAUATVWSH
0x75016	0x180075016	.text	ascii	([_^A\A]A^A_]
0x75030	0x180075030	.text	ascii	AWAVAUATVWUSH
0x750e3	0x1800750e3	.text	ascii	ffff.
0x75117	0x180075117	.text	ascii	L$ L9
0x75132	0x180075132	.text	ascii	%+^2H9
0x7517f	0x18007517f	.text	ascii	 Y H9
0x751c6	0x1800751c6	.text	ascii	H9|$8
0x75363	0x180075363	.text	ascii	ffff.
0x754d4	0x1800754d4	.text	ascii	tE'N9H9
0x754e7	0x1800754e7	.text	ascii	tE'N9H9
0x754fc	0x1800754fc	.text	ascii	-b=H9
0x755a8	0x1800755a8	.text	ascii	7}uH9
0x75880	0x180075880	.text	ascii	zuFH9
0x758e1	0x1800758e1	.text	ascii	%+^2H9
0x758f5	0x1800758f5	.text	ascii	Fg2H9
0x75910	0x180075910	.text	ascii	H9D$@t
0x7592b	0x18007592b	.text	ascii	H;D$8t
0x75bbb	0x180075bbb	.text	ascii	;H;L$8t
0x75dcb	0x180075dcb	.text	ascii	[~H;L$Pt
0x75f11	0x180075f11	.text	ascii	9H9T$@t
0x75f1f	0x180075f1f	.text	ascii	mH|>H
0x75f7c	0x180075f7c	.text	ascii	yz>JdmJH;
0x7608e	0x18007608e	.text	ascii	L;D$Hv
0x760b0	0x1800760b0	.text	ascii	L;T$Hv
0x761d7	0x1800761d7	.text	ascii	H;L$HH
0x76207	0x180076207	.text	ascii	I8H;L$HH
0x762c0	0x1800762c0	.text	ascii	H;L$Hv
0x762f0	0x1800762f0	.text	ascii	H;L$HH
0x76437	0x180076437	.text	ascii	L;D$Hv
0x76459	0x180076459	.text	ascii	L;T$Hv
0x76635	0x180076635	.text	ascii	[]_^A\A]A^A_
0x76660	0x180076660	.text	ascii	AWAVAUATVWUSH
0x7674d	0x18007674d	.text	ascii	L$0H9
0x7678b	0x18007678b	.text	ascii	jBW{r
0x7683c	0x18007683c	.text	ascii	L$pH1
0x76844	0x180076844	.text	ascii	T$XH!
0x7684a	0x18007684a	.text	ascii	H3T$PH
0x76b71	0x180076b71	.text	ascii	-!H;L$Hw
0x76bd0	0x180076bd0	.text	ascii	8H;L$H
0x76cc7	0x180076cc7	.text	ascii	$H;L$Hw
0x76d0e	0x180076d0e	.text	ascii	|jUcOpH
0x76f8a	0x180076f8a	.text	ascii	XH;D$p|
0x76fee	0x180076fee	.text	ascii	H;D$Hv
0x7701c	0x18007701c	.text	ascii	;D$DA
0x770c2	0x1800770c2	.text	ascii	+1"7A
0x7710e	0x18007710e	.text	ascii	[]_^A\A]A^A_
0x77120	0x180077120	.text	ascii	AWAVAUATVWUSH
0x771ef	0x1800771ef	.text	ascii	8(ffffff.
0x7721d	0x18007721d	.text	ascii	L$0L9
0x772f3	0x1800772f3	.text	ascii	ffff.
0x774d0	0x1800774d0	.text	ascii	H;L$Hw
0x777ed	0x1800777ed	.text	ascii	IH;L$Xt
0x778ed	0x1800778ed	.text	ascii	l@)H;
0x7793d	0x18007793d	.text	ascii	S~aH;
0x77a26	0x180077a26	.text	ascii	H;L$Hw
0x77a85	0x180077a85	.text	ascii	6MnCVH9
0x77b0f	0x180077b0f	.text	ascii	T$XL;D$Hv
0x77b50	0x180077b50	.text	ascii	L;D$Hv
0x77b7e	0x180077b7e	.text	ascii	;D$DA
0x77bb4	0x180077bb4	.text	ascii	[]_^A\A]A^A_
0x77dc0	0x180077dc0	.text	ascii	AWAVAUATVWUSH
0x77ed9	0x180077ed9	.text	ascii	L$ H9
0x77f92	0x180077f92	.text	ascii	d$@I)
0x77fb0	0x180077fb0	.text	ascii	L$@H)
0x78030	0x180078030	.text	ascii	X[]_^A\A]A^A_
0x78040	0x180078040	.text	ascii	AWAVAUATVWUSH
0x780f3	0x1800780f3	.text	ascii	JF)f.
0x7811d	0x18007811d	.text	ascii	L$0L9
0x78134	0x180078134	.text	ascii	o}}rS
0x78177	0x180078177	.text	ascii	H;L$Hv
0x78184	0x180078184	.text	ascii	H;D$Hv
0x7818d	0x18007818d	.text	ascii	L$hM9
0x781ae	0x1800781ae	.text	ascii	;D$TA
0x782c7	0x1800782c7	.text	ascii	JF)H9
0x783b4	0x1800783b4	.text	ascii	,y\%M
0x7840e	0x18007840e	.text	ascii	H;D$Hw
0x78423	0x180078423	.text	ascii	H;D$Hv
0x7844b	0x18007844b	.text	ascii	;D$DA
0x78501	0x180078501	.text	ascii	ffffff.
0x7856e	0x18007856e	.text	ascii	H;D$Hv
0x78592	0x180078592	.text	ascii	L;l$HL
0x785c0	0x1800785c0	.text	ascii	;D$TA
0x7860d	0x18007860d	.text	ascii	[]_^A\A]A^A_
0x78630	0x180078630	.text	ascii	AWAVAUATVWUSH
0x78691	0x180078691	.text	ascii	.z>90
0x786f2	0x1800786f2	.text	ascii	D$0ff.
0x7871d	0x18007871d	.text	ascii	L$0H9
0x78795	0x180078795	.text	ascii	H;L$Xw
0x78834	0x180078834	.text	ascii	H;L$pw
0x7894c	0x18007894c	.text	ascii	#{0*H
0x78961	0x180078961	.text	ascii	9NkM@s
0x78a0e	0x180078a0e	.text	ascii	.z>90
0x78abd	0x180078abd	.text	ascii	1mI=nb
0x78b57	0x180078b57	.text	ascii	L$`H)
0x78b5f	0x180078b5f	.text	ascii	3|ru8>
0x78b66	0x180078b66	.text	ascii	wH;L$hr
0x78ba7	0x180078ba7	.text	ascii	L$`H)
0x78bb5	0x180078bb5	.text	ascii	O`H;L$hr
0x78ca4	0x180078ca4	.text	ascii	H;L$Xw
0x78cbc	0x180078cbc	.text	ascii	;>R|*!
0x78d45	0x180078d45	.text	ascii	[]_^A\A]A^A_
0x78e80	0x180078e80	.text	ascii	AWAVAUATVWUSH
0x78f6d	0x180078f6d	.text	ascii	L$0L9
0x79075	0x180079075	.text	ascii	%9>37H
0x791f6	0x1800791f6	.text	ascii	w v#H
0x79246	0x180079246	.text	ascii	;D$LH
0x79709	0x180079709	.text	ascii	[]_^A\A]A^A_
0x79730	0x180079730	.text	ascii	AWAVAUATVWUSH
0x797ed	0x1800797ed	.text	ascii	L$ H9
0x79800	0x180079800	.text	ascii	9ffffff.
0x7983d	0x18007983d	.text	ascii	8[]_^A\A]A^A_
0x79850	0x180079850	.text	ascii	AWAVAUATVWUSH
0x79901	0x180079901	.text	ascii	L$ H9
0x79956	0x180079956	.text	ascii	8[]_^A\A]A^A_
0x79970	0x180079970	.text	ascii	AWAVAUATVWUSH
0x79a4d	0x180079a4d	.text	ascii	L$HH9
0x79a64	0x180079a64	.text	ascii	67bC?o
0x79a77	0x180079a77	.text	ascii	77bC?o
0x79bf2	0x180079bf2	.text	ascii	fffff.
0x79d23	0x180079d23	.text	ascii	vu"UZ*H
0x79e41	0x180079e41	.text	ascii	D$|;D$lH
0x79fa5	0x180079fa5	.text	ascii	D$h;t$XH
0x7a1af	0x18007a1af	.text	ascii	;D$Xu
0x7a202	0x18007a202	.text	ascii	[]_^A\A]A^A_
0x7a220	0x18007a220	.text	ascii	AWAVAUATVWUSH
0x7a2cc	0x18007a2cc	.text	ascii	H;D$HH
0x7a31d	0x18007a31d	.text	ascii	L$ L9
0x7a372	0x18007a372	.text	ascii	H;D$PH
0x7a39a	0x18007a39a	.text	ascii	k#"*H
0x7a514	0x18007a514	.text	ascii	@R8U2&H
0x7a588	0x18007a588	.text	ascii	;t$0H
0x7a66c	0x18007a66c	.text	ascii	LcHQi
0x7a6a4	0x18007a6a4	.text	ascii	L$PH9
0x7a6e3	0x18007a6e3	.text	ascii	;t$0H
0x7a798	0x18007a798	.text	ascii	;D$0H
0x7a7bf	0x18007a7bf	.text	ascii	+\L0H
0x7a827	0x18007a827	.text	ascii	[]_^A\A]A^A_
0x7a860	0x18007a860	.text	ascii	AWAVAUATVWUSH
0x7a91d	0x18007a91d	.text	ascii	L$ L9
0x7a974	0x18007a974	.text	ascii	E}%$C
0x7aa33	0x18007aa33	.text	ascii	D$<;D$8H
0x7aa8d	0x18007aa8d	.text	ascii	H[]_^A\A]A^A_
0x7aaa0	0x18007aaa0	.text	ascii	UAWAVAUATVWSH
0x7ab04	0x18007ab04	.text	ascii	I#zPH
0x7ac43	0x18007ac43	.text	ascii	ffff.
0x7ae65	0x18007ae65	.text	ascii	[_^A\A]A^A_]
0x7aea3	0x18007aea3	.text	ascii	ffff.
0x7aeb5	0x18007aeb5	.text	ascii	UAWAVAUATVWSH
0x7aed9	0x18007aed9	.text	ascii	H[_^A\A]A^A_]
0x7aef0	0x18007aef0	.text	ascii	AWAVAUATVWUSH
0x7af40	0x18007af40	.text	ascii	d:-8T)
0x7af53	0x18007af53	.text	ascii	Wfff.
0x7afdd	0x18007afdd	.text	ascii	L$(L9
0x7b072	0x18007b072	.text	ascii	fffff.
0x7b0c7	0x18007b0c7	.text	ascii	{FVKgH9
0x7b0e9	0x18007b0e9	.text	ascii	;D$DH
0x7b110	0x18007b110	.text	ascii	J9ZpH
0x7b135	0x18007b135	.text	ascii	e:-8T)
0x7b1d3	0x18007b1d3	.text	ascii	ffff.
0x7b209	0x18007b209	.text	ascii	72[vdB=H9
0x7b42c	0x18007b42c	.text	ascii	mJJH9
0x7b535	0x18007b535	.text	ascii	;D$DH
0x7b576	0x18007b576	.text	ascii	D$xH;D$HH
0x7b5fb	0x18007b5fb	.text	ascii	H+D$`H
0x7b783	0x18007b783	.text	ascii	H;D$HH
0x7b849	0x18007b849	.text	ascii	D$DH;t$XH
0x7b9bd	0x18007b9bd	.text	ascii	L$xH)
0x7ba20	0x18007ba20	.text	ascii	[]_^A\A]A^A_
0x7ba30	0x18007ba30	.text	ascii	AWAVAUATVWUSH
0x7bacd	0x18007bacd	.text	ascii	L$ L9
0x7bb19	0x18007bb19	.text	ascii	t$lL9
0x7bb93	0x18007bb93	.text	ascii	ffff.
0x7bbdf	0x18007bbdf	.text	ascii	l$`L9
0x7bc92	0x18007bc92	.text	ascii	fffff.
0x7bce9	0x18007bce9	.text	ascii	H;D$@H
0x7bd68	0x18007bd68	.text	ascii	_(XBD
0x7bf0f	0x18007bf0f	.text	ascii	H;t$@H
0x7c008	0x18007c008	.text	ascii	H;D$@H
0x7c0a0	0x18007c0a0	.text	ascii	L$@;D$<I
0x7c15e	0x18007c15e	.text	ascii	D$h;D$<H
0x7c219	0x18007c219	.text	ascii	H+t$0H
0x7c228	0x18007c228	.text	ascii	[]_^A\A]A^A_
0x7c240	0x18007c240	.text	ascii	AWAVAUATVWUSH
0x7c301	0x18007c301	.text	ascii	D$(fff.
0x7c32d	0x18007c32d	.text	ascii	L$(L9
0x7c4d1	0x18007c4d1	.text	ascii	},;D$LH
0x7c54a	0x18007c54a	.text	ascii	D$hH;D$`H
0x7c56a	0x18007c56a	.text	ascii	;l$HH
0x7c5f3	0x18007c5f3	.text	ascii	},;D$DH
0x7c656	0x18007c656	.text	ascii	8yN,H9
0x7c70a	0x18007c70a	.text	ascii	L$xH)
0x7c74b	0x18007c74b	.text	ascii	tSy&IH
0x7c9f5	0x18007c9f5	.text	ascii	},;D$DH
0x7ccdb	0x18007ccdb	.text	ascii	[]_^A\A]A^A_
0x7cd00	0x18007cd00	.text	ascii	AWAVAUATVWUSH
0x7cdbf	0x18007cdbf	.text	ascii	s[;D$DH
0x7cdee	0x18007cdee	.text	ascii	D$(ffffff.
0x7ce1d	0x18007ce1d	.text	ascii	L$(L9
0x7ceb3	0x18007ceb3	.text	ascii	ffff.
0x7d22c	0x18007d22c	.text	ascii	Y#j,H
0x7d2e4	0x18007d2e4	.text	ascii	Y#?H6
0x7d626	0x18007d626	.text	ascii	[]_^A\A]A^A_
0x7d650	0x18007d650	.text	ascii	AWAVAUATVWUSH
0x7d73d	0x18007d73d	.text	ascii	L$0H9
0x7d7a6	0x18007d7a6	.text	ascii	;D$,H
0x7d7ba	0x18007d7ba	.text	ascii	&}FTH
0x7da35	0x18007da35	.text	ascii	[]_^A\A]A^A_
0x7da60	0x18007da60	.text	ascii	AWAVAUATVWUSH
0x7db37	0x18007db37	.text	ascii	L$(H9
0x7dbc2	0x18007dbc2	.text	ascii	;D$<H
0x7dc19	0x18007dc19	.text	ascii	H[]_^A\A]A^A_
0x7dc30	0x18007dc30	.text	ascii	AWAVAUATVWUSH
0x7dc41	0x18007dc41	.text	ascii	)t$PH
0x7dd27	0x18007dd27	.text	ascii	L$0L9
0x7ddad	0x18007ddad	.text	ascii	(t$PH
0x7ddb4	0x18007ddb4	.text	ascii	h[]_^A\A]A^A_
0x7de10	0x18007de10	.text	ascii	AWAVAUATVWUSH
0x7dea8	0x18007dea8	.text	ascii	P0;D$ L
0x7dee4	0x18007dee4	.text	ascii	L$(H9
0x7df48	0x18007df48	.text	ascii	8[]_^A\A]A^A_
0x7df60	0x18007df60	.text	ascii	AWAVAUATVWUSH
0x7e06d	0x18007e06d	.text	ascii	L$ L9
0x7e0a8	0x18007e0a8	.text	ascii	\$@L9
0x7e142	0x18007e142	.text	ascii	fffff.
0x7e1d3	0x18007e1d3	.text	ascii	ffff.
0x7e220	0x18007e220	.text	ascii	d&ADH
0x7e22a	0x18007e22a	.text	ascii	|MBb?
0x7e290	0x18007e290	.text	ascii	L$xH;D$PH
0x7e29b	0x18007e29b	.text	ascii	|}@'2
0x7e2b7	0x18007e2b7	.text	ascii	(G~[@
0x7e2f3	0x18007e2f3	.text	ascii	T$0H;T$PH
0x7e301	0x18007e301	.text	ascii	z}o<H
0x7e3f6	0x18007e3f6	.text	ascii	D$0H+D$8H
0x7e405	0x18007e405	.text	ascii	[]_^A\A]A^A_
0x7e420	0x18007e420	.text	ascii	AWAVAUATVWUSH
0x7e4e1	0x18007e4e1	.text	ascii	T$0H;T$XH
0x7e53d	0x18007e53d	.text	ascii	L$ L9
0x7e670	0x18007e670	.text	ascii	\$HL9
0x7e6d9	0x18007e6d9	.text	ascii	V5N2H
0x7e7ad	0x18007e7ad	.text	ascii	pKHQQ
0x7e7ea	0x18007e7ea	.text	ascii	H;D$XH
0x7e898	0x18007e898	.text	ascii	D$0H+D$8H
0x7e8a7	0x18007e8a7	.text	ascii	[]_^A\A]A^A_
0x7e920	0x18007e920	.text	ascii	AWAVAUATVWUSH
0x7e9ed	0x18007e9ed	.text	ascii	L$(L9
0x7eaed	0x18007eaed	.text	ascii	D$8#D$<
0x7ebaa	0x18007ebaa	.text	ascii	q!2B5UH
0x7ebce	0x18007ebce	.text	ascii	"r_n@[P=H
0x7ec38	0x18007ec38	.text	ascii	X[]_^A\A]A^A_
0x7ec50	0x18007ec50	.text	ascii	AWAVAUATVWUSH
0x7ecc0	0x18007ecc0	.text	ascii	Pffffff.
0x7ed2e	0x18007ed2e	.text	ascii	L$(L9
0x7ed41	0x18007ed41	.text	ascii	Jfffff.
0x7ed92	0x18007ed92	.text	ascii	8[]_^A\A]A^A_
0x7eda0	0x18007eda0	.text	ascii	UAVVWSH
0x7edc3	0x18007edc3	.text	ascii	+R-h9
0x7ee46	0x18007ee46	.text	ascii	HcM,H
0x7ef33	0x18007ef33	.text	ascii	[_^A^]
0x7ef45	0x18007ef45	.text	ascii	UAVVWSH
0x7ef63	0x18007ef63	.text	ascii	 [_^A^]
0x7ef75	0x18007ef75	.text	ascii	UAVVWSH
0x7ef97	0x18007ef97	.text	ascii	 [_^A^]
0x7efa5	0x18007efa5	.text	ascii	UAVVWSH
0x7efc6	0x18007efc6	.text	ascii	 [_^A^]
0x7f082	0x18007f082	.text	ascii	L$(M)
0x7f0a0	0x18007f0a0	.text	ascii	AWAVAUATVWUSH
0x7f110	0x18007f110	.text	ascii	5ffffff.
0x7f163	0x18007f163	.text	ascii	L$(L9
0x7f1d5	0x18007f1d5	.text	ascii	8[]_^A\A]A^A_
0x7f460	0x18007f460	.text	ascii	AWAVAUATVWUSH
0x7f52d	0x18007f52d	.text	ascii	L$(L9
0x7f6e7	0x18007f6e7	.text	ascii	D$8H;D$`H
0x7f725	0x18007f725	.text	ascii	"Q\j:H9
0x7f738	0x18007f738	.text	ascii	"Q\j:H9
0x7f758	0x18007f758	.text	ascii	L$8H9
0x7f865	0x18007f865	.text	ascii	L$hH9
0x7f911	0x18007f911	.text	ascii	D$HH;\$XH
0x7fa1e	0x18007fa1e	.text	ascii	H3T$HH9
0x7fae2	0x18007fae2	.text	ascii	[]_^A\A]A^A_
0x7fb00	0x18007fb00	.text	ascii	UAWAVVWSH
0x7fbaf	0x18007fbaf	.text	ascii	D:U=D
0x7fbb6	0x18007fbb6	.text	ascii	U>uFM
0x7fc03	0x18007fc03	.text	ascii	u!D:M=A
0x7fc16	0x18007fc16	.text	ascii	D:M?u
0x7fcc3	0x18007fcc3	.text	ascii	#fff.
0x7fda5	0x18007fda5	.text	ascii	[_^A^A_]
0x7fe25	0x18007fe25	.text	ascii	UAWAVVWSH
0x7fe45	0x18007fe45	.text	ascii	([_^A^A_]
0x7fe55	0x18007fe55	.text	ascii	UAWAVVWSH
0x7fe75	0x18007fe75	.text	ascii	([_^A^A_]
0x7fe85	0x18007fe85	.text	ascii	UAWAVVWSH
0x7fea5	0x18007fea5	.text	ascii	([_^A^A_]
0x7feb5	0x18007feb5	.text	ascii	UAWAVVWSH
0x7fed9	0x18007fed9	.text	ascii	([_^A^A_]
0x7fee3	0x18007fee3	.text	ascii	ffff.
0x7fef5	0x18007fef5	.text	ascii	UAWAVVWSH
0x7ff15	0x18007ff15	.text	ascii	UAWAVVWSH
0x7ff39	0x18007ff39	.text	ascii	([_^A^A_]
0x7ff50	0x18007ff50	.text	ascii	UAWAVAUATVWSH
0x80122	0x180080122	.text	ascii	3ffff.
0x80211	0x180080211	.text	ascii	ffffff.
0x80321	0x180080321	.text	ascii	ffffff.
0x803d3	0x1800803d3	.text	ascii	thff.
0x804b2	0x1800804b2	.text	ascii	t(fff.
0x80662	0x180080662	.text	ascii	[_^A\A]A^A_]
0x806a5	0x1800806a5	.text	ascii	UAWAVAUATVWSH
0x806c2	0x1800806c2	.text	ascii	fffff.
0x806d5	0x1800806d5	.text	ascii	UAWAVAUATVWSH
0x806f2	0x1800806f2	.text	ascii	fffff.
0x80705	0x180080705	.text	ascii	UAWAVAUATVWSH
0x80722	0x180080722	.text	ascii	fffff.
0x80735	0x180080735	.text	ascii	UAWAVAUATVWSH
0x80752	0x180080752	.text	ascii	fffff.
0x80765	0x180080765	.text	ascii	UAWAVAUATVWSH
0x80789	0x180080789	.text	ascii	([_^A\A]A^A_]
0x807a5	0x1800807a5	.text	ascii	UAWAVAUATVWSH
0x807c8	0x1800807c8	.text	ascii	([_^A\A]A^A_]
0x80820	0x180080820	.text	ascii	UAWAVAUATVWSH
0x80905	0x180080905	.text	ascii	OeB#T1H
0x80a25	0x180080a25	.text	ascii	H[_^A\A]A^A_]
0x80a65	0x180080a65	.text	ascii	UAWAVAUATVWSH
0x80ac1	0x180080ac1	.text	ascii	ffffff.
0x80af0	0x180080af0	.text	ascii	UAWAVAUATVWSH
0x80dfc	0x180080dfc	.text	ascii	h[_^A\A]A^A_]
0x80e32	0x180080e32	.text	ascii	fffff.
0x80e45	0x180080e45	.text	ascii	UAWAVAUATVWSH
0x80e60	0x180080e60	.text	ascii	UVWSH
0x80e90	0x180080e90	.text	ascii	t+fffff.
0x80f04	0x180080f04	.text	ascii	{&'(uH
0x80f32	0x180080f32	.text	ascii	8[_^]
0x80f3f	0x180080f3f	.text	ascii	8[_^]
0x80f85	0x180080f85	.text	ascii	UVWSH
0x80fa0	0x180080fa0	.text	ascii	UAWAVAUATVWSH
0x81092	0x180081092	.text	ascii	G8H;E
0x81114	0x180081114	.text	ascii	H[_^A\A]A^A_]
0x81155	0x180081155	.text	ascii	UAWAVAUATVWSH
0x811c0	0x1800811c0	.text	ascii	F8H;E
0x812d0	0x1800812d0	.text	ascii	UVWSH
0x8139a	0x18008139a	.text	ascii	8[_^]
0x813d5	0x1800813d5	.text	ascii	UVWSH
0x813f0	0x1800813f0	.text	ascii	UAVVWSH
0x81564	0x180081564	.text	ascii	P[_^A^]
0x81585	0x180081585	.text	ascii	UAVVWSH
0x815a4	0x1800815a4	.text	ascii	 [_^A^]
0x815b0	0x1800815b0	.text	ascii	UAVVWSH
0x81727	0x180081727	.text	ascii	H;Upv
0x8175b	0x18008175b	.text	ascii	H;Epv5H
0x8176c	0x18008176c	.text	ascii	H;UXv
0x817b6	0x1800817b6	.text	ascii	H;Epv5H
0x817c7	0x1800817c7	.text	ascii	H;UXv
0x817f5	0x1800817f5	.text	ascii	H;Epv5H
0x81806	0x180081806	.text	ascii	H;UXv
0x81832	0x180081832	.text	ascii	E(H;Epv
0x81895	0x180081895	.text	ascii	E(H;Epv1H
0x818a8	0x1800818a8	.text	ascii	H;UXv
0x818b9	0x1800818b9	.text	ascii	H;M8s'H
0x818df	0x1800818df	.text	ascii	[_^A^]
0x81905	0x180081905	.text	ascii	UAVVWSH
0x81917	0x180081917	.text	ascii	)t$ H
0x8192e	0x18008192e	.text	ascii	(t$ H
0x81935	0x180081935	.text	ascii	@[_^A^]
0x81945	0x180081945	.text	ascii	UAVVWSH
0x81957	0x180081957	.text	ascii	)t$ H
0x8196e	0x18008196e	.text	ascii	(t$ H
0x81975	0x180081975	.text	ascii	@[_^A^]
0x81980	0x180081980	.text	ascii	UAWAVVWSH
0x81ade	0x180081ade	.text	ascii	H[_^A^A_]
0x81af5	0x180081af5	.text	ascii	UAWAVVWSH
0x81b12	0x180081b12	.text	ascii	([_^A^A_]
0x81b20	0x180081b20	.text	ascii	AWAVAUATVWUSH
0x81c0c	0x180081c0c	.text	ascii	L$0L9
0x81c6f	0x180081c6f	.text	ascii	H[]_^A\A]A^A_
0x81c88	0x180081c88	.text	ascii	)t$ H
0x81cf1	0x180081cf1	.text	ascii	(t$ H
0x81d08	0x180081d08	.text	ascii	)t$ H
0x81d67	0x180081d67	.text	ascii	(t$ H
0x81ee2	0x180081ee2	.text	ascii	fffff.
0x81f20	0x180081f20	.text	ascii	UAWAVVWSH
0x82072	0x180082072	.text	ascii	h[_^A^A_]
0x820b5	0x1800820b5	.text	ascii	UAWAVVWSH
0x820d2	0x1800820d2	.text	ascii	8[_^A^A_]
0x820e0	0x1800820e0	.text	ascii	AWAVAUATVWUSH
0x8218d	0x18008218d	.text	ascii	L$0L9
0x821fe	0x1800821fe	.text	ascii	H;D$@v
0x82256	0x180082256	.text	ascii	z<qEH9
0x82269	0x180082269	.text	ascii	z<qEH9
0x8227d	0x18008227d	.text	ascii	oImH9
0x82299	0x180082299	.text	ascii	H;T$@v
0x82302	0x180082302	.text	ascii	fffff.
0x82346	0x180082346	.text	ascii	H;T$@v
0x82483	0x180082483	.text	ascii	H;T$@v
0x82510	0x180082510	.text	ascii	H;D$@v
0x82584	0x180082584	.text	ascii	H;D$@v
0x825de	0x1800825de	.text	ascii	gJj_H9
0x825f2	0x1800825f2	.text	ascii	[]_^A\A]A^A_
0x82600	0x180082600	.text	ascii	UAWAVAUATVWSH
0x827a3	0x1800827a3	.text	ascii	X[_^A\A]A^A_]
0x827b1	0x1800827b1	.text	ascii	ffffff.
0x827c5	0x1800827c5	.text	ascii	UAWAVAUATVWSH
0x827e6	0x1800827e6	.text	ascii	([_^A\A]A^A_]
0x82800	0x180082800	.text	ascii	AWAVAUATVWUSH
0x828bd	0x1800828bd	.text	ascii	L$8L9
0x829ff	0x1800829ff	.text	ascii	H;D$Pv
0x82a6a	0x180082a6a	.text	ascii	fp)H9
0x82ab3	0x180082ab3	.text	ascii	ffff.
0x82b92	0x180082b92	.text	ascii	H;T$Pv
0x82c1b	0x180082c1b	.text	ascii	H;D$Pv
0x82c96	0x180082c96	.text	ascii	H;T$Pv
0x82cf5	0x180082cf5	.text	ascii	[]_^A\A]A^A_
0x82d10	0x180082d10	.text	ascii	AWAVAUATVWUSH
0x82ddd	0x180082ddd	.text	ascii	t$@;L$@H
0x82e3d	0x180082e3d	.text	ascii	L$0L9
0x82e91	0x180082e91	.text	ascii	H9D$XH
0x82f37	0x180082f37	.text	ascii	,NgQH
0x82f55	0x180082f55	.text	ascii	6H;D$hH
0x82f61	0x180082f61	.text	ascii	B&jIH
0x82fef	0x180082fef	.text	ascii	t$@;L$@H
0x83002	0x180083002	.text	ascii	mEco;
0x8305a	0x18008305a	.text	ascii	:[%H9
0x83153	0x180083153	.text	ascii	;|$DH
0x834d3	0x1800834d3	.text	ascii	[]_^A\A]A^A_
0x83530	0x180083530	.text	ascii	AWAVAUATVWUSH
0x835ed	0x1800835ed	.text	ascii	L$(L9
0x83688	0x180083688	.text	ascii	8[]_^A\A]A^A_
0x836a0	0x1800836a0	.text	ascii	AWAVAUATVWUSH
0x83790	0x180083790	.text	ascii	L$(L9
0x837f2	0x1800837f2	.text	ascii	8[]_^A\A]A^A_
0x83800	0x180083800	.text	ascii	UAWAVVWSH
0x8396e	0x18008396e	.text	ascii	H[_^A^A_]
0x83983	0x180083983	.text	ascii	ffff.
0x83995	0x180083995	.text	ascii	UAWAVVWSH
0x839b6	0x1800839b6	.text	ascii	([_^A^A_]
0x839c0	0x1800839c0	.text	ascii	UAVVWSH
0x83b37	0x180083b37	.text	ascii	H;Upv
0x83b6b	0x180083b6b	.text	ascii	H;Epv5H
0x83b7c	0x180083b7c	.text	ascii	H;UXv
0x83bc6	0x180083bc6	.text	ascii	H;Epv5H
0x83bd7	0x180083bd7	.text	ascii	H;UXv
0x83c05	0x180083c05	.text	ascii	H;Epv5H
0x83c16	0x180083c16	.text	ascii	H;UXv
0x83c42	0x180083c42	.text	ascii	E(H;Epv
0x83ca5	0x180083ca5	.text	ascii	E(H;Epv1H
0x83cb8	0x180083cb8	.text	ascii	H;UXv
0x83cc9	0x180083cc9	.text	ascii	H;M8s'H
0x83cef	0x180083cef	.text	ascii	[_^A^]
0x83d15	0x180083d15	.text	ascii	UAVVWSH
0x83d27	0x180083d27	.text	ascii	)t$ H
0x83d3e	0x180083d3e	.text	ascii	(t$ H
0x83d45	0x180083d45	.text	ascii	@[_^A^]
0x83d55	0x180083d55	.text	ascii	UAVVWSH
0x83d67	0x180083d67	.text	ascii	)t$ H
0x83d7e	0x180083d7e	.text	ascii	(t$ H
0x83d85	0x180083d85	.text	ascii	@[_^A^]
0x83d90	0x180083d90	.text	ascii	UAVVWSH
0x83f07	0x180083f07	.text	ascii	H;Upv
0x83f3b	0x180083f3b	.text	ascii	H;Epv5H
0x83f4c	0x180083f4c	.text	ascii	H;UXv
0x83f96	0x180083f96	.text	ascii	H;Epv5H
0x83fa7	0x180083fa7	.text	ascii	H;UXv
0x83fd5	0x180083fd5	.text	ascii	H;Epv5H
0x83fe6	0x180083fe6	.text	ascii	H;UXv
0x84012	0x180084012	.text	ascii	E(H;Epv
0x84075	0x180084075	.text	ascii	E(H;Epv1H
0x84088	0x180084088	.text	ascii	H;UXv
0x84099	0x180084099	.text	ascii	H;M8s'H
0x840bf	0x1800840bf	.text	ascii	[_^A^]
0x840e5	0x1800840e5	.text	ascii	UAVVWSH
0x840f7	0x1800840f7	.text	ascii	)t$ H
0x8410e	0x18008410e	.text	ascii	(t$ H
0x84115	0x180084115	.text	ascii	@[_^A^]
0x84125	0x180084125	.text	ascii	UAVVWSH
0x84137	0x180084137	.text	ascii	)t$ H
0x8414e	0x18008414e	.text	ascii	(t$ H
0x84155	0x180084155	.text	ascii	@[_^A^]
0x84160	0x180084160	.text	ascii	UAWAVVWSH
0x842be	0x1800842be	.text	ascii	H[_^A^A_]
0x842d5	0x1800842d5	.text	ascii	UAWAVVWSH
0x842f2	0x1800842f2	.text	ascii	([_^A^A_]
0x84542	0x180084542	.text	ascii	u@fff.
0x845d0	0x1800845d0	.text	ascii	AWAVAUATVWUSH
0x84684	0x180084684	.text	ascii	L$ L9
0x846f9	0x1800846f9	.text	ascii	8[]_^A\A]A^A_
0x84710	0x180084710	.text	ascii	UVWSH
0x8478e	0x18008478e	.text	ascii	8[_^]
0x847a5	0x1800847a5	.text	ascii	UVWSH
0x847c5	0x1800847c5	.text	ascii	([_^]
0x847d0	0x1800847d0	.text	ascii	UAWAVAUATVWSH
0x849ae	0x1800849ae	.text	ascii	h[_^A\A]A^A_]
0x849d5	0x1800849d5	.text	ascii	UAWAVAUATVWSH
0x849ff	0x1800849ff	.text	ascii	([_^A\A]A^A_]
0x84a15	0x180084a15	.text	ascii	UAWAVAUATVWSH
0x84a3d	0x180084a3d	.text	ascii	([_^A\A]A^A_]
0x84a50	0x180084a50	.text	ascii	AWAVAUATVWUSH
0x84ad7	0x180084ad7	.text	ascii	:D$/H
0x84b29	0x180084b29	.text	ascii	L$0L9
0x84b61	0x180084b61	.text	ascii	:D$/H
0x84b9e	0x180084b9e	.text	ascii	H[]_^A\A]A^A_
0x84bb0	0x180084bb0	.text	ascii	UAWAVVWSH
0x84cc1	0x180084cc1	.text	ascii	t*ffff.
0x84d06	0x180084d06	.text	ascii	X[_^A^A_]
0x84d25	0x180084d25	.text	ascii	UAWAVVWSH
0x84d4b	0x180084d4b	.text	ascii	([_^A^A_]
0x84d60	0x180084d60	.text	ascii	UVWSH
0x84e3a	0x180084e3a	.text	ascii	8[_^]
0x84e75	0x180084e75	.text	ascii	UVWSH
0x84e90	0x180084e90	.text	ascii	UAVVWSH
0x84fa9	0x180084fa9	.text	ascii	@[_^A^]
0x84fc5	0x180084fc5	.text	ascii	UAVVWSH
0x84fe4	0x180084fe4	.text	ascii	 [_^A^]
0x84ff0	0x180084ff0	.text	ascii	AWAVAUATVWUSH
0x8509d	0x18008509d	.text	ascii	L$(H9
0x850cf	0x1800850cf	.text	ascii	B8H;D$@
0x85159	0x180085159	.text	ascii	:L$%t
0x85182	0x180085182	.text	ascii	fffff.
0x851dc	0x1800851dc	.text	ascii	H;L$@v
0x851ff	0x1800851ff	.text	ascii	1S!BU
0x852c7	0x1800852c7	.text	ascii	`:T$%
0x8540f	0x18008540f	.text	ascii	7wxz9X
0x8545c	0x18008545c	.text	ascii	H;D$@v
0x854e2	0x1800854e2	.text	ascii	A8H;D$@vzH
0x85597	0x180085597	.text	ascii	;D$<A
0x855d6	0x1800855d6	.text	ascii	DD$PH
0x855ec	0x1800855ec	.text	ascii	:T$%I
0x8564b	0x18008564b	.text	ascii	[]_^A\A]A^A_
0x856be	0x1800856be	.text	ascii	G8H;E
0x856da	0x1800856da	.text	ascii	L1>4L
0x857b1	0x1800857b1	.text	ascii	ffffff.
0x857e0	0x1800857e0	.text	ascii	AWAVAUATVWUSH
0x8583e	0x18008583e	.text	ascii	fNc57u
0x858c2	0x1800858c2	.text	ascii	fffff.
0x85aa9	0x180085aa9	.text	ascii	pt5L9
0x85b54	0x180085b54	.text	ascii	.NXpz
0x85b75	0x180085b75	.text	ascii	t$0L;
0x85c2c	0x180085c2c	.text	ascii	t$8I;s
0x85ca4	0x180085ca4	.text	ascii	C1OL9
0x85edb	0x180085edb	.text	ascii	P\Ik9L9
0x85f4a	0x180085f4a	.text	ascii	K,|L9
0x85f7f	0x180085f7f	.text	ascii	t$HI;s
0x8614a	0x18008614a	.text	ascii	gNc57u
0x86415	0x180086415	.text	ascii	h<jW)~
0x8648e	0x18008648e	.text	ascii	t$8I;3I
0x86624	0x180086624	.text	ascii	I&`wT
0x868a4	0x1800868a4	.text	ascii	t$HI;s
0x86caa	0x180086caa	.text	ascii	[]_^A\A]A^A_
0x86d00	0x180086d00	.text	ascii	UAWAVVWSH
0x86e82	0x180086e82	.text	ascii	h[_^A^A_]
0x86ea5	0x180086ea5	.text	ascii	UAWAVVWSH
0x86ecb	0x180086ecb	.text	ascii	([_^A^A_]
0x86ee0	0x180086ee0	.text	ascii	UVWSH
0x87023	0x180087023	.text	ascii	ffff.
0x87035	0x180087035	.text	ascii	UVWSH
0x87051	0x180087051	.text	ascii	([_^]
0x87065	0x180087065	.text	ascii	UVWSH
0x87081	0x180087081	.text	ascii	([_^]
0x87090	0x180087090	.text	ascii	UVWSH
0x87275	0x180087275	.text	ascii	UVWSH
0x87291	0x180087291	.text	ascii	([_^]
0x872a5	0x1800872a5	.text	ascii	UVWSH
0x872c1	0x1800872c1	.text	ascii	([_^]
0x872d5	0x1800872d5	.text	ascii	UVWSH
0x872f1	0x1800872f1	.text	ascii	([_^]
0x87300	0x180087300	.text	ascii	UVWSH
0x873c2	0x1800873c2	.text	ascii	1MZ}R#
0x874e5	0x1800874e5	.text	ascii	UVWSH
0x87501	0x180087501	.text	ascii	([_^]
0x87515	0x180087515	.text	ascii	UVWSH
0x87531	0x180087531	.text	ascii	([_^]
0x87545	0x180087545	.text	ascii	UVWSH
0x87561	0x180087561	.text	ascii	([_^]
0x87570	0x180087570	.text	ascii	AWAVAUATVWUSH
0x87601	0x180087601	.text	ascii	L$pH;L$XH
0x8766d	0x18008766d	.text	ascii	L$0H9
0x876ed	0x1800876ed	.text	ascii	H;D$PH
0x876f8	0x1800876f8	.text	ascii	B(#TH
0x876ff	0x1800876ff	.text	ascii	0~JNH
0x87723	0x180087723	.text	ascii	ffff.
0x877ad	0x1800877ad	.text	ascii	VS#>)|H9
0x877d9	0x1800877d9	.text	ascii	L$pH;L$XH
0x87822	0x180087822	.text	ascii	fffff.
0x8786c	0x18008786c	.text	ascii	D$hH)
0x87872	0x180087872	.text	ascii	H;D$xH
0x87999	0x180087999	.text	ascii	D$hH)
0x8799f	0x18008799f	.text	ascii	H;D$xH
0x87ac6	0x180087ac6	.text	ascii	H;D$PH
0x87aec	0x180087aec	.text	ascii	Dv|s#6H
0x87b7b	0x180087b7b	.text	ascii	[]_^A\A]A^A_
0x87b90	0x180087b90	.text	ascii	UAWAVVWSH
0x87cee	0x180087cee	.text	ascii	H[_^A^A_]
0x87d05	0x180087d05	.text	ascii	UAWAVVWSH
0x87d22	0x180087d22	.text	ascii	([_^A^A_]
0x87d30	0x180087d30	.text	ascii	UVWSH
0x87e05	0x180087e05	.text	ascii	UVWSH
0x87e21	0x180087e21	.text	ascii	([_^]
0x87e30	0x180087e30	.text	ascii	UVWSH
0x87f35	0x180087f35	.text	ascii	UVWSH
0x87f51	0x180087f51	.text	ascii	([_^]
0x87f60	0x180087f60	.text	ascii	UVWSH
0x88095	0x180088095	.text	ascii	UVWSH
0x880b1	0x1800880b1	.text	ascii	([_^]
0x880c0	0x1800880c0	.text	ascii	AWAVAUATVWUSH
0x88100	0x180088100	.text	ascii	/_@0 
0x8819d	0x18008819d	.text	ascii	L$0H9
0x881f3	0x1800881f3	.text	ascii	D$hH)
0x881f9	0x1800881f9	.text	ascii	H;D$xH
0x88273	0x180088273	.text	ascii	L$pH;L$XH
0x88326	0x180088326	.text	ascii	H;D$PH
0x88362	0x180088362	.text	ascii	0_@0 
0x8839c	0x18008839c	.text	ascii	D$hH)
0x883a2	0x1800883a2	.text	ascii	H;D$xH
0x883aa	0x1800883aa	.text	ascii	*A]'%[
0x884dc	0x1800884dc	.text	ascii	H;D$PH
0x885b2	0x1800885b2	.text	ascii	L$pH;L$XH
0x886c2	0x1800886c2	.text	ascii	[]_^A\A]A^A_
0x886d0	0x1800886d0	.text	ascii	UAVVWSH
0x8886c	0x18008886c	.text	ascii	H;Uhv
0x888a0	0x1800888a0	.text	ascii	H;Ehv5H
0x888b1	0x1800888b1	.text	ascii	H;UHv
0x888f6	0x1800888f6	.text	ascii	H;Ehv5H
0x88907	0x180088907	.text	ascii	H;UHv
0x88933	0x180088933	.text	ascii	E(H;Ehv5H
0x88946	0x180088946	.text	ascii	H;UHv
0x88974	0x180088974	.text	ascii	H;Ehv
0x889d7	0x1800889d7	.text	ascii	H;Ehv1H
0x889e8	0x1800889e8	.text	ascii	H;UHv
0x889f9	0x1800889f9	.text	ascii	H;MPs H
0x88a18	0x180088a18	.text	ascii	[_^A^]
0x88a45	0x180088a45	.text	ascii	UAVVWSH
0x88a63	0x180088a63	.text	ascii	0[_^A^]
0x88a75	0x180088a75	.text	ascii	UAVVWSH
0x88a93	0x180088a93	.text	ascii	0[_^A^]
0x88aa5	0x180088aa5	.text	ascii	UAVVWSH
0x88acc	0x180088acc	.text	ascii	0[_^A^]
0x88ae8	0x180088ae8	.text	ascii	)t$ H
0x88b51	0x180088b51	.text	ascii	(t$ H
0x88b60	0x180088b60	.text	ascii	AWAVAUATVWUSH
0x88c50	0x180088c50	.text	ascii	L$(L9
0x88cb2	0x180088cb2	.text	ascii	8[]_^A\A]A^A_
0x88cc0	0x180088cc0	.text	ascii	UAWAVVWSH
0x88e1e	0x180088e1e	.text	ascii	H[_^A^A_]
0x88e35	0x180088e35	.text	ascii	UAWAVVWSH
0x88e52	0x180088e52	.text	ascii	([_^A^A_]
0x88e60	0x180088e60	.text	ascii	AWAVAUATVWUSH
0x88efd	0x180088efd	.text	ascii	L$0L9
0x88f94	0x180088f94	.text	ascii	I:T$/
0x88fc0	0x180088fc0	.text	ascii	}28H9
0x89079	0x180089079	.text	ascii	F8H;D$HvsI
0x890a0	0x1800890a0	.text	ascii	:L$/t
0x890df	0x1800890df	.text	ascii	F8H;D$H
0x89122	0x180089122	.text	ascii	;D$DA
0x89174	0x180089174	.text	ascii	:T$/t
0x8918d	0x18008918d	.text	ascii	DJX(C
0x89255	0x180089255	.text	ascii	[]_^A\A]A^A_
0x89270	0x180089270	.text	ascii	AWAVAUATVWUSH
0x89303	0x180089303	.text	ascii	ffff.
0x8932d	0x18008932d	.text	ascii	L$0L9
0x893f1	0x1800893f1	.text	ascii	W`{UF 
0x8940f	0x18008940f	.text	ascii	R_YcF
0x8942f	0x18008942f	.text	ascii	F8H;D$H
0x8945d	0x18008945d	.text	ascii	:L$/t
0x8949c	0x18008949c	.text	ascii	F8H;D$H
0x89512	0x180089512	.text	ascii	~:T$/t
0x8956e	0x18008956e	.text	ascii	;D$DA
0x89678	0x180089678	.text	ascii	[]_^A\A]A^A_
0x89690	0x180089690	.text	ascii	AWAVAUATVWUSH
0x896e3	0x1800896e3	.text	ascii	IfR(<
0x8978d	0x18008978d	.text	ascii	L$0L9
0x897b7	0x1800897b7	.text	ascii	JfR(<
0x89941	0x180089941	.text	ascii	ffffff.
0x89d7c	0x180089d7c	.text	ascii	ixP*dz
0x8a009	0x18008a009	.text	ascii	L$hH)
0x8a035	0x18008a035	.text	ascii	H;T$hw
0x8a07a	0x18008a07a	.text	ascii	:ylH9
0x8a2af	0x18008a2af	.text	ascii	cH;T$Ht
0x8a432	0x18008a432	.text	ascii	[]_^A\A]A^A_
0x8a470	0x18008a470	.text	ascii	UAWAVATVWSH
0x8a636	0x18008a636	.text	ascii	`[_^A\A^A_]
0x8a675	0x18008a675	.text	ascii	UAWAVATVWSH
0x8a694	0x18008a694	.text	ascii	0[_^A\A^A_]
0x8a6a0	0x18008a6a0	.text	ascii	UAWAVATVWSH
0x8a953	0x18008a953	.text	ascii	[_^A\A^A_]
0x8aa55	0x18008aa55	.text	ascii	UAWAVATVWSH
0x8aa77	0x18008aa77	.text	ascii	0[_^A\A^A_]
0x8aa83	0x18008aa83	.text	ascii	ffff.
0x8aa95	0x18008aa95	.text	ascii	UAWAVATVWSH
0x8aad7	0x18008aad7	.text	ascii	0[_^A\A^A_]
0x8aae3	0x18008aae3	.text	ascii	ffff.
0x8aaf5	0x18008aaf5	.text	ascii	UAWAVATVWSH
0x8ab10	0x18008ab10	.text	ascii	UAWAVAUATVWSH
0x8ab5b	0x18008ab5b	.text	ascii	X[_^A\A]A^A_]
0x8acf1	0x18008acf1	.text	ascii	ffffff.
0x8ad05	0x18008ad05	.text	ascii	UAWAVAUATVWSH
0x8ad3d	0x18008ad3d	.text	ascii	([_^A\A]A^A_]
0x8ad50	0x18008ad50	.text	ascii	AWAVAUATVWUSH
0x8ae04	0x18008ae04	.text	ascii	l$DD;l$(L
0x8ae24	0x18008ae24	.text	ascii	LpE .#
0x8ae2e	0x18008ae2e	.text	ascii	\$0ffffff.
0x8ae5d	0x18008ae5d	.text	ascii	\$0M9
0x8ae81	0x18008ae81	.text	ascii	ffffff.
0x8af35	0x18008af35	.text	ascii	[]_^A\A]A^A_
0x8af5e	0x18008af5e	.text	ascii	;L$(H
0x8b0e0	0x18008b0e0	.text	ascii	UAVVWSH
0x8b24c	0x18008b24c	.text	ascii	[_^A^]
0x8b333	0x18008b333	.text	ascii	ffff.
0x8b345	0x18008b345	.text	ascii	UAVVWSH
0x8b37a	0x18008b37a	.text	ascii	0[_^A^]
0x8b382	0x18008b382	.text	ascii	fffff.
0x8b395	0x18008b395	.text	ascii	UAVVWSH
0x8b3ef	0x18008b3ef	.text	ascii	)D$ H
0x8b40f	0x18008b40f	.text	ascii	D$8H1
0x8b42c	0x18008b42c	.text	ascii	L$8H1
0x8b4d0	0x18008b4d0	.text	ascii	AWAVAUATVWUSH
0x8b58e	0x18008b58e	.text	ascii	D$pffffff.
0x8b5bd	0x18008b5bd	.text	ascii	L$0H9
0x8b61b	0x18008b61b	.text	ascii	H9D$@H
0x8b719	0x18008b719	.text	ascii	z(PWH9
0x8b7b7	0x18008b7b7	.text	ascii	Q8G?0
0x8b8dd	0x18008b8dd	.text	ascii	T(-:NH
0x8b914	0x18008b914	.text	ascii	D$@H;D$PH
0x8ba49	0x18008ba49	.text	ascii	[]_^A\A]A^A_
0x8ba60	0x18008ba60	.text	ascii	AWAVAUATVWUSH
0x8bad0	0x18008bad0	.text	ascii	Hffffff.
0x8bb36	0x18008bb36	.text	ascii	L$(L9
0x8bb92	0x18008bb92	.text	ascii	8[]_^A\A]A^A_
0x8bba0	0x18008bba0	.text	ascii	UAWAVATVWSH
0x8bd8f	0x18008bd8f	.text	ascii	[_^A\A^A_]
0x8bdc2	0x18008bdc2	.text	ascii	fffff.
0x8bdd5	0x18008bdd5	.text	ascii	UAWAVATVWSH
0x8bdf7	0x18008bdf7	.text	ascii	0[_^A\A^A_]
0x8be10	0x18008be10	.text	ascii	AWAVAUATVWUSH
0x8be80	0x18008be80	.text	ascii	[ffffff.
0x8bef9	0x18008bef9	.text	ascii	L$(L9
0x8bf52	0x18008bf52	.text	ascii	8[]_^A\A]A^A_
0x8bf60	0x18008bf60	.text	ascii	UAVVWSH
0x8c006	0x18008c006	.text	ascii	HcM,H
0x8c107	0x18008c107	.text	ascii	[_^A^]
0x8c115	0x18008c115	.text	ascii	UAVVWSH
0x8c133	0x18008c133	.text	ascii	 [_^A^]
0x8c145	0x18008c145	.text	ascii	UAVVWSH
0x8c167	0x18008c167	.text	ascii	 [_^A^]
0x8c175	0x18008c175	.text	ascii	UAVVWSH
0x8c196	0x18008c196	.text	ascii	 [_^A^]
0x8c1a0	0x18008c1a0	.text	ascii	AWAVAUATVWUSH
0x8c219	0x18008c219	.text	ascii	AI>'H
0x8c261	0x18008c261	.text	ascii	L$ L9
0x8c32d	0x18008c32d	.text	ascii	H[]_^A\A]A^A_
0x8c350	0x18008c350	.text	ascii	AWAVAUATVWUSH
0x8c411	0x18008c411	.text	ascii	L$ L9
0x8c4dd	0x18008c4dd	.text	ascii	H[]_^A\A]A^A_
0x8c53a	0x18008c53a	.text	ascii	L$PI)
0x8c550	0x18008c550	.text	ascii	AWAVAUATVWUSH
0x8c5ce	0x18008c5ce	.text	ascii	D$<;D$4H
0x8c5fe	0x18008c5fe	.text	ascii	D$ ffffff.
0x8c62d	0x18008c62d	.text	ascii	L$ L9
0x8c6cb	0x18008c6cb	.text	ascii	#D$8;D$4H
0x8c74b	0x18008c74b	.text	ascii	D$<;D$4H
0x8c847	0x18008c847	.text	ascii	H[]_^A\A]A^A_
0x8c8f0	0x18008c8f0	.text	ascii	AWAVAUATVWUSH
0x8c9a4	0x18008c9a4	.text	ascii	t$D;t$(L
0x8c9d9	0x18008c9d9	.text	ascii	t$0L9
0x8cabb	0x18008cabb	.text	ascii	[]_^A\A]A^A_
0x8cae4	0x18008cae4	.text	ascii	;L$(H
0x8cbd0	0x18008cbd0	.text	ascii	UAWAVATVWSH
0x8cc97	0x18008cc97	.text	ascii	;M$u3K
0x8cead	0x18008cead	.text	ascii	;M$uC
0x8ceea	0x18008ceea	.text	ascii	[_^A\A^A_]
0x8cf0d	0x18008cf0d	.text	ascii	D;E$H
0x8d005	0x18008d005	.text	ascii	UAWAVATVWSH
0x8d027	0x18008d027	.text	ascii	0[_^A\A^A_]
0x8d033	0x18008d033	.text	ascii	ffff.
0x8d045	0x18008d045	.text	ascii	UAWAVATVWSH
0x8d07e	0x18008d07e	.text	ascii	0[_^A\A^A_]
0x8d095	0x18008d095	.text	ascii	UAWAVATVWSH
0x8d0b7	0x18008d0b7	.text	ascii	0[_^A\A^A_]
0x8d0c3	0x18008d0c3	.text	ascii	ffff.
0x8d0d5	0x18008d0d5	.text	ascii	UAWAVATVWSH
0x8d170	0x18008d170	.text	ascii	UVWSH
0x8d3c5	0x18008d3c5	.text	ascii	UVWSH
0x8d3e1	0x18008d3e1	.text	ascii	([_^]
0x8d3f5	0x18008d3f5	.text	ascii	UVWSH
0x8d42e	0x18008d42e	.text	ascii	([_^]
0x8d445	0x18008d445	.text	ascii	UVWSH
0x8d461	0x18008d461	.text	ascii	([_^]
0x8d475	0x18008d475	.text	ascii	UVWSH
0x8d4c3	0x18008d4c3	.text	ascii	ffff.
0x8d4f0	0x18008d4f0	.text	ascii	UVWSH
0x8d594	0x18008d594	.text	ascii	x[_^]
0x8d683	0x18008d683	.text	ascii	ffff.
0x8d695	0x18008d695	.text	ascii	UVWSH
0x8d6ab	0x18008d6ab	.text	ascii	([_^]
0x8d6b1	0x18008d6b1	.text	ascii	ffffff.
0x8d6c5	0x18008d6c5	.text	ascii	UVWSH
0x8d6e0	0x18008d6e0	.text	ascii	UAWAVATVWSH
0x8d9bd	0x18008d9bd	.text	ascii	[_^A\A^A_]
0x8dab5	0x18008dab5	.text	ascii	UAWAVATVWSH
0x8dad7	0x18008dad7	.text	ascii	0[_^A\A^A_]
0x8dae3	0x18008dae3	.text	ascii	ffff.
0x8daf5	0x18008daf5	.text	ascii	UAWAVATVWSH
0x8db37	0x18008db37	.text	ascii	0[_^A\A^A_]
0x8db43	0x18008db43	.text	ascii	ffff.
0x8db55	0x18008db55	.text	ascii	UAWAVATVWSH
0x8dc20	0x18008dc20	.text	ascii	UAWAVVWSH
0x8dd71	0x18008dd71	.text	ascii	(fffff.
0x8de53	0x18008de53	.text	ascii	,fff.
0x8dea2	0x18008dea2	.text	ascii	fffff.
0x8df5f	0x18008df5f	.text	ascii	;}(u0H
0x8df8b	0x18008df8b	.text	ascii	[_^A^A_]
0x8e085	0x18008e085	.text	ascii	UAWAVVWSH
0x8e0c2	0x18008e0c2	.text	ascii	([_^A^A_]
0x8e0d5	0x18008e0d5	.text	ascii	UAWAVVWSH
0x8e0f5	0x18008e0f5	.text	ascii	([_^A^A_]
0x8e105	0x18008e105	.text	ascii	UAWAVVWSH
0x8e125	0x18008e125	.text	ascii	([_^A^A_]
0x8e135	0x18008e135	.text	ascii	UAWAVVWSH
0x8e150	0x18008e150	.text	ascii	UVWSH
0x8e515	0x18008e515	.text	ascii	UVWSH
0x8e548	0x18008e548	.text	ascii	([_^]
0x8e555	0x18008e555	.text	ascii	UVWSH
0x8e587	0x18008e587	.text	ascii	([_^]
0x8e590	0x18008e590	.text	ascii	UAWAVVWSH
0x8e6ee	0x18008e6ee	.text	ascii	H[_^A^A_]
0x8e705	0x18008e705	.text	ascii	UAWAVVWSH
0x8e722	0x18008e722	.text	ascii	([_^A^A_]
0x8e730	0x18008e730	.text	ascii	AWAVAUATVWUSH
0x8e8bd	0x18008e8bd	.text	ascii	L$(H9
0x8e902	0x18008e902	.text	ascii	B8H;D$@
0x8e967	0x18008e967	.text	ascii	A8H;D$@
0x8e9f2	0x18008e9f2	.text	ascii	fffff.
0x8ea97	0x18008ea97	.text	ascii	s:T$%
0x8eb30	0x18008eb30	.text	ascii	H;L$@v
0x8ebae	0x18008ebae	.text	ascii	-:L$%t
0x8ec0a	0x18008ec0a	.text	ascii	;D$<A
0x8ec49	0x18008ec49	.text	ascii	DD$PH
0x8ec5f	0x18008ec5f	.text	ascii	:T$%H
0x8ecab	0x18008ecab	.text	ascii	H;D$@v
0x8ed83	0x18008ed83	.text	ascii	[]_^A\A]A^A_
0x8ed90	0x18008ed90	.text	ascii	UAVVWSH
0x8ef0a	0x18008ef0a	.text	ascii	@[_^A^]
0x8ef12	0x18008ef12	.text	ascii	fffff.
0x8ef25	0x18008ef25	.text	ascii	UAVVWSH
0x8ef49	0x18008ef49	.text	ascii	 [_^A^]
0x8ef60	0x18008ef60	.text	ascii	AWAVAUATVWUSH
0x8f01d	0x18008f01d	.text	ascii	L$(L9
0x8f042	0x18008f042	.text	ascii	;L$<H
0x8f0f3	0x18008f0f3	.text	ascii	;D$<H
0x8f13e	0x18008f13e	.text	ascii	H[]_^A\A]A^A_
0x8f150	0x18008f150	.text	ascii	AWAVAUATVWUSH
0x8f24d	0x18008f24d	.text	ascii	L$0L9
0x8f283	0x18008f283	.text	ascii	8wvALH9
0x8f2f8	0x18008f2f8	.text	ascii	%.-K+
0x8f411	0x18008f411	.text	ascii	no)o+H9
0x8f4fb	0x18008f4fb	.text	ascii	JsV*e
0x8f50e	0x18008f50e	.text	ascii	KsV*e
0x8f6b7	0x18008f6b7	.text	ascii	dO=VH
0x8f9a4	0x18008f9a4	.text	ascii	H;D$`H
0x8fbcc	0x18008fbcc	.text	ascii	T$G:D$CH
0x8fc0b	0x18008fc0b	.text	ascii	:D$JH
0x8fcbd	0x18008fcbd	.text	ascii	H;D$xH
0x90010	0x180090010	.text	ascii	=0;H9
0x90023	0x180090023	.text	ascii	=0;H9
0x90034	0x180090034	.text	ascii	*78+=H9
0x904e7	0x1800904e7	.text	ascii	?lr=MH9
0x904fa	0x1800904fa	.text	ascii	?lr=MH9
0x9050f	0x18009050f	.text	ascii	:cPH9
0x90521	0x180090521	.text	ascii	6J<QH9
0x9054e	0x18009054e	.text	ascii	Mn\M*
0x9060f	0x18009060f	.text	ascii	}`%F^O=xH
0x90740	0x180090740	.text	ascii	,-zH9
0x90b0e	0x180090b0e	.text	ascii	2KV9-W
0x90b68	0x180090b68	.text	ascii	D$M:D$DH
0x90c49	0x180090c49	.text	ascii	3-+.,
0x90c5e	0x180090c5e	.text	ascii	no)o+H9
0x90c73	0x180090c73	.text	ascii	m[.H9
0x90dc7	0x180090dc7	.text	ascii	`V&q.
0x90de4	0x180090de4	.text	ascii	Njq C
0x9114d	0x18009114d	.text	ascii	D$O:D$DH
0x911c8	0x1800911c8	.text	ascii	H;D$`H
0x91347	0x180091347	.text	ascii	C:|<TH9
0x913ec	0x1800913ec	.text	ascii	8wvALH9
0x91a79	0x180091a79	.text	ascii	W/oqso
0x91bda	0x180091bda	.text	ascii	:T$DH
0x91d49	0x180091d49	.text	ascii	.c%=c
0x91e21	0x180091e21	.text	ascii	~49"P
0x91ef1	0x180091ef1	.text	ascii	D$L:D$DH
0x91f2b	0x180091f2b	.text	ascii	D$N:D$KH
0x91f95	0x180091f95	.text	ascii	H;D$xH
0x92324	0x180092324	.text	ascii	tQ3/I
0x924e8	0x1800924e8	.text	ascii	8Pjp1h
0x92518	0x180092518	.text	ascii	D$O:D$CH
0x92562	0x180092562	.text	ascii	:D$JH
0x9298c	0x18009298c	.text	ascii	D$N:D$DH
0x92baa	0x180092baa	.text	ascii	:T$DH
0x92c07	0x180092c07	.text	ascii	:T$DH
0x92dc9	0x180092dc9	.text	ascii	T$G:D$CH
0x92e08	0x180092e08	.text	ascii	:D$JH
0x92eba	0x180092eba	.text	ascii	:T$DH
0x930c5	0x1800930c5	.text	ascii	:L$DH
0x931fc	0x1800931fc	.text	ascii	:T$DH
0x93369	0x180093369	.text	ascii	:L$DH
0x9336f	0x18009336f	.text	ascii	~[s6ty]
0x936bb	0x1800936bb	.text	ascii	TDf?H
0x9379e	0x18009379e	.text	ascii	NBwkH
0x9382d	0x18009382d	.text	ascii	:T$DH
0x93a3a	0x180093a3a	.text	ascii	D$O:D$KH
0x93ab4	0x180093ab4	.text	ascii	D$M:D$KH
0x93b34	0x180093b34	.text	ascii	2ie2H
0x93b54	0x180093b54	.text	ascii	D$L:D$KH
0x93b5d	0x180093b5d	.text	ascii	79sI3p\
0x93e49	0x180093e49	.text	ascii	D$N:D$CH
0x93e93	0x180093e93	.text	ascii	:D$JH
0x93f8c	0x180093f8c	.text	ascii	H;D$xH
0x941a7	0x1800941a7	.text	ascii	V}rE&H
0x94341	0x180094341	.text	ascii	[]_^A\A]A^A_
0x94350	0x180094350	.text	ascii	AWAVAUATVWUSH
0x9444d	0x18009444d	.text	ascii	L$0L9
0x944e7	0x1800944e7	.text	ascii	pd^=_H
0x9453e	0x18009453e	.text	ascii	;L$DH
0x94573	0x180094573	.text	ascii	ffff.
0x94641	0x180094641	.text	ascii	;D$DH
0x946dd	0x1800946dd	.text	ascii	D$hH;D$XH
0x947fd	0x1800947fd	.text	ascii	w\soK
0x94860	0x180094860	.text	ascii	[]_^A\A]A^A_
0x948b0	0x1800948b0	.text	ascii	AWAVAUATVWUSH
0x948e1	0x1800948e1	.text	ascii	p|LM8W~H
0x9490f	0x18009490f	.text	ascii	>UGc7MI
0x94919	0x180094919	.text	ascii	c4N4[
0x94920	0x180094920	.text	ascii	?ffffff.
0x9497d	0x18009497d	.text	ascii	L$ L9
0x949c9	0x1800949c9	.text	ascii	D$PH9
0x94a2d	0x180094a2d	.text	ascii	L$8H9T$Pv
0x94a7e	0x180094a7e	.text	ascii	X[]_^A\A]A^A_
0x94a90	0x180094a90	.text	ascii	AWAVAUATVWUSH
0x94b53	0x180094b53	.text	ascii	L$(L9
0x94b90	0x180094b90	.text	ascii	D$PH)
0x94bbc	0x180094bbc	.text	ascii	~ B,H
0x94bf6	0x180094bf6	.text	ascii	l$8H9D$Pv
0x94c5e	0x180094c5e	.text	ascii	X[]_^A\A]A^A_
0x94c70	0x180094c70	.text	ascii	AWAVAUATVWUSH
0x94ce0	0x180094ce0	.text	ascii	Hffffff.
0x94d46	0x180094d46	.text	ascii	L$(L9
0x94da2	0x180094da2	.text	ascii	8[]_^A\A]A^A_
0x94db0	0x180094db0	.text	ascii	AWAVAUATVWUSH
0x94e10	0x180094e10	.text	ascii	!djE{I
0x94e20	0x180094e20	.text	ascii	Hffffff.
0x94e86	0x180094e86	.text	ascii	L$(L9
0x94ee2	0x180094ee2	.text	ascii	8[]_^A\A]A^A_
0x94ef0	0x180094ef0	.text	ascii	AWAVAUATVWUSH
0x94f58	0x180094f58	.text	ascii	!^ENk
0x94f76	0x180094f76	.text	ascii	;D$<H
0x94f99	0x180094f99	.text	ascii	g>}X,
0x94fa3	0x180094fa3	.text	ascii	D$(f.
0x94fcd	0x180094fcd	.text	ascii	L$(L9
0x95077	0x180095077	.text	ascii	;L$<H
0x950c2	0x1800950c2	.text	ascii	H[]_^A\A]A^A_
0x950d0	0x1800950d0	.text	ascii	UAWAVAUATVWSH
0x952a0	0x1800952a0	.text	ascii	*ffffff.
0x95383	0x180095383	.text	ascii	ffff.
0x95a7d	0x180095a7d	.text	ascii	[_^A\A]A^A_]
0x95acf	0x180095acf	.text	ascii	[_^A\A]A^A_]H
0x95c15	0x180095c15	.text	ascii	UAWAVAUATVWSH
0x95c39	0x180095c39	.text	ascii	([_^A\A]A^A_]
0x95c55	0x180095c55	.text	ascii	UAWAVAUATVWSH
0x95c79	0x180095c79	.text	ascii	([_^A\A]A^A_]
0x95c95	0x180095c95	.text	ascii	UAWAVAUATVWSH
0x95cb9	0x180095cb9	.text	ascii	([_^A\A]A^A_]
0x95cd5	0x180095cd5	.text	ascii	UAWAVAUATVWSH
0x95cf9	0x180095cf9	.text	ascii	([_^A\A]A^A_]
0x95d15	0x180095d15	.text	ascii	UAWAVAUATVWSH
0x95d39	0x180095d39	.text	ascii	([_^A\A]A^A_]
0x95d50	0x180095d50	.text	ascii	AWAVAUATVWUSH
0x95e00	0x180095e00	.text	ascii	D$Dffff.
0x95e2d	0x180095e2d	.text	ascii	L$(L9
0x95e88	0x180095e88	.text	ascii	H;D$pH
0x95efe	0x180095efe	.text	ascii	q ]KH9
0x95f31	0x180095f31	.text	ascii	ffffff.
0x95fc6	0x180095fc6	.text	ascii	g7Pap
0x96032	0x180096032	.text	ascii	}.a r
0x96065	0x180096065	.text	ascii	mGFUvH
0x960d5	0x1800960d5	.text	ascii	L$LH;D$xH
0x960e1	0x1800960e1	.text	ascii	'Q EG
0x96397	0x180096397	.text	ascii	,W'/H
0x9643a	0x18009643a	.text	ascii	/([h}:
0x964b2	0x1800964b2	.text	ascii	D$pH;
0x96555	0x180096555	.text	ascii	L$HH;D$xH
0x965bd	0x1800965bd	.text	ascii	%EX#o
0x96665	0x180096665	.text	ascii	d.(@;
0x96677	0x180096677	.text	ascii	H;D$pH
0x967c2	0x1800967c2	.text	ascii	fHg(H
0x968c4	0x1800968c4	.text	ascii	T$dH;
0x96921	0x180096921	.text	ascii	T$dH;
0x96a3a	0x180096a3a	.text	ascii	[]_^A\A]A^A_
0x96a50	0x180096a50	.text	ascii	AVVWSH
0x96ac9	0x180096ac9	.text	ascii	L$@H1
0x96ade	0x180096ade	.text	ascii	H[_^A^
0x96ae7	0x180096ae7	.text	ascii	L$@H1
0x96b00	0x180096b00	.text	ascii	UAWAVAUATVWSH
0x96c19	0x180096c19	.text	ascii	H[_^A\A]A^A_]
0x96c35	0x180096c35	.text	ascii	UAWAVAUATVWSH
0x96c56	0x180096c56	.text	ascii	([_^A\A]A^A_]
0x96c70	0x180096c70	.text	ascii	AWAVAUATVWUSH
0x96d31	0x180096d31	.text	ascii	D$xfff.
0x96d5d	0x180096d5d	.text	ascii	L$ L9
0x96d96	0x180096d96	.text	ascii	,tAhi
0x96de6	0x180096de6	.text	ascii	OA.p/YH9
0x96e21	0x180096e21	.text	ascii	ffffff.
0x96e7e	0x180096e7e	.text	ascii	FF(d,H
0x96f33	0x180096f33	.text	ascii	uz4}H
0x96fd6	0x180096fd6	.text	ascii	H+D$8H
0x9703c	0x18009703c	.text	ascii	H9D$@H
0x97069	0x180097069	.text	ascii	iK/OH
0x970c0	0x1800970c0	.text	ascii	H;L$0H
0x97177	0x180097177	.text	ascii	[]_^A\A]A^A_
0x97190	0x180097190	.text	ascii	UAWAVVWSH
0x971b8	0x1800971b8	.text	ascii	1g@ H
0x972f0	0x1800972f0	.text	ascii	H[_^A^A_]
0x97305	0x180097305	.text	ascii	UAWAVVWSH
0x97322	0x180097322	.text	ascii	([_^A^A_]
0x97340	0x180097340	.text	ascii	AWAVAUATVWUSH
0x973ae	0x1800973ae	.text	ascii	~>\^H
0x973c3	0x1800973c3	.text	ascii	D$8f.
0x973ed	0x1800973ed	.text	ascii	L$8L9
0x974ac	0x1800974ac	.text	ascii	~ ;nH9
0x97563	0x180097563	.text	ascii	H;D$Hv
0x975b1	0x1800975b1	.text	ascii	ffffff.
0x9761c	0x18009761c	.text	ascii	H;T$Hv
0x976ac	0x1800976ac	.text	ascii	H;D$Hv
0x97710	0x180097710	.text	ascii	H;T$Hv
0x9779c	0x18009779c	.text	ascii	H;D$Hv
0x9783f	0x18009783f	.text	ascii	[]_^A\A]A^A_
0x97850	0x180097850	.text	ascii	AWAVAUATVWUSH
0x9789f	0x18009789f	.text	ascii	VG4bl
0x978fa	0x1800978fa	.text	ascii	t$PD+t$DH
0x97913	0x180097913	.text	ascii	Lc|$TM
0x9799d	0x18009799d	.text	ascii	L$(L9
0x979fb	0x1800979fb	.text	ascii	D$D;D$t
0x97a8b	0x180097a8b	.text	ascii	S%(|H9
0x97b1f	0x180097b1f	.text	ascii	9D$@H
0x97c76	0x180097c76	.text	ascii	D$T;D$tH
0x97dc6	0x180097dc6	.text	ascii	;D$PH
0x97f7c	0x180097f7c	.text	ascii	Lct$TL
0x98029	0x180098029	.text	ascii	HcL$TH
0x98030	0x180098030	.text	ascii	L$HHct$DD
0x98095	0x180098095	.text	ascii	Hct$TI
0x9816e	0x18009816e	.text	ascii	;D$dH
0x98271	0x180098271	.text	ascii	[]_^A\A]A^A_
0x98290	0x180098290	.text	ascii	AWAVAUATVWUSH
0x98301	0x180098301	.text	ascii	DE{sn~
0x983d0	0x1800983d0	.text	ascii	l$HH9
0x9848b	0x18009848b	.text	ascii	6^GCD
0x985b2	0x1800985b2	.text	ascii	fffff.
0x985fd	0x1800985fd	.text	ascii	T$lL;
0x986e7	0x1800986e7	.text	ascii	+L$lI
0x9876a	0x18009876a	.text	ascii	L$xL#
0x98795	0x180098795	.text	ascii	D$@I!
0x987bf	0x1800987bf	.text	ascii	l$xL!
0x987d7	0x1800987d7	.text	ascii	L$@M!
0x98814	0x180098814	.text	ascii	T$@L!
0x98844	0x180098844	.text	ascii	|$@L!
0x9888a	0x18009888a	.text	ascii	t$xL#
0x988d6	0x1800988d6	.text	ascii	\$xL!
0x98a36	0x180098a36	.text	ascii	[]_^A\A]A^A_
0x98a60	0x180098a60	.text	ascii	AWAVAUATVWUSH
0x98cc1	0x180098cc1	.text	ascii	T$`H)
0x98ce2	0x180098ce2	.text	ascii	H;L$8H
0x98d03	0x180098d03	.text	ascii	ffff.
0x98e0e	0x180098e0e	.text	ascii	H;D$8H
0x98eec	0x180098eec	.text	ascii	&;EH9
0x98f36	0x180098f36	.text	ascii	H;D$hH
0x99276	0x180099276	.text	ascii	L$,+N
0x9930b	0x18009930b	.text	ascii	10=&I
0x99315	0x180099315	.text	ascii	7%$VI
0x993a7	0x1800993a7	.text	ascii	\&,Az
0x993d7	0x1800993d7	.text	ascii	vh1#8SH
0x9951a	0x18009951a	.text	ascii	L$(;D$,
0x99544	0x180099544	.text	ascii	;Y|9vC
0x995d1	0x1800995d1	.text	ascii	H;D$hH
0x995e5	0x1800995e5	.text	ascii	<7% H
0x99647	0x180099647	.text	ascii	H;T$`
0x996a8	0x1800996a8	.text	ascii	L$`H)
0x996ce	0x1800996ce	.text	ascii	H;D$8H
0x9971f	0x18009971f	.text	ascii	H;D$hH
0x9983b	0x18009983b	.text	ascii	[]_^A\A]A^A_
0x99850	0x180099850	.text	ascii	UAWAVVWSH
0x99913	0x180099913	.text	ascii	M0t8H
0x9994a	0x18009994a	.text	ascii	;U<u(I
0x9996e	0x18009996e	.text	ascii	[_^A^A_]
0x99a25	0x180099a25	.text	ascii	UAWAVVWSH
0x99a45	0x180099a45	.text	ascii	UAWAVVWSH
0x99a7f	0x180099a7f	.text	ascii	([_^A^A_]
0x99a90	0x180099a90	.text	ascii	UAWAVVWSH
0x9a29b	0x18009a29b	.text	ascii	[_^A^A_]
0x9a315	0x18009a315	.text	ascii	UAWAVVWSH
0x9a348	0x18009a348	.text	ascii	([_^A^A_]
0x9a352	0x18009a352	.text	ascii	fffff.
0x9a365	0x18009a365	.text	ascii	UAWAVVWSH
0x9a388	0x18009a388	.text	ascii	([_^A^A_]
0x9a392	0x18009a392	.text	ascii	fffff.
0x9a3a5	0x18009a3a5	.text	ascii	UAWAVVWSH
0x9a3c8	0x18009a3c8	.text	ascii	([_^A^A_]
0x9a3d2	0x18009a3d2	.text	ascii	fffff.
0x9a3e5	0x18009a3e5	.text	ascii	UAWAVVWSH
0x9a408	0x18009a408	.text	ascii	([_^A^A_]
0x9a412	0x18009a412	.text	ascii	fffff.
0x9a425	0x18009a425	.text	ascii	UAWAVVWSH
0x9a448	0x18009a448	.text	ascii	([_^A^A_]
0x9a452	0x18009a452	.text	ascii	fffff.
0x9a465	0x18009a465	.text	ascii	UAWAVVWSH
0x9a485	0x18009a485	.text	ascii	UAWAVVWSH
0x9a4a5	0x18009a4a5	.text	ascii	([_^A^A_]
0x9a4b5	0x18009a4b5	.text	ascii	UAWAVVWSH
0x9a4d8	0x18009a4d8	.text	ascii	([_^A^A_]
0x9a4e2	0x18009a4e2	.text	ascii	fffff.
0x9a4f5	0x18009a4f5	.text	ascii	UAWAVVWSH
0x9a518	0x18009a518	.text	ascii	([_^A^A_]
0x9a522	0x18009a522	.text	ascii	fffff.
0x9a535	0x18009a535	.text	ascii	UAWAVVWSH
0x9a558	0x18009a558	.text	ascii	([_^A^A_]
0x9a562	0x18009a562	.text	ascii	fffff.
0x9a575	0x18009a575	.text	ascii	UAWAVVWSH
0x9a598	0x18009a598	.text	ascii	([_^A^A_]
0x9a5a2	0x18009a5a2	.text	ascii	fffff.
0x9a5b5	0x18009a5b5	.text	ascii	UAWAVVWSH
0x9a5d5	0x18009a5d5	.text	ascii	UAWAVVWSH
0x9a5f8	0x18009a5f8	.text	ascii	([_^A^A_]
0x9a602	0x18009a602	.text	ascii	fffff.
0x9a615	0x18009a615	.text	ascii	UAWAVVWSH
0x9a630	0x18009a630	.text	ascii	AWAVAUATVWUSH
0x9a66d	0x18009a66d	.text	ascii	fr$z_7y
0x9a6fc	0x18009a6fc	.text	ascii	L$(L9
0x9a712	0x18009a712	.text	ascii	L$@H9
0x9a750	0x18009a750	.text	ascii	H[]_^A\A]A^A_
0x9a760	0x18009a760	.text	ascii	UAVVWSH
0x9a8a5	0x18009a8a5	.text	ascii	@[_^A^]
0x9a8b5	0x18009a8b5	.text	ascii	UAVVWSH
0x9a8ed	0x18009a8ed	.text	ascii	 [_^A^]
0x9a905	0x18009a905	.text	ascii	UAVVWSH
0x9a946	0x18009a946	.text	ascii	 [_^A^]
0x9a955	0x18009a955	.text	ascii	UAVVWSH
0x9a981	0x18009a981	.text	ascii	 [_^A^]
0x9ab74	0x18009ab74	.text	ascii	AhH;E
0x9ad70	0x18009ad70	.text	ascii	AWAVAUATVWUSH
0x9ae76	0x18009ae76	.text	ascii	L$(L9
0x9aee1	0x18009aee1	.text	ascii	|$<fH
0x9af93	0x18009af93	.text	ascii	H;D$hH
0x9b080	0x18009b080	.text	ascii	q,{H9
0x9b092	0x18009b092	.text	ascii	(U}wH9
0x9b0c6	0x18009b0c6	.text	ascii	|$<{H
0x9b148	0x18009b148	.text	ascii	|$<"H
0x9b1bd	0x18009b1bd	.text	ascii	 #"H9
0x9b1ca	0x18009b1ca	.text	ascii	|$<"H
0x9b301	0x18009b301	.text	ascii	|$<nH
0x9b377	0x18009b377	.text	ascii	#D$D;D$TH
0x9b46f	0x18009b46f	.text	ascii	%0<{+
0x9b548	0x18009b548	.text	ascii	q,{H9
0x9b5ff	0x18009b5ff	.text	ascii	|$<}H
0x9b675	0x18009b675	.text	ascii	#D$D;D$XH
0x9b6f0	0x18009b6f0	.text	ascii	|$<:H
0x9b74c	0x18009b74c	.text	ascii	|$<-H
0x9b7a8	0x18009b7a8	.text	ascii	|$<{H
0x9b804	0x18009b804	.text	ascii	|$<-H
0x9b93a	0x18009b93a	.text	ascii	^,znH
0x9b98c	0x18009b98c	.text	ascii	|$<:H
0x9ba7f	0x18009ba7f	.text	ascii	(U}wH9
0x9bc4b	0x18009bc4b	.text	ascii	#D$D;D$LH
0x9bc94	0x18009bc94	.text	ascii	#D$D;D$LH
0x9bcce	0x18009bcce	.text	ascii	|$<tH
0x9bcd4	0x18009bcd4	.text	ascii	*'-U@$
0x9bce2	0x18009bce2	.text	ascii	|C BH
0x9bd3c	0x18009bd3c	.text	ascii	|$<]H
0x9bd72	0x18009bd72	.text	ascii	|$<tH
0x9bdaf	0x18009bdaf	.text	ascii	#D$D;D$LH
0x9be3f	0x18009be3f	.text	ascii	|$<,H
0x9bf04	0x18009bf04	.text	ascii	IE!Ac
0x9bf12	0x18009bf12	.text	ascii	|$<}H
0x9bf90	0x18009bf90	.text	ascii	|$<[H
0x9bfb5	0x18009bfb5	.text	ascii	vJw(j}H
0x9c04f	0x18009c04f	.text	ascii	|$<nH
0x9c0ac	0x18009c0ac	.text	ascii	|$<]H
0x9c0b2	0x18009c0b2	.text	ascii	mo;$PZ@
0x9c105	0x18009c105	.text	ascii	|$<0H
0x9c142	0x18009c142	.text	ascii	#D$D;D$TH
0x9c17c	0x18009c17c	.text	ascii	|$<fH
0x9c1b9	0x18009c1b9	.text	ascii	#D$D;D$XH
0x9c2f2	0x18009c2f2	.text	ascii	F H;D$hH
0x9c3a6	0x18009c3a6	.text	ascii	H;D$hH
0x9c3dd	0x18009c3dd	.text	ascii	|$<[H
0x9c438	0x18009c438	.text	ascii	[]_^A\A]A^A_
0x9c450	0x18009c450	.text	ascii	AWAVAUATVWUSH
0x9c50d	0x18009c50d	.text	ascii	;D$LH
0x9c53e	0x18009c53e	.text	ascii	D$Pffffff.
0x9c56d	0x18009c56d	.text	ascii	L$0L9
0x9c76f	0x18009c76f	.text	ascii	|$@ H
0x9c83d	0x18009c83d	.text	ascii	D$t;D$LH
0x9c901	0x18009c901	.text	ascii	-| .$
0x9c919	0x18009c919	.text	ascii	jDEH9
0x9cc4c	0x18009cc4c	.text	ascii	D$l;D$HH
0x9ccc7	0x18009ccc7	.text	ascii	L$p;L$HH
0x9cdfd	0x18009cdfd	.text	ascii	|$@ H
0x9ce9c	0x18009ce9c	.text	ascii	;L$HH
0x9cf9f	0x18009cf9f	.text	ascii	[]_^A\A]A^A_
0x9cfc0	0x18009cfc0	.text	ascii	AWAVAUATVWUSH
0x9d08d	0x18009d08d	.text	ascii	L$8L9
0x9d0dd	0x18009d0dd	.text	ascii	|$H/H
0x9d227	0x18009d227	.text	ascii	8OH;L$Xt
0x9d253	0x18009d253	.text	ascii	ffff.
0x9d464	0x18009d464	.text	ascii	|$H/H
0x9d52b	0x18009d52b	.text	ascii	H;L$Xt
0x9d5f0	0x18009d5f0	.text	ascii	|$L*H
0x9d5f8	0x18009d5f8	.text	ascii	OY+2"
0x9d62d	0x18009d62d	.text	ascii	G^te?!
0x9d6d3	0x18009d6d3	.text	ascii	|$L*H
0x9d6e9	0x18009d6e9	.text	ascii	9Cw.H
0x9d761	0x18009d761	.text	ascii	|$H*H
0x9d7e1	0x18009d7e1	.text	ascii	[]_^A\A]A^A_
0x9d7f0	0x18009d7f0	.text	ascii	UAWAVAUATVWSH
0x9d9f3	0x18009d9f3	.text	ascii	E@H;VHt
0x9daf6	0x18009daf6	.text	ascii	V@H;VHt"
0x9db08	0x18009db08	.text	ascii	D;}tu+
0x9db13	0x18009db13	.text	ascii	ffff.
0x9dc91	0x18009dc91	.text	ascii	ffffff.
0x9e112	0x18009e112	.text	ascii	Ex#E8
0x9e7f5	0x18009e7f5	.text	ascii	[_^A\A]A^A_]
0x9eb55	0x18009eb55	.text	ascii	UAWAVAUATVWSH
0x9eb6e	0x18009eb6e	.text	ascii	)L$ D
0x9eb79	0x18009eb79	.text	ascii	)|$@f
0x9eb90	0x18009eb90	.text	ascii	UAVVWSH
0x9ecda	0x18009ecda	.text	ascii	H;VHt
0x9f061	0x18009f061	.text	ascii	ffffff.
0x9f090	0x18009f090	.text	ascii	V@H;VHt
0x9f382	0x18009f382	.text	ascii	F(H;E
0x9f38c	0x18009f38c	.text	ascii	F0H;E
0x9f443	0x18009f443	.text	ascii	FhH;E
0x9f46d	0x18009f46d	.text	ascii	[_^A^]
0x9f485	0x18009f485	.text	ascii	UAVVWSH
0x9f4a0	0x18009f4a0	.text	ascii	AWAVAUATVWUSH
0x9f5ad	0x18009f5ad	.text	ascii	L$ L9
0x9f64f	0x18009f64f	.text	ascii	;D$@H
0x9f70d	0x18009f70d	.text	ascii	J,.N,0H9
0x9f73d	0x18009f73d	.text	ascii	L$p;D$4H
0x9f820	0x18009f820	.text	ascii	P8;D$4H
0x9f872	0x18009f872	.text	ascii	(6yAU
0x9f9b1	0x18009f9b1	.text	ascii	D$PH;FHH
0x9fad7	0x18009fad7	.text	ascii	[]_^A\A]A^A_
0x9fb00	0x18009fb00	.text	ascii	AWAVAUATVWUSH
0x9fb41	0x18009fb41	.text	ascii	38: bP
0x9fb7f	0x18009fb7f	.text	ascii	D$@H;
0x9fbdd	0x18009fbdd	.text	ascii	L$0L9
0x9fc14	0x18009fc14	.text	ascii	D$hI)
0x9fc39	0x18009fc39	.text	ascii	KX[~H
0x9fcbb	0x18009fcbb	.text	ascii	D$hI)
0x9fcd3	0x18009fcd3	.text	ascii	L+D$hL
0x9fdaf	0x18009fdaf	.text	ascii	L$PH1
0x9fdd2	0x18009fdd2	.text	ascii	fffff.
0x9fe81	0x18009fe81	.text	ascii	H9D$@H
0x9ffc8	0x18009ffc8	.text	ascii	H;L$PH
0xa00e8	0x1800a00e8	.text	ascii	D$@H;D$xH
0xa0189	0x1800a0189	.text	ascii	&D!(Z
0xa01b6	0x1800a01b6	.text	ascii	H;D$xH
0xa022a	0x1800a022a	.text	ascii	D$`H;
0xa0316	0x1800a0316	.text	ascii	[]_^A\A]A^A_
0xa0330	0x1800a0330	.text	ascii	AWAVAUATVWUSH
0xa03f8	0x1800a03f8	.text	ascii	L$`H9
0xa0440	0x1800a0440	.text	ascii	L$0L9
0xa04b8	0x1800a04b8	.text	ascii	L$HH9T$`v
0xa051a	0x1800a051a	.text	ascii	h[]_^A\A]A^A_
0xa0530	0x1800a0530	.text	ascii	AWAVAUATVWUSH
0xa05b1	0x1800a05b1	.text	ascii	D$D;D$<H
0xa060d	0x1800a060d	.text	ascii	L$(H9
0xa0682	0x1800a0682	.text	ascii	fffff.
0xa06a9	0x1800a06a9	.text	ascii	/qJH9
0xa0701	0x1800a0701	.text	ascii	ffffff.
0xa08d5	0x1800a08d5	.text	ascii	D$P;D$TH
0xa0933	0x1800a0933	.text	ascii	D$\;D$<H
0xa09e2	0x1800a09e2	.text	ascii	D$\;D$<H
0xa0a47	0x1800a0a47	.text	ascii	D$P;D$TH
0xa0aae	0x1800a0aae	.text	ascii	D$\;D$<H
0xa0b6f	0x1800a0b6f	.text	ascii	D$P;D$TH
0xa0bb0	0x1800a0bb0	.text	ascii	D$\;D$<H
0xa0bed	0x1800a0bed	.text	ascii	D$D;D$<H
0xa0c32	0x1800a0c32	.text	ascii	{2!"H
0xa0c4f	0x1800a0c4f	.text	ascii	D$D;D$<H
0xa0cba	0x1800a0cba	.text	ascii	D$P;D$TH
0xa0cc5	0x1800a0cc5	.text	ascii	L@/'V
0xa0cfb	0x1800a0cfb	.text	ascii	D$D;D$<H
0xa0d50	0x1800a0d50	.text	ascii	[]_^A\A]A^A_
0xa0d60	0x1800a0d60	.text	ascii	AWAVAUATVWUSH
0xa0e3d	0x1800a0e3d	.text	ascii	L$0L9
0xa0ea1	0x1800a0ea1	.text	ascii	H;L$`H
0xa117d	0x1800a117d	.text	ascii	H;L$`H
0xa12ad	0x1800a12ad	.text	ascii	L$D;H
0xa1303	0x1800a1303	.text	ascii	[]_^A\A]A^A_
0xa1310	0x1800a1310	.text	ascii	UVWSH
0xa1369	0x1800a1369	.text	ascii	6z!-)
0xa1456	0x1800a1456	.text	ascii	H;U H
0xa14e2	0x1800a14e2	.text	ascii	H;E H
0xa1580	0x1800a1580	.text	ascii	H;u t
0xa15c5	0x1800a15c5	.text	ascii	UVWSH
0xa1603	0x1800a1603	.text	ascii	([_^]
0xa1615	0x1800a1615	.text	ascii	UVWSH
0xa165c	0x1800a165c	.text	ascii	([_^]
0xa1662	0x1800a1662	.text	ascii	fffff.
0xa1675	0x1800a1675	.text	ascii	UVWSH
0xa16bd	0x1800a16bd	.text	ascii	([_^]
0xa16d0	0x1800a16d0	.text	ascii	UAWAVAUATVWSH
0xa17ed	0x1800a17ed	.text	ascii	9R@ZH
0xa1983	0x1800a1983	.text	ascii	ffff.
0xa1b7c	0x1800a1b7c	.text	ascii	G@;EL
0xa1dff	0x1800a1dff	.text	ascii	G@;E\
0xa21fb	0x1800a21fb	.text	ascii	[_^A\A]A^A_]
0xa2b65	0x1800a2b65	.text	ascii	UAWAVAUATVWSH
0xa2b7e	0x1800a2b7e	.text	ascii	)t$ H
0xa2b90	0x1800a2b90	.text	ascii	(t$ H
0xa2b97	0x1800a2b97	.text	ascii	8[_^A\A]A^A_]
0xa2bb5	0x1800a2bb5	.text	ascii	UAWAVAUATVWSH
0xa2bce	0x1800a2bce	.text	ascii	)t$ H
0xa2bdd	0x1800a2bdd	.text	ascii	(t$ H
0xa2be4	0x1800a2be4	.text	ascii	8[_^A\A]A^A_]
0xa2bf2	0x1800a2bf2	.text	ascii	fffff.
0xa2c05	0x1800a2c05	.text	ascii	UAWAVAUATVWSH
0xa2c1e	0x1800a2c1e	.text	ascii	)t$ H
0xa2c2f	0x1800a2c2f	.text	ascii	(t$ H
0xa2c36	0x1800a2c36	.text	ascii	8[_^A\A]A^A_]
0xa2c55	0x1800a2c55	.text	ascii	UAWAVAUATVWSH
0xa2c6e	0x1800a2c6e	.text	ascii	)t$ H
0xa2c80	0x1800a2c80	.text	ascii	(t$ H
0xa2c87	0x1800a2c87	.text	ascii	8[_^A\A]A^A_]
0xa2ca5	0x1800a2ca5	.text	ascii	UAWAVAUATVWSH
0xa2cbe	0x1800a2cbe	.text	ascii	)t$ H
0xa2cd0	0x1800a2cd0	.text	ascii	(t$ H
0xa2cd7	0x1800a2cd7	.text	ascii	8[_^A\A]A^A_]
0xa2cf5	0x1800a2cf5	.text	ascii	UAWAVAUATVWSH
0xa2d0e	0x1800a2d0e	.text	ascii	)t$ H
0xa2d1d	0x1800a2d1d	.text	ascii	(t$ H
0xa2d24	0x1800a2d24	.text	ascii	8[_^A\A]A^A_]
0xa2d32	0x1800a2d32	.text	ascii	fffff.
0xa2d45	0x1800a2d45	.text	ascii	UAWAVAUATVWSH
0xa2d5e	0x1800a2d5e	.text	ascii	)t$ H
0xa2d70	0x1800a2d70	.text	ascii	(t$ H
0xa2d77	0x1800a2d77	.text	ascii	8[_^A\A]A^A_]
0xa2d95	0x1800a2d95	.text	ascii	UAWAVAUATVWSH
0xa2dae	0x1800a2dae	.text	ascii	)t$ H
0xa2dc0	0x1800a2dc0	.text	ascii	(t$ H
0xa2dc7	0x1800a2dc7	.text	ascii	8[_^A\A]A^A_]
0xa2de5	0x1800a2de5	.text	ascii	UAWAVAUATVWSH
0xa2dfe	0x1800a2dfe	.text	ascii	)t$ H
0xa2e10	0x1800a2e10	.text	ascii	(t$ H
0xa2e17	0x1800a2e17	.text	ascii	8[_^A\A]A^A_]
0xa2e35	0x1800a2e35	.text	ascii	UAWAVAUATVWSH
0xa2e4e	0x1800a2e4e	.text	ascii	)t$ H
0xa2e5d	0x1800a2e5d	.text	ascii	(t$ H
0xa2e64	0x1800a2e64	.text	ascii	8[_^A\A]A^A_]
0xa2e72	0x1800a2e72	.text	ascii	fffff.
0xa2e85	0x1800a2e85	.text	ascii	UAWAVAUATVWSH
0xa2e9e	0x1800a2e9e	.text	ascii	)t$ H
0xa2eaf	0x1800a2eaf	.text	ascii	(t$ H
0xa2eb6	0x1800a2eb6	.text	ascii	8[_^A\A]A^A_]
0xa2ed5	0x1800a2ed5	.text	ascii	UAWAVAUATVWSH
0xa2eee	0x1800a2eee	.text	ascii	)t$ H
0xa2efd	0x1800a2efd	.text	ascii	(t$ H
0xa2f04	0x1800a2f04	.text	ascii	8[_^A\A]A^A_]
0xa2f12	0x1800a2f12	.text	ascii	fffff.
0xa2f25	0x1800a2f25	.text	ascii	UAWAVAUATVWSH
0xa2f3e	0x1800a2f3e	.text	ascii	)t$ H
0xa2f4d	0x1800a2f4d	.text	ascii	(t$ H
0xa2f54	0x1800a2f54	.text	ascii	8[_^A\A]A^A_]
0xa2f62	0x1800a2f62	.text	ascii	fffff.
0xa2f75	0x1800a2f75	.text	ascii	UAWAVAUATVWSH
0xa2f8e	0x1800a2f8e	.text	ascii	)t$ H
0xa2fa0	0x1800a2fa0	.text	ascii	(t$ H
0xa2fa7	0x1800a2fa7	.text	ascii	8[_^A\A]A^A_]
0xa2fc5	0x1800a2fc5	.text	ascii	UAWAVAUATVWSH
0xa2fde	0x1800a2fde	.text	ascii	)t$ H
0xa2ff0	0x1800a2ff0	.text	ascii	(t$ H
0xa2ff7	0x1800a2ff7	.text	ascii	8[_^A\A]A^A_]
0xa3015	0x1800a3015	.text	ascii	UAWAVAUATVWSH
0xa302e	0x1800a302e	.text	ascii	)t$ H
0xa3040	0x1800a3040	.text	ascii	(t$ H
0xa3047	0x1800a3047	.text	ascii	8[_^A\A]A^A_]
0xa3065	0x1800a3065	.text	ascii	UAWAVAUATVWSH
0xa307e	0x1800a307e	.text	ascii	)t$ H
0xa308f	0x1800a308f	.text	ascii	(t$ H
0xa3096	0x1800a3096	.text	ascii	8[_^A\A]A^A_]
0xa30b5	0x1800a30b5	.text	ascii	UAWAVAUATVWSH
0xa30ce	0x1800a30ce	.text	ascii	)t$ H
0xa30e0	0x1800a30e0	.text	ascii	(t$ H
0xa30e7	0x1800a30e7	.text	ascii	8[_^A\A]A^A_]
0xa3105	0x1800a3105	.text	ascii	UAWAVAUATVWSH
0xa311e	0x1800a311e	.text	ascii	)t$ H
0xa3130	0x1800a3130	.text	ascii	(t$ H
0xa3137	0x1800a3137	.text	ascii	8[_^A\A]A^A_]
0xa3155	0x1800a3155	.text	ascii	UAWAVAUATVWSH
0xa316e	0x1800a316e	.text	ascii	)t$ H
0xa317d	0x1800a317d	.text	ascii	(t$ H
0xa3184	0x1800a3184	.text	ascii	8[_^A\A]A^A_]
0xa3192	0x1800a3192	.text	ascii	fffff.
0xa31a5	0x1800a31a5	.text	ascii	UAWAVAUATVWSH
0xa31be	0x1800a31be	.text	ascii	)t$ H
0xa31d0	0x1800a31d0	.text	ascii	(t$ H
0xa31d7	0x1800a31d7	.text	ascii	8[_^A\A]A^A_]
0xa31f5	0x1800a31f5	.text	ascii	UAWAVAUATVWSH
0xa320e	0x1800a320e	.text	ascii	)t$ H
0xa321d	0x1800a321d	.text	ascii	(t$ H
0xa3224	0x1800a3224	.text	ascii	8[_^A\A]A^A_]
0xa3232	0x1800a3232	.text	ascii	fffff.
0xa3245	0x1800a3245	.text	ascii	UAWAVAUATVWSH
0xa325e	0x1800a325e	.text	ascii	)t$ H
0xa3270	0x1800a3270	.text	ascii	(t$ H
0xa3277	0x1800a3277	.text	ascii	8[_^A\A]A^A_]
0xa3295	0x1800a3295	.text	ascii	UAWAVAUATVWSH
0xa32ae	0x1800a32ae	.text	ascii	)t$ H
0xa32c0	0x1800a32c0	.text	ascii	(t$ H
0xa32c7	0x1800a32c7	.text	ascii	8[_^A\A]A^A_]
0xa32e5	0x1800a32e5	.text	ascii	UAWAVAUATVWSH
0xa32fe	0x1800a32fe	.text	ascii	)t$ H
0xa330f	0x1800a330f	.text	ascii	(t$ H
0xa3316	0x1800a3316	.text	ascii	8[_^A\A]A^A_]
0xa3335	0x1800a3335	.text	ascii	UAWAVAUATVWSH
0xa334e	0x1800a334e	.text	ascii	)t$ H
0xa3360	0x1800a3360	.text	ascii	(t$ H
0xa3367	0x1800a3367	.text	ascii	8[_^A\A]A^A_]
0xa3385	0x1800a3385	.text	ascii	UAWAVAUATVWSH
0xa339e	0x1800a339e	.text	ascii	)t$ H
0xa33b0	0x1800a33b0	.text	ascii	(t$ H
0xa33b7	0x1800a33b7	.text	ascii	8[_^A\A]A^A_]
0xa33d5	0x1800a33d5	.text	ascii	UAWAVAUATVWSH
0xa33ee	0x1800a33ee	.text	ascii	)t$ H
0xa33fd	0x1800a33fd	.text	ascii	(t$ H
0xa3404	0x1800a3404	.text	ascii	8[_^A\A]A^A_]
0xa3412	0x1800a3412	.text	ascii	fffff.
0xa3425	0x1800a3425	.text	ascii	UAWAVAUATVWSH
0xa343e	0x1800a343e	.text	ascii	)t$ H
0xa344d	0x1800a344d	.text	ascii	(t$ H
0xa3454	0x1800a3454	.text	ascii	8[_^A\A]A^A_]
0xa3462	0x1800a3462	.text	ascii	fffff.
0xa3475	0x1800a3475	.text	ascii	UAWAVAUATVWSH
0xa348e	0x1800a348e	.text	ascii	)t$ H
0xa349f	0x1800a349f	.text	ascii	(t$ H
0xa34a6	0x1800a34a6	.text	ascii	8[_^A\A]A^A_]
0xa34c5	0x1800a34c5	.text	ascii	UAWAVAUATVWSH
0xa34de	0x1800a34de	.text	ascii	)t$ H
0xa34f0	0x1800a34f0	.text	ascii	(t$ H
0xa34f7	0x1800a34f7	.text	ascii	8[_^A\A]A^A_]
0xa3515	0x1800a3515	.text	ascii	UAWAVAUATVWSH
0xa352e	0x1800a352e	.text	ascii	)t$ H
0xa3540	0x1800a3540	.text	ascii	(t$ H
0xa3547	0x1800a3547	.text	ascii	8[_^A\A]A^A_]
0xa3565	0x1800a3565	.text	ascii	UAWAVAUATVWSH
0xa357e	0x1800a357e	.text	ascii	)t$ H
0xa358f	0x1800a358f	.text	ascii	(t$ H
0xa3596	0x1800a3596	.text	ascii	8[_^A\A]A^A_]
0xa35b5	0x1800a35b5	.text	ascii	UAWAVAUATVWSH
0xa35ce	0x1800a35ce	.text	ascii	)t$ H
0xa35e0	0x1800a35e0	.text	ascii	(t$ H
0xa35e7	0x1800a35e7	.text	ascii	8[_^A\A]A^A_]
0xa3605	0x1800a3605	.text	ascii	UAWAVAUATVWSH
0xa361e	0x1800a361e	.text	ascii	)t$ H
0xa362f	0x1800a362f	.text	ascii	(t$ H
0xa3636	0x1800a3636	.text	ascii	8[_^A\A]A^A_]
0xa3655	0x1800a3655	.text	ascii	UAWAVAUATVWSH
0xa366e	0x1800a366e	.text	ascii	)t$ H
0xa3680	0x1800a3680	.text	ascii	(t$ H
0xa3687	0x1800a3687	.text	ascii	8[_^A\A]A^A_]
0xa36a5	0x1800a36a5	.text	ascii	UAWAVAUATVWSH
0xa36be	0x1800a36be	.text	ascii	)t$ H
0xa36d0	0x1800a36d0	.text	ascii	(t$ H
0xa36d7	0x1800a36d7	.text	ascii	8[_^A\A]A^A_]
0xa36f5	0x1800a36f5	.text	ascii	UAWAVAUATVWSH
0xa370e	0x1800a370e	.text	ascii	)t$ H
0xa371d	0x1800a371d	.text	ascii	(t$ H
0xa3724	0x1800a3724	.text	ascii	8[_^A\A]A^A_]
0xa3732	0x1800a3732	.text	ascii	fffff.
0xa3745	0x1800a3745	.text	ascii	UAWAVAUATVWSH
0xa375e	0x1800a375e	.text	ascii	)t$ H
0xa376d	0x1800a376d	.text	ascii	(t$ H
0xa3774	0x1800a3774	.text	ascii	8[_^A\A]A^A_]
0xa3782	0x1800a3782	.text	ascii	fffff.
0xa3795	0x1800a3795	.text	ascii	UAWAVAUATVWSH
0xa37ae	0x1800a37ae	.text	ascii	)t$ H
0xa37c0	0x1800a37c0	.text	ascii	(t$ H
0xa37c7	0x1800a37c7	.text	ascii	8[_^A\A]A^A_]
0xa37e5	0x1800a37e5	.text	ascii	UAWAVAUATVWSH
0xa37fe	0x1800a37fe	.text	ascii	)t$ H
0xa3810	0x1800a3810	.text	ascii	(t$ H
0xa3817	0x1800a3817	.text	ascii	8[_^A\A]A^A_]
0xa3835	0x1800a3835	.text	ascii	UAWAVAUATVWSH
0xa384e	0x1800a384e	.text	ascii	)t$ H
0xa3860	0x1800a3860	.text	ascii	(t$ H
0xa3867	0x1800a3867	.text	ascii	8[_^A\A]A^A_]
0xa3885	0x1800a3885	.text	ascii	UAWAVAUATVWSH
0xa389e	0x1800a389e	.text	ascii	)t$ H
0xa38b0	0x1800a38b0	.text	ascii	(t$ H
0xa38b7	0x1800a38b7	.text	ascii	8[_^A\A]A^A_]
0xa38d5	0x1800a38d5	.text	ascii	UAWAVAUATVWSH
0xa38ee	0x1800a38ee	.text	ascii	)t$ H
0xa38fc	0x1800a38fc	.text	ascii	(t$ H
0xa3903	0x1800a3903	.text	ascii	8[_^A\A]A^A_]
0xa3920	0x1800a3920	.text	ascii	AWAVVWSH
0xa39a2	0x1800a39a2	.text	ascii	2ffff.
0xa39f2	0x1800a39f2	.text	ascii	t$(H9
0xa3a25	0x1800a3a25	.text	ascii	D$xH1
0xa3a40	0x1800a3a40	.text	ascii	[_^A^A_
0xa3a4a	0x1800a3a4a	.text	ascii	L$xH1
0xa3a60	0x1800a3a60	.text	ascii	UAWAVATVWSH
0xa3e9f	0x1800a3e9f	.text	ascii	H;Mhs'H
0xa3ec1	0x1800a3ec1	.text	ascii	[_^A\A^A_]
0xa3ef5	0x1800a3ef5	.text	ascii	UAWAVATVWSH
0xa3f1f	0x1800a3f1f	.text	ascii	@[_^A\A^A_]
0xa3f35	0x1800a3f35	.text	ascii	UAWAVATVWSH
0xa3f57	0x1800a3f57	.text	ascii	@[_^A\A^A_]
0xa3f63	0x1800a3f63	.text	ascii	ffff.
0xa3f75	0x1800a3f75	.text	ascii	UAWAVATVWSH
0xa3fa0	0x1800a3fa0	.text	ascii	@[_^A\A^A_]
0xa3fb0	0x1800a3fb0	.text	ascii	UAWAVATVWSH
0xa3fda	0x1800a3fda	.text	ascii	wZf/o
0xa4120	0x1800a4120	.text	ascii	H;U0H
0xa415b	0x1800a415b	.text	ascii	UHH;UHv
0xa41c1	0x1800a41c1	.text	ascii	E(H;EHv
0xa41fa	0x1800a41fa	.text	ascii	E(H;EHL
0xa4213	0x1800a4213	.text	ascii	H;EHv
0xa4231	0x1800a4231	.text	ascii	E(H;EHL
0xa4239	0x1800a4239	.text	ascii	e8v5H
0xa42e4	0x1800a42e4	.text	ascii	H;MHv
0xa4399	0x1800a4399	.text	ascii	E(H;EHv
0xa43d6	0x1800a43d6	.text	ascii	E(H;EH
0xa447e	0x1800a447e	.text	ascii	E(H;EHv
0xa44b7	0x1800a44b7	.text	ascii	E(H;EHw:
0xa44cf	0x1800a44cf	.text	ascii	H;EHv
0xa44ed	0x1800a44ed	.text	ascii	E(H;EH
0xa451e	0x1800a451e	.text	ascii	H;EHv
0xa453c	0x1800a453c	.text	ascii	E(H;EHv5H
0xa4594	0x1800a4594	.text	ascii	H;EHv5H
0xa45d1	0x1800a45d1	.text	ascii	E8;u@
0xa4680	0x1800a4680	.text	ascii	E(H;EHv
0xa46b9	0x1800a46b9	.text	ascii	E(H;EHw2
0xa46ce	0x1800a46ce	.text	ascii	H;EHv
0xa46eb	0x1800a46eb	.text	ascii	E(H;EHv1H
0xa472f	0x1800a472f	.text	ascii	[_^A\A^A_]
0xa4765	0x1800a4765	.text	ascii	UAWAVATVWSH
0xa4787	0x1800a4787	.text	ascii	0[_^A\A^A_]
0xa4793	0x1800a4793	.text	ascii	ffff.
0xa47a5	0x1800a47a5	.text	ascii	UAWAVATVWSH
0xa47c7	0x1800a47c7	.text	ascii	0[_^A\A^A_]
0xa47d3	0x1800a47d3	.text	ascii	ffff.
0xa47e5	0x1800a47e5	.text	ascii	UAWAVATVWSH
0xa4807	0x1800a4807	.text	ascii	0[_^A\A^A_]
0xa4813	0x1800a4813	.text	ascii	ffff.
0xa4825	0x1800a4825	.text	ascii	UAWAVATVWSH
0xa4847	0x1800a4847	.text	ascii	0[_^A\A^A_]
0xa4853	0x1800a4853	.text	ascii	ffff.
0xa4865	0x1800a4865	.text	ascii	UAWAVATVWSH
0xa4887	0x1800a4887	.text	ascii	0[_^A\A^A_]
0xa4893	0x1800a4893	.text	ascii	ffff.
0xa48a5	0x1800a48a5	.text	ascii	UAWAVATVWSH
0xa48c7	0x1800a48c7	.text	ascii	0[_^A\A^A_]
0xa48d3	0x1800a48d3	.text	ascii	ffff.
0xa48e5	0x1800a48e5	.text	ascii	UAWAVATVWSH
0xa4907	0x1800a4907	.text	ascii	0[_^A\A^A_]
0xa4920	0x1800a4920	.text	ascii	UAWAVAUATVWSH
0xa4a83	0x1800a4a83	.text	ascii	ffff.
0xa4af1	0x1800a4af1	.text	ascii	ffffff.
0xa4b18	0x1800a4b18	.text	ascii	h[_^A\A]A^A_]
0xa4b35	0x1800a4b35	.text	ascii	UAWAVAUATVWSH
0xa4b56	0x1800a4b56	.text	ascii	([_^A\A]A^A_]
0xa4d90	0x1800a4d90	.text	ascii	UAWAVAUATVWSH
0xa5001	0x1800a5001	.text	ascii	ffffff.
0xa5483	0x1800a5483	.text	ascii	ffff.
0xa58e5	0x1800a58e5	.text	ascii	[_^A\A]A^A_]
0xa6245	0x1800a6245	.text	ascii	UAWAVAUATVWSH
0xa625e	0x1800a625e	.text	ascii	)t$ H
0xa6270	0x1800a6270	.text	ascii	(t$ H
0xa6277	0x1800a6277	.text	ascii	8[_^A\A]A^A_]
0xa6295	0x1800a6295	.text	ascii	UAWAVAUATVWSH
0xa62ae	0x1800a62ae	.text	ascii	)t$ H
0xa62bd	0x1800a62bd	.text	ascii	(t$ H
0xa62c4	0x1800a62c4	.text	ascii	8[_^A\A]A^A_]
0xa62d2	0x1800a62d2	.text	ascii	fffff.
0xa62e5	0x1800a62e5	.text	ascii	UAWAVAUATVWSH
0xa62fe	0x1800a62fe	.text	ascii	)t$ H
0xa630c	0x1800a630c	.text	ascii	(t$ H
0xa6313	0x1800a6313	.text	ascii	8[_^A\A]A^A_]
0xa6321	0x1800a6321	.text	ascii	ffffff.
0xa6335	0x1800a6335	.text	ascii	UAWAVAUATVWSH
0xa634e	0x1800a634e	.text	ascii	)t$ H
0xa6360	0x1800a6360	.text	ascii	(t$ H
0xa6367	0x1800a6367	.text	ascii	8[_^A\A]A^A_]
0xa6385	0x1800a6385	.text	ascii	UAWAVAUATVWSH
0xa639e	0x1800a639e	.text	ascii	)t$ H
0xa63b0	0x1800a63b0	.text	ascii	(t$ H
0xa63b7	0x1800a63b7	.text	ascii	8[_^A\A]A^A_]
0xa63d5	0x1800a63d5	.text	ascii	UAWAVAUATVWSH
0xa63ee	0x1800a63ee	.text	ascii	)t$ H
0xa63fd	0x1800a63fd	.text	ascii	(t$ H
0xa6404	0x1800a6404	.text	ascii	8[_^A\A]A^A_]
0xa6412	0x1800a6412	.text	ascii	fffff.
0xa6425	0x1800a6425	.text	ascii	UAWAVAUATVWSH
0xa643e	0x1800a643e	.text	ascii	)t$ H
0xa6450	0x1800a6450	.text	ascii	(t$ H
0xa6457	0x1800a6457	.text	ascii	8[_^A\A]A^A_]
0xa6475	0x1800a6475	.text	ascii	UAWAVAUATVWSH
0xa648e	0x1800a648e	.text	ascii	)t$ H
0xa64a0	0x1800a64a0	.text	ascii	(t$ H
0xa64a7	0x1800a64a7	.text	ascii	8[_^A\A]A^A_]
0xa64c5	0x1800a64c5	.text	ascii	UAWAVAUATVWSH
0xa64de	0x1800a64de	.text	ascii	)t$ H
0xa64ed	0x1800a64ed	.text	ascii	(t$ H
0xa64f4	0x1800a64f4	.text	ascii	8[_^A\A]A^A_]
0xa6502	0x1800a6502	.text	ascii	fffff.
0xa6515	0x1800a6515	.text	ascii	UAWAVAUATVWSH
0xa652e	0x1800a652e	.text	ascii	)t$ H
0xa653d	0x1800a653d	.text	ascii	(t$ H
0xa6544	0x1800a6544	.text	ascii	8[_^A\A]A^A_]
0xa6552	0x1800a6552	.text	ascii	fffff.
0xa6565	0x1800a6565	.text	ascii	UAWAVAUATVWSH
0xa657e	0x1800a657e	.text	ascii	)t$ H
0xa658f	0x1800a658f	.text	ascii	(t$ H
0xa6596	0x1800a6596	.text	ascii	8[_^A\A]A^A_]
0xa65b5	0x1800a65b5	.text	ascii	UAWAVAUATVWSH
0xa65ce	0x1800a65ce	.text	ascii	)t$ H
0xa65dd	0x1800a65dd	.text	ascii	(t$ H
0xa65e4	0x1800a65e4	.text	ascii	8[_^A\A]A^A_]
0xa65f2	0x1800a65f2	.text	ascii	fffff.
0xa6605	0x1800a6605	.text	ascii	UAWAVAUATVWSH
0xa661e	0x1800a661e	.text	ascii	)t$ H
0xa662d	0x1800a662d	.text	ascii	(t$ H
0xa6634	0x1800a6634	.text	ascii	8[_^A\A]A^A_]
0xa6642	0x1800a6642	.text	ascii	fffff.
0xa6655	0x1800a6655	.text	ascii	UAWAVAUATVWSH
0xa666e	0x1800a666e	.text	ascii	)t$ H
0xa667d	0x1800a667d	.text	ascii	(t$ H
0xa6684	0x1800a6684	.text	ascii	8[_^A\A]A^A_]
0xa6692	0x1800a6692	.text	ascii	fffff.
0xa66a5	0x1800a66a5	.text	ascii	UAWAVAUATVWSH
0xa66be	0x1800a66be	.text	ascii	)t$ H
0xa66cd	0x1800a66cd	.text	ascii	(t$ H
0xa66d4	0x1800a66d4	.text	ascii	8[_^A\A]A^A_]
0xa66e2	0x1800a66e2	.text	ascii	fffff.
0xa66f5	0x1800a66f5	.text	ascii	UAWAVAUATVWSH
0xa670e	0x1800a670e	.text	ascii	)t$ H
0xa671d	0x1800a671d	.text	ascii	(t$ H
0xa6724	0x1800a6724	.text	ascii	8[_^A\A]A^A_]
0xa6732	0x1800a6732	.text	ascii	fffff.
0xa6745	0x1800a6745	.text	ascii	UAWAVAUATVWSH
0xa675e	0x1800a675e	.text	ascii	)t$ H
0xa676f	0x1800a676f	.text	ascii	(t$ H
0xa6776	0x1800a6776	.text	ascii	8[_^A\A]A^A_]
0xa6795	0x1800a6795	.text	ascii	UAWAVAUATVWSH
0xa67ae	0x1800a67ae	.text	ascii	)t$ H
0xa67c0	0x1800a67c0	.text	ascii	(t$ H
0xa67c7	0x1800a67c7	.text	ascii	8[_^A\A]A^A_]
0xa67e5	0x1800a67e5	.text	ascii	UAWAVAUATVWSH
0xa67fe	0x1800a67fe	.text	ascii	)t$ H
0xa6810	0x1800a6810	.text	ascii	(t$ H
0xa6817	0x1800a6817	.text	ascii	8[_^A\A]A^A_]
0xa6835	0x1800a6835	.text	ascii	UAWAVAUATVWSH
0xa684e	0x1800a684e	.text	ascii	)t$ H
0xa6860	0x1800a6860	.text	ascii	(t$ H
0xa6867	0x1800a6867	.text	ascii	8[_^A\A]A^A_]
0xa6885	0x1800a6885	.text	ascii	UAWAVAUATVWSH
0xa689e	0x1800a689e	.text	ascii	)t$ H
0xa68ad	0x1800a68ad	.text	ascii	(t$ H
0xa68b4	0x1800a68b4	.text	ascii	8[_^A\A]A^A_]
0xa68c2	0x1800a68c2	.text	ascii	fffff.
0xa68d5	0x1800a68d5	.text	ascii	UAWAVAUATVWSH
0xa68ee	0x1800a68ee	.text	ascii	)t$ H
0xa6900	0x1800a6900	.text	ascii	(t$ H
0xa6907	0x1800a6907	.text	ascii	8[_^A\A]A^A_]
0xa6925	0x1800a6925	.text	ascii	UAWAVAUATVWSH
0xa693e	0x1800a693e	.text	ascii	)t$ H
0xa6950	0x1800a6950	.text	ascii	(t$ H
0xa6957	0x1800a6957	.text	ascii	8[_^A\A]A^A_]
0xa6975	0x1800a6975	.text	ascii	UAWAVAUATVWSH
0xa698e	0x1800a698e	.text	ascii	)t$ H
0xa69a0	0x1800a69a0	.text	ascii	(t$ H
0xa69a7	0x1800a69a7	.text	ascii	8[_^A\A]A^A_]
0xa69c5	0x1800a69c5	.text	ascii	UAWAVAUATVWSH
0xa69de	0x1800a69de	.text	ascii	)t$ H
0xa69ef	0x1800a69ef	.text	ascii	(t$ H
0xa69f6	0x1800a69f6	.text	ascii	8[_^A\A]A^A_]
0xa6a15	0x1800a6a15	.text	ascii	UAWAVAUATVWSH
0xa6a2e	0x1800a6a2e	.text	ascii	)t$ H
0xa6a3d	0x1800a6a3d	.text	ascii	(t$ H
0xa6a44	0x1800a6a44	.text	ascii	8[_^A\A]A^A_]
0xa6a52	0x1800a6a52	.text	ascii	fffff.
0xa6a65	0x1800a6a65	.text	ascii	UAWAVAUATVWSH
0xa6a7e	0x1800a6a7e	.text	ascii	)t$ H
0xa6a90	0x1800a6a90	.text	ascii	(t$ H
0xa6a97	0x1800a6a97	.text	ascii	8[_^A\A]A^A_]
0xa6ab5	0x1800a6ab5	.text	ascii	UAWAVAUATVWSH
0xa6ace	0x1800a6ace	.text	ascii	)t$ H
0xa6ae0	0x1800a6ae0	.text	ascii	(t$ H
0xa6ae7	0x1800a6ae7	.text	ascii	8[_^A\A]A^A_]
0xa6b05	0x1800a6b05	.text	ascii	UAWAVAUATVWSH
0xa6b1e	0x1800a6b1e	.text	ascii	)t$ H
0xa6b2d	0x1800a6b2d	.text	ascii	(t$ H
0xa6b34	0x1800a6b34	.text	ascii	8[_^A\A]A^A_]
0xa6b42	0x1800a6b42	.text	ascii	fffff.
0xa6b55	0x1800a6b55	.text	ascii	UAWAVAUATVWSH
0xa6b6e	0x1800a6b6e	.text	ascii	)t$ H
0xa6b7f	0x1800a6b7f	.text	ascii	(t$ H
0xa6b86	0x1800a6b86	.text	ascii	8[_^A\A]A^A_]
0xa6ba5	0x1800a6ba5	.text	ascii	UAWAVAUATVWSH
0xa6bbe	0x1800a6bbe	.text	ascii	)t$ H
0xa6bcd	0x1800a6bcd	.text	ascii	(t$ H
0xa6bd4	0x1800a6bd4	.text	ascii	8[_^A\A]A^A_]
0xa6be2	0x1800a6be2	.text	ascii	fffff.
0xa6bf5	0x1800a6bf5	.text	ascii	UAWAVAUATVWSH
0xa6c0e	0x1800a6c0e	.text	ascii	)t$ H
0xa6c1d	0x1800a6c1d	.text	ascii	(t$ H
0xa6c24	0x1800a6c24	.text	ascii	8[_^A\A]A^A_]
0xa6c32	0x1800a6c32	.text	ascii	fffff.
0xa6c45	0x1800a6c45	.text	ascii	UAWAVAUATVWSH
0xa6c5e	0x1800a6c5e	.text	ascii	)t$ H
0xa6c6f	0x1800a6c6f	.text	ascii	(t$ H
0xa6c76	0x1800a6c76	.text	ascii	8[_^A\A]A^A_]
0xa6c95	0x1800a6c95	.text	ascii	UAWAVAUATVWSH
0xa6cae	0x1800a6cae	.text	ascii	)t$ H
0xa6cc0	0x1800a6cc0	.text	ascii	(t$ H
0xa6cc7	0x1800a6cc7	.text	ascii	8[_^A\A]A^A_]
0xa6ce5	0x1800a6ce5	.text	ascii	UAWAVAUATVWSH
0xa6cfe	0x1800a6cfe	.text	ascii	)t$ H
0xa6d0f	0x1800a6d0f	.text	ascii	(t$ H
0xa6d16	0x1800a6d16	.text	ascii	8[_^A\A]A^A_]
0xa6d35	0x1800a6d35	.text	ascii	UAWAVAUATVWSH
0xa6d4e	0x1800a6d4e	.text	ascii	)t$ H
0xa6d60	0x1800a6d60	.text	ascii	(t$ H
0xa6d67	0x1800a6d67	.text	ascii	8[_^A\A]A^A_]
0xa6d85	0x1800a6d85	.text	ascii	UAWAVAUATVWSH
0xa6d9e	0x1800a6d9e	.text	ascii	)t$ H
0xa6db0	0x1800a6db0	.text	ascii	(t$ H
0xa6db7	0x1800a6db7	.text	ascii	8[_^A\A]A^A_]
0xa6dd5	0x1800a6dd5	.text	ascii	UAWAVAUATVWSH
0xa6dee	0x1800a6dee	.text	ascii	)t$ H
0xa6dfd	0x1800a6dfd	.text	ascii	(t$ H
0xa6e04	0x1800a6e04	.text	ascii	8[_^A\A]A^A_]
0xa6e12	0x1800a6e12	.text	ascii	fffff.
0xa6e25	0x1800a6e25	.text	ascii	UAWAVAUATVWSH
0xa6e3e	0x1800a6e3e	.text	ascii	)t$ H
0xa6e4d	0x1800a6e4d	.text	ascii	(t$ H
0xa6e54	0x1800a6e54	.text	ascii	8[_^A\A]A^A_]
0xa6e62	0x1800a6e62	.text	ascii	fffff.
0xa6e75	0x1800a6e75	.text	ascii	UAWAVAUATVWSH
0xa6e8e	0x1800a6e8e	.text	ascii	)t$ H
0xa6e9d	0x1800a6e9d	.text	ascii	(t$ H
0xa6ea4	0x1800a6ea4	.text	ascii	8[_^A\A]A^A_]
0xa6eb2	0x1800a6eb2	.text	ascii	fffff.
0xa6ec5	0x1800a6ec5	.text	ascii	UAWAVAUATVWSH
0xa6ede	0x1800a6ede	.text	ascii	)t$ H
0xa6eed	0x1800a6eed	.text	ascii	(t$ H
0xa6ef4	0x1800a6ef4	.text	ascii	8[_^A\A]A^A_]
0xa6f02	0x1800a6f02	.text	ascii	fffff.
0xa6f15	0x1800a6f15	.text	ascii	UAWAVAUATVWSH
0xa6f2e	0x1800a6f2e	.text	ascii	)t$ H
0xa6f40	0x1800a6f40	.text	ascii	(t$ H
0xa6f47	0x1800a6f47	.text	ascii	8[_^A\A]A^A_]
0xa6f65	0x1800a6f65	.text	ascii	UAWAVAUATVWSH
0xa6f7e	0x1800a6f7e	.text	ascii	)t$ H
0xa6f90	0x1800a6f90	.text	ascii	(t$ H
0xa6f97	0x1800a6f97	.text	ascii	8[_^A\A]A^A_]
0xa6fb5	0x1800a6fb5	.text	ascii	UAWAVAUATVWSH
0xa6fce	0x1800a6fce	.text	ascii	)t$ H
0xa6fdc	0x1800a6fdc	.text	ascii	(t$ H
0xa6fe3	0x1800a6fe3	.text	ascii	8[_^A\A]A^A_]
0xa7000	0x1800a7000	.text	ascii	AWAVVWSH
0xa705f	0x1800a705f	.text	ascii	:^&~I
0xa7082	0x1800a7082	.text	ascii	/ffff.
0xa70cf	0x1800a70cf	.text	ascii	t$(H9
0xa7102	0x1800a7102	.text	ascii	D$xH1
0xa711d	0x1800a711d	.text	ascii	[_^A^A_
0xa7127	0x1800a7127	.text	ascii	L$xH1
0xa7140	0x1800a7140	.text	ascii	AWAVAUATVWUSH
0xa7154	0x1800a7154	.text	ascii	)t$pH
0xa7227	0x1800a7227	.text	ascii	L$(H9
0xa72b3	0x1800a72b3	.text	ascii	L$XH)
0xa7301	0x1800a7301	.text	ascii	ffffff.
0xa7330	0x1800a7330	.text	ascii	L$XH)
0xa73be	0x1800a73be	.text	ascii	i'Pe\H
0xa7425	0x1800a7425	.text	ascii	(t$pH
0xa7430	0x1800a7430	.text	ascii	[]_^A\A]A^A_
0xa7440	0x1800a7440	.text	ascii	AWAVAUATVWUSH
0xa7454	0x1800a7454	.text	ascii	)t$pH
0xa74db	0x1800a74db	.text	ascii	L$XH)
0xa74f7	0x1800a74f7	.text	ascii	Lv4 U
0xa752e	0x1800a752e	.text	ascii	D$0ffffff.
0xa755d	0x1800a755d	.text	ascii	L$0H9
0xa7624	0x1800a7624	.text	ascii	L$XH)
0xa7715	0x1800a7715	.text	ascii	(t$pH
0xa7720	0x1800a7720	.text	ascii	[]_^A\A]A^A_
0xa7730	0x1800a7730	.text	ascii	AWAVAUATVWUSH
0xa7744	0x1800a7744	.text	ascii	)t$pH
0xa780d	0x1800a780d	.text	ascii	L$0H9
0xa7851	0x1800a7851	.text	ascii	L$`H)
0xa7950	0x1800a7950	.text	ascii	L$`H)
0xa7992	0x1800a7992	.text	ascii	cA#PCuLH
0xa7a05	0x1800a7a05	.text	ascii	(t$pH
0xa7a10	0x1800a7a10	.text	ascii	[]_^A\A]A^A_
0xa7a20	0x1800a7a20	.text	ascii	AWAVAUATVWUSH
0xa7a6f	0x1800a7a6f	.text	ascii	Af`-I
0xa7ab2	0x1800a7ab2	.text	ascii	Zffff.
0xa7b3d	0x1800a7b3d	.text	ascii	L$(L9
0xa7bb9	0x1800a7bb9	.text	ascii	p3hw1
0xa7d93	0x1800a7d93	.text	ascii	H;t$8H
0xa7dd2	0x1800a7dd2	.text	ascii	y227^
0xa7e4e	0x1800a7e4e	.text	ascii	Af`-H9
0xa7e7b	0x1800a7e7b	.text	ascii	3D$XH
0xa7ebe	0x1800a7ebe	.text	ascii	cm H9
0xa7f7a	0x1800a7f7a	.text	ascii	D$HH;
0xa7fb8	0x1800a7fb8	.text	ascii	z227^
0xa7fde	0x1800a7fde	.text	ascii	|$HH+
0xa80b1	0x1800a80b1	.text	ascii	L$xL9
0xa80cb	0x1800a80cb	.text	ascii	L$@H!
0xa8111	0x1800a8111	.text	ascii	L$xL9
0xa8134	0x1800a8134	.text	ascii	H#D$@H
0xa8159	0x1800a8159	.text	ascii	(^UeFH
0xa81cb	0x1800a81cb	.text	ascii	H9D$HH
0xa8352	0x1800a8352	.text	ascii	ED$8H
0xa8358	0x1800a8358	.text	ascii	DL$@L
0xa8381	0x1800a8381	.text	ascii	EL$8H
0xa8387	0x1800a8387	.text	ascii	DD$@N
0xa83ca	0x1800a83ca	.text	ascii	D;L$P
0xa841f	0x1800a841f	.text	ascii	H;D$8H
0xa84a1	0x1800a84a1	.text	ascii	L;T$8H
0xa84ca	0x1800a84ca	.text	ascii	[]_^A\A]A^A_
0xa8520	0x1800a8520	.text	ascii	AWAVAUATVWUSH
0xa858a	0x1800a858a	.text	ascii	LP>2"
0xa85d1	0x1800a85d1	.text	ascii	D$0fff.
0xa85fd	0x1800a85fd	.text	ascii	L$0L9
0xa8688	0x1800a8688	.text	ascii	D$\;D$XH
0xa8691	0x1800a8691	.text	ascii	(cV&$
0xa86b2	0x1800a86b2	.text	ascii	p_tKH
0xa86e8	0x1800a86e8	.text	ascii	LP>2"
0xa87e7	0x1800a87e7	.text	ascii	5[9wB
0xa88e4	0x1800a88e4	.text	ascii	D$PH;D$HH
0xa8957	0x1800a8957	.text	ascii	H9D$pH
0xa8a51	0x1800a8a51	.text	ascii	H;D$HH
0xa8a77	0x1800a8a77	.text	ascii	?j7@=
0xa8aba	0x1800a8aba	.text	ascii	H9D$pH
0xa8c81	0x1800a8c81	.text	ascii	L$`H)
0xa8c9d	0x1800a8c9d	.text	ascii	D$pH;D$`H
0xa8ca8	0x1800a8ca8	.text	ascii	asx8s
0xa8d4c	0x1800a8d4c	.text	ascii	H;L$HH
0xa8de5	0x1800a8de5	.text	ascii	nD$\f
0xa8e29	0x1800a8e29	.text	ascii	D$PH;
0xa8ea4	0x1800a8ea4	.text	ascii	D$PH;
0xa8faa	0x1800a8faa	.text	ascii	D$@H;t$`H
0xa9087	0x1800a9087	.text	ascii	[]_^A\A]A^A_
0xa90c0	0x1800a90c0	.text	ascii	UAWAVATVWSH
0xa91df	0x1800a91df	.text	ascii	V8H;UhH
0xa91fd	0x1800a91fd	.text	ascii	H#UXL
0xa921e	0x1800a921e	.text	ascii	F H;EhH
0xa9238	0x1800a9238	.text	ascii	H#EXL
0xa9251	0x1800a9251	.text	ascii	Gfd@zrL
0xa9261	0x1800a9261	.text	ascii	L#}XL
0xa9395	0x1800a9395	.text	ascii	[_^A\A^A_]
0xa9455	0x1800a9455	.text	ascii	UAWAVATVWSH
0xa9477	0x1800a9477	.text	ascii	0[_^A\A^A_]
0xa9483	0x1800a9483	.text	ascii	ffff.
0xa9495	0x1800a9495	.text	ascii	UAWAVATVWSH
0xa94b7	0x1800a94b7	.text	ascii	0[_^A\A^A_]
0xa94d0	0x1800a94d0	.text	ascii	UVWSH
0xa9613	0x1800a9613	.text	ascii	F8L;EPH
0xa9677	0x1800a9677	.text	ascii	L#]8H
0xa9720	0x1800a9720	.text	ascii	Fffffff.
0xa9740	0x1800a9740	.text	ascii	&ffffff.
0xa9785	0x1800a9785	.text	ascii	:]_u&f
0xa979b	0x1800a979b	.text	ascii	D:]_t
0xa9895	0x1800a9895	.text	ascii	UVWSH
0xa98b1	0x1800a98b1	.text	ascii	([_^]
0xa98c5	0x1800a98c5	.text	ascii	UVWSH
0xa98e0	0x1800a98e0	.text	ascii	UAWAVATVWSH
0xa9a1d	0x1800a9a1d	.text	ascii	FXH;E
0xa9bbe	0x1800a9bbe	.text	ascii	[_^A\A^A_]
0xa9bf3	0x1800a9bf3	.text	ascii	ffff.
0xa9c05	0x1800a9c05	.text	ascii	UAWAVATVWSH
0xa9c27	0x1800a9c27	.text	ascii	 [_^A\A^A_]
0xa9c33	0x1800a9c33	.text	ascii	ffff.
0xa9c45	0x1800a9c45	.text	ascii	UAWAVATVWSH
0xa9c67	0x1800a9c67	.text	ascii	 [_^A\A^A_]
0xa9c73	0x1800a9c73	.text	ascii	ffff.
0xa9c85	0x1800a9c85	.text	ascii	UAWAVATVWSH
0xa9ca5	0x1800a9ca5	.text	ascii	UAWAVATVWSH
0xa9cc7	0x1800a9cc7	.text	ascii	 [_^A\A^A_]
0xa9cd3	0x1800a9cd3	.text	ascii	ffff.
0xa9ce5	0x1800a9ce5	.text	ascii	UAWAVATVWSH
0xa9d00	0x1800a9d00	.text	ascii	UAWAVATVWSH
0xa9e25	0x1800a9e25	.text	ascii	W8H;UhH
0xa9e43	0x1800a9e43	.text	ascii	H#UXL
0xa9e64	0x1800a9e64	.text	ascii	G H;EhH
0xa9e7e	0x1800a9e7e	.text	ascii	H#EXL
0xa9ea7	0x1800a9ea7	.text	ascii	L#}XL
0xa9fd6	0x1800a9fd6	.text	ascii	[_^A\A^A_]
0xaa095	0x1800aa095	.text	ascii	UAWAVATVWSH
0xaa0b7	0x1800aa0b7	.text	ascii	0[_^A\A^A_]
0xaa0c3	0x1800aa0c3	.text	ascii	ffff.
0xaa0d5	0x1800aa0d5	.text	ascii	UAWAVATVWSH
0xaa0f7	0x1800aa0f7	.text	ascii	0[_^A\A^A_]
0xaa110	0x1800aa110	.text	ascii	UAVVWSH
0xaa245	0x1800aa245	.text	ascii	F8L;E
0xaa30c	0x1800aa30c	.text	ascii	F8L;E
0xaa385	0x1800aa385	.text	ascii	[_^A^]
0xaa392	0x1800aa392	.text	ascii	fffff.
0xaa3a5	0x1800aa3a5	.text	ascii	UAVVWSH
0xaa3c5	0x1800aa3c5	.text	ascii	UAVVWSH
0xaa3e0	0x1800aa3e0	.text	ascii	AWAVVWSH
0xaa4a2	0x1800aa4a2	.text	ascii	t$ H9
0xaa4d5	0x1800aa4d5	.text	ascii	D$hH1
0xaa4ec	0x1800aa4ec	.text	ascii	p[_^A^A_
0xaa4f7	0x1800aa4f7	.text	ascii	L$hH1
0xaa510	0x1800aa510	.text	ascii	UAVVWSH
0xaa685	0x1800aa685	.text	ascii	H;Upv
0xaa6b9	0x1800aa6b9	.text	ascii	H;Epv5H
0xaa6ca	0x1800aa6ca	.text	ascii	H;UXv
0xaa714	0x1800aa714	.text	ascii	H;Epv5H
0xaa725	0x1800aa725	.text	ascii	H;UXv
0xaa753	0x1800aa753	.text	ascii	H;Epv5H
0xaa764	0x1800aa764	.text	ascii	H;UXv
0xaa790	0x1800aa790	.text	ascii	E(H;Epv
0xaa7f3	0x1800aa7f3	.text	ascii	E(H;Epv1H
0xaa806	0x1800aa806	.text	ascii	H;UXv
0xaa817	0x1800aa817	.text	ascii	H;M8s'H
0xaa83d	0x1800aa83d	.text	ascii	[_^A^]
0xaa865	0x1800aa865	.text	ascii	UAVVWSH
0xaa877	0x1800aa877	.text	ascii	)t$ H
0xaa88e	0x1800aa88e	.text	ascii	(t$ H
0xaa895	0x1800aa895	.text	ascii	@[_^A^]
0xaa8a5	0x1800aa8a5	.text	ascii	UAVVWSH
0xaa8b7	0x1800aa8b7	.text	ascii	)t$ H
0xaa8ce	0x1800aa8ce	.text	ascii	(t$ H
0xaa8d5	0x1800aa8d5	.text	ascii	@[_^A^]
0xaa8e0	0x1800aa8e0	.text	ascii	UAVVWSH
0xaa993	0x1800aa993	.text	ascii	@[_^A^]
0xaa9a5	0x1800aa9a5	.text	ascii	UAVVWSH
0xaa9c0	0x1800aa9c0	.text	ascii	 [_^A^]
0xaa9d0	0x1800aa9d0	.text	ascii	UAWAVATVWSH
0xaaa9d	0x1800aaa9d	.text	ascii	I8L;M(H
0xaac25	0x1800aac25	.text	ascii	_XL;](H
0xaad48	0x1800aad48	.text	ascii	[_^A\A^A_]
0xaad65	0x1800aad65	.text	ascii	UAWAVATVWSH
0xaad85	0x1800aad85	.text	ascii	UAWAVATVWSH
0xaada5	0x1800aada5	.text	ascii	UAWAVATVWSH
0xaadc5	0x1800aadc5	.text	ascii	UAWAVATVWSH
0xaade7	0x1800aade7	.text	ascii	 [_^A\A^A_]
0xaae00	0x1800aae00	.text	ascii	UAVVWSH
0xaaf75	0x1800aaf75	.text	ascii	H;Upv
0xaafa9	0x1800aafa9	.text	ascii	H;Epv5H
0xaafba	0x1800aafba	.text	ascii	H;UXv
0xab004	0x1800ab004	.text	ascii	H;Epv5H
0xab015	0x1800ab015	.text	ascii	H;UXv
0xab043	0x1800ab043	.text	ascii	H;Epv5H
0xab054	0x1800ab054	.text	ascii	H;UXv
0xab080	0x1800ab080	.text	ascii	E(H;Epv
0xab0e3	0x1800ab0e3	.text	ascii	E(H;Epv1H
0xab0f6	0x1800ab0f6	.text	ascii	H;UXv
0xab107	0x1800ab107	.text	ascii	H;M8s'H
0xab12d	0x1800ab12d	.text	ascii	[_^A^]
0xab155	0x1800ab155	.text	ascii	UAVVWSH
0xab167	0x1800ab167	.text	ascii	)t$ H
0xab17e	0x1800ab17e	.text	ascii	(t$ H
0xab185	0x1800ab185	.text	ascii	@[_^A^]
0xab195	0x1800ab195	.text	ascii	UAVVWSH
0xab1a7	0x1800ab1a7	.text	ascii	)t$ H
0xab1be	0x1800ab1be	.text	ascii	(t$ H
0xab1c5	0x1800ab1c5	.text	ascii	@[_^A^]
0xab1d0	0x1800ab1d0	.text	ascii	UAWAVVWSH
0xab330	0x1800ab330	.text	ascii	H[_^A^A_]
0xab345	0x1800ab345	.text	ascii	UAWAVVWSH
0xab362	0x1800ab362	.text	ascii	([_^A^A_]
0xab378	0x1800ab378	.text	ascii	)t$ H
0xab3e1	0x1800ab3e1	.text	ascii	(t$ H
0xab3f0	0x1800ab3f0	.text	ascii	AWAVAUATVWUSH
0xab4ad	0x1800ab4ad	.text	ascii	L$(L9
0xab506	0x1800ab506	.text	ascii	D$hI)
0xab8dc	0x1800ab8dc	.text	ascii	5H9L$8r
0xaba67	0x1800aba67	.text	ascii	L$HH)
0xaba8f	0x1800aba8f	.text	ascii	HH;T$Hw
0xabad8	0x1800abad8	.text	ascii	H9L$8w
0xabb25	0x1800abb25	.text	ascii	D$hI)
0xabb3d	0x1800abb3d	.text	ascii	L+D$hL
0xabc27	0x1800abc27	.text	ascii	[]_^A\A]A^A_
0xabc60	0x1800abc60	.text	ascii	AWAVAUATVWUSH
0xabd50	0x1800abd50	.text	ascii	L$(L9
0xabdb2	0x1800abdb2	.text	ascii	8[]_^A\A]A^A_
0xabdc0	0x1800abdc0	.text	ascii	UAWAVATVWSH
0xac010	0x1800ac010	.text	ascii	H;EXv7H
0xac020	0x1800ac020	.text	ascii	H;Uxv"L
0xac08b	0x1800ac08b	.text	ascii	H;Uxv/H
0xac152	0x1800ac152	.text	ascii	[_^A\A^A_]
0xac2e5	0x1800ac2e5	.text	ascii	UAWAVATVWSH
0xac30a	0x1800ac30a	.text	ascii	0[_^A\A^A_]
0xac325	0x1800ac325	.text	ascii	UAWAVATVWSH
0xac34a	0x1800ac34a	.text	ascii	0[_^A\A^A_]
0xac365	0x1800ac365	.text	ascii	UAWAVATVWSH
0xac385	0x1800ac385	.text	ascii	UAWAVATVWSH
0xac3a5	0x1800ac3a5	.text	ascii	UAWAVATVWSH
0xac3ca	0x1800ac3ca	.text	ascii	0[_^A\A^A_]
0xac3e0	0x1800ac3e0	.text	ascii	UAVVWSH
0xac408	0x1800ac408	.text	ascii	F@*4r
0xac57c	0x1800ac57c	.text	ascii	H;Uhv
0xac5b0	0x1800ac5b0	.text	ascii	H;Ehv5H
0xac5c1	0x1800ac5c1	.text	ascii	H;UHv
0xac606	0x1800ac606	.text	ascii	H;Ehv5H
0xac617	0x1800ac617	.text	ascii	H;UHv
0xac643	0x1800ac643	.text	ascii	E(H;Ehv5H
0xac656	0x1800ac656	.text	ascii	H;UHv
0xac684	0x1800ac684	.text	ascii	H;Ehv
0xac6e7	0x1800ac6e7	.text	ascii	H;Ehv1H
0xac6f8	0x1800ac6f8	.text	ascii	H;UHv
0xac709	0x1800ac709	.text	ascii	H;MPs H
0xac728	0x1800ac728	.text	ascii	[_^A^]
0xac755	0x1800ac755	.text	ascii	UAVVWSH
0xac773	0x1800ac773	.text	ascii	0[_^A^]
0xac785	0x1800ac785	.text	ascii	UAVVWSH
0xac7a3	0x1800ac7a3	.text	ascii	0[_^A^]
0xac7b5	0x1800ac7b5	.text	ascii	UAVVWSH
0xac7dc	0x1800ac7dc	.text	ascii	0[_^A^]
0xac7f0	0x1800ac7f0	.text	ascii	AWAVAUATVWUSH
0xac841	0x1800ac841	.text	ascii	G&fY"
0xac9bb	0x1800ac9bb	.text	ascii	]?o#I9
0xac9e1	0x1800ac9e1	.text	ascii	]?o#I9
0xacad4	0x1800acad4	.text	ascii	aN8IH
0xacae2	0x1800acae2	.text	ascii	fffff.
0xacb62	0x1800acb62	.text	ascii	t$8H;2H
0xacdaf	0x1800acdaf	.text	ascii	G&fY"
0xacf76	0x1800acf76	.text	ascii	j}nI9
0xad46f	0x1800ad46f	.text	ascii	[+fI9
0xad5d9	0x1800ad5d9	.text	ascii	\>H}H
0xad652	0x1800ad652	.text	ascii	H;T$(H
0xad8e2	0x1800ad8e2	.text	ascii	H;t$(H
0xad8f1	0x1800ad8f1	.text	ascii	~[G'H
0xada21	0x1800ada21	.text	ascii	eIC,:H
0xadb56	0x1800adb56	.text	ascii	TyMXH
0xadd8a	0x1800add8a	.text	ascii	L5)[]H
0xae0c6	0x1800ae0c6	.text	ascii	{Vag;
0xae3a4	0x1800ae3a4	.text	ascii	>L;|$(I
0xae3f5	0x1800ae3f5	.text	ascii	,p)K 
0xae44f	0x1800ae44f	.text	ascii	H;t$(H
0xae5a4	0x1800ae5a4	.text	ascii	6H;t$(H
0xae658	0x1800ae658	.text	ascii	|$0L;~
0xae6dd	0x1800ae6dd	.text	ascii	Qa vH
0xae810	0x1800ae810	.text	ascii	t$8H;r
0xae86e	0x1800ae86e	.text	ascii	mRd`H
0xae90d	0x1800ae90d	.text	ascii	6osrH
0xaea9c	0x1800aea9c	.text	ascii	t$@H;2H
0xaeb45	0x1800aeb45	.text	ascii	t$0H;r
0xaec10	0x1800aec10	.text	ascii	d\4pH}y
0xaec49	0x1800aec49	.text	ascii	6@:t$
0xaed0b	0x1800aed0b	.text	ascii	H;t$(H
0xaed14	0x1800aed14	.text	ascii	5*EctvH
0xaeed6	0x1800aeed6	.text	ascii	[]_^A\A]A^A_
0xaeef0	0x1800aeef0	.text	ascii	AWAVAUATVWUSH
0xaef8d	0x1800aef8d	.text	ascii	L$@H9
0xaf108	0x1800af108	.text	ascii	a9buPk
0xaf12c	0x1800af12c	.text	ascii	H;L$`v
0xaf1fd	0x1800af1fd	.text	ascii	W*:T$=
0xaf24e	0x1800af24e	.text	ascii	B8H;D$`
0xaf29a	0x1800af29a	.text	ascii	:L$=t
0xaf32d	0x1800af32d	.text	ascii	A8H;D$`
0xaf37d	0x1800af37d	.text	ascii	H;D$`v
0xaf43e	0x1800af43e	.text	ascii	;D$TA
0xaf4a4	0x1800af4a4	.text	ascii	:T$=t
0xaf506	0x1800af506	.text	ascii	[]_^A\A]A^A_
0xaf520	0x1800af520	.text	ascii	UAWAVVWSH
0xaf709	0x1800af709	.text	ascii	X[_^A^A_]
0xaf725	0x1800af725	.text	ascii	UAWAVVWSH
0xaf74f	0x1800af74f	.text	ascii	([_^A^A_]
0xaf765	0x1800af765	.text	ascii	UAWAVVWSH
0xaf78f	0x1800af78f	.text	ascii	([_^A^A_]
0xaf7a0	0x1800af7a0	.text	ascii	UAWAVVWSH
0xaf900	0x1800af900	.text	ascii	H[_^A^A_]
0xaf915	0x1800af915	.text	ascii	UAWAVVWSH
0xaf932	0x1800af932	.text	ascii	([_^A^A_]
0xaf940	0x1800af940	.text	ascii	AWAVAUATVWUSH
0xaf9a1	0x1800af9a1	.text	ascii	Jfffff.
0xafa13	0x1800afa13	.text	ascii	L$8L9
0xafa2f	0x1800afa2f	.text	ascii	pD'H9
0xafb96	0x1800afb96	.text	ascii	H;T$Pv
0xafcd0	0x1800afcd0	.text	ascii	H;T$Pv
0xafdbd	0x1800afdbd	.text	ascii	H;D$P
0xafdd1	0x1800afdd1	.text	ascii	ffffff.
0xafe00	0x1800afe00	.text	ascii	H;D$Pv
0xafe5b	0x1800afe5b	.text	ascii	[]_^A\A]A^A_
0xafe70	0x1800afe70	.text	ascii	UAWAVATVWSH
0xaff3a	0x1800aff3a	.text	ascii	Q8L;U(H
0xb00cb	0x1800b00cb	.text	ascii	_XL;](H
0xb01ee	0x1800b01ee	.text	ascii	[_^A\A^A_]
0xb0205	0x1800b0205	.text	ascii	UAWAVATVWSH
0xb0225	0x1800b0225	.text	ascii	UAWAVATVWSH
0xb0245	0x1800b0245	.text	ascii	UAWAVATVWSH
0xb0265	0x1800b0265	.text	ascii	UAWAVATVWSH
0xb0287	0x1800b0287	.text	ascii	 [_^A\A^A_]
0xb02a0	0x1800b02a0	.text	ascii	UAWAVATVWSH
0xb036a	0x1800b036a	.text	ascii	Q8L;U(H
0xb04fc	0x1800b04fc	.text	ascii	_XL;](H
0xb061f	0x1800b061f	.text	ascii	[_^A\A^A_]
0xb0631	0x1800b0631	.text	ascii	ffffff.
0xb0645	0x1800b0645	.text	ascii	UAWAVATVWSH
0xb0665	0x1800b0665	.text	ascii	UAWAVATVWSH
0xb0685	0x1800b0685	.text	ascii	UAWAVATVWSH
0xb06a5	0x1800b06a5	.text	ascii	UAWAVATVWSH
0xb06c7	0x1800b06c7	.text	ascii	 [_^A\A^A_]
0xb06e0	0x1800b06e0	.text	ascii	UAWAVVWSH
0xb07a8	0x1800b07a8	.text	ascii	A8L;E H
0xb0929	0x1800b0929	.text	ascii	_XL;] H
0xb0a4c	0x1800b0a4c	.text	ascii	[_^A^A_]
0xb0a65	0x1800b0a65	.text	ascii	UAWAVVWSH
0xb0a85	0x1800b0a85	.text	ascii	UAWAVVWSH
0xb0aa5	0x1800b0aa5	.text	ascii	UAWAVVWSH
0xb0ac5	0x1800b0ac5	.text	ascii	UAWAVVWSH
0xb0ae5	0x1800b0ae5	.text	ascii	([_^A^A_]
0xb0af0	0x1800b0af0	.text	ascii	UAWAVATVWSH
0xb0b2e	0x1800b0b2e	.text	ascii	,_LKDH
0xb0bc6	0x1800b0bc6	.text	ascii	Q8L;U(H
0xb0d4b	0x1800b0d4b	.text	ascii	_XL;](H
0xb0e6e	0x1800b0e6e	.text	ascii	[_^A\A^A_]
0xb0e85	0x1800b0e85	.text	ascii	UAWAVATVWSH
0xb0ea5	0x1800b0ea5	.text	ascii	UAWAVATVWSH
0xb0ec5	0x1800b0ec5	.text	ascii	UAWAVATVWSH
0xb0ee5	0x1800b0ee5	.text	ascii	UAWAVATVWSH
0xb0f07	0x1800b0f07	.text	ascii	 [_^A\A^A_]
0xb0f20	0x1800b0f20	.text	ascii	UAWAVATVWSH
0xb0fed	0x1800b0fed	.text	ascii	I8L;M
0xb1182	0x1800b1182	.text	ascii	_XL;]
0xb12a5	0x1800b12a5	.text	ascii	[_^A\A^A_]
0xb12c5	0x1800b12c5	.text	ascii	UAWAVATVWSH
0xb12e7	0x1800b12e7	.text	ascii	 [_^A\A^A_]
0xb12f3	0x1800b12f3	.text	ascii	ffff.
0xb1305	0x1800b1305	.text	ascii	UAWAVATVWSH
0xb1325	0x1800b1325	.text	ascii	UAWAVATVWSH
0xb1345	0x1800b1345	.text	ascii	UAWAVATVWSH
0xb1365	0x1800b1365	.text	ascii	UAWAVATVWSH
0xb1387	0x1800b1387	.text	ascii	 [_^A\A^A_]
0xb13a0	0x1800b13a0	.text	ascii	UAWAVATVWSH
0xb13fd	0x1800b13fd	.text	ascii	:khOH
0xb146a	0x1800b146a	.text	ascii	Q8L;U(H
0xb15fb	0x1800b15fb	.text	ascii	_XL;](H
0xb171e	0x1800b171e	.text	ascii	[_^A\A^A_]
0xb1735	0x1800b1735	.text	ascii	UAWAVATVWSH
0xb1755	0x1800b1755	.text	ascii	UAWAVATVWSH
0xb1775	0x1800b1775	.text	ascii	UAWAVATVWSH
0xb1795	0x1800b1795	.text	ascii	UAWAVATVWSH
0xb17b7	0x1800b17b7	.text	ascii	 [_^A\A^A_]
0xb17d0	0x1800b17d0	.text	ascii	UAWAVVWSH
0xb1a11	0x1800b1a11	.text	ascii	[_^A^A_]
0xb1a21	0x1800b1a21	.text	ascii	ffffff.
0xb1a35	0x1800b1a35	.text	ascii	UAWAVVWSH
0xb1a50	0x1800b1a50	.text	ascii	AWAVAUATVWUSH
0xb1a8a	0x1800b1a8a	.text	ascii	Mb"sV
0xb1b3f	0x1800b1b3f	.text	ascii	D$(fffff.
0xb1b6d	0x1800b1b6d	.text	ascii	L$(L9
0xb1c90	0x1800b1c90	.text	ascii	H+D$hH
0xb1ca8	0x1800b1ca8	.text	ascii	H+L$pH
0xb1ccd	0x1800b1ccd	.text	ascii	D$`I)
0xb1e5d	0x1800b1e5d	.text	ascii	F|.2H
0xb1eff	0x1800b1eff	.text	ascii	H;D$`H
0xb1f6f	0x1800b1f6f	.text	ascii	T$X#T$|
0xb20d3	0x1800b20d3	.text	ascii	D$<E1
0xb20d9	0x1800b20d9	.text	ascii	H;L$`A
0xb20ee	0x1800b20ee	.text	ascii	H9D$H
0xb20f5	0x1800b20f5	.text	ascii	D$;H;T$p
0xb21ec	0x1800b21ec	.text	ascii	H;L$`H
0xb227a	0x1800b227a	.text	ascii	~>WZNpM
0xb239c	0x1800b239c	.text	ascii	L$pH+
0xb24cf	0x1800b24cf	.text	ascii	H;D$`H
0xb261b	0x1800b261b	.text	ascii	H;D$`H
0xb2959	0x1800b2959	.text	ascii	#T$|D
0xb29e0	0x1800b29e0	.text	ascii	H+L$pH
0xb2b45	0x1800b2b45	.text	ascii	<`^S<H
0xb2bdc	0x1800b2bdc	.text	ascii	D$@A1
0xb2d7e	0x1800b2d7e	.text	ascii	D$pH#
0xb2e37	0x1800b2e37	.text	ascii	;bH}#H
0xb2f5f	0x1800b2f5f	.text	ascii	H;D$`H
0xb2fed	0x1800b2fed	.text	ascii	[]_^A\A]A^A_
0xb3008	0x1800b3008	.text	ascii	)t$ H
0xb3076	0x1800b3076	.text	ascii	(t$ H
0xb3090	0x1800b3090	.text	ascii	AWAVAUATVWUSH
0xb314d	0x1800b314d	.text	ascii	L$(L9
0xb31e8	0x1800b31e8	.text	ascii	8[]_^A\A]A^A_
0xb3200	0x1800b3200	.text	ascii	UAWAVATVWSH
0xb336e	0x1800b336e	.text	ascii	H;MxH
0xb3391	0x1800b3391	.text	ascii	ffffff.
0xb33db	0x1800b33db	.text	ascii	H;]HL
0xb3400	0x1800b3400	.text	ascii	H;E@v
0xb3419	0x1800b3419	.text	ascii	L#}8I
0xb347e	0x1800b347e	.text	ascii	H;MxH
0xb34a1	0x1800b34a1	.text	ascii	ffffff.
0xb34ea	0x1800b34ea	.text	ascii	H;}HL
0xb350f	0x1800b350f	.text	ascii	H;E@v
0xb3529	0x1800b3529	.text	ascii	L#u8I
0xb35e5	0x1800b35e5	.text	ascii	H;Epv1H
0xb35f6	0x1800b35f6	.text	ascii	H;U0v
0xb3607	0x1800b3607	.text	ascii	H;M skH
0xb3620	0x1800b3620	.text	ascii	H;Epv1H
0xb3631	0x1800b3631	.text	ascii	H;U0v
0xb3642	0x1800b3642	.text	ascii	H;M s0H
0xb3661	0x1800b3661	.text	ascii	[_^A\A^A_]
0xb3692	0x1800b3692	.text	ascii	fffff.
0xb36a5	0x1800b36a5	.text	ascii	UAWAVATVWSH
0xb36c7	0x1800b36c7	.text	ascii	0[_^A\A^A_]
0xb36d3	0x1800b36d3	.text	ascii	ffff.
0xb36e5	0x1800b36e5	.text	ascii	UAWAVATVWSH
0xb3707	0x1800b3707	.text	ascii	0[_^A\A^A_]
0xb3720	0x1800b3720	.text	ascii	AWAVAUATVWUSH
0xb37de	0x1800b37de	.text	ascii	D$0ffffff.
0xb380d	0x1800b380d	.text	ascii	L$0H9
0xb3859	0x1800b3859	.text	ascii	Y 'H9
0xb3911	0x1800b3911	.text	ascii	ffffff.
0xb3966	0x1800b3966	.text	ascii	H;D$@v
0xb3a40	0x1800b3a40	.text	ascii	H;D$@
0xb3ad8	0x1800b3ad8	.text	ascii	H;D$@v
0xb3b37	0x1800b3b37	.text	ascii	H;T$@v
0xb3bd8	0x1800b3bd8	.text	ascii	H;T$@v
0xb3c7b	0x1800b3c7b	.text	ascii	[]_^A\A]A^A_
0xb3c90	0x1800b3c90	.text	ascii	AWAVAUATVWUSH
0xb3d13	0x1800b3d13	.text	ascii	D$8f.
0xb3d3d	0x1800b3d3d	.text	ascii	L$8L9
0xb3e22	0x1800b3e22	.text	ascii	fffff.
0xb3ef3	0x1800b3ef3	.text	ascii	H;D$Hv
0xb3f86	0x1800b3f86	.text	ascii	H;D$Hv
0xb4027	0x1800b4027	.text	ascii	H;T$Hv
0xb40b0	0x1800b40b0	.text	ascii	H;D$Hv
0xb4114	0x1800b4114	.text	ascii	H;T$Hv
0xb415c	0x1800b415c	.text	ascii	2%,|H
0xb4197	0x1800b4197	.text	ascii	[]_^A\A]A^A_
0xb41b0	0x1800b41b0	.text	ascii	UAWAVAUATVWSH
0xb42c9	0x1800b42c9	.text	ascii	H[_^A\A]A^A_]
0xb42e5	0x1800b42e5	.text	ascii	UAWAVAUATVWSH
0xb4306	0x1800b4306	.text	ascii	([_^A\A]A^A_]
0xb4320	0x1800b4320	.text	ascii	AWAVAUATVWUSH
0xb43d2	0x1800b43d2	.text	ascii	D$8ff.
0xb43fd	0x1800b43fd	.text	ascii	L$8L9
0xb4487	0x1800b4487	.text	ascii	H;T$Hv
0xb4571	0x1800b4571	.text	ascii	ffffff.
0xb4623	0x1800b4623	.text	ascii	H;D$Hv
0xb4681	0x1800b4681	.text	ascii	H;T$Hv
0xb474a	0x1800b474a	.text	ascii	H;D$Hv
0xb47be	0x1800b47be	.text	ascii	H;D$Hv
0xb4827	0x1800b4827	.text	ascii	[]_^A\A]A^A_
0xb4840	0x1800b4840	.text	ascii	UAWAVATVWSH
0xb496a	0x1800b496a	.text	ascii	@[_^A\A^A_]
0xb4985	0x1800b4985	.text	ascii	UAWAVATVWSH
0xb49a4	0x1800b49a4	.text	ascii	0[_^A\A^A_]
0xb49b0	0x1800b49b0	.text	ascii	UAWAVVWSH
0xb4b0e	0x1800b4b0e	.text	ascii	H[_^A^A_]
0xb4b25	0x1800b4b25	.text	ascii	UAWAVVWSH
0xb4b42	0x1800b4b42	.text	ascii	([_^A^A_]
0xb4b50	0x1800b4b50	.text	ascii	AWAVAUATVWUSH
0xb4bf1	0x1800b4bf1	.text	ascii	D$8fff.
0xb4c1d	0x1800b4c1d	.text	ascii	L$8L9
0xb4c5e	0x1800b4c5e	.text	ascii	ir}ZH9
0xb4d11	0x1800b4d11	.text	ascii	ffffff.
0xb4d6f	0x1800b4d6f	.text	ascii	H;D$Pv
0xb4e03	0x1800b4e03	.text	ascii	H;D$Pv
0xb4f09	0x1800b4f09	.text	ascii	H;T$P
0xb4f65	0x1800b4f65	.text	ascii	H;T$Pv
0xb4fbf	0x1800b4fbf	.text	ascii	9FwD"H
0xb4ff9	0x1800b4ff9	.text	ascii	T-K#0n
0xb505b	0x1800b505b	.text	ascii	[]_^A\A]A^A_
0xb5070	0x1800b5070	.text	ascii	AWAVAUATVWUSH
0xb50d1	0x1800b50d1	.text	ascii	Jfffff.
0xb5143	0x1800b5143	.text	ascii	L$8L9
0xb520f	0x1800b520f	.text	ascii	H;T$Pv
0xb529b	0x1800b529b	.text	ascii	]SQen
0xb5445	0x1800b5445	.text	ascii	H;T$Pv
0xb54ed	0x1800b54ed	.text	ascii	H;D$P
0xb5501	0x1800b5501	.text	ascii	ffffff.
0xb5530	0x1800b5530	.text	ascii	H;D$Pv
0xb558b	0x1800b558b	.text	ascii	[]_^A\A]A^A_
0xb55a0	0x1800b55a0	.text	ascii	AWAVVWSH
0xb5610	0x1800b5610	.text	ascii	)T@TH
0xb565f	0x1800b565f	.text	ascii	t$ H9
0xb5692	0x1800b5692	.text	ascii	D$hH1
0xb56a9	0x1800b56a9	.text	ascii	p[_^A^A_
0xb56b4	0x1800b56b4	.text	ascii	L$hH1
0xb5810	0x1800b5810	.text	ascii	AWAVAUATVWUSH
0xb58dd	0x1800b58dd	.text	ascii	L$(L9
0xb5953	0x1800b5953	.text	ascii	H9L$8
0xb59ab	0x1800b59ab	.text	ascii	XVtqH
0xb59bb	0x1800b59bb	.text	ascii	"H9L$8r
0xb5c8a	0x1800b5c8a	.text	ascii	L$HH)
0xb5cb3	0x1800b5cb3	.text	ascii	H;T$Hw
0xb5cc0	0x1800b5cc0	.text	ascii	*%b,H
0xb5ce3	0x1800b5ce3	.text	ascii	WEy}H9
0xb5d7c	0x1800b5d7c	.text	ascii	\=lAH
0xb5d98	0x1800b5d98	.text	ascii	D$hI)
0xb5ece	0x1800b5ece	.text	ascii	Jq\f2>H
0xb5f01	0x1800b5f01	.text	ascii	D$hI)
0xb5f19	0x1800b5f19	.text	ascii	L+D$hL
0xb5fad	0x1800b5fad	.text	ascii	Y=5O)
0xb6088	0x1800b6088	.text	ascii	[]_^A\A]A^A_
0xb60a0	0x1800b60a0	.text	ascii	UAWAVAUATVWSH
0xb63fe	0x1800b63fe	.text	ascii	[_^A\A]A^A_]
0xb6433	0x1800b6433	.text	ascii	ffff.
0xb6445	0x1800b6445	.text	ascii	UAWAVAUATVWSH
0xb6469	0x1800b6469	.text	ascii	([_^A\A]A^A_]
0xb6485	0x1800b6485	.text	ascii	UAWAVAUATVWSH
0xb6620	0x1800b6620	.text	ascii	UAWAVAUATVWSH
0xb692c	0x1800b692c	.text	ascii	h[_^A\A]A^A_]
0xb6962	0x1800b6962	.text	ascii	fffff.
0xb6975	0x1800b6975	.text	ascii	UAWAVAUATVWSH
0xb6b00	0x1800b6b00	.text	ascii	UAWAVAUATVWSH
0xb6e0c	0x1800b6e0c	.text	ascii	h[_^A\A]A^A_]
0xb6e42	0x1800b6e42	.text	ascii	fffff.
0xb6e55	0x1800b6e55	.text	ascii	UAWAVAUATVWSH
0xb6fc0	0x1800b6fc0	.text	ascii	UAWAVAUATVWSH
0xb72ac	0x1800b72ac	.text	ascii	h[_^A\A]A^A_]
0xb72e2	0x1800b72e2	.text	ascii	fffff.
0xb72f5	0x1800b72f5	.text	ascii	UAWAVAUATVWSH
0xb7433	0x1800b7433	.text	ascii	ffff.
0xb7480	0x1800b7480	.text	ascii	UAWAVAUATVWSH
0xb778c	0x1800b778c	.text	ascii	h[_^A\A]A^A_]
0xb77c2	0x1800b77c2	.text	ascii	fffff.
0xb77d5	0x1800b77d5	.text	ascii	UAWAVAUATVWSH
0xb7952	0x1800b7952	.text	ascii	fffff.
0xb7982	0x1800b7982	.text	ascii	fffff.
0xb79d2	0x1800b79d2	.text	ascii	fffff.
0xb7a00	0x1800b7a00	.text	ascii	UAWAVAUATVWSH
0xb7d4d	0x1800b7d4d	.text	ascii	[_^A\A]A^A_]
0xb7d82	0x1800b7d82	.text	ascii	fffff.
0xb7d95	0x1800b7d95	.text	ascii	UAWAVAUATVWSH
0xb7dc2	0x1800b7dc2	.text	ascii	([_^A\A]A^A_]
0xb7dd5	0x1800b7dd5	.text	ascii	UAWAVAUATVWSH
0xb7f23	0x1800b7f23	.text	ascii	ffff.
0xb7f70	0x1800b7f70	.text	ascii	UAWAVAUATVWSH
0xb827c	0x1800b827c	.text	ascii	h[_^A\A]A^A_]
0xb82b2	0x1800b82b2	.text	ascii	fffff.
0xb82c5	0x1800b82c5	.text	ascii	UAWAVAUATVWSH
0xb82e0	0x1800b82e0	.text	ascii	AWAVAUATVWUSH
0xb837d	0x1800b837d	.text	ascii	L$0L9
0xb83e1	0x1800b83e1	.text	ascii	ffffff.
0xb8480	0x1800b8480	.text	ascii	:T$/t
0xb84e2	0x1800b84e2	.text	ascii	S&q^6
0xb8521	0x1800b8521	.text	ascii	F8H;D$HvYM
0xb856d	0x1800b856d	.text	ascii	F8H;D$H
0xb8630	0x1800b8630	.text	ascii	;D$DA
0xb8681	0x1800b8681	.text	ascii	`:T$/t
0xb86e3	0x1800b86e3	.text	ascii	[]_^A\A]A^A_
0xb86f0	0x1800b86f0	.text	ascii	AWAVAUATVWUSH
0xb8718	0x1800b8718	.text	ascii	//:^,
0xb876e	0x1800b876e	.text	ascii	D$(ffffff.
0xb879d	0x1800b879d	.text	ascii	L$(L9
0xb87dd	0x1800b87dd	.text	ascii	H;L$@v
0xb88bd	0x1800b88bd	.text	ascii	:T$'t
0xb8967	0x1800b8967	.text	ascii	B8H;D$@v2H
0xb898c	0x1800b898c	.text	ascii	E8H;D$@
0xb89b1	0x1800b89b1	.text	ascii	H;D$@v
0xb8a63	0x1800b8a63	.text	ascii	;D$<A
0xb8ab6	0x1800b8ab6	.text	ascii	:T$'t
0xb8b27	0x1800b8b27	.text	ascii	[]_^A\A]A^A_
0xb8b40	0x1800b8b40	.text	ascii	AWAVAUATVWUSH
0xb8bdd	0x1800b8bdd	.text	ascii	L$0L9
0xb8c20	0x1800b8c20	.text	ascii	F8H;D$H
0xb8d40	0x1800b8d40	.text	ascii	F8H;D$H
0xb8db7	0x1800b8db7	.text	ascii	:T$/t
0xb8dc3	0x1800b8dc3	.text	ascii	">mXH
0xb8e12	0x1800b8e12	.text	ascii	;D$DA
0xb8e64	0x1800b8e64	.text	ascii	:T$/t
0xb8f45	0x1800b8f45	.text	ascii	[]_^A\A]A^A_
0xb8f52	0x1800b8f52	.text	ascii	AWAVAUATVWUSH
0xb90f3	0x1800b90f3	.text	ascii	HcT$$
0xb90fd	0x1800b90fd	.text	ascii	;T$ I
0xb91f8	0x1800b91f8	.text	ascii	0[]_^A\A]A^A_
0xb9206	0x1800b9206	.text	ascii	AWAVAUATVWUSH
0xb93ad	0x1800b93ad	.text	ascii	T$0Mc
0xb9402	0x1800b9402	.text	ascii	HcT$,f
0xb940d	0x1800b940d	.text	ascii	;T$(I
0xb9491	0x1800b9491	.text	ascii	+g+&H
0xb94c9	0x1800b94c9	.text	ascii	8[]_^A\A]A^A_
0xb94e0	0x1800b94e0	.text	ascii	AWAVAUATVWUSH
0xb9565	0x1800b9565	.text	ascii	((JXuTH
0xb95a0	0x1800b95a0	.text	ascii	L$(H9
0xb95c1	0x1800b95c1	.text	ascii	ffffff.
0xb979a	0x1800b979a	.text	ascii	8[]_^A\A]A^A_
0xb97b0	0x1800b97b0	.text	ascii	AWAVAUATVWUSH
0xb999c	0x1800b999c	.text	ascii	L$(H9
0xb99f8	0x1800b99f8	.text	ascii	8[]_^A\A]A^A_
0xb9a10	0x1800b9a10	.text	ascii	AWAVAUATVWUSH
0xb9ad0	0x1800b9ad0	.text	ascii	L$(H9
0xb9af1	0x1800b9af1	.text	ascii	ffffff.
0xb9e3d	0x1800b9e3d	.text	ascii	8[]_^A\A]A^A_
0xb9e50	0x1800b9e50	.text	ascii	AWAVAUATVWUSH
0xb9f10	0x1800b9f10	.text	ascii	L$(H9
0xb9f31	0x1800b9f31	.text	ascii	ffffff.
0xba248	0x1800ba248	.text	ascii	8[]_^A\A]A^A_
0xba360	0x1800ba360	.text	ascii	AWAVAUATVWUSH
0xba45d	0x1800ba45d	.text	ascii	L$0L9
0xba4d5	0x1800ba4d5	.text	ascii	L$`H)
0xba4db	0x1800ba4db	.text	ascii	H;L$hH
0xba511	0x1800ba511	.text	ascii	ffffff.
0xba7d8	0x1800ba7d8	.text	ascii	;L$DH
0xba7de	0x1800ba7de	.text	ascii	!n}ES|
0xba86f	0x1800ba86f	.text	ascii	X'QN(
0xba8bc	0x1800ba8bc	.text	ascii	r6\a3
0xba954	0x1800ba954	.text	ascii	F^KN#H
0xbab1d	0x1800bab1d	.text	ascii	H;D$HH
0xbabcd	0x1800babcd	.text	ascii	L$`H)
0xbabd3	0x1800babd3	.text	ascii	H;L$hH
0xbac28	0x1800bac28	.text	ascii	H;D$HH
0xbac77	0x1800bac77	.text	ascii	L$`H)
0xbac7d	0x1800bac7d	.text	ascii	H;L$hH
0xbaca5	0x1800baca5	.text	ascii	 %e H
0xbad90	0x1800bad90	.text	ascii	H;L$HH
0xbada4	0x1800bada4	.text	ascii	Hs)ClI
0xbadf7	0x1800badf7	.text	ascii	;D$DH
0xbae1c	0x1800bae1c	.text	ascii	lbR7x
0xbaf0c	0x1800baf0c	.text	ascii	[]_^A\A]A^A_
0xbaf30	0x1800baf30	.text	ascii	UVWSH
0xbaf86	0x1800baf86	.text	ascii	QPH;QX
0xbb0df	0x1800bb0df	.text	ascii	X[_^]
0xbb0f5	0x1800bb0f5	.text	ascii	UVWSH
0xbb10e	0x1800bb10e	.text	ascii	([_^]
0xbb120	0x1800bb120	.text	ascii	AWAVAUATVWUSH
0xbb1fd	0x1800bb1fd	.text	ascii	L$(L9
0xbb222	0x1800bb222	.text	ascii	;L$<H
0xbb2b3	0x1800bb2b3	.text	ascii	;D$<H
0xbb2bc	0x1800bb2bc	.text	ascii	&PA1cH
0xbb2fe	0x1800bb2fe	.text	ascii	H[]_^A\A]A^A_
0xbb310	0x1800bb310	.text	ascii	AWAVAUATVWUSH
0xbb335	0x1800bb335	.text	ascii	`BP,e
0xbb3ed	0x1800bb3ed	.text	ascii	L$(L9
0xbb40f	0x1800bb40f	.text	ascii	uK]/>lH9
0xbb422	0x1800bb422	.text	ascii	uK]/>lH9
0xbb479	0x1800bb479	.text	ascii	;D$<H
0xbb517	0x1800bb517	.text	ascii	Q(H;T$@I
0xbb79d	0x1800bb79d	.text	ascii	H0NLh
0xbb7b0	0x1800bb7b0	.text	ascii	z?,H9
0xbb87c	0x1800bb87c	.text	ascii	L$HH9
0xbb921	0x1800bb921	.text	ascii	"-3e`
0xbb941	0x1800bb941	.text	ascii	;L$<H
0xbba00	0x1800bba00	.text	ascii	(H;D$@H
0xbbab4	0x1800bbab4	.text	ascii	z?,H9
0xbbaf2	0x1800bbaf2	.text	ascii	D$xH;GpH
0xbbb60	0x1800bbb60	.text	ascii	H;D$@H
0xbbe1f	0x1800bbe1f	.text	ascii	;D$<H
0xbbe5e	0x1800bbe5e	.text	ascii	L$@H9
0xbbf7e	0x1800bbf7e	.text	ascii	T$HH9
0xbbfdf	0x1800bbfdf	.text	ascii	;D$<H
0xbc023	0x1800bc023	.text	ascii	;L$<H
0xbc06a	0x1800bc06a	.text	ascii	:cG6p
0xbc0f3	0x1800bc0f3	.text	ascii	;L$<H
0xbc14a	0x1800bc14a	.text	ascii	[]_^A\A]A^A_
0xbc160	0x1800bc160	.text	ascii	AWAVAUATVWUSH
0xbc252	0x1800bc252	.text	ascii	L$@#T$8L1
0xbc25f	0x1800bc25f	.text	ascii	T$@D#D$8I1
0xbc26d	0x1800bc26d	.text	ascii	D$@L1
0xbc276	0x1800bc276	.text	ascii	D$@H#C0H
0xbc2d9	0x1800bc2d9	.text	ascii	5omMH
0xbc2df	0x1800bc2df	.text	ascii	D$(fffff.
0xbc30d	0x1800bc30d	.text	ascii	L$(L9
0xbc375	0x1800bc375	.text	ascii	9ug,(
0xbc474	0x1800bc474	.text	ascii	T$PH;H H
0xbc5ff	0x1800bc5ff	.text	ascii	"nVa>{M
0xbc62c	0x1800bc62c	.text	ascii	iKl,SuL
0xbc872	0x1800bc872	.text	ascii	[]_^A\A]A^A_
0xbc880	0x1800bc880	.text	ascii	UAWAVAUATVWSH
0xbc9c3	0x1800bc9c3	.text	ascii	tIff.
0xbca1f	0x1800bca1f	.text	ascii	L;u(w_
0xbca7e	0x1800bca7e	.text	ascii	L;u(v
0xbcab7	0x1800bcab7	.text	ascii	H;U(v
0xbcae8	0x1800bcae8	.text	ascii	[_^A\A]A^A_]
0xbcb15	0x1800bcb15	.text	ascii	UAWAVAUATVWSH
0xbcb2d	0x1800bcb2d	.text	ascii	)t$ H
0xbcb44	0x1800bcb44	.text	ascii	(t$ H
0xbcb4b	0x1800bcb4b	.text	ascii	8[_^A\A]A^A_]
0xbcb60	0x1800bcb60	.text	ascii	AWAVAUATVWUSH
0xbcbe7	0x1800bcbe7	.text	ascii	,EMRm
0xbcc8d	0x1800bcc8d	.text	ascii	L$0L9
0xbcd2e	0x1800bcd2e	.text	ascii	-EMRm
0xbce53	0x1800bce53	.text	ascii	ffff.
0xbce9c	0x1800bce9c	.text	ascii	L$pH9
0xbcf5e	0x1800bcf5e	.text	ascii	,EMRm
0xbcfb8	0x1800bcfb8	.text	ascii	,EMRm
0xbcfe7	0x1800bcfe7	.text	ascii	'I;D$DH
0xbd02b	0x1800bd02b	.text	ascii	,EMRm
0xbd065	0x1800bd065	.text	ascii	;L$DH
0xbd178	0x1800bd178	.text	ascii	[]_^A\A]A^A_
0xbd190	0x1800bd190	.text	ascii	AWAVAUATVWUSH
0xbd1a4	0x1800bd1a4	.text	ascii	)t$pH
0xbd26d	0x1800bd26d	.text	ascii	L$0H9
0xbd2a3	0x1800bd2a3	.text	ascii	L$XH)
0xbd36e	0x1800bd36e	.text	ascii	L$XH)
0xbd45f	0x1800bd45f	.text	ascii	(t$pH
0xbd46a	0x1800bd46a	.text	ascii	[]_^A\A]A^A_
0xbd480	0x1800bd480	.text	ascii	UVWSH
0xbd61d	0x1800bd61d	.text	ascii	h[_^]
0xbd655	0x1800bd655	.text	ascii	UVWSH
0xbd662	0x1800bd662	.text	ascii	)t$ H
0xbd679	0x1800bd679	.text	ascii	(t$ H
0xbd680	0x1800bd680	.text	ascii	8[_^]
0xbd690	0x1800bd690	.text	ascii	AWAVAUATVWUSH
0xbd6f9	0x1800bd6f9	.text	ascii	D$pfI
0xbd7ed	0x1800bd7ed	.text	ascii	L$(L9
0xbd9e9	0x1800bd9e9	.text	ascii	L$hH)
0xbda90	0x1800bda90	.text	ascii	o]4$H
0xbdc26	0x1800bdc26	.text	ascii	7zeSSH
0xbdd81	0x1800bdd81	.text	ascii	D$HH;
0xbde96	0x1800bde96	.text	ascii	H;L$@H
0xbdfae	0x1800bdfae	.text	ascii	Z,|#qH
0xbe072	0x1800be072	.text	ascii	H#D$xH
0xbe0b9	0x1800be0b9	.text	ascii	>X`MeT
0xbe134	0x1800be134	.text	ascii	D$hH+
0xbe281	0x1800be281	.text	ascii	H#D$xH
0xbe341	0x1800be341	.text	ascii	[]_^A\A]A^A_
0xbe380	0x1800be380	.text	ascii	AWAVAUATVWUSH
0xbe394	0x1800be394	.text	ascii	)t$pH
0xbe3bb	0x1800be3bb	.text	ascii	8h9f=4Y
0xbe45d	0x1800be45d	.text	ascii	L$0H9
0xbe49d	0x1800be49d	.text	ascii	L$XH)
0xbe4d7	0x1800be4d7	.text	ascii	{X:4H
0xbe564	0x1800be564	.text	ascii	L$XH)
0xbe601	0x1800be601	.text	ascii	l>#H9
0xbe632	0x1800be632	.text	ascii	)FQuuV1H
0xbe652	0x1800be652	.text	ascii	(t$pH
0xbe65d	0x1800be65d	.text	ascii	[]_^A\A]A^A_
0xbe670	0x1800be670	.text	ascii	AWAVAUATVWUSH
0xbe6b1	0x1800be6b1	.text	ascii	y2e3I
0xbe730	0x1800be730	.text	ascii	L$ H9
0xbe743	0x1800be743	.text	ascii	Vfff.
0xbe7b1	0x1800be7b1	.text	ascii	8[]_^A\A]A^A_
0xbe7d0	0x1800be7d0	.text	ascii	AWAVAUATVWUSH
0xbe8bd	0x1800be8bd	.text	ascii	L$0L9
0xbe8d9	0x1800be8d9	.text	ascii	sgGH9
0xbe916	0x1800be916	.text	ascii	;L$DH
0xbe91e	0x1800be91e	.text	ascii	eF]ss
0xbea58	0x1800bea58	.text	ascii	dOh-H9
0xbed1a	0x1800bed1a	.text	ascii	=;D$DH
0xbedb2	0x1800bedb2	.text	ascii	sgGH9
0xbee25	0x1800bee25	.text	ascii	[]_^A\A]A^A_
0xbee40	0x1800bee40	.text	ascii	AWAVAUATVWUSH
0xbeefd	0x1800beefd	.text	ascii	L$(L9
0xbf0c7	0x1800bf0c7	.text	ascii	H9L$@w
0xbf0f1	0x1800bf0f1	.text	ascii	ffffff.
0xbf5e4	0x1800bf5e4	.text	ascii	H;L$8t
0xbf689	0x1800bf689	.text	ascii	H;L$8w
0xbf695	0x1800bf695	.text	ascii	HdI,TH
0xbf6d2	0x1800bf6d2	.text	ascii	H;L$8v
0xbf74b	0x1800bf74b	.text	ascii	[]_^A\A]A^A_
0xbf760	0x1800bf760	.text	ascii	AWAVAUATVWUSH
0xbf833	0x1800bf833	.text	ascii	D$(f.
0xbf85d	0x1800bf85d	.text	ascii	L$(L9
0xbf89e	0x1800bf89e	.text	ascii	;L$<H
0xbf8d3	0x1800bf8d3	.text	ascii	ffff.
0xbf8f9	0x1800bf8f9	.text	ascii	 r->H9
0xbf966	0x1800bf966	.text	ascii	lcz_S
0xbf982	0x1800bf982	.text	ascii	fffff.
0xbfcb0	0x1800bfcb0	.text	ascii	;D$<H
0xbfd32	0x1800bfd32	.text	ascii	 r->H9
0xbfd51	0x1800bfd51	.text	ascii	5rz(<H
0xbfdb3	0x1800bfdb3	.text	ascii	[]_^A\A]A^A_
0xbfdc0	0x1800bfdc0	.text	ascii	AWAVAUATVWUSH
0xbfead	0x1800bfead	.text	ascii	L$(L9
0xc001b	0x1800c001b	.text	ascii	;D$<H
0xc0042	0x1800c0042	.text	ascii	<t>6H
0xc0092	0x1800c0092	.text	ascii	H;D$@H
0xc00a2	0x1800c00a2	.text	ascii	m,#'H
0xc0174	0x1800c0174	.text	ascii	D$HI;F
0xc0181	0x1800c0181	.text	ascii	Dr]hH
0xc01e1	0x1800c01e1	.text	ascii	;L$<H
0xc01f2	0x1800c01f2	.text	ascii	UX>t(
0xc0396	0x1800c0396	.text	ascii	H;D$@H
0xc03a8	0x1800c03a8	.text	ascii	g<=M0j
0xc0421	0x1800c0421	.text	ascii	;D$<H
0xc0476	0x1800c0476	.text	ascii	H;D$@H
0xc04d0	0x1800c04d0	.text	ascii	;L$<H
0xc0537	0x1800c0537	.text	ascii	[]_^A\A]A^A_
0xc0550	0x1800c0550	.text	ascii	AWAVAUATVWUSH
0xc060d	0x1800c060d	.text	ascii	L$0L9
0xc066a	0x1800c066a	.text	ascii	!H9L$Hw
0xc087f	0x1800c087f	.text	ascii	H;L$@t
0xc08c3	0x1800c08c3	.text	ascii	G0cH9
0xc0916	0x1800c0916	.text	ascii	@b#H9
0xc0acd	0x1800c0acd	.text	ascii	xznUK9H9
0xc0d81	0x1800c0d81	.text	ascii	6[H;L$@w
0xc0dca	0x1800c0dca	.text	ascii	6[H;L$@v
0xc0e45	0x1800c0e45	.text	ascii	[]_^A\A]A^A_
0xc0e60	0x1800c0e60	.text	ascii	AWAVAUATVWUSH
0xc0f54	0x1800c0f54	.text	ascii	;D$<H
0xc0f81	0x1800c0f81	.text	ascii	D$(fff.
0xc0fad	0x1800c0fad	.text	ascii	L$(L9
0xc10dc	0x1800c10dc	.text	ascii	KcZ-[]H
0xc1128	0x1800c1128	.text	ascii	d:>?cH
0xc139c	0x1800c139c	.text	ascii	;L$<H
0xc14bd	0x1800c14bd	.text	ascii	[]_^A\A]A^A_
0xc14d0	0x1800c14d0	.text	ascii	AWAVAUATVWUSH
0xc155e	0x1800c155e	.text	ascii	D$(ffffff.
0xc158d	0x1800c158d	.text	ascii	L$(L9
0xc159f	0x1800c159f	.text	ascii	S2PHH9
0xc16f2	0x1800c16f2	.text	ascii	fffff.
0xc1719	0x1800c1719	.text	ascii	S2PHH9
0xc1781	0x1800c1781	.text	ascii	ffffff.
0xc1820	0x1800c1820	.text	ascii	M*GH9
0xc184c	0x1800c184c	.text	ascii	D$hI)
0xc1864	0x1800c1864	.text	ascii	L+D$hL
0xc18ee	0x1800c18ee	.text	ascii	H;T$xt
0xc1952	0x1800c1952	.text	ascii	H9L$8
0xc1b19	0x1800c1b19	.text	ascii	L$PH)
0xc1b42	0x1800c1b42	.text	ascii	H;T$Pw
0xc1bc2	0x1800c1bc2	.text	ascii	H9L$8r
0xc1c4e	0x1800c1c4e	.text	ascii	D$hI)
0xc1d3a	0x1800c1d3a	.text	ascii	[]_^A\A]A^A_
0xc1d50	0x1800c1d50	.text	ascii	UAWAVVWSH
0xc1db1	0x1800c1db1	.text	ascii	K\Q=b
0xc1fc1	0x1800c1fc1	.text	ascii	ffffff.
0xc2011	0x1800c2011	.text	ascii	L#w0H
0xc2061	0x1800c2061	.text	ascii	X[_^A^A_]
0xc20a2	0x1800c20a2	.text	ascii	fffff.
0xc20b5	0x1800c20b5	.text	ascii	UAWAVVWSH
0xc20d2	0x1800c20d2	.text	ascii	([_^A^A_]
0xc20e0	0x1800c20e0	.text	ascii	AWAVAUATVWUSH
0xc21ad	0x1800c21ad	.text	ascii	1ps+H
0xc21dd	0x1800c21dd	.text	ascii	L$(L9
0xc2265	0x1800c2265	.text	ascii	7Ld6jH9
0xc228b	0x1800c228b	.text	ascii	7Ld6jH9
0xc2350	0x1800c2350	.text	ascii	;D$<H
0xc258c	0x1800c258c	.text	ascii	;L$<H
0xc27f2	0x1800c27f2	.text	ascii	[]_^A\A]A^A_
0xc2800	0x1800c2800	.text	ascii	AWAVAUATVWUSH
0xc2842	0x1800c2842	.text	ascii	=wAnp
0xc28f2	0x1800c28f2	.text	ascii	D$(ff.
0xc291d	0x1800c291d	.text	ascii	L$(H9
0xc29ba	0x1800c29ba	.text	ascii	|MC+HH
0xc29c2	0x1800c29c2	.text	ascii	H9D$hH
0xc2a1e	0x1800c2a1e	.text	ascii	>wAnp
0xc2aa9	0x1800c2aa9	.text	ascii	kxH=H9
0xc2adc	0x1800c2adc	.text	ascii	H;D$8H
0xc2b12	0x1800c2b12	.text	ascii	fffff.
0xc2b51	0x1800c2b51	.text	ascii	D$HH;D$XH
0xc2d1a	0x1800c2d1a	.text	ascii	H;D$XH
0xc2d65	0x1800c2d65	.text	ascii	L$d;H
0xc2e5c	0x1800c2e5c	.text	ascii	=wAnp
0xc2e7e	0x1800c2e7e	.text	ascii	H;D$XH
0xc2ed7	0x1800c2ed7	.text	ascii	L$d;H
0xc2f8d	0x1800c2f8d	.text	ascii	Y;~H9
0xc2fd7	0x1800c2fd7	.text	ascii	[]_^A\A]A^A_
0xc2fe4	0x1800c2fe4	.text	ascii	AWAVAUATVWUSH
0xc3030	0x1800c3030	.text	ascii	6!Rh&
0xc305e	0x1800c305e	.text	ascii	6!Rh&
0xc3107	0x1800c3107	.text	ascii	|f38H
0xc31e1	0x1800c31e1	.text	ascii	HcT$$
0xc31eb	0x1800c31eb	.text	ascii	;T$ I
0xc328a	0x1800c328a	.text	ascii	0[]_^A\A]A^A_
0xc3331	0x1800c3331	.text	ascii	ffffff.
0xc3590	0x1800c3590	.text	ascii	AWAVAUATVWUSH
0xc3672	0x1800c3672	.text	ascii	fffff.
0xc369d	0x1800c369d	.text	ascii	L$0H9
0xc3839	0x1800c3839	.text	ascii	Pr6H9
0xc3909	0x1800c3909	.text	ascii	poR/>
0xc392c	0x1800c392c	.text	ascii	m;]H9
0xc393f	0x1800c393f	.text	ascii	T\bH9
0xc3952	0x1800c3952	.text	ascii	m;]H9
0xc3a0c	0x1800c3a0c	.text	ascii	G(RH9
0xc3a35	0x1800c3a35	.text	ascii	L$xH;L$hH
0xc3af1	0x1800c3af1	.text	ascii	HG YH
0xc3b92	0x1800c3b92	.text	ascii	H;D$hH
0xc3c27	0x1800c3c27	.text	ascii	D$`H)
0xc3c2d	0x1800c3c2d	.text	ascii	H;D$HH
0xc3ca7	0x1800c3ca7	.text	ascii	L$`H)
0xc3cad	0x1800c3cad	.text	ascii	H;L$HH
0xc3cd5	0x1800c3cd5	.text	ascii	!H[JH
0xc3e1f	0x1800c3e1f	.text	ascii	H;D$XH
0xc3e5c	0x1800c3e5c	.text	ascii	19WH9
0xc3e9a	0x1800c3e9a	.text	ascii	H;D$hH
0xc3f10	0x1800c3f10	.text	ascii	H;D$hH
0xc4046	0x1800c4046	.text	ascii	H;D$XH
0xc4104	0x1800c4104	.text	ascii	T\bH9
0xc4189	0x1800c4189	.text	ascii	L$`H)
0xc418f	0x1800c418f	.text	ascii	H;L$HH
0xc4230	0x1800c4230	.text	ascii	H;D$XH
0xc4296	0x1800c4296	.text	ascii	L$xH;L$hH
0xc4378	0x1800c4378	.text	ascii	D$`H)
0xc437e	0x1800c437e	.text	ascii	H;D$HH
0xc43ca	0x1800c43ca	.text	ascii	D$`H)
0xc43d0	0x1800c43d0	.text	ascii	H;D$HH
0xc4503	0x1800c4503	.text	ascii	H;D$XH
0xc467d	0x1800c467d	.text	ascii	L$`H)
0xc4683	0x1800c4683	.text	ascii	H;L$HH
0xc4695	0x1800c4695	.text	ascii	A-REE
0xc46cf	0x1800c46cf	.text	ascii	D$`H)
0xc46d5	0x1800c46d5	.text	ascii	H;D$HH
0xc47ab	0x1800c47ab	.text	ascii	L$xH;L$hH
0xc481e	0x1800c481e	.text	ascii	rHp\@
0xc48e5	0x1800c48e5	.text	ascii	L$xH;L$hH
0xc4a6c	0x1800c4a6c	.text	ascii	[]_^A\A]A^A_
0xc4a90	0x1800c4a90	.text	ascii	AWAVAUATVWUSH
0xc4b24	0x1800c4b24	.text	ascii	D$HH;D$pH
0xc4b7a	0x1800c4b7a	.text	ascii	L$ L9
0xc4bac	0x1800c4bac	.text	ascii	H;D$xH
0xc4bd3	0x1800c4bd3	.text	ascii	{k,) H
0xc4be2	0x1800c4be2	.text	ascii	fffff.
0xc4c5a	0x1800c4c5a	.text	ascii	D$8H!
0xc4c8d	0x1800c4c8d	.text	ascii	H#D$8H1
0xc4cab	0x1800c4cab	.text	ascii	H#T$8H1
0xc4cc9	0x1800c4cc9	.text	ascii	H#D$8H1
0xc4ce7	0x1800c4ce7	.text	ascii	H#T$8H1
0xc4d05	0x1800c4d05	.text	ascii	H#D$8H1
0xc4d23	0x1800c4d23	.text	ascii	H#T$8H1
0xc4d47	0x1800c4d47	.text	ascii	D$0H#GxH
0xc4d78	0x1800c4d78	.text	ascii	L$pH9
0xc4e2b	0x1800c4e2b	.text	ascii	D$hH;p
0xc4ee8	0x1800c4ee8	.text	ascii	[]_^A\A]A^A_
0xc4f10	0x1800c4f10	.text	ascii	UAWAVATVWSH
0xc5051	0x1800c5051	.text	ascii	ffffff.
0xc521b	0x1800c521b	.text	ascii	L#~0H
0xc5264	0x1800c5264	.text	ascii	`[_^A\A^A_]
0xc52b5	0x1800c52b5	.text	ascii	UAWAVATVWSH
0xc52d8	0x1800c52d8	.text	ascii	0[_^A\A^A_]
0xc52f0	0x1800c52f0	.text	ascii	UAWAVAUATVWSH
0xc5532	0x1800c5532	.text	ascii	Pffff.
0xc593c	0x1800c593c	.text	ascii	H;Uhv%L
0xc5987	0x1800c5987	.text	ascii	H;Uhv%L
0xc59d8	0x1800c59d8	.text	ascii	H;Uhv!L
0xc59ec	0x1800c59ec	.text	ascii	H;Mxs
0xc5a58	0x1800c5a58	.text	ascii	[_^A\A]A^A_]
0xc5aa5	0x1800c5aa5	.text	ascii	UAWAVAUATVWSH
0xc5abd	0x1800c5abd	.text	ascii	)t$ H
0xc5acb	0x1800c5acb	.text	ascii	(t$ H
0xc5ad2	0x1800c5ad2	.text	ascii	8[_^A\A]A^A_]
0xc5ae5	0x1800c5ae5	.text	ascii	UAWAVAUATVWSH
0xc5afd	0x1800c5afd	.text	ascii	)t$ H
0xc5b0e	0x1800c5b0e	.text	ascii	(t$ H
0xc5b15	0x1800c5b15	.text	ascii	8[_^A\A]A^A_]
0xc5b23	0x1800c5b23	.text	ascii	ffff.
0xc5b35	0x1800c5b35	.text	ascii	UAWAVAUATVWSH
0xc5b4d	0x1800c5b4d	.text	ascii	)t$ H
0xc5b5e	0x1800c5b5e	.text	ascii	(t$ H
0xc5b65	0x1800c5b65	.text	ascii	8[_^A\A]A^A_]
0xc5b80	0x1800c5b80	.text	ascii	AWAVAUATVWUSH
0xc5b94	0x1800c5b94	.text	ascii	)t$pH
0xc5c03	0x1800c5c03	.text	ascii	nfff.
0xc5c8f	0x1800c5c8f	.text	ascii	L$0H9
0xc5d04	0x1800c5d04	.text	ascii	L$XH)
0xc5da6	0x1800c5da6	.text	ascii	L$XH)
0xc5e59	0x1800c5e59	.text	ascii	(t$pH
0xc5e64	0x1800c5e64	.text	ascii	[]_^A\A]A^A_
0xc5e80	0x1800c5e80	.text	ascii	UAWAVATVWSH
0xc6097	0x1800c6097	.text	ascii	`[_^A\A^A_]
0xc60d5	0x1800c60d5	.text	ascii	UAWAVATVWSH
0xc60f4	0x1800c60f4	.text	ascii	0[_^A\A^A_]
0xc6100	0x1800c6100	.text	ascii	AWAVAUATVWUSH
0xc61c0	0x1800c61c0	.text	ascii	D$(ffff.
0xc61ed	0x1800c61ed	.text	ascii	L$(H9
0xc63a3	0x1800c63a3	.text	ascii	H[]_^A\A]A^A_
0xc63c0	0x1800c63c0	.text	ascii	AWAVAUATVWUSH
0xc6463	0x1800c6463	.text	ascii	D$(f.
0xc648d	0x1800c648d	.text	ascii	L$(L9
0xc64b2	0x1800c64b2	.text	ascii	""qH9
0xc64e7	0x1800c64e7	.text	ascii	D$\;D$TH
0xc6733	0x1800c6733	.text	ascii	9D$\H
0xc6801	0x1800c6801	.text	ascii	H;L$@H
0xc6875	0x1800c6875	.text	ascii	[?!D41-iH9
0xc689c	0x1800c689c	.text	ascii	H;L$@H
0xc68c8	0x1800c68c8	.text	ascii	`1;OH
0xc6903	0x1800c6903	.text	ascii	H;D$@H
0xc69dd	0x1800c69dd	.text	ascii	D$`L9
0xc6a74	0x1800c6a74	.text	ascii	H;D$@H
0xc6b21	0x1800c6b21	.text	ascii	H;L$@v
0xc6bef	0x1800c6bef	.text	ascii	[]_^A\A]A^A_
0xc6c00	0x1800c6c00	.text	ascii	AWAVAUATVWUSH
0xc6d85	0x1800c6d85	.text	ascii	L$0H9
0xc6e44	0x1800c6e44	.text	ascii	L$PHc
0xc6e81	0x1800c6e81	.text	ascii	ffffff.
0xc71c5	0x1800c71c5	.text	ascii	[]_^A\A]A^A_
0xc71f0	0x1800c71f0	.text	ascii	AWAVAUATVWUSH
0xc735d	0x1800c735d	.text	ascii	L$(L9
0xc73c0	0x1800c73c0	.text	ascii	\m][N
0xc7441	0x1800c7441	.text	ascii	ffffff.
0xc7465	0x1800c7465	.text	ascii	 bIm\
0xc7511	0x1800c7511	.text	ascii	ffffff.
0xc75be	0x1800c75be	.text	ascii	D$pH;
0xc7960	0x1800c7960	.text	ascii	H;D$XH
0xc7972	0x1800c7972	.text	ascii	mvRYM
0xc7cd3	0x1800c7cd3	.text	ascii	Lp=M6
0xc7d11	0x1800c7d11	.text	ascii	pXHH9
0xc7d3a	0x1800c7d3a	.text	ascii	L$`H;
0xc7dca	0x1800c7dca	.text	ascii	^m9sH
0xc7f6e	0x1800c7f6e	.text	ascii	H;D$XH
0xc7fa7	0x1800c7fa7	.text	ascii	 bIm\
0xc811d	0x1800c811d	.text	ascii	L$`H;
0xc820b	0x1800c820b	.text	ascii	L$`H;
0xc8292	0x1800c8292	.text	ascii	;D$PH
0xc8371	0x1800c8371	.text	ascii	nS;TH
0xc87be	0x1800c87be	.text	ascii	;D$hH
0xc88ae	0x1800c88ae	.text	ascii	.D$DH
0xc9044	0x1800c9044	.text	ascii	Hnk-O
0xc9189	0x1800c9189	.text	ascii	H;D$XH
0xc91db	0x1800c91db	.text	ascii	9267H
0xc92dc	0x1800c92dc	.text	ascii	H;D$X
0xc93f1	0x1800c93f1	.text	ascii	Hp?%B-I
0xc94e7	0x1800c94e7	.text	ascii	[]_^A\A]A^A_
0xc9500	0x1800c9500	.text	ascii	UAWAVATVWSH
0xc98d2	0x1800c98d2	.text	ascii	H;Uhv"L
0xc999d	0x1800c999d	.text	ascii	H;Uhv"L
0xc9b0b	0x1800c9b0b	.text	ascii	H;Uhv"L
0xc9d59	0x1800c9d59	.text	ascii	H;Uhv"L
0xc9e90	0x1800c9e90	.text	ascii	H;Uhv"L
0xc9fe1	0x1800c9fe1	.text	ascii	H;Uhv"L
0xca0f8	0x1800ca0f8	.text	ascii	H;Uhv"L
0xca322	0x1800ca322	.text	ascii	H;Uhv"L
0xca4b8	0x1800ca4b8	.text	ascii	[_^A\A^A_]
0xca4f5	0x1800ca4f5	.text	ascii	UAWAVATVWSH
0xca50f	0x1800ca50f	.text	ascii	)|$0D
0xca515	0x1800ca515	.text	ascii	)t$@D
0xca51b	0x1800ca51b	.text	ascii	)l$PD
0xca521	0x1800ca521	.text	ascii	)d$`D
0xca527	0x1800ca527	.text	ascii	)\$pD
0xca58f	0x1800ca58f	.text	ascii	(\$pD
0xca595	0x1800ca595	.text	ascii	(d$`D
0xca59b	0x1800ca59b	.text	ascii	(l$PD
0xca5a1	0x1800ca5a1	.text	ascii	(t$@D
0xca5a7	0x1800ca5a7	.text	ascii	(|$0H
0xca5b2	0x1800ca5b2	.text	ascii	[_^A\A^A_]
0xca5c5	0x1800ca5c5	.text	ascii	UAWAVATVWSH
0xca5df	0x1800ca5df	.text	ascii	)|$0D
0xca5e5	0x1800ca5e5	.text	ascii	)t$@D
0xca5eb	0x1800ca5eb	.text	ascii	)l$PD
0xca5f1	0x1800ca5f1	.text	ascii	)d$`D
0xca5f7	0x1800ca5f7	.text	ascii	)\$pD
0xca65f	0x1800ca65f	.text	ascii	(\$pD
0xca665	0x1800ca665	.text	ascii	(d$`D
0xca66b	0x1800ca66b	.text	ascii	(l$PD
0xca671	0x1800ca671	.text	ascii	(t$@D
0xca677	0x1800ca677	.text	ascii	(|$0H
0xca682	0x1800ca682	.text	ascii	[_^A\A^A_]
0xca695	0x1800ca695	.text	ascii	UAWAVATVWSH
0xca6af	0x1800ca6af	.text	ascii	)|$0D
0xca6b5	0x1800ca6b5	.text	ascii	)t$@D
0xca6bb	0x1800ca6bb	.text	ascii	)l$PD
0xca6c1	0x1800ca6c1	.text	ascii	)d$`D
0xca6c7	0x1800ca6c7	.text	ascii	)\$pD
0xca72f	0x1800ca72f	.text	ascii	(\$pD
0xca735	0x1800ca735	.text	ascii	(d$`D
0xca73b	0x1800ca73b	.text	ascii	(l$PD
0xca741	0x1800ca741	.text	ascii	(t$@D
0xca747	0x1800ca747	.text	ascii	(|$0H
0xca752	0x1800ca752	.text	ascii	[_^A\A^A_]
0xca765	0x1800ca765	.text	ascii	UAWAVATVWSH
0xca77f	0x1800ca77f	.text	ascii	)|$0D
0xca785	0x1800ca785	.text	ascii	)t$@D
0xca78b	0x1800ca78b	.text	ascii	)l$PD
0xca791	0x1800ca791	.text	ascii	)d$`D
0xca797	0x1800ca797	.text	ascii	)\$pD
0xca7ff	0x1800ca7ff	.text	ascii	(\$pD
0xca805	0x1800ca805	.text	ascii	(d$`D
0xca80b	0x1800ca80b	.text	ascii	(l$PD
0xca811	0x1800ca811	.text	ascii	(t$@D
0xca817	0x1800ca817	.text	ascii	(|$0H
0xca822	0x1800ca822	.text	ascii	[_^A\A^A_]
0xca835	0x1800ca835	.text	ascii	UAWAVATVWSH
0xca84f	0x1800ca84f	.text	ascii	)|$0D
0xca855	0x1800ca855	.text	ascii	)t$@D
0xca85b	0x1800ca85b	.text	ascii	)l$PD
0xca861	0x1800ca861	.text	ascii	)d$`D
0xca867	0x1800ca867	.text	ascii	)\$pD
0xca8cf	0x1800ca8cf	.text	ascii	(\$pD
0xca8d5	0x1800ca8d5	.text	ascii	(d$`D
0xca8db	0x1800ca8db	.text	ascii	(l$PD
0xca8e1	0x1800ca8e1	.text	ascii	(t$@D
0xca8e7	0x1800ca8e7	.text	ascii	(|$0H
0xca8f2	0x1800ca8f2	.text	ascii	[_^A\A^A_]
0xca905	0x1800ca905	.text	ascii	UAWAVATVWSH
0xca91f	0x1800ca91f	.text	ascii	)|$0D
0xca925	0x1800ca925	.text	ascii	)t$@D
0xca92b	0x1800ca92b	.text	ascii	)l$PD
0xca931	0x1800ca931	.text	ascii	)d$`D
0xca937	0x1800ca937	.text	ascii	)\$pD
0xca99f	0x1800ca99f	.text	ascii	(\$pD
0xca9a5	0x1800ca9a5	.text	ascii	(d$`D
0xca9ab	0x1800ca9ab	.text	ascii	(l$PD
0xca9b1	0x1800ca9b1	.text	ascii	(t$@D
0xca9b7	0x1800ca9b7	.text	ascii	(|$0H
0xca9c2	0x1800ca9c2	.text	ascii	[_^A\A^A_]
0xca9d5	0x1800ca9d5	.text	ascii	UAWAVATVWSH
0xca9ef	0x1800ca9ef	.text	ascii	)|$0D
0xca9f5	0x1800ca9f5	.text	ascii	)t$@D
0xca9fb	0x1800ca9fb	.text	ascii	)l$PD
0xcaa01	0x1800caa01	.text	ascii	)d$`D
0xcaa07	0x1800caa07	.text	ascii	)\$pD
0xcaa6f	0x1800caa6f	.text	ascii	(\$pD
0xcaa75	0x1800caa75	.text	ascii	(d$`D
0xcaa7b	0x1800caa7b	.text	ascii	(l$PD
0xcaa81	0x1800caa81	.text	ascii	(t$@D
0xcaa87	0x1800caa87	.text	ascii	(|$0H
0xcaa92	0x1800caa92	.text	ascii	[_^A\A^A_]
0xcaaa5	0x1800caaa5	.text	ascii	UAWAVATVWSH
0xcaabf	0x1800caabf	.text	ascii	)|$0D
0xcaac5	0x1800caac5	.text	ascii	)t$@D
0xcaacb	0x1800caacb	.text	ascii	)l$PD
0xcaad1	0x1800caad1	.text	ascii	)d$`D
0xcaad7	0x1800caad7	.text	ascii	)\$pD
0xcab3f	0x1800cab3f	.text	ascii	(\$pD
0xcab45	0x1800cab45	.text	ascii	(d$`D
0xcab4b	0x1800cab4b	.text	ascii	(l$PD
0xcab51	0x1800cab51	.text	ascii	(t$@D
0xcab57	0x1800cab57	.text	ascii	(|$0H
0xcab62	0x1800cab62	.text	ascii	[_^A\A^A_]
0xcab70	0x1800cab70	.text	ascii	AWAVAUATVWUSH
0xcabad	0x1800cabad	.text	ascii	.`HtdH
0xcac2b	0x1800cac2b	.text	ascii	g~!@H
0xcac37	0x1800cac37	.text	ascii	cx]&lesH
0xcac6d	0x1800cac6d	.text	ascii	L$(H9
0xcac91	0x1800cac91	.text	ascii	8v[9H9
0xcadd3	0x1800cadd3	.text	ascii	ffff.
0xcb0e9	0x1800cb0e9	.text	ascii	*namH9
0xcb11c	0x1800cb11c	.text	ascii	[]_^A\A]A^A_
0xcb140	0x1800cb140	.text	ascii	UAWAVAUATVWSH
0xcb2f4	0x1800cb2f4	.text	ascii	5-2:H
0xcbca1	0x1800cbca1	.text	ascii	ffffff.
0xcbf33	0x1800cbf33	.text	ascii	ffff.
0xcc6d3	0x1800cc6d3	.text	ascii	[_^A\A]A^A_]
0xcc6f5	0x1800cc6f5	.text	ascii	UAWAVAUATVWSH
0xcc711	0x1800cc711	.text	ascii	)|$0D
0xcc717	0x1800cc717	.text	ascii	)t$@D
0xcc71d	0x1800cc71d	.text	ascii	)l$PD
0xcc723	0x1800cc723	.text	ascii	)d$`D
0xcc729	0x1800cc729	.text	ascii	)\$pD
0xcc791	0x1800cc791	.text	ascii	(\$pD
0xcc797	0x1800cc797	.text	ascii	(d$`D
0xcc79d	0x1800cc79d	.text	ascii	(l$PD
0xcc7a3	0x1800cc7a3	.text	ascii	(t$@D
0xcc7a9	0x1800cc7a9	.text	ascii	(|$0H
0xcc7b4	0x1800cc7b4	.text	ascii	[_^A\A]A^A_]
0xcc7c1	0x1800cc7c1	.text	ascii	ffffff.
0xcc7d5	0x1800cc7d5	.text	ascii	UAWAVAUATVWSH
0xcc7f1	0x1800cc7f1	.text	ascii	)|$0D
0xcc7f7	0x1800cc7f7	.text	ascii	)t$@D
0xcc7fd	0x1800cc7fd	.text	ascii	)l$PD
0xcc803	0x1800cc803	.text	ascii	)d$`D
0xcc809	0x1800cc809	.text	ascii	)\$pD
0xcc871	0x1800cc871	.text	ascii	(\$pD
0xcc877	0x1800cc877	.text	ascii	(d$`D
0xcc87d	0x1800cc87d	.text	ascii	(l$PD
0xcc883	0x1800cc883	.text	ascii	(t$@D
0xcc889	0x1800cc889	.text	ascii	(|$0H
0xcc894	0x1800cc894	.text	ascii	[_^A\A]A^A_]
0xcc8a1	0x1800cc8a1	.text	ascii	ffffff.
0xcc8b5	0x1800cc8b5	.text	ascii	UAWAVAUATVWSH
0xcc8d1	0x1800cc8d1	.text	ascii	)|$0D
0xcc8d7	0x1800cc8d7	.text	ascii	)t$@D
0xcc8dd	0x1800cc8dd	.text	ascii	)l$PD
0xcc8e3	0x1800cc8e3	.text	ascii	)d$`D
0xcc8e9	0x1800cc8e9	.text	ascii	)\$pD
0xcc951	0x1800cc951	.text	ascii	(\$pD
0xcc957	0x1800cc957	.text	ascii	(d$`D
0xcc95d	0x1800cc95d	.text	ascii	(l$PD
0xcc963	0x1800cc963	.text	ascii	(t$@D
0xcc969	0x1800cc969	.text	ascii	(|$0H
0xcc974	0x1800cc974	.text	ascii	[_^A\A]A^A_]
0xcc981	0x1800cc981	.text	ascii	ffffff.
0xcc995	0x1800cc995	.text	ascii	UAWAVAUATVWSH
0xcc9b1	0x1800cc9b1	.text	ascii	)|$0D
0xcc9b7	0x1800cc9b7	.text	ascii	)t$@D
0xcc9bd	0x1800cc9bd	.text	ascii	)l$PD
0xcc9c3	0x1800cc9c3	.text	ascii	)d$`D
0xcc9c9	0x1800cc9c9	.text	ascii	)\$pD
0xcca31	0x1800cca31	.text	ascii	(\$pD
0xcca37	0x1800cca37	.text	ascii	(d$`D
0xcca3d	0x1800cca3d	.text	ascii	(l$PD
0xcca43	0x1800cca43	.text	ascii	(t$@D
0xcca49	0x1800cca49	.text	ascii	(|$0H
0xcca54	0x1800cca54	.text	ascii	[_^A\A]A^A_]
0xcca61	0x1800cca61	.text	ascii	ffffff.
0xcca75	0x1800cca75	.text	ascii	UAWAVAUATVWSH
0xcca91	0x1800cca91	.text	ascii	)|$0D
0xcca97	0x1800cca97	.text	ascii	)t$@D
0xcca9d	0x1800cca9d	.text	ascii	)l$PD
0xccaa3	0x1800ccaa3	.text	ascii	)d$`D
0xccaa9	0x1800ccaa9	.text	ascii	)\$pD
0xccb11	0x1800ccb11	.text	ascii	(\$pD
0xccb17	0x1800ccb17	.text	ascii	(d$`D
0xccb1d	0x1800ccb1d	.text	ascii	(l$PD
0xccb23	0x1800ccb23	.text	ascii	(t$@D
0xccb29	0x1800ccb29	.text	ascii	(|$0H
0xccb34	0x1800ccb34	.text	ascii	[_^A\A]A^A_]
0xccb41	0x1800ccb41	.text	ascii	ffffff.
0xccb55	0x1800ccb55	.text	ascii	UAWAVAUATVWSH
0xccb71	0x1800ccb71	.text	ascii	)|$0D
0xccb77	0x1800ccb77	.text	ascii	)t$@D
0xccb7d	0x1800ccb7d	.text	ascii	)l$PD
0xccb83	0x1800ccb83	.text	ascii	)d$`D
0xccb89	0x1800ccb89	.text	ascii	)\$pD
0xccbf1	0x1800ccbf1	.text	ascii	(\$pD
0xccbf7	0x1800ccbf7	.text	ascii	(d$`D
0xccbfd	0x1800ccbfd	.text	ascii	(l$PD
0xccc03	0x1800ccc03	.text	ascii	(t$@D
0xccc09	0x1800ccc09	.text	ascii	(|$0H
0xccc14	0x1800ccc14	.text	ascii	[_^A\A]A^A_]
0xccc30	0x1800ccc30	.text	ascii	UAWAVAUATVWSH
0xce893	0x1800ce893	.text	ascii	ffff.
0xce932	0x1800ce932	.text	ascii	fffff.
0xceac3	0x1800ceac3	.text	ascii	ffff.
0xceb62	0x1800ceb62	.text	ascii	fffff.
0xced01	0x1800ced01	.text	ascii	ffffff.
0xcf06d	0x1800cf06d	.text	ascii	[_^A\A]A^A_]
0xcf0b2	0x1800cf0b2	.text	ascii	fffff.
0xcf0c5	0x1800cf0c5	.text	ascii	UAWAVAUATVWSH
0xcf0e1	0x1800cf0e1	.text	ascii	)|$0D
0xcf0e7	0x1800cf0e7	.text	ascii	)t$@D
0xcf0ed	0x1800cf0ed	.text	ascii	)l$PD
0xcf0f3	0x1800cf0f3	.text	ascii	)d$`D
0xcf0f9	0x1800cf0f9	.text	ascii	)\$pD
0xcf161	0x1800cf161	.text	ascii	(\$pD
0xcf167	0x1800cf167	.text	ascii	(d$`D
0xcf16d	0x1800cf16d	.text	ascii	(l$PD
0xcf173	0x1800cf173	.text	ascii	(t$@D
0xcf179	0x1800cf179	.text	ascii	(|$0H
0xcf184	0x1800cf184	.text	ascii	[_^A\A]A^A_]
0xcf191	0x1800cf191	.text	ascii	ffffff.
0xcf1a5	0x1800cf1a5	.text	ascii	UAWAVAUATVWSH
0xcf1c1	0x1800cf1c1	.text	ascii	)|$0D
0xcf1c7	0x1800cf1c7	.text	ascii	)t$@D
0xcf1cd	0x1800cf1cd	.text	ascii	)l$PD
0xcf1d3	0x1800cf1d3	.text	ascii	)d$`D
0xcf1d9	0x1800cf1d9	.text	ascii	)\$pD
0xcf241	0x1800cf241	.text	ascii	(\$pD
0xcf247	0x1800cf247	.text	ascii	(d$`D
0xcf24d	0x1800cf24d	.text	ascii	(l$PD
0xcf253	0x1800cf253	.text	ascii	(t$@D
0xcf259	0x1800cf259	.text	ascii	(|$0H
0xcf264	0x1800cf264	.text	ascii	[_^A\A]A^A_]
0xcf271	0x1800cf271	.text	ascii	ffffff.
0xcf285	0x1800cf285	.text	ascii	UAWAVAUATVWSH
0xcf2a1	0x1800cf2a1	.text	ascii	)|$0D
0xcf2a7	0x1800cf2a7	.text	ascii	)t$@D
0xcf2ad	0x1800cf2ad	.text	ascii	)l$PD
0xcf2b3	0x1800cf2b3	.text	ascii	)d$`D
0xcf2b9	0x1800cf2b9	.text	ascii	)\$pD
0xcf321	0x1800cf321	.text	ascii	(\$pD
0xcf327	0x1800cf327	.text	ascii	(d$`D
0xcf32d	0x1800cf32d	.text	ascii	(l$PD
0xcf333	0x1800cf333	.text	ascii	(t$@D
0xcf339	0x1800cf339	.text	ascii	(|$0H
0xcf344	0x1800cf344	.text	ascii	[_^A\A]A^A_]
0xcf351	0x1800cf351	.text	ascii	ffffff.
0xcf365	0x1800cf365	.text	ascii	UAWAVAUATVWSH
0xcf381	0x1800cf381	.text	ascii	)|$0D
0xcf387	0x1800cf387	.text	ascii	)t$@D
0xcf38d	0x1800cf38d	.text	ascii	)l$PD
0xcf393	0x1800cf393	.text	ascii	)d$`D
0xcf399	0x1800cf399	.text	ascii	)\$pD
0xcf401	0x1800cf401	.text	ascii	(\$pD
0xcf407	0x1800cf407	.text	ascii	(d$`D
0xcf40d	0x1800cf40d	.text	ascii	(l$PD
0xcf413	0x1800cf413	.text	ascii	(t$@D
0xcf419	0x1800cf419	.text	ascii	(|$0H
0xcf424	0x1800cf424	.text	ascii	[_^A\A]A^A_]
0xcf431	0x1800cf431	.text	ascii	ffffff.
0xcf445	0x1800cf445	.text	ascii	UAWAVAUATVWSH
0xcf461	0x1800cf461	.text	ascii	)|$0D
0xcf467	0x1800cf467	.text	ascii	)t$@D
0xcf46d	0x1800cf46d	.text	ascii	)l$PD
0xcf473	0x1800cf473	.text	ascii	)d$`D
0xcf479	0x1800cf479	.text	ascii	)\$pD
0xcf4e1	0x1800cf4e1	.text	ascii	(\$pD
0xcf4e7	0x1800cf4e7	.text	ascii	(d$`D
0xcf4ed	0x1800cf4ed	.text	ascii	(l$PD
0xcf4f3	0x1800cf4f3	.text	ascii	(t$@D
0xcf4f9	0x1800cf4f9	.text	ascii	(|$0H
0xcf504	0x1800cf504	.text	ascii	[_^A\A]A^A_]
0xcf511	0x1800cf511	.text	ascii	ffffff.
0xcf525	0x1800cf525	.text	ascii	UAWAVAUATVWSH
0xcf541	0x1800cf541	.text	ascii	)|$0D
0xcf547	0x1800cf547	.text	ascii	)t$@D
0xcf54d	0x1800cf54d	.text	ascii	)l$PD
0xcf553	0x1800cf553	.text	ascii	)d$`D
0xcf559	0x1800cf559	.text	ascii	)\$pD
0xcf5c1	0x1800cf5c1	.text	ascii	(\$pD
0xcf5c7	0x1800cf5c7	.text	ascii	(d$`D
0xcf5cd	0x1800cf5cd	.text	ascii	(l$PD
0xcf5d3	0x1800cf5d3	.text	ascii	(t$@D
0xcf5d9	0x1800cf5d9	.text	ascii	(|$0H
0xcf5e4	0x1800cf5e4	.text	ascii	[_^A\A]A^A_]
0xcf5f1	0x1800cf5f1	.text	ascii	ffffff.
0xcf605	0x1800cf605	.text	ascii	UAWAVAUATVWSH
0xcf621	0x1800cf621	.text	ascii	)|$0D
0xcf627	0x1800cf627	.text	ascii	)t$@D
0xcf62d	0x1800cf62d	.text	ascii	)l$PD
0xcf633	0x1800cf633	.text	ascii	)d$`D
0xcf639	0x1800cf639	.text	ascii	)\$pD
0xcf6a1	0x1800cf6a1	.text	ascii	(\$pD
0xcf6a7	0x1800cf6a7	.text	ascii	(d$`D
0xcf6ad	0x1800cf6ad	.text	ascii	(l$PD
0xcf6b3	0x1800cf6b3	.text	ascii	(t$@D
0xcf6b9	0x1800cf6b9	.text	ascii	(|$0H
0xcf6c4	0x1800cf6c4	.text	ascii	[_^A\A]A^A_]
0xcf6d1	0x1800cf6d1	.text	ascii	ffffff.
0xcf6e5	0x1800cf6e5	.text	ascii	UAWAVAUATVWSH
0xcf701	0x1800cf701	.text	ascii	)|$0D
0xcf707	0x1800cf707	.text	ascii	)t$@D
0xcf70d	0x1800cf70d	.text	ascii	)l$PD
0xcf713	0x1800cf713	.text	ascii	)d$`D
0xcf719	0x1800cf719	.text	ascii	)\$pD
0xcf781	0x1800cf781	.text	ascii	(\$pD
0xcf787	0x1800cf787	.text	ascii	(d$`D
0xcf78d	0x1800cf78d	.text	ascii	(l$PD
0xcf793	0x1800cf793	.text	ascii	(t$@D
0xcf799	0x1800cf799	.text	ascii	(|$0H
0xcf7a4	0x1800cf7a4	.text	ascii	[_^A\A]A^A_]
0xcf7b1	0x1800cf7b1	.text	ascii	ffffff.
0xcf7c5	0x1800cf7c5	.text	ascii	UAWAVAUATVWSH
0xcf7e1	0x1800cf7e1	.text	ascii	)|$0D
0xcf7e7	0x1800cf7e7	.text	ascii	)t$@D
0xcf7ed	0x1800cf7ed	.text	ascii	)l$PD
0xcf7f3	0x1800cf7f3	.text	ascii	)d$`D
0xcf7f9	0x1800cf7f9	.text	ascii	)\$pD
0xcf861	0x1800cf861	.text	ascii	(\$pD
0xcf867	0x1800cf867	.text	ascii	(d$`D
0xcf86d	0x1800cf86d	.text	ascii	(l$PD
0xcf873	0x1800cf873	.text	ascii	(t$@D
0xcf879	0x1800cf879	.text	ascii	(|$0H
0xcf884	0x1800cf884	.text	ascii	[_^A\A]A^A_]
0xcf891	0x1800cf891	.text	ascii	ffffff.
0xcf8a5	0x1800cf8a5	.text	ascii	UAWAVAUATVWSH
0xcf8c1	0x1800cf8c1	.text	ascii	)|$0D
0xcf8c7	0x1800cf8c7	.text	ascii	)t$@D
0xcf8cd	0x1800cf8cd	.text	ascii	)l$PD
0xcf8d3	0x1800cf8d3	.text	ascii	)d$`D
0xcf8d9	0x1800cf8d9	.text	ascii	)\$pD
0xcf941	0x1800cf941	.text	ascii	(\$pD
0xcf947	0x1800cf947	.text	ascii	(d$`D
0xcf94d	0x1800cf94d	.text	ascii	(l$PD
0xcf953	0x1800cf953	.text	ascii	(t$@D
0xcf959	0x1800cf959	.text	ascii	(|$0H
0xcf964	0x1800cf964	.text	ascii	[_^A\A]A^A_]
0xcf971	0x1800cf971	.text	ascii	ffffff.
0xcf985	0x1800cf985	.text	ascii	UAWAVAUATVWSH
0xcf9a1	0x1800cf9a1	.text	ascii	)|$0D
0xcf9a7	0x1800cf9a7	.text	ascii	)t$@D
0xcf9ad	0x1800cf9ad	.text	ascii	)l$PD
0xcf9b3	0x1800cf9b3	.text	ascii	)d$`D
0xcf9b9	0x1800cf9b9	.text	ascii	)\$pD
0xcfa21	0x1800cfa21	.text	ascii	(\$pD
0xcfa27	0x1800cfa27	.text	ascii	(d$`D
0xcfa2d	0x1800cfa2d	.text	ascii	(l$PD
0xcfa33	0x1800cfa33	.text	ascii	(t$@D
0xcfa39	0x1800cfa39	.text	ascii	(|$0H
0xcfa44	0x1800cfa44	.text	ascii	[_^A\A]A^A_]
0xcfa51	0x1800cfa51	.text	ascii	ffffff.
0xcfa65	0x1800cfa65	.text	ascii	UAWAVAUATVWSH
0xcfa81	0x1800cfa81	.text	ascii	)|$0D
0xcfa87	0x1800cfa87	.text	ascii	)t$@D
0xcfa8d	0x1800cfa8d	.text	ascii	)l$PD
0xcfa93	0x1800cfa93	.text	ascii	)d$`D
0xcfa99	0x1800cfa99	.text	ascii	)\$pD
0xcfb01	0x1800cfb01	.text	ascii	(\$pD
0xcfb07	0x1800cfb07	.text	ascii	(d$`D
0xcfb0d	0x1800cfb0d	.text	ascii	(l$PD
0xcfb13	0x1800cfb13	.text	ascii	(t$@D
0xcfb19	0x1800cfb19	.text	ascii	(|$0H
0xcfb24	0x1800cfb24	.text	ascii	[_^A\A]A^A_]
0xcfb31	0x1800cfb31	.text	ascii	ffffff.
0xcfb45	0x1800cfb45	.text	ascii	UAWAVAUATVWSH
0xcfb61	0x1800cfb61	.text	ascii	)|$0D
0xcfb67	0x1800cfb67	.text	ascii	)t$@D
0xcfb6d	0x1800cfb6d	.text	ascii	)l$PD
0xcfb73	0x1800cfb73	.text	ascii	)d$`D
0xcfb79	0x1800cfb79	.text	ascii	)\$pD
0xcfbe1	0x1800cfbe1	.text	ascii	(\$pD
0xcfbe7	0x1800cfbe7	.text	ascii	(d$`D
0xcfbed	0x1800cfbed	.text	ascii	(l$PD
0xcfbf3	0x1800cfbf3	.text	ascii	(t$@D
0xcfbf9	0x1800cfbf9	.text	ascii	(|$0H
0xcfc04	0x1800cfc04	.text	ascii	[_^A\A]A^A_]
0xcfc11	0x1800cfc11	.text	ascii	ffffff.
0xcfc25	0x1800cfc25	.text	ascii	UAWAVAUATVWSH
0xcfc41	0x1800cfc41	.text	ascii	)|$0D
0xcfc47	0x1800cfc47	.text	ascii	)t$@D
0xcfc4d	0x1800cfc4d	.text	ascii	)l$PD
0xcfc53	0x1800cfc53	.text	ascii	)d$`D
0xcfc59	0x1800cfc59	.text	ascii	)\$pD
0xcfcc1	0x1800cfcc1	.text	ascii	(\$pD
0xcfcc7	0x1800cfcc7	.text	ascii	(d$`D
0xcfccd	0x1800cfccd	.text	ascii	(l$PD
0xcfcd3	0x1800cfcd3	.text	ascii	(t$@D
0xcfcd9	0x1800cfcd9	.text	ascii	(|$0H
0xcfce4	0x1800cfce4	.text	ascii	[_^A\A]A^A_]
0xcfd00	0x1800cfd00	.text	ascii	UAWAVAUATVWSH
0xd0351	0x1800d0351	.text	ascii	*fffff.
0xd0752	0x1800d0752	.text	ascii	fffff.
0xd09b1	0x1800d09b1	.text	ascii	H;M`s~H
0xd0a28	0x1800d0a28	.text	ascii	[_^A\A]A^A_]
0xd0a65	0x1800d0a65	.text	ascii	UAWAVAUATVWSH
0xd0a81	0x1800d0a81	.text	ascii	)|$0D
0xd0a87	0x1800d0a87	.text	ascii	)t$@D
0xd0a8d	0x1800d0a8d	.text	ascii	)l$PD
0xd0a93	0x1800d0a93	.text	ascii	)d$`D
0xd0a99	0x1800d0a99	.text	ascii	)\$pD
0xd0b01	0x1800d0b01	.text	ascii	(\$pD
0xd0b07	0x1800d0b07	.text	ascii	(d$`D
0xd0b0d	0x1800d0b0d	.text	ascii	(l$PD
0xd0b13	0x1800d0b13	.text	ascii	(t$@D
0xd0b19	0x1800d0b19	.text	ascii	(|$0H
0xd0b24	0x1800d0b24	.text	ascii	[_^A\A]A^A_]
0xd0b31	0x1800d0b31	.text	ascii	ffffff.
0xd0b45	0x1800d0b45	.text	ascii	UAWAVAUATVWSH
0xd0b61	0x1800d0b61	.text	ascii	)|$0D
0xd0b67	0x1800d0b67	.text	ascii	)t$@D
0xd0b6d	0x1800d0b6d	.text	ascii	)l$PD
0xd0b73	0x1800d0b73	.text	ascii	)d$`D
0xd0b79	0x1800d0b79	.text	ascii	)\$pD
0xd0bde	0x1800d0bde	.text	ascii	(\$pD
0xd0be4	0x1800d0be4	.text	ascii	(d$`D
0xd0bea	0x1800d0bea	.text	ascii	(l$PD
0xd0bf0	0x1800d0bf0	.text	ascii	(t$@D
0xd0bf6	0x1800d0bf6	.text	ascii	(|$0H
0xd0c01	0x1800d0c01	.text	ascii	[_^A\A]A^A_]
0xd0c10	0x1800d0c10	.text	ascii	AWAVAUATVWUSH
0xd0d0d	0x1800d0d0d	.text	ascii	L$8L9
0xd0d76	0x1800d0d76	.text	ascii	D$pH)
0xd0d7c	0x1800d0d7c	.text	ascii	H;D$xH
0xd0db2	0x1800d0db2	.text	ascii	fffff.
0xd0e28	0x1800d0e28	.text	ascii	H;D$PH
0xd106a	0x1800d106a	.text	ascii	H;D$PH
0xd10dc	0x1800d10dc	.text	ascii	D$pH)
0xd10e2	0x1800d10e2	.text	ascii	H;D$xH
0xd10f5	0x1800d10f5	.text	ascii	#zG+,
0xd1337	0x1800d1337	.text	ascii	D$`H;D$hH
0xd14ef	0x1800d14ef	.text	ascii	uV^j5I
0xd16b7	0x1800d16b7	.text	ascii	[]_^A\A]A^A_
0xd16d0	0x1800d16d0	.text	ascii	AWAVAUATVWUSH
0xd1735	0x1800d1735	.text	ascii	8?HO-H
0xd17d1	0x1800d17d1	.text	ascii	D$(fff.
0xd17fd	0x1800d17fd	.text	ascii	L$(L9
0xd18d1	0x1800d18d1	.text	ascii	ffffff.
0xd18e7	0x1800d18e7	.text	ascii	Qer2kIbDH9
0xd18fd	0x1800d18fd	.text	ascii	8?HO-H9
0xd198d	0x1800d198d	.text	ascii	;0VH9
0xd1aad	0x1800d1aad	.text	ascii	.D$@H
0xd1b08	0x1800d1b08	.text	ascii	Rer2kIbDH9
0xd1b3e	0x1800d1b3e	.text	ascii	.D$@H
0xd20d6	0x1800d20d6	.text	ascii	.D$@H
0xd216b	0x1800d216b	.text	ascii	[]_^A\A]A^A_
0xd2180	0x1800d2180	.text	ascii	AWAVAUATVWUSH
0xd2217	0x1800d2217	.text	ascii	YV_L4H
0xd22c1	0x1800d22c1	.text	ascii	H;D$HH
0xd230f	0x1800d230f	.text	ascii	L$8H9
0xd244a	0x1800d244a	.text	ascii	)d$`H
0xd246d	0x1800d246d	.text	ascii	)l$`L
0xd2482	0x1800d2482	.text	ascii	)t$`L
0xd2575	0x1800d2575	.text	ascii	[]_^A\A]A^A_
0xd25a0	0x1800d25a0	.text	ascii	AWAVAUATVWUSH
0xd26c9	0x1800d26c9	.text	ascii	(D$`A
0xd26f3	0x1800d26f3	.text	ascii	(D$`A
0xd274f	0x1800d274f	.text	ascii	L$(L9
0xd2813	0x1800d2813	.text	ascii	ffff.
0xd28cc	0x1800d28cc	.text	ascii	(l$`D
0xd2a73	0x1800d2a73	.text	ascii	[]_^A\A]A^A_
0xd2aa0	0x1800d2aa0	.text	ascii	UAWAVAUATVWSH
0xd2dc5	0x1800d2dc5	.text	ascii	u`u1D
0xd3cd0	0x1800d3cd0	.text	ascii	[_^A\A]A^A_]
0xd3d35	0x1800d3d35	.text	ascii	UAWAVAUATVWSH
0xd3d51	0x1800d3d51	.text	ascii	)\$0D
0xd3d57	0x1800d3d57	.text	ascii	)T$@D
0xd3d5d	0x1800d3d5d	.text	ascii	)L$PD
0xd3d89	0x1800d3d89	.text	ascii	(|$pD
0xd3d8f	0x1800d3d8f	.text	ascii	(D$`D
0xd3d95	0x1800d3d95	.text	ascii	(L$PD
0xd3d9b	0x1800d3d9b	.text	ascii	(T$@D
0xd3da1	0x1800d3da1	.text	ascii	(\$0H
0xd3dac	0x1800d3dac	.text	ascii	[_^A\A]A^A_]
0xd3dc5	0x1800d3dc5	.text	ascii	UAWAVAUATVWSH
0xd3de1	0x1800d3de1	.text	ascii	)\$0D
0xd3de7	0x1800d3de7	.text	ascii	)T$@D
0xd3ded	0x1800d3ded	.text	ascii	)L$PD
0xd3e19	0x1800d3e19	.text	ascii	(|$pD
0xd3e1f	0x1800d3e1f	.text	ascii	(D$`D
0xd3e25	0x1800d3e25	.text	ascii	(L$PD
0xd3e2b	0x1800d3e2b	.text	ascii	(T$@D
0xd3e31	0x1800d3e31	.text	ascii	(\$0H
0xd3e3c	0x1800d3e3c	.text	ascii	[_^A\A]A^A_]
0xd3e55	0x1800d3e55	.text	ascii	UAWAVAUATVWSH
0xd3e71	0x1800d3e71	.text	ascii	)\$0D
0xd3e77	0x1800d3e77	.text	ascii	)T$@D
0xd3e7d	0x1800d3e7d	.text	ascii	)L$PD
0xd3ea9	0x1800d3ea9	.text	ascii	(|$pD
0xd3eaf	0x1800d3eaf	.text	ascii	(D$`D
0xd3eb5	0x1800d3eb5	.text	ascii	(L$PD
0xd3ebb	0x1800d3ebb	.text	ascii	(T$@D
0xd3ec1	0x1800d3ec1	.text	ascii	(\$0H
0xd3ecc	0x1800d3ecc	.text	ascii	[_^A\A]A^A_]
0xd3ee5	0x1800d3ee5	.text	ascii	UAWAVAUATVWSH
0xd3f01	0x1800d3f01	.text	ascii	)\$0D
0xd3f07	0x1800d3f07	.text	ascii	)T$@D
0xd3f0d	0x1800d3f0d	.text	ascii	)L$PD
0xd3f39	0x1800d3f39	.text	ascii	(|$pD
0xd3f3f	0x1800d3f3f	.text	ascii	(D$`D
0xd3f45	0x1800d3f45	.text	ascii	(L$PD
0xd3f4b	0x1800d3f4b	.text	ascii	(T$@D
0xd3f51	0x1800d3f51	.text	ascii	(\$0H
0xd3f5c	0x1800d3f5c	.text	ascii	[_^A\A]A^A_]
0xd3f75	0x1800d3f75	.text	ascii	UAWAVAUATVWSH
0xd3f91	0x1800d3f91	.text	ascii	)\$0D
0xd3f97	0x1800d3f97	.text	ascii	)T$@D
0xd3f9d	0x1800d3f9d	.text	ascii	)L$PD
0xd3fc9	0x1800d3fc9	.text	ascii	(|$pD
0xd3fcf	0x1800d3fcf	.text	ascii	(D$`D
0xd3fd5	0x1800d3fd5	.text	ascii	(L$PD
0xd3fdb	0x1800d3fdb	.text	ascii	(T$@D
0xd3fe1	0x1800d3fe1	.text	ascii	(\$0H
0xd3fec	0x1800d3fec	.text	ascii	[_^A\A]A^A_]
0xd4005	0x1800d4005	.text	ascii	UAWAVAUATVWSH
0xd4021	0x1800d4021	.text	ascii	)\$0D
0xd4027	0x1800d4027	.text	ascii	)T$@D
0xd402d	0x1800d402d	.text	ascii	)L$PD
0xd4059	0x1800d4059	.text	ascii	(|$pD
0xd405f	0x1800d405f	.text	ascii	(D$`D
0xd4065	0x1800d4065	.text	ascii	(L$PD
0xd406b	0x1800d406b	.text	ascii	(T$@D
0xd4071	0x1800d4071	.text	ascii	(\$0H
0xd407c	0x1800d407c	.text	ascii	[_^A\A]A^A_]
0xd4095	0x1800d4095	.text	ascii	UAWAVAUATVWSH
0xd40b1	0x1800d40b1	.text	ascii	)\$0D
0xd40b7	0x1800d40b7	.text	ascii	)T$@D
0xd40bd	0x1800d40bd	.text	ascii	)L$PD
0xd40e9	0x1800d40e9	.text	ascii	(|$pD
0xd40ef	0x1800d40ef	.text	ascii	(D$`D
0xd40f5	0x1800d40f5	.text	ascii	(L$PD
0xd40fb	0x1800d40fb	.text	ascii	(T$@D
0xd4101	0x1800d4101	.text	ascii	(\$0H
0xd410c	0x1800d410c	.text	ascii	[_^A\A]A^A_]
0xd4120	0x1800d4120	.text	ascii	AWAVAUATVWUSH
0xd4131	0x1800d4131	.text	ascii	)t$`H
0xd41ae	0x1800d41ae	.text	ascii	H9D$0H
0xd41fd	0x1800d41fd	.text	ascii	L$ L9
0xd4365	0x1800d4365	.text	ascii	H;T$8v
0xd4504	0x1800d4504	.text	ascii	(t$`H
0xd450b	0x1800d450b	.text	ascii	x[]_^A\A]A^A_
0xd4520	0x1800d4520	.text	ascii	AWAVAUATVWUSH
0xd45ed	0x1800d45ed	.text	ascii	L$0H9
0xd46bc	0x1800d46bc	.text	ascii	D$XH;D$HH
0xd47ec	0x1800d47ec	.text	ascii	oU&$DH
0xd4873	0x1800d4873	.text	ascii	[]_^A\A]A^A_
0xd4880	0x1800d4880	.text	ascii	UAWAVAUATVWSH
0xd4cf4	0x1800d4cf4	.text	ascii	KXH+KPH
0xd526d	0x1800d526d	.text	ascii	CXH+CPH;Ep
0xd5533	0x1800d5533	.text	ascii	}HvGH
0xd5b90	0x1800d5b90	.text	ascii	[_^A\A]A^A_]
0xd5bc5	0x1800d5bc5	.text	ascii	UAWAVAUATVWSH
0xd5be1	0x1800d5be1	.text	ascii	)T$0D
0xd5be7	0x1800d5be7	.text	ascii	)L$@D
0xd5bf7	0x1800d5bf7	.text	ascii	)t$pH
0xd5c0d	0x1800d5c0d	.text	ascii	(|$`D
0xd5c13	0x1800d5c13	.text	ascii	(D$PD
0xd5c19	0x1800d5c19	.text	ascii	(L$@D
0xd5c1f	0x1800d5c1f	.text	ascii	(T$0H
0xd5c2a	0x1800d5c2a	.text	ascii	[_^A\A]A^A_]
0xd5c45	0x1800d5c45	.text	ascii	UAWAVAUATVWSH
0xd5c61	0x1800d5c61	.text	ascii	)T$0D
0xd5c67	0x1800d5c67	.text	ascii	)L$@D
0xd5c77	0x1800d5c77	.text	ascii	)t$pH
0xd5c8d	0x1800d5c8d	.text	ascii	(|$`D
0xd5c93	0x1800d5c93	.text	ascii	(D$PD
0xd5c99	0x1800d5c99	.text	ascii	(L$@D
0xd5c9f	0x1800d5c9f	.text	ascii	(T$0H
0xd5caa	0x1800d5caa	.text	ascii	[_^A\A]A^A_]
0xd5cc5	0x1800d5cc5	.text	ascii	UAWAVAUATVWSH
0xd5ce1	0x1800d5ce1	.text	ascii	)T$0D
0xd5ce7	0x1800d5ce7	.text	ascii	)L$@D
0xd5cf7	0x1800d5cf7	.text	ascii	)t$pH
0xd5d0d	0x1800d5d0d	.text	ascii	(|$`D
0xd5d13	0x1800d5d13	.text	ascii	(D$PD
0xd5d19	0x1800d5d19	.text	ascii	(L$@D
0xd5d1f	0x1800d5d1f	.text	ascii	(T$0H
0xd5d2a	0x1800d5d2a	.text	ascii	[_^A\A]A^A_]
0xd5d45	0x1800d5d45	.text	ascii	UAWAVAUATVWSH
0xd5d61	0x1800d5d61	.text	ascii	)T$0D
0xd5d67	0x1800d5d67	.text	ascii	)L$@D
0xd5d77	0x1800d5d77	.text	ascii	)t$pH
0xd5d8d	0x1800d5d8d	.text	ascii	(|$`D
0xd5d93	0x1800d5d93	.text	ascii	(D$PD
0xd5d99	0x1800d5d99	.text	ascii	(L$@D
0xd5d9f	0x1800d5d9f	.text	ascii	(T$0H
0xd5daa	0x1800d5daa	.text	ascii	[_^A\A]A^A_]
0xd5dc5	0x1800d5dc5	.text	ascii	UAWAVAUATVWSH
0xd5de1	0x1800d5de1	.text	ascii	)T$0D
0xd5de7	0x1800d5de7	.text	ascii	)L$@D
0xd5df7	0x1800d5df7	.text	ascii	)t$pH
0xd5e0a	0x1800d5e0a	.text	ascii	(|$`D
0xd5e10	0x1800d5e10	.text	ascii	(D$PD
0xd5e16	0x1800d5e16	.text	ascii	(L$@D
0xd5e1c	0x1800d5e1c	.text	ascii	(T$0H
0xd5e27	0x1800d5e27	.text	ascii	[_^A\A]A^A_]
0xd5e45	0x1800d5e45	.text	ascii	UAWAVAUATVWSH
0xd5e61	0x1800d5e61	.text	ascii	)T$0D
0xd5e67	0x1800d5e67	.text	ascii	)L$@D
0xd5e77	0x1800d5e77	.text	ascii	)t$pH
0xd5e8d	0x1800d5e8d	.text	ascii	(|$`D
0xd5e93	0x1800d5e93	.text	ascii	(D$PD
0xd5e99	0x1800d5e99	.text	ascii	(L$@D
0xd5e9f	0x1800d5e9f	.text	ascii	(T$0H
0xd5eaa	0x1800d5eaa	.text	ascii	[_^A\A]A^A_]
0xd5ec5	0x1800d5ec5	.text	ascii	UAWAVAUATVWSH
0xd5ee1	0x1800d5ee1	.text	ascii	)T$0D
0xd5ee7	0x1800d5ee7	.text	ascii	)L$@D
0xd5ef7	0x1800d5ef7	.text	ascii	)t$pH
0xd5f0d	0x1800d5f0d	.text	ascii	(|$`D
0xd5f13	0x1800d5f13	.text	ascii	(D$PD
0xd5f19	0x1800d5f19	.text	ascii	(L$@D
0xd5f1f	0x1800d5f1f	.text	ascii	(T$0H
0xd5f2a	0x1800d5f2a	.text	ascii	[_^A\A]A^A_]
0xd5f40	0x1800d5f40	.text	ascii	UAWAVAUATVWSH
0xd60e0	0x1800d60e0	.text	ascii	N}fxH
0xd829d	0x1800d829d	.text	ascii	[_^A\A]A^A_]
0xd82d5	0x1800d82d5	.text	ascii	UAWAVAUATVWSH
0xd82f1	0x1800d82f1	.text	ascii	)|$0D
0xd82f7	0x1800d82f7	.text	ascii	)t$@D
0xd82fd	0x1800d82fd	.text	ascii	)l$PD
0xd8303	0x1800d8303	.text	ascii	)d$`D
0xd8309	0x1800d8309	.text	ascii	)\$pD
0xd8371	0x1800d8371	.text	ascii	(\$pD
0xd8377	0x1800d8377	.text	ascii	(d$`D
0xd837d	0x1800d837d	.text	ascii	(l$PD
0xd8383	0x1800d8383	.text	ascii	(t$@D
0xd8389	0x1800d8389	.text	ascii	(|$0H
0xd8394	0x1800d8394	.text	ascii	[_^A\A]A^A_]
0xd83a1	0x1800d83a1	.text	ascii	ffffff.
0xd83b5	0x1800d83b5	.text	ascii	UAWAVAUATVWSH
0xd83d1	0x1800d83d1	.text	ascii	)|$0D
0xd83d7	0x1800d83d7	.text	ascii	)t$@D
0xd83dd	0x1800d83dd	.text	ascii	)l$PD
0xd83e3	0x1800d83e3	.text	ascii	)d$`D
0xd83e9	0x1800d83e9	.text	ascii	)\$pD
0xd8451	0x1800d8451	.text	ascii	(\$pD
0xd8457	0x1800d8457	.text	ascii	(d$`D
0xd845d	0x1800d845d	.text	ascii	(l$PD
0xd8463	0x1800d8463	.text	ascii	(t$@D
0xd8469	0x1800d8469	.text	ascii	(|$0H
0xd8474	0x1800d8474	.text	ascii	[_^A\A]A^A_]
0xd8481	0x1800d8481	.text	ascii	ffffff.
0xd8495	0x1800d8495	.text	ascii	UAWAVAUATVWSH
0xd84b1	0x1800d84b1	.text	ascii	)|$0D
0xd84b7	0x1800d84b7	.text	ascii	)t$@D
0xd84bd	0x1800d84bd	.text	ascii	)l$PD
0xd84c3	0x1800d84c3	.text	ascii	)d$`D
0xd84c9	0x1800d84c9	.text	ascii	)\$pD
0xd8531	0x1800d8531	.text	ascii	(\$pD
0xd8537	0x1800d8537	.text	ascii	(d$`D
0xd853d	0x1800d853d	.text	ascii	(l$PD
0xd8543	0x1800d8543	.text	ascii	(t$@D
0xd8549	0x1800d8549	.text	ascii	(|$0H
0xd8554	0x1800d8554	.text	ascii	[_^A\A]A^A_]
0xd8561	0x1800d8561	.text	ascii	ffffff.
0xd8575	0x1800d8575	.text	ascii	UAWAVAUATVWSH
0xd8591	0x1800d8591	.text	ascii	)|$0D
0xd8597	0x1800d8597	.text	ascii	)t$@D
0xd859d	0x1800d859d	.text	ascii	)l$PD
0xd85a3	0x1800d85a3	.text	ascii	)d$`D
0xd85a9	0x1800d85a9	.text	ascii	)\$pD
0xd8611	0x1800d8611	.text	ascii	(\$pD
0xd8617	0x1800d8617	.text	ascii	(d$`D
0xd861d	0x1800d861d	.text	ascii	(l$PD
0xd8623	0x1800d8623	.text	ascii	(t$@D
0xd8629	0x1800d8629	.text	ascii	(|$0H
0xd8634	0x1800d8634	.text	ascii	[_^A\A]A^A_]
0xd8641	0x1800d8641	.text	ascii	ffffff.
0xd8655	0x1800d8655	.text	ascii	UAWAVAUATVWSH
0xd8671	0x1800d8671	.text	ascii	)|$0D
0xd8677	0x1800d8677	.text	ascii	)t$@D
0xd867d	0x1800d867d	.text	ascii	)l$PD
0xd8683	0x1800d8683	.text	ascii	)d$`D
0xd8689	0x1800d8689	.text	ascii	)\$pD
0xd86f1	0x1800d86f1	.text	ascii	(\$pD
0xd86f7	0x1800d86f7	.text	ascii	(d$`D
0xd86fd	0x1800d86fd	.text	ascii	(l$PD
0xd8703	0x1800d8703	.text	ascii	(t$@D
0xd8709	0x1800d8709	.text	ascii	(|$0H
0xd8714	0x1800d8714	.text	ascii	[_^A\A]A^A_]
0xd8721	0x1800d8721	.text	ascii	ffffff.
0xd8735	0x1800d8735	.text	ascii	UAWAVAUATVWSH
0xd8751	0x1800d8751	.text	ascii	)|$0D
0xd8757	0x1800d8757	.text	ascii	)t$@D
0xd875d	0x1800d875d	.text	ascii	)l$PD
0xd8763	0x1800d8763	.text	ascii	)d$`D
0xd8769	0x1800d8769	.text	ascii	)\$pD
0xd87d1	0x1800d87d1	.text	ascii	(\$pD
0xd87d7	0x1800d87d7	.text	ascii	(d$`D
0xd87dd	0x1800d87dd	.text	ascii	(l$PD
0xd87e3	0x1800d87e3	.text	ascii	(t$@D
0xd87e9	0x1800d87e9	.text	ascii	(|$0H
0xd87f4	0x1800d87f4	.text	ascii	[_^A\A]A^A_]
0xd8801	0x1800d8801	.text	ascii	ffffff.
0xd8815	0x1800d8815	.text	ascii	UAWAVAUATVWSH
0xd8831	0x1800d8831	.text	ascii	)|$0D
0xd8837	0x1800d8837	.text	ascii	)t$@D
0xd883d	0x1800d883d	.text	ascii	)l$PD
0xd8843	0x1800d8843	.text	ascii	)d$`D
0xd8849	0x1800d8849	.text	ascii	)\$pD
0xd88b1	0x1800d88b1	.text	ascii	(\$pD
0xd88b7	0x1800d88b7	.text	ascii	(d$`D
0xd88bd	0x1800d88bd	.text	ascii	(l$PD
0xd88c3	0x1800d88c3	.text	ascii	(t$@D
0xd88c9	0x1800d88c9	.text	ascii	(|$0H
0xd88d4	0x1800d88d4	.text	ascii	[_^A\A]A^A_]
0xd88e1	0x1800d88e1	.text	ascii	ffffff.
0xd88f5	0x1800d88f5	.text	ascii	UAWAVAUATVWSH
0xd8911	0x1800d8911	.text	ascii	)|$0D
0xd8917	0x1800d8917	.text	ascii	)t$@D
0xd891d	0x1800d891d	.text	ascii	)l$PD
0xd8923	0x1800d8923	.text	ascii	)d$`D
0xd8929	0x1800d8929	.text	ascii	)\$pD
0xd8991	0x1800d8991	.text	ascii	(\$pD
0xd8997	0x1800d8997	.text	ascii	(d$`D
0xd899d	0x1800d899d	.text	ascii	(l$PD
0xd89a3	0x1800d89a3	.text	ascii	(t$@D
0xd89a9	0x1800d89a9	.text	ascii	(|$0H
0xd89b4	0x1800d89b4	.text	ascii	[_^A\A]A^A_]
0xd89d0	0x1800d89d0	.text	ascii	AWAVAUATVWUSH
0xd8b9d	0x1800d8b9d	.text	ascii	L$0L9
0xd8bb3	0x1800d8bb3	.text	ascii	<!~&#H9
0xd8bc7	0x1800d8bc7	.text	ascii	I~0:H
0xd8be1	0x1800d8be1	.text	ascii	ffffff.
0xd8c14	0x1800d8c14	.text	ascii	Y|$TH
0xd8fbb	0x1800d8fbb	.text	ascii	[]_^A\A]A^A_
0xd8fe0	0x1800d8fe0	.text	ascii	UAWAVAUATVWSH
0xd9a61	0x1800d9a61	.text	ascii	ffffff.
0xda268	0x1800da268	.text	ascii	[_^A\A]A^A_]
0xda2c5	0x1800da2c5	.text	ascii	UAWAVAUATVWSH
0xda2e1	0x1800da2e1	.text	ascii	)|$0D
0xda2e7	0x1800da2e7	.text	ascii	)t$@D
0xda2ed	0x1800da2ed	.text	ascii	)l$PD
0xda2f3	0x1800da2f3	.text	ascii	)d$`D
0xda2f9	0x1800da2f9	.text	ascii	)\$pD
0xda361	0x1800da361	.text	ascii	(\$pD
0xda367	0x1800da367	.text	ascii	(d$`D
0xda36d	0x1800da36d	.text	ascii	(l$PD
0xda373	0x1800da373	.text	ascii	(t$@D
0xda379	0x1800da379	.text	ascii	(|$0H
0xda384	0x1800da384	.text	ascii	[_^A\A]A^A_]
0xda391	0x1800da391	.text	ascii	ffffff.
0xda3a5	0x1800da3a5	.text	ascii	UAWAVAUATVWSH
0xda3c1	0x1800da3c1	.text	ascii	)|$0D
0xda3c7	0x1800da3c7	.text	ascii	)t$@D
0xda3cd	0x1800da3cd	.text	ascii	)l$PD
0xda3d3	0x1800da3d3	.text	ascii	)d$`D
0xda3d9	0x1800da3d9	.text	ascii	)\$pD
0xda441	0x1800da441	.text	ascii	(\$pD
0xda447	0x1800da447	.text	ascii	(d$`D
0xda44d	0x1800da44d	.text	ascii	(l$PD
0xda453	0x1800da453	.text	ascii	(t$@D
0xda459	0x1800da459	.text	ascii	(|$0H
0xda464	0x1800da464	.text	ascii	[_^A\A]A^A_]
0xda471	0x1800da471	.text	ascii	ffffff.
0xda485	0x1800da485	.text	ascii	UAWAVAUATVWSH
0xda4a1	0x1800da4a1	.text	ascii	)|$0D
0xda4a7	0x1800da4a7	.text	ascii	)t$@D
0xda4ad	0x1800da4ad	.text	ascii	)l$PD
0xda4b3	0x1800da4b3	.text	ascii	)d$`D
0xda4b9	0x1800da4b9	.text	ascii	)\$pD
0xda521	0x1800da521	.text	ascii	(\$pD
0xda527	0x1800da527	.text	ascii	(d$`D
0xda52d	0x1800da52d	.text	ascii	(l$PD
0xda533	0x1800da533	.text	ascii	(t$@D
0xda539	0x1800da539	.text	ascii	(|$0H
0xda544	0x1800da544	.text	ascii	[_^A\A]A^A_]
0xda551	0x1800da551	.text	ascii	ffffff.
0xda565	0x1800da565	.text	ascii	UAWAVAUATVWSH
0xda581	0x1800da581	.text	ascii	)|$0D
0xda587	0x1800da587	.text	ascii	)t$@D
0xda58d	0x1800da58d	.text	ascii	)l$PD
0xda593	0x1800da593	.text	ascii	)d$`D
0xda599	0x1800da599	.text	ascii	)\$pD
0xda601	0x1800da601	.text	ascii	(\$pD
0xda607	0x1800da607	.text	ascii	(d$`D
0xda60d	0x1800da60d	.text	ascii	(l$PD
0xda613	0x1800da613	.text	ascii	(t$@D
0xda619	0x1800da619	.text	ascii	(|$0H
0xda624	0x1800da624	.text	ascii	[_^A\A]A^A_]
0xda631	0x1800da631	.text	ascii	ffffff.
0xda645	0x1800da645	.text	ascii	UAWAVAUATVWSH
0xda661	0x1800da661	.text	ascii	)|$0D
0xda667	0x1800da667	.text	ascii	)t$@D
0xda66d	0x1800da66d	.text	ascii	)l$PD
0xda673	0x1800da673	.text	ascii	)d$`D
0xda679	0x1800da679	.text	ascii	)\$pD
0xda6e1	0x1800da6e1	.text	ascii	(\$pD
0xda6e7	0x1800da6e7	.text	ascii	(d$`D
0xda6ed	0x1800da6ed	.text	ascii	(l$PD
0xda6f3	0x1800da6f3	.text	ascii	(t$@D
0xda6f9	0x1800da6f9	.text	ascii	(|$0H
0xda704	0x1800da704	.text	ascii	[_^A\A]A^A_]
0xda711	0x1800da711	.text	ascii	ffffff.
0xda725	0x1800da725	.text	ascii	UAWAVAUATVWSH
0xda741	0x1800da741	.text	ascii	)|$0D
0xda747	0x1800da747	.text	ascii	)t$@D
0xda74d	0x1800da74d	.text	ascii	)l$PD
0xda753	0x1800da753	.text	ascii	)d$`D
0xda759	0x1800da759	.text	ascii	)\$pD
0xda7c1	0x1800da7c1	.text	ascii	(\$pD
0xda7c7	0x1800da7c7	.text	ascii	(d$`D
0xda7cd	0x1800da7cd	.text	ascii	(l$PD
0xda7d3	0x1800da7d3	.text	ascii	(t$@D
0xda7d9	0x1800da7d9	.text	ascii	(|$0H
0xda7e4	0x1800da7e4	.text	ascii	[_^A\A]A^A_]
0xda7f1	0x1800da7f1	.text	ascii	ffffff.
0xda805	0x1800da805	.text	ascii	UAWAVAUATVWSH
0xda821	0x1800da821	.text	ascii	)|$0D
0xda827	0x1800da827	.text	ascii	)t$@D
0xda82d	0x1800da82d	.text	ascii	)l$PD
0xda833	0x1800da833	.text	ascii	)d$`D
0xda839	0x1800da839	.text	ascii	)\$pD
0xda8a1	0x1800da8a1	.text	ascii	(\$pD
0xda8a7	0x1800da8a7	.text	ascii	(d$`D
0xda8ad	0x1800da8ad	.text	ascii	(l$PD
0xda8b3	0x1800da8b3	.text	ascii	(t$@D
0xda8b9	0x1800da8b9	.text	ascii	(|$0H
0xda8c4	0x1800da8c4	.text	ascii	[_^A\A]A^A_]
0xda8e0	0x1800da8e0	.text	ascii	UAWAVAUATVWSH
0xdafb1	0x1800dafb1	.text	ascii	^fffff.
0xdb111	0x1800db111	.text	ascii	ffffff.
0xdb838	0x1800db838	.text	ascii	H;UPv
0xdb977	0x1800db977	.text	ascii	H;UPv
0xdbab6	0x1800dbab6	.text	ascii	H;UPv
0xdbac7	0x1800dbac7	.text	ascii	H;M`s
0xdbb3f	0x1800dbb3f	.text	ascii	[_^A\A]A^A_]
0xdbb75	0x1800dbb75	.text	ascii	UAWAVAUATVWSH
0xdbb91	0x1800dbb91	.text	ascii	)t$ D
0xdbb97	0x1800dbb97	.text	ascii	)l$0D
0xdbb9d	0x1800dbb9d	.text	ascii	)d$@D
0xdbba3	0x1800dbba3	.text	ascii	)\$PD
0xdbba9	0x1800dbba9	.text	ascii	)T$`D
0xdbbaf	0x1800dbbaf	.text	ascii	)L$pD
0xdbbf3	0x1800dbbf3	.text	ascii	(L$pD
0xdbbf9	0x1800dbbf9	.text	ascii	(T$`D
0xdbbff	0x1800dbbff	.text	ascii	(\$PD
0xdbc05	0x1800dbc05	.text	ascii	(d$@D
0xdbc0b	0x1800dbc0b	.text	ascii	(l$0D
0xdbc11	0x1800dbc11	.text	ascii	(t$ H
0xdbc1c	0x1800dbc1c	.text	ascii	[_^A\A]A^A_]
0xdbc35	0x1800dbc35	.text	ascii	UAWAVAUATVWSH
0xdbc51	0x1800dbc51	.text	ascii	)t$ D
0xdbc57	0x1800dbc57	.text	ascii	)l$0D
0xdbc5d	0x1800dbc5d	.text	ascii	)d$@D
0xdbc63	0x1800dbc63	.text	ascii	)\$PD
0xdbc69	0x1800dbc69	.text	ascii	)T$`D
0xdbc6f	0x1800dbc6f	.text	ascii	)L$pD
0xdbcb3	0x1800dbcb3	.text	ascii	(L$pD
0xdbcb9	0x1800dbcb9	.text	ascii	(T$`D
0xdbcbf	0x1800dbcbf	.text	ascii	(\$PD
0xdbcc5	0x1800dbcc5	.text	ascii	(d$@D
0xdbccb	0x1800dbccb	.text	ascii	(l$0D
0xdbcd1	0x1800dbcd1	.text	ascii	(t$ H
0xdbcdc	0x1800dbcdc	.text	ascii	[_^A\A]A^A_]
0xdbcf5	0x1800dbcf5	.text	ascii	UAWAVAUATVWSH
0xdbd11	0x1800dbd11	.text	ascii	)t$ D
0xdbd17	0x1800dbd17	.text	ascii	)l$0D
0xdbd1d	0x1800dbd1d	.text	ascii	)d$@D
0xdbd23	0x1800dbd23	.text	ascii	)\$PD
0xdbd29	0x1800dbd29	.text	ascii	)T$`D
0xdbd2f	0x1800dbd2f	.text	ascii	)L$pD
0xdbd73	0x1800dbd73	.text	ascii	(L$pD
0xdbd79	0x1800dbd79	.text	ascii	(T$`D
0xdbd7f	0x1800dbd7f	.text	ascii	(\$PD
0xdbd85	0x1800dbd85	.text	ascii	(d$@D
0xdbd8b	0x1800dbd8b	.text	ascii	(l$0D
0xdbd91	0x1800dbd91	.text	ascii	(t$ H
0xdbd9c	0x1800dbd9c	.text	ascii	[_^A\A]A^A_]
0xdbdb0	0x1800dbdb0	.text	ascii	AWAVAUATVWUSH
0xdbecd	0x1800dbecd	.text	ascii	d$8I9
0xdbfd1	0x1800dbfd1	.text	ascii	mP2sH
0xdc095	0x1800dc095	.text	ascii	!}Kb^r}
0xdc166	0x1800dc166	.text	ascii	Y|$LL
0xdc1b8	0x1800dc1b8	.text	ascii	nD$T@
0xdc333	0x1800dc333	.text	ascii	[]_^A\A]A^A_
0xdc360	0x1800dc360	.text	ascii	AWAVAUATVWUSH
0xdc37f	0x1800dc37f	.text	ascii	)t$PH
0xdc422	0x1800dc422	.text	ascii	9D$<I
0xdc45d	0x1800dc45d	.text	ascii	L$(L9
0xdc650	0x1800dc650	.text	ascii	xhHH9
0xdc73a	0x1800dc73a	.text	ascii	)t'KH
0xdc767	0x1800dc767	.text	ascii	{w?~I
0xdc811	0x1800dc811	.text	ascii	u0:IO
0xdc878	0x1800dc878	.text	ascii	D$<;D$@A
0xdc901	0x1800dc901	.text	ascii	(|$`D
0xdc907	0x1800dc907	.text	ascii	(D$pH
0xdc912	0x1800dc912	.text	ascii	[]_^A\A]A^A_
0xdc920	0x1800dc920	.text	ascii	AWAVAUATVWUSH
0xdc9bb	0x1800dc9bb	.text	ascii	@2l$GL
0xdca87	0x1800dca87	.text	ascii	L$0L9
0xdcb2f	0x1800dcb2f	.text	ascii	@2l$GL
0xdcc7d	0x1800dcc7d	.text	ascii	hDfH9
0xdcc90	0x1800dcc90	.text	ascii	hDfH9
0xdd2e2	0x1800dd2e2	.text	ascii	H;D$p
0xdd300	0x1800dd300	.text	ascii	w@,H9
0xdd324	0x1800dd324	.text	ascii	A<W#,H9
0xdd4fc	0x1800dd4fc	.text	ascii	w@,H9
0xdd50f	0x1800dd50f	.text	ascii	H~/H9
0xdd5aa	0x1800dd5aa	.text	ascii	2n?/P.
0xdd674	0x1800dd674	.text	ascii	;D$XH
0xdd772	0x1800dd772	.text	ascii	H;T$p
0xdd812	0x1800dd812	.text	ascii	SEbH9
0xdd86e	0x1800dd86e	.text	ascii	HmsH9
0xdd8a9	0x1800dd8a9	.text	ascii	H;D$p
0xddf54	0x1800ddf54	.text	ascii	Dl$hH
0xde06b	0x1800de06b	.text	ascii	+vA^h
0xde076	0x1800de076	.text	ascii	Mf?KJ
0xde0bc	0x1800de0bc	.text	ascii	H;D$p
0xde18e	0x1800de18e	.text	ascii	v=RT`H
0xde2d7	0x1800de2d7	.text	ascii	;D$XH
0xde32e	0x1800de32e	.text	ascii	_=;zRH
0xde38f	0x1800de38f	.text	ascii	_JA@H
0xde422	0x1800de422	.text	ascii	H;D$pH
0xde460	0x1800de460	.text	ascii	H;D$`H
0xde95d	0x1800de95d	.text	ascii	F>*H9
0xde98c	0x1800de98c	.text	ascii	;D$XH
0xdea22	0x1800dea22	.text	ascii	Dl$hH
0xdeade	0x1800deade	.text	ascii	[]_^A\A]A^A_
0xdeaf0	0x1800deaf0	.text	ascii	AWAVAUATVWUSH
0xdebcd	0x1800debcd	.text	ascii	L$(L9
0xdec92	0x1800dec92	.text	ascii	fffff.
0xded42	0x1800ded42	.text	ascii	fffff.
0xdee22	0x1800dee22	.text	ascii	fffff.
0xdef69	0x1800def69	.text	ascii	xTzH9
0xdf17f	0x1800df17f	.text	ascii	H9D$xH
0xdf214	0x1800df214	.text	ascii	U`odv
0xdf6f5	0x1800df6f5	.text	ascii	H;D$pH
0xdf724	0x1800df724	.text	ascii	H;D$@H
0xdf7b8	0x1800df7b8	.text	ascii	H;L$pH
0xdf88f	0x1800df88f	.text	ascii	oL'4H
0xdfc04	0x1800dfc04	.text	ascii	.D$TH
0xdfc55	0x1800dfc55	.text	ascii	H;D$@H
0xdfcd8	0x1800dfcd8	.text	ascii	[]_^A\A]A^A_
0xdfcf0	0x1800dfcf0	.text	ascii	UAVVWSH
0xdfed6	0x1800dfed6	.text	ascii	[_^A^]
0xdfee8	0x1800dfee8	.text	ascii	[_^A^]
0xdff15	0x1800dff15	.text	ascii	UAVVWSH
0xdff33	0x1800dff33	.text	ascii	0[_^A^]
0xdff40	0x1800dff40	.text	ascii	AWAVAUATVWUSH
0xdff61	0x1800dff61	.text	ascii	fCZCH
0xdffe8	0x1800dffe8	.text	ascii	L$ L9
0xe0000	0x1800e0000	.text	ascii	4\DH9
0xe0024	0x1800e0024	.text	ascii	@L;|$`H
0xe0093	0x1800e0093	.text	ascii	D$`H9
0xe0113	0x1800e0113	.text	ascii	h[]_^A\A]A^A_
0xe0130	0x1800e0130	.text	ascii	AWAVAUATVWUSH
0xe0141	0x1800e0141	.text	ascii	)t$PH
0xe01b0	0x1800e01b0	.text	ascii	offffff.
0xe023d	0x1800e023d	.text	ascii	L$ H9
0xe027b	0x1800e027b	.text	ascii	D$8H;F
0xe02f3	0x1800e02f3	.text	ascii	(t$PH
0xe02fa	0x1800e02fa	.text	ascii	h[]_^A\A]A^A_
0xe0310	0x1800e0310	.text	ascii	AWAVAUATVWUSH
0xe03c0	0x1800e03c0	.text	ascii	D$pffff.
0xe03ed	0x1800e03ed	.text	ascii	L$ L9
0xe0434	0x1800e0434	.text	ascii	H9D$8H
0xe04e1	0x1800e04e1	.text	ascii	T$HH)
0xe04f0	0x1800e04f0	.text	ascii	q$tcH
0xe0656	0x1800e0656	.text	ascii	D$8H;D$0H
0xe0743	0x1800e0743	.text	ascii	H;L$0v
0xe07ac	0x1800e07ac	.text	ascii	[]_^A\A]A^A_
0xe07c0	0x1800e07c0	.text	ascii	AWAVAUATVWUSH
0xe089d	0x1800e089d	.text	ascii	L$ H9
0xe08c9	0x1800e08c9	.text	ascii	 4`djH9
0xe09f2	0x1800e09f2	.text	ascii	.D$8H
0xe0afd	0x1800e0afd	.text	ascii	.D$@H
0xe0c7d	0x1800e0c7d	.text	ascii	XD$lH
0xe0d59	0x1800e0d59	.text	ascii	[]_^A\A]A^A_
0xe0d80	0x1800e0d80	.text	ascii	UAWAVAUATVWSH
0xe0fe9	0x1800e0fe9	.text	ascii	zOk, 
0xe1156	0x1800e1156	.text	ascii	[_^A\A]A^A_]
0xe1185	0x1800e1185	.text	ascii	UAWAVAUATVWSH
0xe119e	0x1800e119e	.text	ascii	)L$0D
0xe11ae	0x1800e11ae	.text	ascii	)t$`H
0xe11c1	0x1800e11c1	.text	ascii	(|$PD
0xe11c7	0x1800e11c7	.text	ascii	(D$@D
0xe11cd	0x1800e11cd	.text	ascii	(L$0H
0xe11d4	0x1800e11d4	.text	ascii	x[_^A\A]A^A_]
0xe11f0	0x1800e11f0	.text	ascii	AWAVAUATVWUSH
0xe1234	0x1800e1234	.text	ascii	vo:OV
0xe12c1	0x1800e12c1	.text	ascii	Fx^cc"
0xe12ed	0x1800e12ed	.text	ascii	t$ I9
0xe133c	0x1800e133c	.text	ascii	t$8H;t$0H
0xe139d	0x1800e139d	.text	ascii	t$HH9t$8I
0xe1438	0x1800e1438	.text	ascii	F8$6H
0xe148d	0x1800e148d	.text	ascii	t$HH;t$0H
0xe1501	0x1800e1501	.text	ascii	h[]_^A\A]A^A_
0xe1510	0x1800e1510	.text	ascii	AWAVAUATVWUSH
0xe1590	0x1800e1590	.text	ascii	wffffff.
0xe1616	0x1800e1616	.text	ascii	x`f8>dI
0xe16ad	0x1800e16ad	.text	ascii	L$8L9
0xe171e	0x1800e171e	.text	ascii	D$hH;D$XH
0xe17e1	0x1800e17e1	.text	ascii	ffffff.
0xe1830	0x1800e1830	.text	ascii	|p~H9
0xe18bb	0x1800e18bb	.text	ascii	D$PH;D$XH
0xe19fd	0x1800e19fd	.text	ascii	x`f8>dH9
0xe1a5e	0x1800e1a5e	.text	ascii	D&o1cL
0xe1a9e	0x1800e1a9e	.text	ascii	H;D$hH
0xe1ac6	0x1800e1ac6	.text	ascii	V.i:H
0xe1af3	0x1800e1af3	.text	ascii	D$PH;
0xe1b54	0x1800e1b54	.text	ascii	H;D$XH
0xe1b93	0x1800e1b93	.text	ascii	H;L$`v
0xe1c1d	0x1800e1c1d	.text	ascii	F H;D$`H
0xe1c52	0x1800e1c52	.text	ascii	H9D$PH
0xe1c5d	0x1800e1c5d	.text	ascii	uo0OH
0xe1d93	0x1800e1d93	.text	ascii	x`f8>dI
0xe1e5d	0x1800e1e5d	.text	ascii	H;D$`L
0xe1e7d	0x1800e1e7d	.text	ascii	[]_^A\A]A^A_
0xe1e90	0x1800e1e90	.text	ascii	AWAVAUATVWUSH
0xe1f54	0x1800e1f54	.text	ascii	L$0L9
0xe1fe2	0x1800e1fe2	.text	ascii	H;T$Hv
0xe2009	0x1800e2009	.text	ascii	T$pH)
0xe2043	0x1800e2043	.text	ascii	ffff.
0xe206a	0x1800e206a	.text	ascii	H;D$H
0xe2099	0x1800e2099	.text	ascii	x[]_^A\A]A^A_
0xe20b0	0x1800e20b0	.text	ascii	UAWAVAUATVWSH
0xe2270	0x1800e2270	.text	ascii	[_^A\A]A^A_]
0xe2312	0x1800e2312	.text	ascii	H;E(v
0xe272b	0x1800e272b	.text	ascii	H;E8H
0xe27da	0x1800e27da	.text	ascii	[_^A\A]A^A_]
0xe2815	0x1800e2815	.text	ascii	UAWAVAUATVWSH
0xe282d	0x1800e282d	.text	ascii	)t$ H
0xe283b	0x1800e283b	.text	ascii	(t$ H
0xe2842	0x1800e2842	.text	ascii	8[_^A\A]A^A_]
0xe2855	0x1800e2855	.text	ascii	UAWAVAUATVWSH
0xe286d	0x1800e286d	.text	ascii	)t$ H
0xe287b	0x1800e287b	.text	ascii	(t$ H
0xe2882	0x1800e2882	.text	ascii	8[_^A\A]A^A_]
0xe2895	0x1800e2895	.text	ascii	UAWAVAUATVWSH
0xe28ad	0x1800e28ad	.text	ascii	)t$ H
0xe28bb	0x1800e28bb	.text	ascii	(t$ H
0xe28c2	0x1800e28c2	.text	ascii	8[_^A\A]A^A_]
0xe28d0	0x1800e28d0	.text	ascii	AWAVAUATVWUSH
0xe296e	0x1800e296e	.text	ascii	L$xH)
0xe2981	0x1800e2981	.text	ascii	H;L$@H
0xe29af	0x1800e29af	.text	ascii	D$0fffff.
0xe29dd	0x1800e29dd	.text	ascii	L$0H9
0xe2abf	0x1800e2abf	.text	ascii	X~.q#
0xe2b47	0x1800e2b47	.text	ascii	L$xH)
0xe2d08	0x1800e2d08	.text	ascii	[]_^A\A]A^A_
0xe2d20	0x1800e2d20	.text	ascii	AWAVAUATVWUSH
0xe2e23	0x1800e2e23	.text	ascii	Cfff.
0xe2e4d	0x1800e2e4d	.text	ascii	L$0H9
0xe2ea0	0x1800e2ea0	.text	ascii	TH=bXH
0xe2fc8	0x1800e2fc8	.text	ascii	L$xH)
0xe2fdb	0x1800e2fdb	.text	ascii	H;L$@H
0xe307b	0x1800e307b	.text	ascii	L$xH)
0xe3151	0x1800e3151	.text	ascii	[]_^A\A]A^A_
0xe3170	0x1800e3170	.text	ascii	UVWSH
0xe3305	0x1800e3305	.text	ascii	h[_^]
0xe3335	0x1800e3335	.text	ascii	UVWSH
0xe3342	0x1800e3342	.text	ascii	)t$ H
0xe3359	0x1800e3359	.text	ascii	(t$ H
0xe3360	0x1800e3360	.text	ascii	8[_^]
0xe3370	0x1800e3370	.text	ascii	AWAVAUATVWUSH
0xe33d9	0x1800e33d9	.text	ascii	D$pfI
0xe3473	0x1800e3473	.text	ascii	ffff.
0xe349d	0x1800e349d	.text	ascii	L$(L9
0xe36dd	0x1800e36dd	.text	ascii	U7,gl
0xe3846	0x1800e3846	.text	ascii	D$`H+
0xe386c	0x1800e386c	.text	ascii	H;D$xH
0xe398d	0x1800e398d	.text	ascii	kAp`"
0xe39e7	0x1800e39e7	.text	ascii	X&,H9
0xe3be1	0x1800e3be1	.text	ascii	H;D$xH
0xe3ca0	0x1800e3ca0	.text	ascii	L$`H)
0xe3cdc	0x1800e3cdc	.text	ascii	KEy%5a
0xe3d7a	0x1800e3d7a	.text	ascii	%r~lH
0xe3e0e	0x1800e3e0e	.text	ascii	D$HH;
0xe3f4f	0x1800e3f4f	.text	ascii	H;L$@H
0xe3fe6	0x1800e3fe6	.text	ascii	U7,gl
0xe4033	0x1800e4033	.text	ascii	[]_^A\A]A^A_
0xe4070	0x1800e4070	.text	ascii	AWAVAUATVWUSH
0xe4084	0x1800e4084	.text	ascii	)t$pH
0xe414d	0x1800e414d	.text	ascii	L$0H9
0xe4173	0x1800e4173	.text	ascii	L$XH)
0xe41c1	0x1800e41c1	.text	ascii	ffffff.
0xe4214	0x1800e4214	.text	ascii	VyOxH
0xe4250	0x1800e4250	.text	ascii	L$XH)
0xe434e	0x1800e434e	.text	ascii	(t$pH
0xe4359	0x1800e4359	.text	ascii	[]_^A\A]A^A_
0xe4370	0x1800e4370	.text	ascii	AWAVAUATVWUSH
0xe4432	0x1800e4432	.text	ascii	L$(H9
0xe44be	0x1800e44be	.text	ascii	H[]_^A\A]A^A_
0xe44d0	0x1800e44d0	.text	ascii	UVWSH
0xe45b8	0x1800e45b8	.text	ascii	rK9db
0xe4665	0x1800e4665	.text	ascii	h[_^]
0xe4695	0x1800e4695	.text	ascii	UVWSH
0xe46a2	0x1800e46a2	.text	ascii	)t$ H
0xe46b9	0x1800e46b9	.text	ascii	(t$ H
0xe46c0	0x1800e46c0	.text	ascii	8[_^]
0xe46d0	0x1800e46d0	.text	ascii	AWAVAUATVWUSH
0xe4739	0x1800e4739	.text	ascii	D$pfI
0xe47b3	0x1800e47b3	.text	ascii	ffff.
0xe47dd	0x1800e47dd	.text	ascii	L$(L9
0xe4880	0x1800e4880	.text	ascii	H;D$xH
0xe48c3	0x1800e48c3	.text	ascii	ffff.
0xe4963	0x1800e4963	.text	ascii	ffff.
0xe4a03	0x1800e4a03	.text	ascii	ffff.
0xe4a46	0x1800e4a46	.text	ascii	cC#H9
0xe4a54	0x1800e4a54	.text	ascii	D$HH;
0xe4b04	0x1800e4b04	.text	ascii	H;L$@H
0xe4bf5	0x1800e4bf5	.text	ascii	Rj:H9
0xe4c1e	0x1800e4c1e	.text	ascii	D$`H+
0xe4c44	0x1800e4c44	.text	ascii	H;D$xH
0xe4c9e	0x1800e4c9e	.text	ascii	~[UzV
0xe4dac	0x1800e4dac	.text	ascii	B|^uH
0xe4eb2	0x1800e4eb2	.text	ascii	]^Q@kE
0xe52fd	0x1800e52fd	.text	ascii	L$`H)
0xe53b1	0x1800e53b1	.text	ascii	[]_^A\A]A^A_
0xe53f0	0x1800e53f0	.text	ascii	AWAVAUATVWUSH
0xe5404	0x1800e5404	.text	ascii	)t$pH
0xe548b	0x1800e548b	.text	ascii	L$XH)
0xe54d8	0x1800e54d8	.text	ascii	l048H
0xe54de	0x1800e54de	.text	ascii	D$0ffffff.
0xe550d	0x1800e550d	.text	ascii	L$0H9
0xe5537	0x1800e5537	.text	ascii	L$XH)
0xe56d3	0x1800e56d3	.text	ascii	(t$pH
0xe56de	0x1800e56de	.text	ascii	[]_^A\A]A^A_
0xe56f0	0x1800e56f0	.text	ascii	AWAVAUATVWUSH
0xe57b2	0x1800e57b2	.text	ascii	L$(H9
0xe5803	0x1800e5803	.text	ascii	ziAjH
0xe583e	0x1800e583e	.text	ascii	H[]_^A\A]A^A_
0xe5850	0x1800e5850	.text	ascii	AWAVAUATVWUSH
0xe591d	0x1800e591d	.text	ascii	L$(H9
0xe5ad7	0x1800e5ad7	.text	ascii	H;L$Xw
0xe5b01	0x1800e5b01	.text	ascii	ffffff.
0xe5b5e	0x1800e5b5e	.text	ascii	Dw]3H
0xe5be4	0x1800e5be4	.text	ascii	L$HH)
0xe5bf1	0x1800e5bf1	.text	ascii	@:?H;L$Pr
0xe5cf3	0x1800e5cf3	.text	ascii	fH;L$`
0xe5dc7	0x1800e5dc7	.text	ascii	CUIc`
0xe5e9c	0x1800e5e9c	.text	ascii	H;L$`w
0xe5ee9	0x1800e5ee9	.text	ascii	L$HH)
0xe5ef6	0x1800e5ef6	.text	ascii	NQrH;L$Pr
0xe5f12	0x1800e5f12	.text	ascii	!sh-nG
0xe5f3f	0x1800e5f3f	.text	ascii	 lIH9
0xe5f84	0x1800e5f84	.text	ascii	[]_^A\A]A^A_
0xe5fa0	0x1800e5fa0	.text	ascii	AWAVAUATVWUSH
0xe605d	0x1800e605d	.text	ascii	L$(L9
0xe60ac	0x1800e60ac	.text	ascii	H;T$x
0xe618a	0x1800e618a	.text	ascii	D$hI)
0xe61d9	0x1800e61d9	.text	ascii	Ni')H9
0xe6219	0x1800e6219	.text	ascii	D$hI)
0xe6231	0x1800e6231	.text	ascii	L+D$hL
0xe62d4	0x1800e62d4	.text	ascii	H9L$8r
0xe6455	0x1800e6455	.text	ascii	JZL1H
0xe6531	0x1800e6531	.text	ascii	L$PH)
0xe655a	0x1800e655a	.text	ascii	H;T$Pw
0xe6698	0x1800e6698	.text	ascii	H9L$8w
0xe67b9	0x1800e67b9	.text	ascii	[]_^A\A]A^A_
0xe67f0	0x1800e67f0	.text	ascii	AWAVAUATVWUSH
0xe68cd	0x1800e68cd	.text	ascii	L$(L9
0xe6996	0x1800e6996	.text	ascii	H9L$@w
0xe6a6d	0x1800e6a6d	.text	ascii	M!nH9
0xe6d81	0x1800e6d81	.text	ascii	OzED+9
0xe6e89	0x1800e6e89	.text	ascii	MH;L$Pt
0xe6fa5	0x1800e6fa5	.text	ascii	H;L$8t
0xe70f4	0x1800e70f4	.text	ascii	),DWH
0xe717d	0x1800e717d	.text	ascii	H;L$Pw
0xe71c6	0x1800e71c6	.text	ascii	H;L$Pv
0xe725b	0x1800e725b	.text	ascii	[]_^A\A]A^A_
0xe7270	0x1800e7270	.text	ascii	AWAVAUATVWUSH
0xe735d	0x1800e735d	.text	ascii	L$0L9
0xe7531	0x1800e7531	.text	ascii	ffffff.
0xe75a3	0x1800e75a3	.text	ascii	?H;L$hw
0xe761a	0x1800e761a	.text	ascii	L$PH)
0xe762a	0x1800e762a	.text	ascii	H;L$Xr
0xe76a0	0x1800e76a0	.text	ascii	H;L$hw
0xe76bb	0x1800e76bb	.text	ascii	^:u_uH
0xe786d	0x1800e786d	.text	ascii	L$PH)
0xe787d	0x1800e787d	.text	ascii	H;L$Xr
0xe793c	0x1800e793c	.text	ascii	H;L$`w
0xe79f2	0x1800e79f2	.text	ascii	[]_^A\A]A^A_
0xe7a00	0x1800e7a00	.text	ascii	AWAVAUATVWUSH
0xe7a43	0x1800e7a43	.text	ascii	8``'<I
0xe7aad	0x1800e7aad	.text	ascii	L$(H9
0xe7ad0	0x1800e7ad0	.text	ascii	8``'<H9
0xe7ae4	0x1800e7ae4	.text	ascii	WAYOH9
0xe7b03	0x1800e7b03	.text	ascii	L$HH)
0xe7b11	0x1800e7b11	.text	ascii	<BH;L$Pr
0xe7bb3	0x1800e7bb3	.text	ascii	ffff.
0xe7be3	0x1800e7be3	.text	ascii	S~6H9
0xe7c92	0x1800e7c92	.text	ascii	H;L$`w
0xe7e26	0x1800e7e26	.text	ascii	H;L$`w
0xe7f1b	0x1800e7f1b	.text	ascii	m,uHH
0xe7f7d	0x1800e7f7d	.text	ascii	HVU*e
0xe7f83	0x1800e7f83	.text	ascii	H;L$X
0xe8091	0x1800e8091	.text	ascii	L$HH)
0xe80a0	0x1800e80a0	.text	ascii	oH;L$Pr
0xe812b	0x1800e812b	.text	ascii	[]_^A\A]A^A_
0xe8140	0x1800e8140	.text	ascii	AWAVAUATVWUSH
0xe820d	0x1800e820d	.text	ascii	L$8L9
0xe8395	0x1800e8395	.text	ascii	D$HH9
0xe841f	0x1800e841f	.text	ascii	D$`H)
0xe8425	0x1800e8425	.text	ascii	H;D$hH
0xe8562	0x1800e8562	.text	ascii	L$xH;
0xe8590	0x1800e8590	.text	ascii	Wpf%H
0xe8638	0x1800e8638	.text	ascii	H;D$PH
0xe8686	0x1800e8686	.text	ascii	H;D$PH
0xe86d1	0x1800e86d1	.text	ascii	L$xH;
0xe87b5	0x1800e87b5	.text	ascii	D$`H)
0xe87bb	0x1800e87bb	.text	ascii	H;D$hH
0xe87c6	0x1800e87c6	.text	ascii	|:p%H
0xe8853	0x1800e8853	.text	ascii	[]_^A\A]A^A_
0xe8860	0x1800e8860	.text	ascii	AWAVAUATVWUSH
0xe894d	0x1800e894d	.text	ascii	L$8L9
0xe8b07	0x1800e8b07	.text	ascii	>//H5'H9
0xe8d5d	0x1800e8d5d	.text	ascii	weI2(
0xe8d74	0x1800e8d74	.text	ascii	?!91H
0xe8e0e	0x1800e8e0e	.text	ascii	CU]vEj
0xe8ea8	0x1800e8ea8	.text	ascii	>//H5'H9
0xe8f92	0x1800e8f92	.text	ascii	4B=H9
0xe90ee	0x1800e90ee	.text	ascii	2oBL9
0xe9107	0x1800e9107	.text	ascii	V'4K^
0xe9236	0x1800e9236	.text	ascii	L$xH)
0xe9262	0x1800e9262	.text	ascii	H;T$xw
0xe942c	0x1800e942c	.text	ascii	H;T$Pt
0xe95a2	0x1800e95a2	.text	ascii	[]_^A\A]A^A_
0xe95e0	0x1800e95e0	.text	ascii	AWAVAUATVWUSH
0xe96bd	0x1800e96bd	.text	ascii	L$0H9
0xe9762	0x1800e9762	.text	ascii	fffff.
0xe99dd	0x1800e99dd	.text	ascii	H;D$XH
0xe9a34	0x1800e9a34	.text	ascii	H;D$@H
0xe9bb6	0x1800e9bb6	.text	ascii	H9D$hH
0xe9d0f	0x1800e9d0f	.text	ascii	H;D$XH
0xe9d47	0x1800e9d47	.text	ascii	D$PH;D$XH
0xe9dee	0x1800e9dee	.text	ascii	[]_^A\A]A^A_
0xe9e00	0x1800e9e00	.text	ascii	UAWAVVWSH
0xe9f61	0x1800e9f61	.text	ascii	S3)mbH
0xea0f9	0x1800ea0f9	.text	ascii	L#v0H
0xea142	0x1800ea142	.text	ascii	h[_^A^A_]
0xea183	0x1800ea183	.text	ascii	ffff.
0xea195	0x1800ea195	.text	ascii	UAWAVVWSH
0xea1b6	0x1800ea1b6	.text	ascii	([_^A^A_]
0xea1c0	0x1800ea1c0	.text	ascii	AWAVAUATVWUSH
0xea2a3	0x1800ea2a3	.text	ascii	D$0f.
0xea2cd	0x1800ea2cd	.text	ascii	L$0H9
0xea3f5	0x1800ea3f5	.text	ascii	H;D$XH
0xea4c3	0x1800ea4c3	.text	ascii	ffff.
0xea539	0x1800ea539	.text	ascii	$wb`I
0xea613	0x1800ea613	.text	ascii	D$PH;D$XH
0xea6cd	0x1800ea6cd	.text	ascii	H9D$hH
0xea819	0x1800ea819	.text	ascii	H;D$XH
0xea86a	0x1800ea86a	.text	ascii	H;D$@H
0xea8af	0x1800ea8af	.text	ascii	fiP8x
0xea8ea	0x1800ea8ea	.text	ascii	20D"e
0xea937	0x1800ea937	.text	ascii	CY%d_I
0xea9d1	0x1800ea9d1	.text	ascii	[]_^A\A]A^A_
0xea9e0	0x1800ea9e0	.text	ascii	UAWAVATVWSH
0xeab21	0x1800eab21	.text	ascii	ffffff.
0xeaceb	0x1800eaceb	.text	ascii	L#~0H
0xead34	0x1800ead34	.text	ascii	`[_^A\A^A_]
0xead85	0x1800ead85	.text	ascii	UAWAVATVWSH
0xeada8	0x1800eada8	.text	ascii	0[_^A\A^A_]
0xeadc0	0x1800eadc0	.text	ascii	UAWAVVWSH
0xeb0b9	0x1800eb0b9	.text	ascii	L#v0H
0xeb102	0x1800eb102	.text	ascii	h[_^A^A_]
0xeb143	0x1800eb143	.text	ascii	ffff.
0xeb155	0x1800eb155	.text	ascii	UAWAVVWSH
0xeb176	0x1800eb176	.text	ascii	([_^A^A_]
0xeb180	0x1800eb180	.text	ascii	AWAVAUATVWUSH
0xeb2f2	0x1800eb2f2	.text	ascii	HcT$$
0xeb2fc	0x1800eb2fc	.text	ascii	;T$ I
0xeb353	0x1800eb353	.text	ascii	74*@H
0xeb420	0x1800eb420	.text	ascii	0[]_^A\A]A^A_
0xeb440	0x1800eb440	.text	ascii	AWAVAUATVWUSH
0xeb51a	0x1800eb51a	.text	ascii	L$ L9
0xeb631	0x1800eb631	.text	ascii	}4xP"&
0xeb920	0x1800eb920	.text	ascii	D$PH+
0xeb945	0x1800eb945	.text	ascii	X[]_^A\A]A^A_
0xeb960	0x1800eb960	.text	ascii	AWAVAUATVWUSH
0xeb9ca	0x1800eb9ca	.text	ascii	C 7HeH
0xeb9de	0x1800eb9de	.text	ascii	C 7He
0xeba3f	0x1800eba3f	.text	ascii	L$(H9
0xeba79	0x1800eba79	.text	ascii	fqx;\oH
0xebb43	0x1800ebb43	.text	ascii	ffff.
0xebd5f	0x1800ebd5f	.text	ascii	h[]_^A\A]A^A_
0xebd70	0x1800ebd70	.text	ascii	AWAVAUATVWUSH
0xebe7a	0x1800ebe7a	.text	ascii	L$ H9
0xebf79	0x1800ebf79	.text	ascii	8[]_^A\A]A^A_
0xebfa0	0x1800ebfa0	.text	ascii	AWAVAUATVWUSH
0xebfb1	0x1800ebfb1	.text	ascii	)t$PD
0xec084	0x1800ec084	.text	ascii	L$0L9
0xec0c1	0x1800ec0c1	.text	ascii	W#0!8H
0xec121	0x1800ec121	.text	ascii	(t$PH
0xec128	0x1800ec128	.text	ascii	h[]_^A\A]A^A_
0xec140	0x1800ec140	.text	ascii	AWAVAUATVWUSH
0xec15c	0x1800ec15c	.text	ascii	)t$pH
0xec1f3	0x1800ec1f3	.text	ascii	.D$,H
0xec26d	0x1800ec26d	.text	ascii	L$@L9
0xec452	0x1800ec452	.text	ascii	.D$,H
0xec4bd	0x1800ec4bd	.text	ascii	.D$,H
0xec577	0x1800ec577	.text	ascii	XL$8H
0xec5a7	0x1800ec5a7	.text	ascii	[]_^A\A]A^A_
0xec632	0x1800ec632	.text	ascii	F H;E
0xec830	0x1800ec830	.text	ascii	AWAVAUATVWUSH
0xec841	0x1800ec841	.text	ascii	)t$@H
0xec8b0	0x1800ec8b0	.text	ascii	.ffffff.
0xec8fc	0x1800ec8fc	.text	ascii	L$0H9
0xec943	0x1800ec943	.text	ascii	(t$@H
0xec94a	0x1800ec94a	.text	ascii	X[]_^A\A]A^A_
0xec970	0x1800ec970	.text	ascii	UAWAVVWSH
0xeca75	0x1800eca75	.text	ascii	F H;E0vNI
0xecb08	0x1800ecb08	.text	ascii	U(L;E@
0xecc36	0x1800ecc36	.text	ascii	>Mbn{
0xeccb1	0x1800eccb1	.text	ascii	H;E0v0H
0xeccf0	0x1800eccf0	.text	ascii	[_^A^A_]
0xecd13	0x1800ecd13	.text	ascii	ffff.
0xecd25	0x1800ecd25	.text	ascii	UAWAVVWSH
0xecd45	0x1800ecd45	.text	ascii	([_^A^A_]
0xecd50	0x1800ecd50	.text	ascii	AWAVAUATVWUSH
0xecdef	0x1800ecdef	.text	ascii	H9D$pH
0xece22	0x1800ece22	.text	ascii	\$Pff.
0xece4d	0x1800ece4d	.text	ascii	L$(L9
0xecebb	0x1800ecebb	.text	ascii	6PGmRH
0xecf9d	0x1800ecf9d	.text	ascii	$qXH9
0xed066	0x1800ed066	.text	ascii	H;D$@H
0xed135	0x1800ed135	.text	ascii	[]_^A\A]A^A_H
0xed150	0x1800ed150	.text	ascii	UAWAVATVWSH
0xed182	0x1800ed182	.text	ascii	?19~H
0xed1df	0x1800ed1df	.text	ascii	H;M@v
0xed223	0x1800ed223	.text	ascii	H;U@v
0xed27b	0x1800ed27b	.text	ascii	M(H;M@v
0xed2ab	0x1800ed2ab	.text	ascii	E(H;E@voH
0xed329	0x1800ed329	.text	ascii	[_^A\A^A_]
0xed365	0x1800ed365	.text	ascii	UAWAVATVWSH
0xed387	0x1800ed387	.text	ascii	0[_^A\A^A_]
0xed393	0x1800ed393	.text	ascii	ffff.
0xed3a5	0x1800ed3a5	.text	ascii	UAWAVATVWSH
0xed3c7	0x1800ed3c7	.text	ascii	0[_^A\A^A_]
0xed3e0	0x1800ed3e0	.text	ascii	UAWAVAUATVWSH
0xed463	0x1800ed463	.text	ascii	H;MHv
0xed4db	0x1800ed4db	.text	ascii	H;UHv
0xed53f	0x1800ed53f	.text	ascii	M8H;MHv
0xed56f	0x1800ed56f	.text	ascii	E8H;EHv
0xed5fd	0x1800ed5fd	.text	ascii	[_^A\A]A^A_]
0xed635	0x1800ed635	.text	ascii	UAWAVAUATVWSH
0xed659	0x1800ed659	.text	ascii	([_^A\A]A^A_]
0xed675	0x1800ed675	.text	ascii	UAWAVAUATVWSH
0xed699	0x1800ed699	.text	ascii	([_^A\A]A^A_]
0xed6b0	0x1800ed6b0	.text	ascii	AWAVAUATVWUSH
0xed720	0x1800ed720	.text	ascii	5ffffff.
0xed773	0x1800ed773	.text	ascii	L$(L9
0xed7ed	0x1800ed7ed	.text	ascii	8[]_^A\A]A^A_
0xed85c	0x1800ed85c	.text	ascii	AWAVAUATVWUSH
0xed9d1	0x1800ed9d1	.text	ascii	HcT$$
0xed9db	0x1800ed9db	.text	ascii	;T$ I
0xedaff	0x1800edaff	.text	ascii	0[]_^A\A]A^A_
0xedb82	0x1800edb82	.text	ascii	F H;E
0xeddd0	0x1800eddd0	.text	ascii	AWAVAUATVWUSH
0xedde1	0x1800edde1	.text	ascii	)t$@H
0xede50	0x1800ede50	.text	ascii	)ffffff.
0xede97	0x1800ede97	.text	ascii	L$0H9
0xedeeb	0x1800edeeb	.text	ascii	(t$@H
0xedef2	0x1800edef2	.text	ascii	X[]_^A\A]A^A_
0xedf00	0x1800edf00	.text	ascii	UAWAVVWSH
0xee005	0x1800ee005	.text	ascii	F H;E0vNI
0xee098	0x1800ee098	.text	ascii	U(L;E@
0xee241	0x1800ee241	.text	ascii	H;E0v0H
0xee280	0x1800ee280	.text	ascii	[_^A^A_]
0xee2a3	0x1800ee2a3	.text	ascii	ffff.
0xee2b5	0x1800ee2b5	.text	ascii	UAWAVVWSH
0xee2d5	0x1800ee2d5	.text	ascii	([_^A^A_]
0xee2e0	0x1800ee2e0	.text	ascii	AWAVAUATVWUSH
0xee2f1	0x1800ee2f1	.text	ascii	)t$@D
0xee34a	0x1800ee34a	.text	ascii	J}ojI
0xee3c7	0x1800ee3c7	.text	ascii	L$(L9
0xee4c7	0x1800ee4c7	.text	ascii	(t$@H
0xee4ce	0x1800ee4ce	.text	ascii	X[]_^A\A]A^A_
0xee4e0	0x1800ee4e0	.text	ascii	AWAVAUATVWUSH
0xee504	0x1800ee504	.text	ascii	u^cM,H
0xee550	0x1800ee550	.text	ascii	5ffffff.
0xee5a3	0x1800ee5a3	.text	ascii	L$(L9
0xee61d	0x1800ee61d	.text	ascii	8[]_^A\A]A^A_
0xee68c	0x1800ee68c	.text	ascii	AWAVAUATVWUSH
0xee6b1	0x1800ee6b1	.text	ascii	}g*<hH
0xee745	0x1800ee745	.text	ascii	q9MuXJ
0xee85f	0x1800ee85f	.text	ascii	HcT$$
0xee869	0x1800ee869	.text	ascii	;T$ I
0xee92f	0x1800ee92f	.text	ascii	0[]_^A\A]A^A_
0xeeb16	0x1800eeb16	.text	ascii	::updateH
0xeeb9a	0x1800eeb9a	.text	ascii	rmalTickH
0xeec1e	0x1800eec1e	.text	ascii	::renderH
0xeeca2	0x1800eeca2	.text	ascii	::onTickH
0xeecf9	0x1800eecf9	.text	ascii	GameModeH
0xeed08	0x1800eed08	.text	ascii	de::tickH
0xeed56	0x1800eed56	.text	ascii	Level::tH
0xeed64	0x1800eed64	.text	ascii	D$'tickH
0xef070	0x1800ef070	.text	ascii	UAWAVVWSH
0xef256	0x1800ef256	.text	ascii	[_^A^A_]
0xef285	0x1800ef285	.text	ascii	UAWAVVWSH
0xef2a5	0x1800ef2a5	.text	ascii	([_^A^A_]
0xef3ad	0x1800ef3ad	.text	ascii	D$(H1
0xef3c7	0x1800ef3c7	.text	ascii	L$(H1
0xef4ad	0x1800ef4ad	.text	ascii	D$@H1
0xef4c8	0x1800ef4c8	.text	ascii	L$@H1
0xef52f	0x1800ef52f	.text	ascii	 [_^H
0xef56e	0x1800ef56e	.text	ascii	 [_^H
0xef5cf	0x1800ef5cf	.text	ascii	D$(H1
0xef5e9	0x1800ef5e9	.text	ascii	L$(H1
0xef6a1	0x1800ef6a1	.text	ascii	D$HH1
0xef6bd	0x1800ef6bd	.text	ascii	L$HH1
0xef741	0x1800ef741	.text	ascii	D$XH1
0xef75b	0x1800ef75b	.text	ascii	L$XH1
0xef7de	0x1800ef7de	.text	ascii	D$0H1
0xef83d	0x1800ef83d	.text	ascii	L$0H1
0xef956	0x1800ef956	.text	ascii	D$(H1
0xef970	0x1800ef970	.text	ascii	L$(H1
0xefaff	0x1800efaff	.text	ascii	D$8H1
0xefb5a	0x1800efb5a	.text	ascii	L$8H1
0xefbd7	0x1800efbd7	.text	ascii	D$8H1
0xefc32	0x1800efc32	.text	ascii	L$8H1
0xefe08	0x1800efe08	.text	ascii	D$8H1
0xefe63	0x1800efe63	.text	ascii	L$8H1
0xeff4d	0x1800eff4d	.text	ascii	D$(H1
0xeff67	0x1800eff67	.text	ascii	L$(H1
0xf0070	0x1800f0070	.text	ascii	AWAVAUATVWUSH
0xf0093	0x1800f0093	.text	ascii	9zUl^eY
0xf012d	0x1800f012d	.text	ascii	L$0L9
0xf0242	0x1800f0242	.text	ascii	^H9L$@r
0xf0570	0x1800f0570	.text	ascii	"vn%kq,
0xf05ea	0x1800f05ea	.text	ascii	EH;T$p
0xf073a	0x1800f073a	.text	ascii	b*eMD
0xf0791	0x1800f0791	.text	ascii	L$PH)
0xf07b9	0x1800f07b9	.text	ascii	<H;D$Pw
0xf084e	0x1800f084e	.text	ascii	s(I*@H
0xf08a5	0x1800f08a5	.text	ascii	c+}_kH;
0xf09d8	0x1800f09d8	.text	ascii	uH9L$@w
0xf0a84	0x1800f0a84	.text	ascii	Kn|H9
0xf0ac2	0x1800f0ac2	.text	ascii	[]_^A\A]A^A_
0xf0ae0	0x1800f0ae0	.text	ascii	AWAVAUATVWUSH
0xf0bad	0x1800f0bad	.text	ascii	L$HH9
0xf0bfd	0x1800f0bfd	.text	ascii	L$8L9
0xf0c1e	0x1800f0c1e	.text	ascii	7@eZh6twH9
0xf0c91	0x1800f0c91	.text	ascii	ffffff.
0xf0d02	0x1800f0d02	.text	ascii	fffff.
0xf0dfe	0x1800f0dfe	.text	ascii	8@eZh6twH9
0xf0ef6	0x1800f0ef6	.text	ascii	H;t$HH
0xf0f63	0x1800f0f63	.text	ascii	H;D$HH
0xf1080	0x1800f1080	.text	ascii	>Ww_H
0xf1112	0x1800f1112	.text	ascii	[]_^A\A]A^A_
0xf1130	0x1800f1130	.text	ascii	UAWAVATVWSH
0xf1207	0x1800f1207	.text	ascii	H;U@v
0xf125f	0x1800f125f	.text	ascii	M(H;M@v
0xf128f	0x1800f128f	.text	ascii	E(H;E@v_H
0xf12fd	0x1800f12fd	.text	ascii	[_^A\A^A_]
0xf1335	0x1800f1335	.text	ascii	UAWAVATVWSH
0xf1357	0x1800f1357	.text	ascii	0[_^A\A^A_]
0xf1363	0x1800f1363	.text	ascii	ffff.
0xf1375	0x1800f1375	.text	ascii	UAWAVATVWSH
0xf1397	0x1800f1397	.text	ascii	0[_^A\A^A_]
0xf13e0	0x1800f13e0	.text	ascii	AWAVAUATVWUSH
0xf13f4	0x1800f13f4	.text	ascii	)t$pH
0xf1482	0x1800f1482	.text	ascii	L$XH)
0xf14fd	0x1800f14fd	.text	ascii	L$0H9
0xf1580	0x1800f1580	.text	ascii	L$XH)
0xf16bc	0x1800f16bc	.text	ascii	(t$pH
0xf16c7	0x1800f16c7	.text	ascii	[]_^A\A]A^A_
0xf16e0	0x1800f16e0	.text	ascii	AWAVAUATVWUSH
0xf17dd	0x1800f17dd	.text	ascii	L$ H9
0xf181f	0x1800f181f	.text	ascii	:.'H9
0xf1845	0x1800f1845	.text	ascii	[0$H9
0xf1853	0x1800f1853	.text	ascii	D$pH;
0xf195b	0x1800f195b	.text	ascii	;D$0A
0xf19c3	0x1800f19c3	.text	ascii	ffff.
0xf19ea	0x1800f19ea	.text	ascii	IMVH9
0xf1a10	0x1800f1a10	.text	ascii	IMVH9
0xf1c12	0x1800f1c12	.text	ascii	H9L$8H
0xf1cc8	0x1800f1cc8	.text	ascii	H;D$@H
0xf1e8e	0x1800f1e8e	.text	ascii	H;D$XH
0xf1f4c	0x1800f1f4c	.text	ascii	;D$0A
0xf1f71	0x1800f1f71	.text	ascii	0Ru4H
0xf2065	0x1800f2065	.text	ascii	H9D$8H
0xf2104	0x1800f2104	.text	ascii	H;D$@H
0xf227a	0x1800f227a	.text	ascii	&4p1H
0xf228d	0x1800f228d	.text	ascii	;}=gH
0xf2315	0x1800f2315	.text	ascii	:.'H9
0xf2636	0x1800f2636	.text	ascii	tO*\.H
0xf27ba	0x1800f27ba	.text	ascii	jOIrU
0xf2b14	0x1800f2b14	.text	ascii	H9D$8H
0xf2c86	0x1800f2c86	.text	ascii	H;D$8
0xf2cb5	0x1800f2cb5	.text	ascii	L$xH;L$@H
0xf2f68	0x1800f2f68	.text	ascii	H;L$@H
0xf2f70	0x1800f2f70	.text	ascii	27dPezII
0xf312c	0x1800f312c	.text	ascii	H;|$XH
0xf3183	0x1800f3183	.text	ascii	D$HH;D$xH
0xf32b9	0x1800f32b9	.text	ascii	dxSv1
0xf32f2	0x1800f32f2	.text	ascii	=/e`9
0xf33d9	0x1800f33d9	.text	ascii	}=R,H
0xf3567	0x1800f3567	.text	ascii	;D$0A
0xf3587	0x1800f3587	.text	ascii	ri~_cH
0xf35c8	0x1800f35c8	.text	ascii	iOGHH
0xf36b4	0x1800f36b4	.text	ascii	DF<~L
0xf370a	0x1800f370a	.text	ascii	[]_^A\A]A^A_
0xf3730	0x1800f3730	.text	ascii	AWAVAUATVWUSH
0xf37dd	0x1800f37dd	.text	ascii	L$(L9
0xf39de	0x1800f39de	.text	ascii	;D$<A
0xf3a17	0x1800f3a17	.text	ascii	H;\$H|
0xf3af4	0x1800f3af4	.text	ascii	;D$<A
0xf3bae	0x1800f3bae	.text	ascii	L$HH1
0xf3bb6	0x1800f3bb6	.text	ascii	T$@H!
0xf3c68	0x1800f3c68	.text	ascii	[]_^A\A]A^A_
0xf3c80	0x1800f3c80	.text	ascii	AWAVAUATVWUSH
0xf3d0f	0x1800f3d0f	.text	ascii	D$0fffff.
0xf3d3d	0x1800f3d3d	.text	ascii	L$0H9
0xf3dc1	0x1800f3dc1	.text	ascii	;D$,A
0xf3e01	0x1800f3e01	.text	ascii	ffffff.
0xf3e91	0x1800f3e91	.text	ascii	;D$,A
0xf3eb2	0x1800f3eb2	.text	ascii	!w2~-
0xf3f22	0x1800f3f22	.text	ascii	;D$,A
0xf3fbd	0x1800f3fbd	.text	ascii	D$`H1
0xf3fd2	0x1800f3fd2	.text	ascii	h[]_^A\A]A^A_
0xf3fe2	0x1800f3fe2	.text	ascii	L$`H1
0xf3fee	0x1800f3fee	.text	ascii	AWAVAUATVWUSH
0xf419b	0x1800f419b	.text	ascii	HcT$$
0xf41a5	0x1800f41a5	.text	ascii	;T$ I
0xf4294	0x1800f4294	.text	ascii	0[]_^A\A]A^A_
0xf4342	0x1800f4342	.text	ascii	F H;E
0xf44b2	0x1800f44b2	.text	ascii	F H;E
0xf4662	0x1800f4662	.text	ascii	F H;E
0xf47d2	0x1800f47d2	.text	ascii	F H;E
0xf4942	0x1800f4942	.text	ascii	F H;E
0xf4a40	0x1800f4a40	.text	ascii	AWAVAUATVWUSH
0xf4ae2	0x1800f4ae2	.text	ascii	wU%$/
0xf4b03	0x1800f4b03	.text	ascii	L$`f.
0xf4b2d	0x1800f4b2d	.text	ascii	L$0H9
0xf4b87	0x1800f4b87	.text	ascii	D$PH;D$HH
0xf4d61	0x1800f4d61	.text	ascii	x[]_^A\A]A^A_
0xf4d80	0x1800f4d80	.text	ascii	TUgMH
0xf56a0	0x1800f56a0	.text	ascii	AWAVAUATVWUSH
0xf5789	0x1800f5789	.text	ascii	L$0H9
0xf5856	0x1800f5856	.text	ascii	H[]_^A\A]A^A_
0xf5870	0x1800f5870	.text	ascii	AWAVAUATVWUSH
0xf594a	0x1800f594a	.text	ascii	L$(H9
0xf5a91	0x1800f5a91	.text	ascii	ffffff.
0xf5c58	0x1800f5c58	.text	ascii	D$XH+D$`H
0xf5c84	0x1800f5c84	.text	ascii	h[]_^A\A]A^A_
0xf5ca0	0x1800f5ca0	.text	ascii	AWAVAUATVWUSH
0xf5d89	0x1800f5d89	.text	ascii	L$ H9
0xf5e2f	0x1800f5e2f	.text	ascii	8[]_^A\A]A^A_
0xf5e40	0x1800f5e40	.text	ascii	AWAVAUATVWUSH
0xf5eb8	0x1800f5eb8	.text	ascii	D$8L9
0xf5f0d	0x1800f5f0d	.text	ascii	L$(L9
0xf5f47	0x1800f5f47	.text	ascii	H;T$8v
0xf5ff5	0x1800f5ff5	.text	ascii	H;D$8v
0xf6063	0x1800f6063	.text	ascii	X[]_^A\A]A^A_
0xf6330	0x1800f6330	.text	ascii	AWAVAUATVWUSH
0xf640d	0x1800f640d	.text	ascii	L$(H9
0xf6484	0x1800f6484	.text	ascii	0_&qH
0xf64e1	0x1800f64e1	.text	ascii	8[]_^A\A]A^A_
0xf64f0	0x1800f64f0	.text	ascii	AWAVAUATVWUSH
0xf6501	0x1800f6501	.text	ascii	)t$@H
0xf6570	0x1800f6570	.text	ascii	.ffffff.
0xf65bc	0x1800f65bc	.text	ascii	L$0H9
0xf6603	0x1800f6603	.text	ascii	(t$@H
0xf660a	0x1800f660a	.text	ascii	X[]_^A\A]A^A_
0xf6620	0x1800f6620	.text	ascii	AWAVAUATVWUSH
0xf6631	0x1800f6631	.text	ascii	)t$@H
0xf66a0	0x1800f66a0	.text	ascii	.ffffff.
0xf66ec	0x1800f66ec	.text	ascii	L$0H9
0xf6733	0x1800f6733	.text	ascii	(t$@H
0xf673a	0x1800f673a	.text	ascii	X[]_^A\A]A^A_
0xf6750	0x1800f6750	.text	ascii	AWAVAUATVWUSH
0xf6761	0x1800f6761	.text	ascii	)t$@H
0xf67c8	0x1800f67c8	.text	ascii	2d?@TQ
0xf67d0	0x1800f67d0	.text	ascii	.ffffff.
0xf681c	0x1800f681c	.text	ascii	L$0H9
0xf6863	0x1800f6863	.text	ascii	(t$@H
0xf686a	0x1800f686a	.text	ascii	X[]_^A\A]A^A_
0xf6880	0x1800f6880	.text	ascii	AWAVAUATVWUSH
0xf6891	0x1800f6891	.text	ascii	)t$@H
0xf6900	0x1800f6900	.text	ascii	)ffffff.
0xf6947	0x1800f6947	.text	ascii	L$0H9
0xf699b	0x1800f699b	.text	ascii	(t$@H
0xf69a2	0x1800f69a2	.text	ascii	X[]_^A\A]A^A_
0xf69b0	0x1800f69b0	.text	ascii	AWAVAUATVWUSH
0xf69c1	0x1800f69c1	.text	ascii	)t$@H
0xf6a30	0x1800f6a30	.text	ascii	.ffffff.
0xf6a7c	0x1800f6a7c	.text	ascii	L$0H9
0xf6ac3	0x1800f6ac3	.text	ascii	(t$@H
0xf6aca	0x1800f6aca	.text	ascii	X[]_^A\A]A^A_
0xf6ae0	0x1800f6ae0	.text	ascii	AWAVAUATVWUSH
0xf6b51	0x1800f6b51	.text	ascii	dfffff.
0xf6bd3	0x1800f6bd3	.text	ascii	L$(L9
0xf6ca6	0x1800f6ca6	.text	ascii	8[]_^A\A]A^A_
0xf6cc0	0x1800f6cc0	.text	ascii	AWAVAUATVWUSH
0xf6d31	0x1800f6d31	.text	ascii	5fffff.
0xf6d84	0x1800f6d84	.text	ascii	L$(L9
0xf6dcf	0x1800f6dcf	.text	ascii	8[]_^A\A]A^A_
0xf6de0	0x1800f6de0	.text	ascii	UAWAVVWSH
0xf6ec1	0x1800f6ec1	.text	ascii	'%JE$
0xf6ee5	0x1800f6ee5	.text	ascii	G H;E0vNI
0xf6efa	0x1800f6efa	.text	ascii	H;U v'L
0xf6f78	0x1800f6f78	.text	ascii	U(L;E@
0xf7121	0x1800f7121	.text	ascii	H;E0v0H
0xf7131	0x1800f7131	.text	ascii	H;U v
0xf7160	0x1800f7160	.text	ascii	[_^A^A_]
0xf7183	0x1800f7183	.text	ascii	ffff.
0xf7195	0x1800f7195	.text	ascii	UAWAVVWSH
0xf71b5	0x1800f71b5	.text	ascii	([_^A^A_]
0xf71c0	0x1800f71c0	.text	ascii	AWAVAUATVWUSH
0xf727d	0x1800f727d	.text	ascii	L$(L9
0xf72db	0x1800f72db	.text	ascii	<BJB{XhH
0xf7390	0x1800f7390	.text	ascii	8[]_^A\A]A^A_
0xf73a0	0x1800f73a0	.text	ascii	UAWAVVWSH
0xf74a5	0x1800f74a5	.text	ascii	G H;E0vNI
0xf74ba	0x1800f74ba	.text	ascii	H;U v'L
0xf7538	0x1800f7538	.text	ascii	U(L;E@
0xf76e1	0x1800f76e1	.text	ascii	H;E0v0H
0xf76f1	0x1800f76f1	.text	ascii	H;U v
0xf7720	0x1800f7720	.text	ascii	[_^A^A_]
0xf7743	0x1800f7743	.text	ascii	ffff.
0xf7755	0x1800f7755	.text	ascii	UAWAVVWSH
0xf7775	0x1800f7775	.text	ascii	([_^A^A_]
0xf7780	0x1800f7780	.text	ascii	AWAVAUATVWUSH
0xf7844	0x1800f7844	.text	ascii	L$HL9
0xf78ae	0x1800f78ae	.text	ascii	6pUwH
0xf7932	0x1800f7932	.text	ascii	X[]_^A\A]A^A_
0xf7940	0x1800f7940	.text	ascii	AWAVAUATVWUSH
0xf79f0	0x1800f79f0	.text	ascii	L$(H9
0xf7a03	0x1800f7a03	.text	ascii	<fff.
0xf7a43	0x1800f7a43	.text	ascii	8[]_^A\A]A^A_
0xf7a60	0x1800f7a60	.text	ascii	AWAVAUATVWUSH
0xf7aa7	0x1800f7aa7	.text	ascii	A@&y'
0xf7ab1	0x1800f7ab1	.text	ascii	B@&y'
0xf7b2d	0x1800f7b2d	.text	ascii	L$0H9
0xf7ccc	0x1800f7ccc	.text	ascii	H[]_^A\A]A^A_
0xf7d00	0x1800f7d00	.text	ascii	AWAVAUATVWUSH
0xf7dcd	0x1800f7dcd	.text	ascii	L$(H9
0xf7dee	0x1800f7dee	.text	ascii	8E~H9
0xf7e32	0x1800f7e32	.text	ascii	fffff.
0xf811a	0x1800f811a	.text	ascii	h[]_^A\A]A^A_H
0xf8130	0x1800f8130	.text	ascii	UAWAVVWSH
0xf8235	0x1800f8235	.text	ascii	G H;E0vNI
0xf824a	0x1800f824a	.text	ascii	H;U v'L
0xf82c8	0x1800f82c8	.text	ascii	U(L;E@
0xf8471	0x1800f8471	.text	ascii	H;E0v0H
0xf8481	0x1800f8481	.text	ascii	H;U v
0xf84b0	0x1800f84b0	.text	ascii	[_^A^A_]
0xf84d3	0x1800f84d3	.text	ascii	ffff.
0xf84e5	0x1800f84e5	.text	ascii	UAWAVVWSH
0xf8505	0x1800f8505	.text	ascii	([_^A^A_]
0xf8510	0x1800f8510	.text	ascii	AWAVAUATVWUSH
0xf85de	0x1800f85de	.text	ascii	L$(H9
0xf8696	0x1800f8696	.text	ascii	8[]_^A\A]A^A_H
0xf86b0	0x1800f86b0	.text	ascii	UAWAVVWSH
0xf87b5	0x1800f87b5	.text	ascii	G H;E0vNI
0xf87ca	0x1800f87ca	.text	ascii	H;U v'L
0xf8848	0x1800f8848	.text	ascii	U(L;E@
0xf89f1	0x1800f89f1	.text	ascii	H;E0v0H
0xf8a01	0x1800f8a01	.text	ascii	H;U v
0xf8a30	0x1800f8a30	.text	ascii	[_^A^A_]
0xf8a53	0x1800f8a53	.text	ascii	ffff.
0xf8a65	0x1800f8a65	.text	ascii	UAWAVVWSH
0xf8a85	0x1800f8a85	.text	ascii	([_^A^A_]
0xf8a90	0x1800f8a90	.text	ascii	AWAVAUATVWUSH
0xf8b9d	0x1800f8b9d	.text	ascii	L$(H9
0xf8c30	0x1800f8c30	.text	ascii	iQHH9
0xf8c83	0x1800f8c83	.text	ascii	ffff.
0xf8d64	0x1800f8d64	.text	ascii	nG=hH
0xf8d96	0x1800f8d96	.text	ascii	c}L@[
0xf8dad	0x1800f8dad	.text	ascii	H;L$Hv
0xf8dbe	0x1800f8dbe	.text	ascii	H9L$@H
0xf8e6a	0x1800f8e6a	.text	ascii	H;D$H
0xf8e98	0x1800f8e98	.text	ascii	h[]_^A\A]A^A_H
0xf8eb0	0x1800f8eb0	.text	ascii	UAWAVVWSH
0xf8f93	0x1800f8f93	.text	ascii	fRPHH
0xf8fb5	0x1800f8fb5	.text	ascii	G H;E0vNI
0xf8fca	0x1800f8fca	.text	ascii	H;U v'L
0xf9048	0x1800f9048	.text	ascii	U(L;E@
0xf91f1	0x1800f91f1	.text	ascii	H;E0v0H
0xf9201	0x1800f9201	.text	ascii	H;U v
0xf9230	0x1800f9230	.text	ascii	[_^A^A_]
0xf9253	0x1800f9253	.text	ascii	ffff.
0xf9265	0x1800f9265	.text	ascii	UAWAVVWSH
0xf9285	0x1800f9285	.text	ascii	([_^A^A_]
0xf9290	0x1800f9290	.text	ascii	AWAVAUATVWUSH
0xf936d	0x1800f936d	.text	ascii	L$0H9
0xf96cb	0x1800f96cb	.text	ascii	h[]_^A\A]A^A_
0xf96e0	0x1800f96e0	.text	ascii	AWAVAUATVWUSH
0xf97a4	0x1800f97a4	.text	ascii	L$ L9
0xf9867	0x1800f9867	.text	ascii	H9D$@
0xf9881	0x1800f9881	.text	ascii	)\PH9
0xf9895	0x1800f9895	.text	ascii	H[]_^A\A]A^A_
0xf98b0	0x1800f98b0	.text	ascii	AWAVAUATVWUSH
0xf9920	0x1800f9920	.text	ascii	5ffffff.
0xf9973	0x1800f9973	.text	ascii	L$(L9
0xf99ed	0x1800f99ed	.text	ascii	8[]_^A\A]A^A_
0xf9a00	0x1800f9a00	.text	ascii	AWAVAUATVWUSH
0xf9a70	0x1800f9a70	.text	ascii	5ffffff.
0xf9ac3	0x1800f9ac3	.text	ascii	L$(L9
0xf9b3d	0x1800f9b3d	.text	ascii	8[]_^A\A]A^A_
0xf9b50	0x1800f9b50	.text	ascii	AWAVAUATVWUSH
0xf9b9a	0x1800f9b9a	.text	ascii	OhsZx
0xf9bc0	0x1800f9bc0	.text	ascii	5ffffff.
0xf9c13	0x1800f9c13	.text	ascii	L$(L9
0xf9c8d	0x1800f9c8d	.text	ascii	8[]_^A\A]A^A_
0xf9ca0	0x1800f9ca0	.text	ascii	AWAVAUATVWUSH
0xf9d10	0x1800f9d10	.text	ascii	5ffffff.
0xf9d63	0x1800f9d63	.text	ascii	L$(L9
0xf9ddd	0x1800f9ddd	.text	ascii	8[]_^A\A]A^A_
0xf9df0	0x1800f9df0	.text	ascii	AWAVAUATVWUSH
0xf9e60	0x1800f9e60	.text	ascii	5ffffff.
0xf9eb3	0x1800f9eb3	.text	ascii	L$(L9
0xf9f2d	0x1800f9f2d	.text	ascii	8[]_^A\A]A^A_
0xfa020	0x1800fa020	.text	ascii	AWAVAUATVWUSH
0xfa1aa	0x1800fa1aa	.text	ascii	vsrT%
0xfa267	0x1800fa267	.text	ascii	HcT$$
0xfa271	0x1800fa271	.text	ascii	;T$ I
0xfa2ca	0x1800fa2ca	.text	ascii	0[]_^A\A]A^A_
0xfa352	0x1800fa352	.text	ascii	F H;E
0xfa590	0x1800fa590	.text	ascii	AWAVAUATVWUSH
0xfa5a1	0x1800fa5a1	.text	ascii	)t$@H
0xfa610	0x1800fa610	.text	ascii	.ffffff.
0xfa65c	0x1800fa65c	.text	ascii	L$0H9
0xfa6a3	0x1800fa6a3	.text	ascii	(t$@H
0xfa6aa	0x1800fa6aa	.text	ascii	X[]_^A\A]A^A_
0xfa6c0	0x1800fa6c0	.text	ascii	UAWAVVWSH
0xfa7c5	0x1800fa7c5	.text	ascii	F H;E0vNI
0xfa7da	0x1800fa7da	.text	ascii	H;U v'L
0xfa858	0x1800fa858	.text	ascii	U(L;E@
0xfaa01	0x1800faa01	.text	ascii	H;E0v0H
0xfaa11	0x1800faa11	.text	ascii	H;U v
0xfaa40	0x1800faa40	.text	ascii	[_^A^A_]
0xfaa63	0x1800faa63	.text	ascii	ffff.
0xfaa75	0x1800faa75	.text	ascii	UAWAVVWSH
0xfaa95	0x1800faa95	.text	ascii	([_^A^A_]
0xfaaa0	0x1800faaa0	.text	ascii	AWAVAUATVWUSH
0xfaab8	0x1800faab8	.text	ascii	?hM,cH
0xfab53	0x1800fab53	.text	ascii	D$(f.
0xfab7d	0x1800fab7d	.text	ascii	L$(H9
0xfac8a	0x1800fac8a	.text	ascii	8[]_^A\A]A^A_H
0xfaca0	0x1800faca0	.text	ascii	UAWAVATVWSH
0xfae98	0x1800fae98	.text	ascii	[_^A\A^A_]
0xfaef5	0x1800faef5	.text	ascii	UAWAVATVWSH
0xfaf0b	0x1800faf0b	.text	ascii	)t$ H
0xfaf22	0x1800faf22	.text	ascii	(t$ H
0xfaf29	0x1800faf29	.text	ascii	0[_^A\A^A_]
0xfaf45	0x1800faf45	.text	ascii	UAWAVATVWSH
0xfaf5b	0x1800faf5b	.text	ascii	)t$ H
0xfaf7c	0x1800faf7c	.text	ascii	(t$ H
0xfaf83	0x1800faf83	.text	ascii	0[_^A\A^A_]
0xfaf90	0x1800faf90	.text	ascii	AWAVAUATVWUSH
0xfb016	0x1800fb016	.text	ascii	;D$<H
0xfb043	0x1800fb043	.text	ascii	D$(f.
0xfb06d	0x1800fb06d	.text	ascii	L$(L9
0xfb0ed	0x1800fb0ed	.text	ascii	;L$<H
0xfb166	0x1800fb166	.text	ascii	H[]_^A\A]A^A_
0xfb180	0x1800fb180	.text	ascii	AWAVAUATVWUSH
0xfb1f2	0x1800fb1f2	.text	ascii	4ffff.
0xfb202	0x1800fb202	.text	ascii	L$@L9
0xfb244	0x1800fb244	.text	ascii	L$(H9
0xfb2a6	0x1800fb2a6	.text	ascii	H[]_^A\A]A^A_
0xfb2e0	0x1800fb2e0	.text	ascii	AWAVAUATVWUSH
0xfb350	0x1800fb350	.text	ascii	5ffffff.
0xfb3a3	0x1800fb3a3	.text	ascii	L$(L9
0xfb415	0x1800fb415	.text	ascii	8[]_^A\A]A^A_
0xfb4be	0x1800fb4be	.text	ascii	@_^]H
0xfb520	0x1800fb520	.text	ascii	AWAVAUATVWUSH
0xfb60d	0x1800fb60d	.text	ascii	L$(L9
0xfb81c	0x1800fb81c	.text	ascii	'<YH9
0xfba9a	0x1800fba9a	.text	ascii	;D$@H
0xfbc21	0x1800fbc21	.text	ascii	[]_^A\A]A^A_
0xfbc50	0x1800fbc50	.text	ascii	AWAVAUATVWUSH
0xfbcb8	0x1800fbcb8	.text	ascii	e;x o
0xfbcc0	0x1800fbcc0	.text	ascii	,ffffff.
0xfbd0a	0x1800fbd0a	.text	ascii	L$(L9
0xfbd5f	0x1800fbd5f	.text	ascii	8[]_^A\A]A^A_
0xfbd70	0x1800fbd70	.text	ascii	AWAVAUATVWUSH
0xfbde0	0x1800fbde0	.text	ascii	Pffffff.
0xfbe4e	0x1800fbe4e	.text	ascii	L$(L9
0xfbe61	0x1800fbe61	.text	ascii	Jfffff.
0xfbe79	0x1800fbe79	.text	ascii	ey_zyH
0xfbeb2	0x1800fbeb2	.text	ascii	8[]_^A\A]A^A_
0xfbf1c	0x1800fbf1c	.text	ascii	AWAVAUATVWUSH
0xfbfeb	0x1800fbfeb	.text	ascii	vFLr8
0xfc0a6	0x1800fc0a6	.text	ascii	HcT$$
0xfc0b0	0x1800fc0b0	.text	ascii	;T$ I
0xfc177	0x1800fc177	.text	ascii	Al\NH~
0xfc1bc	0x1800fc1bc	.text	ascii	0[]_^A\A]A^A_
0xfc262	0x1800fc262	.text	ascii	F H;E
0xfc630	0x1800fc630	.text	ascii	AWAVAUATVWUSH
0xfc641	0x1800fc641	.text	ascii	)t$@H
0xfc64c	0x1800fc64c	.text	ascii	gD*f31H
0xfc657	0x1800fc657	.text	ascii	pXl"oH
0xfc6b0	0x1800fc6b0	.text	ascii	.ffffff.
0xfc6fc	0x1800fc6fc	.text	ascii	L$0H9
0xfc743	0x1800fc743	.text	ascii	(t$@H
0xfc74a	0x1800fc74a	.text	ascii	X[]_^A\A]A^A_
0xfc760	0x1800fc760	.text	ascii	AWAVAUATVWUSH
0xfc84e	0x1800fc84e	.text	ascii	L$(L9
0xfc952	0x1800fc952	.text	ascii	L()1VpH
0xfc9ab	0x1800fc9ab	.text	ascii	I;BzH
0xfcb9f	0x1800fcb9f	.text	ascii	x[]_^A\A]A^A_
0xfcbb0	0x1800fcbb0	.text	ascii	AWAVAUATVWUSH
0xfcc8d	0x1800fcc8d	.text	ascii	L$(L9
0xfcd31	0x1800fcd31	.text	ascii	L$`H)
0xfcda3	0x1800fcda3	.text	ascii	]2oH9
0xfcecd	0x1800fcecd	.text	ascii	yaVH9
0xfceec	0x1800fceec	.text	ascii	L$`H)
0xfcf12	0x1800fcf12	.text	ascii	&+&W`yH
0xfcf46	0x1800fcf46	.text	ascii	D$fH9
0xfcfe1	0x1800fcfe1	.text	ascii	4j-0g
0xfd078	0x1800fd078	.text	ascii	|uNx`H
0xfd0e2	0x1800fd0e2	.text	ascii	H9D$pH
0xfd1fe	0x1800fd1fe	.text	ascii	x[]_^A\A]A^A_
0xfd210	0x1800fd210	.text	ascii	UAWAVVWSH
0xfd315	0x1800fd315	.text	ascii	F H;E0vNI
0xfd3a8	0x1800fd3a8	.text	ascii	U(L;E@
0xfd551	0x1800fd551	.text	ascii	H;E0v0H
0xfd572	0x1800fd572	.text	ascii	H;M s!H
0xfd590	0x1800fd590	.text	ascii	[_^A^A_]
0xfd5b3	0x1800fd5b3	.text	ascii	ffff.
0xfd5c5	0x1800fd5c5	.text	ascii	UAWAVVWSH
0xfd5e5	0x1800fd5e5	.text	ascii	([_^A^A_]
0xfd5f0	0x1800fd5f0	.text	ascii	AWAVAUATVWUSH
0xfd6d2	0x1800fd6d2	.text	ascii	L$0L9
0xfd877	0x1800fd877	.text	ascii	J!<"2sH
0xfdab0	0x1800fdab0	.text	ascii	[]_^A\A]A^A_
0xfdac0	0x1800fdac0	.text	ascii	AWAVAUATVWUSH
0xfdb30	0x1800fdb30	.text	ascii	Pffffff.
0xfdb9e	0x1800fdb9e	.text	ascii	L$(L9
0xfdbb1	0x1800fdbb1	.text	ascii	Jfffff.
0xfdc02	0x1800fdc02	.text	ascii	8[]_^A\A]A^A_
0xfdc84	0x1800fdc84	.text	ascii	AWAVAUATVWUSH
0xfde11	0x1800fde11	.text	ascii	HcT$$
0xfde1b	0x1800fde1b	.text	ascii	;T$ I
0xfdf27	0x1800fdf27	.text	ascii	0[]_^A\A]A^A_
0xfe070	0x1800fe070	.text	ascii	AWAVAUATVWUSH
0xfe084	0x1800fe084	.text	ascii	)t$pH
0xfe10b	0x1800fe10b	.text	ascii	L$`H)
0xfe139	0x1800fe139	.text	ascii	@cqZq
0xfe15e	0x1800fe15e	.text	ascii	D$0ffffff.
0xfe18d	0x1800fe18d	.text	ascii	L$0H9
0xfe1b7	0x1800fe1b7	.text	ascii	L$`H)
0xfe2c7	0x1800fe2c7	.text	ascii	Xv%-H
0xfe358	0x1800fe358	.text	ascii	(t$pH
0xfe363	0x1800fe363	.text	ascii	[]_^A\A]A^A_
0xfe370	0x1800fe370	.text	ascii	AWAVAUATVWUSH
0xfe384	0x1800fe384	.text	ascii	)t$pH
0xfe409	0x1800fe409	.text	ascii	L$XH)
0xfe47e	0x1800fe47e	.text	ascii	L$0H9
0xfe4b8	0x1800fe4b8	.text	ascii	L$XH)
0xfe513	0x1800fe513	.text	ascii	ffff.
0xfe572	0x1800fe572	.text	ascii	fffff.
0xfe661	0x1800fe661	.text	ascii	(t$pH
0xfe66c	0x1800fe66c	.text	ascii	[]_^A\A]A^A_
0xfe680	0x1800fe680	.text	ascii	AWAVAUATVWUSH
0xfe740	0x1800fe740	.text	ascii	D$0ffff.
0xfe76d	0x1800fe76d	.text	ascii	L$0H9
0xfe7ac	0x1800fe7ac	.text	ascii	L$pH)
0xfe90f	0x1800fe90f	.text	ascii	L$pH)
0xfe922	0x1800fe922	.text	ascii	H;L$@H
0xfea63	0x1800fea63	.text	ascii	[]_^A\A]A^A_
0xfea80	0x1800fea80	.text	ascii	AWAVAUATVWUSH
0xfeab3	0x1800feab3	.text	ascii	6AS!H
0xfeb9d	0x1800feb9d	.text	ascii	L$ H9
0xfec69	0x1800fec69	.text	ascii	;D$XH
0xfecee	0x1800fecee	.text	ascii	D$pH;
0xfedb6	0x1800fedb6	.text	ascii	;D$4H
0xfee14	0x1800fee14	.text	ascii	H;D$xH
0xfeec8	0x1800feec8	.text	ascii	6AS!;D$TH
0xfef29	0x1800fef29	.text	ascii	D$`H+
0xfefe5	0x1800fefe5	.text	ascii	L$\;H
0xfeff0	0x1800feff0	.text	ascii	'{1)eH
0xff033	0x1800ff033	.text	ascii	;D$4H
0xff0c6	0x1800ff0c6	.text	ascii	D$8H#
0xff115	0x1800ff115	.text	ascii	@2S\H
0xff176	0x1800ff176	.text	ascii	+Q9vH
0xff2d3	0x1800ff2d3	.text	ascii	D$T;D$4H
0xff423	0x1800ff423	.text	ascii	[]_^A\A]A^A_
0xff450	0x1800ff450	.text	ascii	UAVVWSH
0xff6db	0x1800ff6db	.text	ascii	@[_^A^]
0xff725	0x1800ff725	.text	ascii	UAVVWSH
0xff743	0x1800ff743	.text	ascii	 [_^A^]
0xff750	0x1800ff750	.text	ascii	UAWAVATVWSH
0xffa64	0x1800ffa64	.text	ascii	`[_^A\A^A_]
0xffab5	0x1800ffab5	.text	ascii	UAWAVATVWSH
0xffad8	0x1800ffad8	.text	ascii	0[_^A\A^A_]
0xffaf0	0x1800ffaf0	.text	ascii	AWAVAUATVWUSH
0xffb7a	0x1800ffb7a	.text	ascii	H;D$XH
0xffbcd	0x1800ffbcd	.text	ascii	L$ H9
0xffc4d	0x1800ffc4d	.text	ascii	%>]}H
0xffc63	0x1800ffc63	.text	ascii	ffff.
0xffd53	0x1800ffd53	.text	ascii	T$XH)
0xfff7a	0x1800fff7a	.text	ascii	L$@H9
0xfffee	0x1800fffee	.text	ascii	H;D$HH
0x100012	0x180100012	.text	ascii	[0`*G}
0x10002e	0x18010002e	.text	ascii	H;D$0H
0x1000ba	0x1801000ba	.text	ascii	D$hH;D$HH
0x100177	0x180100177	.text	ascii	H#D$hH
0x10019d	0x18010019d	.text	ascii	~D$`f
0x10020d	0x18010020d	.text	ascii	[]_^A\A]A^A_
0x100220	0x180100220	.text	ascii	AWAVAUATVWUSH
0x100321	0x180100321	.text	ascii	[]_^A\A]A^A_
0x1003a0	0x1801003a0	.text	ascii	AWAVAUATVWUSH
0x10044d	0x18010044d	.text	ascii	L$(L9
0x10052a	0x18010052a	.text	ascii	\$XH;\$`H
0x1006b8	0x1801006b8	.text	ascii	;D$ H
0x1006d4	0x1801006d4	.text	ascii	>e&3I
0x100741	0x180100741	.text	ascii	ffffff.
0x1008da	0x1801008da	.text	ascii	;D$ H
0x100a16	0x180100a16	.text	ascii	\$XH;\$`
0x100ab3	0x180100ab3	.text	ascii	[]_^A\A]A^A_
0x100b10	0x180100b10	.text	ascii	UAWAVAUATVWSH
0x100c9c	0x180100c9c	.text	ascii	;E`t+H
0x100d2f	0x180100d2f	.text	ascii	;M`tv
0x100f6b	0x180100f6b	.text	ascii	D#ELD
0x10101f	0x18010101f	.text	ascii	E@H;E
0x1011c2	0x1801011c2	.text	ascii	fffff.
0x101538	0x180101538	.text	ascii	[_^A\A]A^A_]
0x101625	0x180101625	.text	ascii	UAWAVAUATVWSH
0x10163d	0x18010163d	.text	ascii	)t$ H
0x10164b	0x18010164b	.text	ascii	(t$ H
0x101652	0x180101652	.text	ascii	8[_^A\A]A^A_]
0x101665	0x180101665	.text	ascii	UAWAVAUATVWSH
0x10167d	0x18010167d	.text	ascii	)t$ H
0x10168b	0x18010168b	.text	ascii	(t$ H
0x101692	0x180101692	.text	ascii	8[_^A\A]A^A_]
0x1016a0	0x1801016a0	.text	ascii	AWAVAUATVWUSH
0x1017ad	0x1801017ad	.text	ascii	L$0H9
0x10187c	0x18010187c	.text	ascii	D$XH;D$@H
0x1019e7	0x1801019e7	.text	ascii	[]_^A\A]A^A_
0x101a00	0x180101a00	.text	ascii	AWAVAUATVWUSH
0x101b24	0x180101b24	.text	ascii	[]_^A\A]A^A_
0x101b50	0x180101b50	.text	ascii	AWAVAUATVWUSH
0x101be2	0x180101be2	.text	ascii	f;D$ZH
0x101c10	0x180101c10	.text	ascii	D$Hffff.
0x101c3d	0x180101c3d	.text	ascii	L$HH9
0x101cbb	0x180101cbb	.text	ascii	f;D$ZH
0x101cf1	0x180101cf1	.text	ascii	ffffff.
0x101dba	0x180101dba	.text	ascii	6;D$hH
0x102343	0x180102343	.text	ascii	;D$\H
0x102550	0x180102550	.text	ascii	f;D$ZH
0x10266d	0x18010266d	.text	ascii	D$|;D$\H
0x1026ca	0x1801026ca	.text	ascii	[]_^A\A]A^A_
0x1026e0	0x1801026e0	.text	ascii	AWAVAUATVWUSH
0x102823	0x180102823	.text	ascii	L$HL9
0x1028d6	0x1801028d6	.text	ascii	CGH-,L
0x1028e2	0x1801028e2	.text	ascii	~7;%ZmH
0x1029c8	0x1801029c8	.text	ascii	;D$\H
0x102a47	0x180102a47	.text	ascii	D$|;D$lH
0x102d92	0x180102d92	.text	ascii	[]_^A\A]A^A_
0x102db0	0x180102db0	.text	ascii	AWAVAUATVWUSH
0x102dc4	0x180102dc4	.text	ascii	)t$pH
0x102e4b	0x180102e4b	.text	ascii	L$XH)
0x102e82	0x180102e82	.text	ascii	EaQiq
0x102e9e	0x180102e9e	.text	ascii	D$0ffffff.
0x102ecd	0x180102ecd	.text	ascii	L$0H9
0x102ef7	0x180102ef7	.text	ascii	L$XH)
0x10305c	0x18010305c	.text	ascii	7p_H9
0x103098	0x180103098	.text	ascii	(t$pH
0x1030a3	0x1801030a3	.text	ascii	[]_^A\A]A^A_
0x1030b0	0x1801030b0	.text	ascii	AWAVAUATVWUSH
0x103115	0x180103115	.text	ascii	s4id4
0x10318a	0x18010318a	.text	ascii	L$(H9
0x1031f3	0x1801031f3	.text	ascii	H[]_^A\A]A^A_
0x103210	0x180103210	.text	ascii	AWAVAUATVWUSH
0x10329e	0x18010329e	.text	ascii	D$(ffffff.
0x1032cd	0x1801032cd	.text	ascii	L$(L9
0x10333f	0x18010333f	.text	ascii	H9L$8r
0x1033c8	0x1801033c8	.text	ascii	D$hI)
0x1033e0	0x1801033e0	.text	ascii	L+D$hL
0x10341a	0x18010341a	.text	ascii	8,{tD-
0x103583	0x180103583	.text	ascii	D$hI)
0x103656	0x180103656	.text	ascii	2H9L$8w
0x103842	0x180103842	.text	ascii	H;T$xt
0x10395e	0x18010395e	.text	ascii	L$XH)
0x103987	0x180103987	.text	ascii	H;T$Xw
0x103990	0x180103990	.text	ascii	UF+0_
0x103a6a	0x180103a6a	.text	ascii	[]_^A\A]A^A_
0x103a80	0x180103a80	.text	ascii	UVWSH
0x103c15	0x180103c15	.text	ascii	h[_^]
0x103c45	0x180103c45	.text	ascii	UVWSH
0x103c52	0x180103c52	.text	ascii	)t$ H
0x103c69	0x180103c69	.text	ascii	(t$ H
0x103c70	0x180103c70	.text	ascii	8[_^]
0x103c80	0x180103c80	.text	ascii	AWAVAUATVWUSH
0x103ce9	0x180103ce9	.text	ascii	D$pfI
0x103d83	0x180103d83	.text	ascii	ffff.
0x103dad	0x180103dad	.text	ascii	L$(L9
0x103dcf	0x180103dcf	.text	ascii	"j9NC
0x103fd4	0x180103fd4	.text	ascii	D$HH;
0x1040a9	0x1801040a9	.text	ascii	P#{wZH9
0x1040be	0x1801040be	.text	ascii	_K]H9
0x104115	0x180104115	.text	ascii	C1_q7H
0x104374	0x180104374	.text	ascii	%BDn(H
0x104515	0x180104515	.text	ascii	D$xH;
0x10453f	0x18010453f	.text	ascii	CA\5MFh
0x1046e9	0x1801046e9	.text	ascii	L$`H)
0x104772	0x180104772	.text	ascii	H;L$@H
0x1047d6	0x1801047d6	.text	ascii	D$xH;
0x104870	0x180104870	.text	ascii	D$`H+
0x1048e0	0x1801048e0	.text	ascii	"j9NC
0x104960	0x180104960	.text	ascii	[]_^A\A]A^A_
0x104980	0x180104980	.text	ascii	AWAVAUATVWUSH
0x104a5d	0x180104a5d	.text	ascii	L$0H9
0x104b4d	0x180104b4d	.text	ascii	H;D$XH
0x104bc0	0x180104bc0	.text	ascii	1E]H9
0x104c32	0x180104c32	.text	ascii	fffff.
0x104d14	0x180104d14	.text	ascii	L$l;H
0x104d75	0x180104d75	.text	ascii	H;D$@H
0x104d9d	0x180104d9d	.text	ascii	^ goH
0x104dc0	0x180104dc0	.text	ascii	D$PH;D$XH
0x104e29	0x180104e29	.text	ascii	L$l;H
0x104ffc	0x180104ffc	.text	ascii	H;D$XH
0x1050a8	0x1801050a8	.text	ascii	H9D$pH
0x105144	0x180105144	.text	ascii	[]_^A\A]A^A_
0x105160	0x180105160	.text	ascii	AWAVAUATVWUSH
0x105180	0x180105180	.text	ascii	#:[P0
0x10525d	0x18010525d	.text	ascii	L$(L9
0x105301	0x180105301	.text	ascii	ffffff.
0x105371	0x180105371	.text	ascii	.oU.#d
0x105437	0x180105437	.text	ascii	S|XH9
0x1054c8	0x1801054c8	.text	ascii	D$pH9
0x105540	0x180105540	.text	ascii	D$pH9
0x1055c0	0x1801055c0	.text	ascii	H3L$xH
0x1055fe	0x1801055fe	.text	ascii	H#S0H
0x105690	0x180105690	.text	ascii	S|XH9
0x1057dd	0x1801057dd	.text	ascii	H3L$xH
0x1058fe	0x1801058fe	.text	ascii	D$xH9
0x105937	0x180105937	.text	ascii	D$hH9
0x1059ef	0x1801059ef	.text	ascii	[]_^A\A]A^A_
0x105a52	0x180105a52	.text	ascii	D$0H1
0x105a6b	0x180105a6b	.text	ascii	L$0H1
0x105a77	0x180105a77	.text	ascii	AWAVAUATVWUSH
0x105b45	0x180105b45	.text	ascii	HcT$$
0x105b4f	0x180105b4f	.text	ascii	;T$ I
0x105bc5	0x180105bc5	.text	ascii	}&"yH
0x105d1a	0x180105d1a	.text	ascii	0[]_^A\A]A^A_
0x105d30	0x180105d30	.text	ascii	AWAVAUATVWUSH
0x1061b8	0x1801061b8	.text	ascii	L$(H9
0x106218	0x180106218	.text	ascii	8[]_^A\A]A^A_
0x106230	0x180106230	.text	ascii	AWAVAUATVWUSH
0x106261	0x180106261	.text	ascii	6M==H
0x106290	0x180106290	.text	ascii	yffffff.
0x106327	0x180106327	.text	ascii	L$0L9
0x106389	0x180106389	.text	ascii	H[]_^A\A]A^A_
0x1063a0	0x1801063a0	.text	ascii	UVWSH
0x106645	0x180106645	.text	ascii	UVWSH
0x106685	0x180106685	.text	ascii	([_^]
0x1066d3	0x1801066d3	.text	ascii	QXH;Q`t
0x106780	0x180106780	.text	ascii	AWAVAUATVWUSH
0x10683e	0x18010683e	.text	ascii	D$(ffffff.
0x10686d	0x18010686d	.text	ascii	L$(H9
0x1068ca	0x1801068ca	.text	ascii	L$pH)
0x1068fa	0x1801068fa	.text	ascii	}?kWH
0x106902	0x180106902	.text	ascii	n,Dpw
0x10697f	0x18010697f	.text	ascii	D$pH)
0x106a08	0x180106a08	.text	ascii	H;D$hH
0x106a43	0x180106a43	.text	ascii	ffff.
0x106a8a	0x180106a8a	.text	ascii	L$XH9
0x106b89	0x180106b89	.text	ascii	Y,)1H
0x106c82	0x180106c82	.text	ascii	[]_^A\A]A^A_
0x106c90	0x180106c90	.text	ascii	UAWAVVWSH
0x106e15	0x180106e15	.text	ascii	F@H;E
0x106e6b	0x180106e6b	.text	ascii	F H;E
0x106ebe	0x180106ebe	.text	ascii	x[_^A^A_]
0x106ee2	0x180106ee2	.text	ascii	fffff.
0x106ef5	0x180106ef5	.text	ascii	UAWAVVWSH
0x106f10	0x180106f10	.text	ascii	UAWAVAUATVWSH
0x10704b	0x18010704b	.text	ascii	H;E@u%
0x107061	0x180107061	.text	ascii	G H;EP
0x107087	0x180107087	.text	ascii	Mi<[H
0x1070c1	0x1801070c1	.text	ascii	L;ePL
0x1071fd	0x1801071fd	.text	ascii	H;UPH
0x10723a	0x18010723a	.text	ascii	H;EPv
0x107280	0x180107280	.text	ascii	H;EPv
0x1072c3	0x1801072c3	.text	ascii	E(H;EPv1H
0x107300	0x180107300	.text	ascii	H;EPv1H
0x107341	0x180107341	.text	ascii	[_^A\A]A^A_]
0x107385	0x180107385	.text	ascii	UAWAVAUATVWSH
0x1073a9	0x1801073a9	.text	ascii	([_^A\A]A^A_]
0x1073c5	0x1801073c5	.text	ascii	UAWAVAUATVWSH
0x1073e9	0x1801073e9	.text	ascii	([_^A\A]A^A_]
0x107400	0x180107400	.text	ascii	AWAVAUATVWUSH
0x107426	0x180107426	.text	ascii	7Y*]jm
0x10749e	0x18010749e	.text	ascii	D$0ffffff.
0x1074cd	0x1801074cd	.text	ascii	L$0L9
0x10766a	0x18010766a	.text	ascii	D$@8^LH
0x1076b7	0x1801076b7	.text	ascii	h[]_^A\A]A^A_
0x1076d0	0x1801076d0	.text	ascii	AWAVAUATVWUSH
0x1076f9	0x1801076f9	.text	ascii	hS;$H
0x1077d0	0x1801077d0	.text	ascii	L$Hffff.
0x1077fd	0x1801077fd	.text	ascii	L$ L9
0x107891	0x180107891	.text	ascii	H;D$@H
0x107913	0x180107913	.text	ascii	L$8H;H H
0x10796e	0x18010796e	.text	ascii	D$8H;D$PH
0x1079eb	0x1801079eb	.text	ascii	D$HH;D$@H
0x107a3e	0x180107a3e	.text	ascii	H;D$@H
0x107a94	0x180107a94	.text	ascii	I H;L$PH
0x107b6b	0x180107b6b	.text	ascii	[]_^A\A]A^A_
0x107b9c	0x180107b9c	.text	ascii	T-eL<
0x107d13	0x180107d13	.text	ascii	ffff.
0x107d50	0x180107d50	.text	ascii	UAWAVVWSH
0x107e47	0x180107e47	.text	ascii	WXH;W`t
0x107e85	0x180107e85	.text	ascii	[_^A^A_]
0x107e95	0x180107e95	.text	ascii	UAWAVVWSH
0x107ec6	0x180107ec6	.text	ascii	([_^A^A_]
0x1080b0	0x1801080b0	.text	ascii	UAWAVAUATVWSH
0x1081c8	0x1801081c8	.text	ascii	WXH;W`t
0x108206	0x180108206	.text	ascii	[_^A\A]A^A_]
0x108213	0x180108213	.text	ascii	ffff.
0x108225	0x180108225	.text	ascii	UAWAVAUATVWSH
0x10825a	0x18010825a	.text	ascii	8[_^A\A]A^A_]
0x108450	0x180108450	.text	ascii	UAWAVAUATVWSH
0x108583	0x180108583	.text	ascii	WXH;W`t
0x1085c1	0x1801085c1	.text	ascii	[_^A\A]A^A_]
0x1085d5	0x1801085d5	.text	ascii	UAWAVAUATVWSH
0x10860a	0x18010860a	.text	ascii	8[_^A\A]A^A_]
0x108620	0x180108620	.text	ascii	UVWSH
0x1087f5	0x1801087f5	.text	ascii	UVWSH
0x108823	0x180108823	.text	ascii	([_^]
0x108830	0x180108830	.text	ascii	UAWAVATVWSH
0x108896	0x180108896	.text	ascii	DV.j]
0x108957	0x180108957	.text	ascii	WXH;W`t
0x108995	0x180108995	.text	ascii	[_^A\A^A_]
0x1089a5	0x1801089a5	.text	ascii	UAWAVATVWSH
0x1089d8	0x1801089d8	.text	ascii	0[_^A\A^A_]
0x108a9b	0x180108a9b	.text	ascii	>l}4%H
0x108bb0	0x180108bb0	.text	ascii	UAWAVVWSH
0x108c10	0x180108c10	.text	ascii	+f0;H
0x108caf	0x180108caf	.text	ascii	WXH;W`t
0x108ced	0x180108ced	.text	ascii	[_^A^A_]
0x108d05	0x180108d05	.text	ascii	UAWAVVWSH
0x108d36	0x180108d36	.text	ascii	([_^A^A_]
0x108d40	0x180108d40	.text	ascii	UAVVWSH
0x108f75	0x180108f75	.text	ascii	[_^A^]
0x108fa5	0x180108fa5	.text	ascii	UAVVWSH
0x108fde	0x180108fde	.text	ascii	0[_^A^]
0x108ff0	0x180108ff0	.text	ascii	UAWAVATVWSH
0x10914e	0x18010914e	.text	ascii	WXH;W`t
0x10918c	0x18010918c	.text	ascii	[_^A\A^A_]
0x1091a5	0x1801091a5	.text	ascii	UAWAVATVWSH
0x1091d8	0x1801091d8	.text	ascii	0[_^A\A^A_]
0x109220	0x180109220	.text	ascii	UAWAVAUATVWSH
0x1092c6	0x1801092c6	.text	ascii	D%}f7
0x109484	0x180109484	.text	ascii	[_^A\A]A^A_]
0x1094a5	0x1801094a5	.text	ascii	UAWAVAUATVWSH
0x1094c9	0x1801094c9	.text	ascii	([_^A\A]A^A_]
0x1094e5	0x1801094e5	.text	ascii	UAWAVAUATVWSH
0x10950d	0x18010950d	.text	ascii	([_^A\A]A^A_]
0x109520	0x180109520	.text	ascii	AWAVAUATVWUSH
0x1095d3	0x1801095d3	.text	ascii	L$ L9
0x10963f	0x18010963f	.text	ascii	8[]_^A\A]A^A_
0x109650	0x180109650	.text	ascii	AWAVAUATVWUSH
0x109674	0x180109674	.text	ascii	B*cm'H
0x1096cc	0x1801096cc	.text	ascii	L$hH;
0x109713	0x180109713	.text	ascii	ffff.
0x10973d	0x18010973d	.text	ascii	L$8H9
0x10977f	0x18010977f	.text	ascii	H%WH9
0x1099b7	0x1801099b7	.text	ascii	H;D$HH
0x109a3e	0x180109a3e	.text	ascii	L$hH;
0x109b5f	0x180109b5f	.text	ascii	D$`H)
0x109b65	0x180109b65	.text	ascii	H;D$xH
0x109bd6	0x180109bd6	.text	ascii	H;D$HH
0x109beb	0x180109beb	.text	ascii	u!4oH
0x109c22	0x180109c22	.text	ascii	D$`H)
0x109c28	0x180109c28	.text	ascii	H;D$xH
0x109cec	0x180109cec	.text	ascii	[]_^A\A]A^A_
0x109d00	0x180109d00	.text	ascii	AWAVAUATVWUSH
0x109db7	0x180109db7	.text	ascii	H;D$HH
0x109e0d	0x180109e0d	.text	ascii	L$8L9
0x109e62	0x180109e62	.text	ascii	L$hH;
0x10a02a	0x18010a02a	.text	ascii	Xzn,/
0x10a08a	0x18010a08a	.text	ascii	Y{s[H
0x10a149	0x18010a149	.text	ascii	H;D$HH
0x10a1a8	0x18010a1a8	.text	ascii	D$`H)
0x10a1ae	0x18010a1ae	.text	ascii	H;D$xH
0x10a1b6	0x18010a1b6	.text	ascii	HP_4Y
0x10a28d	0x18010a28d	.text	ascii	D$`H)
0x10a293	0x18010a293	.text	ascii	H;D$xH
0x10a2de	0x18010a2de	.text	ascii	L$hH;
0x10a331	0x18010a331	.text	ascii	$Y,H9
0x10a350	0x18010a350	.text	ascii	qMJDVs
0x10a38e	0x18010a38e	.text	ascii	[]_^A\A]A^A_
0x10a3b0	0x18010a3b0	.text	ascii	AWAVAUATVWUSH
0x10a420	0x18010a420	.text	ascii	5ffffff.
0x10a473	0x18010a473	.text	ascii	L$(L9
0x10a4ed	0x18010a4ed	.text	ascii	8[]_^A\A]A^A_
0x10a500	0x18010a500	.text	ascii	AWAVAUATVWUSH
0x10a5cd	0x18010a5cd	.text	ascii	L$0L9
0x10a738	0x18010a738	.text	ascii	D$XH+
0x10a743	0x18010a743	.text	ascii	H#D$XH
0x10a7b2	0x18010a7b2	.text	ascii	fffff.
0x10a7f6	0x18010a7f6	.text	ascii	r(`H9
0x10ac06	0x18010ac06	.text	ascii	YD4H9
0x10ae4e	0x18010ae4e	.text	ascii	H#D$XL
0x10af23	0x18010af23	.text	ascii	T$XH+
0x10b00a	0x18010b00a	.text	ascii	nZ~BNH
0x10b022	0x18010b022	.text	ascii	:I#*-/H
0x10b1ed	0x18010b1ed	.text	ascii	:1d5?
0x10b234	0x18010b234	.text	ascii	L$XH)
0x10b328	0x18010b328	.text	ascii	p;iH;
0x10b382	0x18010b382	.text	ascii	T$XH+
0x10b3bf	0x18010b3bf	.text	ascii	h(9;H9
0x10b5b9	0x18010b5b9	.text	ascii	H;T$pt
0x10b602	0x18010b602	.text	ascii	#(&WD
0x10b711	0x18010b711	.text	ascii	fKCk<
0x10b83e	0x18010b83e	.text	ascii	m('H9
0x10b878	0x18010b878	.text	ascii	T$XH+
0x10b970	0x18010b970	.text	ascii	D$XH+
0x10b97b	0x18010b97b	.text	ascii	H#D$XH
0x10b9cb	0x18010b9cb	.text	ascii	t1]ZXH
0x10ba0c	0x18010ba0c	.text	ascii	diV><
0x10bc44	0x18010bc44	.text	ascii	[]_^A\A]A^A_
0x10bc80	0x18010bc80	.text	ascii	AWAVAUATVWUSH
0x10bd40	0x18010bd40	.text	ascii	L$ L9
0x10bd53	0x18010bd53	.text	ascii	Efff.
0x10bd9c	0x18010bd9c	.text	ascii	8[]_^A\A]A^A_
0x10bdb0	0x18010bdb0	.text	ascii	AWAVAUATVWUSH
0x10bdfd	0x18010bdfd	.text	ascii	B42,I
0x10be0d	0x18010be0d	.text	ascii	^qEh<
0x10be2d	0x18010be2d	.text	ascii	D$`H)
0x10be33	0x18010be33	.text	ascii	H;D$xH
0x10be61	0x18010be61	.text	ascii	D$8fff.
0x10be8d	0x18010be8d	.text	ascii	L$8H9
0x10bea8	0x18010bea8	.text	ascii	B42,H9
0x10beec	0x18010beec	.text	ascii	L$hH;
0x10bfbd	0x18010bfbd	.text	ascii	H;D$PH
0x10bff3	0x18010bff3	.text	ascii	ffff.
0x10c09b	0x18010c09b	.text	ascii	L$hH;
0x10c2de	0x18010c2de	.text	ascii	H;D$PH
0x10c32a	0x18010c32a	.text	ascii	D$`H)
0x10c330	0x18010c330	.text	ascii	H;D$xH
0x10c40c	0x18010c40c	.text	ascii	_qEh<
0x10c442	0x18010c442	.text	ascii	[]_^A\A]A^A_
0x10c460	0x18010c460	.text	ascii	AWAVAUATVWUSH
0x10c4d0	0x18010c4d0	.text	ascii	5ffffff.
0x10c523	0x18010c523	.text	ascii	L$(L9
0x10c59d	0x18010c59d	.text	ascii	8[]_^A\A]A^A_
0x10c5b0	0x18010c5b0	.text	ascii	AWAVAUATVWUSH
0x10c663	0x18010c663	.text	ascii	L$ L9
0x10c6cf	0x18010c6cf	.text	ascii	8[]_^A\A]A^A_
0x10c6e0	0x18010c6e0	.text	ascii	AWAVAUATVWUSH
0x10c75d	0x18010c75d	.text	ascii	D$`H)
0x10c763	0x18010c763	.text	ascii	H;D$xH
0x10c791	0x18010c791	.text	ascii	D$8fff.
0x10c7bd	0x18010c7bd	.text	ascii	L$8L9
0x10ca41	0x18010ca41	.text	ascii	H;D$HH
0x10cabc	0x18010cabc	.text	ascii	D$`H)
0x10cac2	0x18010cac2	.text	ascii	H;D$xH
0x10cae6	0x18010cae6	.text	ascii	F>JA"q!
0x10cb61	0x18010cb61	.text	ascii	H;D$HH
0x10cb9c	0x18010cb9c	.text	ascii	gXh0gH9
0x10cc3f	0x18010cc3f	.text	ascii	L$hH;
0x10cca0	0x18010cca0	.text	ascii	L$hH;
0x10cd96	0x18010cd96	.text	ascii	[]_^A\A]A^A_
0x10cdb0	0x18010cdb0	.text	ascii	AWAVAUATVWUSH
0x10cdf2	0x18010cdf2	.text	ascii	f+z1!I
0x10ce07	0x18010ce07	.text	ascii	z-^fH
0x10ce20	0x18010ce20	.text	ascii	5ffffff.
0x10ce73	0x18010ce73	.text	ascii	L$(L9
0x10ceb8	0x18010ceb8	.text	ascii	,|6\t
0x10ceed	0x18010ceed	.text	ascii	8[]_^A\A]A^A_
0x10cf00	0x18010cf00	.text	ascii	AWAVAUATVWUSH
0x10cfb3	0x18010cfb3	.text	ascii	L$ L9
0x10d01f	0x18010d01f	.text	ascii	8[]_^A\A]A^A_
0x10d030	0x18010d030	.text	ascii	AWAVAUATVWUSH
0x10d0f6	0x18010d0f6	.text	ascii	D$`H)
0x10d0fc	0x18010d0fc	.text	ascii	H;D$xH
0x10d14d	0x18010d14d	.text	ascii	L$8L9
0x10d1a2	0x18010d1a2	.text	ascii	L$hH;
0x10d1d0	0x18010d1d0	.text	ascii	`bMjH
0x10d26c	0x18010d26c	.text	ascii	H;D$HH
0x10d294	0x18010d294	.text	ascii	<H4WH
0x10d2a2	0x18010d2a2	.text	ascii	fffff.
0x10d3a6	0x18010d3a6	.text	ascii	L$hH;
0x10d440	0x18010d440	.text	ascii	D$`H)
0x10d446	0x18010d446	.text	ascii	H;D$xH
0x10d63c	0x18010d63c	.text	ascii	H;D$HH
0x10d738	0x18010d738	.text	ascii	[]_^A\A]A^A_
0x10d770	0x18010d770	.text	ascii	AWAVAUATVWUSH
0x10d7e0	0x18010d7e0	.text	ascii	5ffffff.
0x10d833	0x18010d833	.text	ascii	L$(L9
0x10d8ad	0x18010d8ad	.text	ascii	8[]_^A\A]A^A_
0x10d8c0	0x18010d8c0	.text	ascii	AWAVAUATVWUSH
0x10d98c	0x18010d98c	.text	ascii	L$ L9
0x10d9dc	0x18010d9dc	.text	ascii	8[]_^A\A]A^A_
0x10d9f0	0x18010d9f0	.text	ascii	AWAVAUATVWUSH
0x10da77	0x18010da77	.text	ascii	L$`H;L$xH
0x10dadd	0x18010dadd	.text	ascii	L$0L9
0x10db80	0x18010db80	.text	ascii	6opH9
0x10dc51	0x18010dc51	.text	ascii	H;D$@H
0x10dccc	0x18010dccc	.text	ascii	D$XH)
0x10dcd2	0x18010dcd2	.text	ascii	H;D$pH
0x10dd31	0x18010dd31	.text	ascii	D$XH)
0x10dd37	0x18010dd37	.text	ascii	H;D$pH
0x10de02	0x18010de02	.text	ascii	L$`H;L$xH
0x10e020	0x18010e020	.text	ascii	H;D$@H
0x10e087	0x18010e087	.text	ascii	6opH9
0x10e0ef	0x18010e0ef	.text	ascii	[]_^A\A]A^A_
0x10e100	0x18010e100	.text	ascii	AWAVAUATVWUSH
0x10e170	0x18010e170	.text	ascii	5ffffff.
0x10e1c3	0x18010e1c3	.text	ascii	L$(L9
0x10e249	0x18010e249	.text	ascii	8[]_^A\A]A^A_
0x10e260	0x18010e260	.text	ascii	AWAVAUATVWUSH
0x10e313	0x18010e313	.text	ascii	L$ L9
0x10e37f	0x18010e37f	.text	ascii	8[]_^A\A]A^A_
0x10e390	0x18010e390	.text	ascii	AWAVAUATVWUSH
0x10e40d	0x18010e40d	.text	ascii	D$`H)
0x10e413	0x18010e413	.text	ascii	H;D$xH
0x10e441	0x18010e441	.text	ascii	D$8fff.
0x10e46d	0x18010e46d	.text	ascii	L$8H9
0x10e557	0x18010e557	.text	ascii	L$hH;
0x10e5a3	0x18010e5a3	.text	ascii	ffff.
0x10e5eb	0x18010e5eb	.text	ascii	L$hH;
0x10e85e	0x18010e85e	.text	ascii	H;D$HH
0x10e8cf	0x18010e8cf	.text	ascii	H;D$HH
0x10e99b	0x18010e99b	.text	ascii	D$`H)
0x10e9a1	0x18010e9a1	.text	ascii	H;D$xH
0x10ea33	0x18010ea33	.text	ascii	[]_^A\A]A^A_
0x10ea50	0x18010ea50	.text	ascii	AWAVAUATVWUSH
0x10eac0	0x18010eac0	.text	ascii	Pffffff.
0x10eb2e	0x18010eb2e	.text	ascii	L$(L9
0x10eb41	0x18010eb41	.text	ascii	Jfffff.
0x10eb72	0x18010eb72	.text	ascii	w";lH
0x10eb92	0x18010eb92	.text	ascii	8[]_^A\A]A^A_
0x10eba0	0x18010eba0	.text	ascii	AWAVAUATVWUSH
0x10ec6d	0x18010ec6d	.text	ascii	L$8H9
0x10ecd4	0x18010ecd4	.text	ascii	L$hH;
0x10ed75	0x18010ed75	.text	ascii	L$hH;
0x10edc1	0x18010edc1	.text	ascii	ffffff.
0x10edee	0x18010edee	.text	ascii	y(ES:
0x10eea3	0x18010eea3	.text	ascii	H;D$PH
0x10ef95	0x18010ef95	.text	ascii	H;D$PH
0x10f121	0x18010f121	.text	ascii	HM^5[H
0x10f1a0	0x18010f1a0	.text	ascii	D$`H)
0x10f1a6	0x18010f1a6	.text	ascii	H;D$xH
0x10f1f2	0x18010f1f2	.text	ascii	D$`H)
0x10f1f8	0x18010f1f8	.text	ascii	H;D$xH
0x10f220	0x18010f220	.text	ascii	@zN%H
0x10f2b5	0x18010f2b5	.text	ascii	[]_^A\A]A^A_
0x10f2d0	0x18010f2d0	.text	ascii	AWAVAUATVWUSH
0x10f383	0x18010f383	.text	ascii	L$ L9
0x10f3ef	0x18010f3ef	.text	ascii	8[]_^A\A]A^A_
0x10f400	0x18010f400	.text	ascii	AWAVAUATVWUSH
0x10f48e	0x18010f48e	.text	ascii	a}giWH
0x10f4c4	0x18010f4c4	.text	ascii	6`u0H
0x10f6d0	0x18010f6d0	.text	ascii	H;D$HH
0x10f6fe	0x18010f6fe	.text	ascii	D$8ffffff.
0x10f72d	0x18010f72d	.text	ascii	L$8L9
0x10f79f	0x18010f79f	.text	ascii	L$hH;
0x10f7fc	0x18010f7fc	.text	ascii	*\34(
0x10f8e2	0x18010f8e2	.text	ascii	D$`H)
0x10f8e8	0x18010f8e8	.text	ascii	H;D$xH
0x10f982	0x18010f982	.text	ascii	D$`H)
0x10f988	0x18010f988	.text	ascii	H;D$xH
0x10fa12	0x18010fa12	.text	ascii	*\34(
0x10fa52	0x18010fa52	.text	ascii	L$hH;
0x10fb6d	0x18010fb6d	.text	ascii	H;D$HH
0x10fbde	0x18010fbde	.text	ascii	L$hH;
0x10fc0b	0x18010fc0b	.text	ascii	Lvv\|H
0x10fc3f	0x18010fc3f	.text	ascii	L$hH;
0x10fca1	0x18010fca1	.text	ascii	D$`H)
0x10fca7	0x18010fca7	.text	ascii	H;D$xH
0x10fdcf	0x18010fdcf	.text	ascii	H;D$HH
0x10fecf	0x18010fecf	.text	ascii	H;D$HH
0x10ff53	0x18010ff53	.text	ascii	D$`H)
0x10ff59	0x18010ff59	.text	ascii	H;D$xH
0x10ffbf	0x18010ffbf	.text	ascii	[]_^A\A]A^A_
0x10fff0	0x18010fff0	.text	ascii	AWAVAUATVWUSH
0x110070	0x180110070	.text	ascii	@H;|$PH
0x1100c4	0x1801100c4	.text	ascii	L$(L9
0x11017f	0x18011017f	.text	ascii	X[]_^A\A]A^A_
0x110190	0x180110190	.text	ascii	AWAVAUATVWUSH
0x110200	0x180110200	.text	ascii	5ffffff.
0x110253	0x180110253	.text	ascii	L$(L9
0x1102cd	0x1801102cd	.text	ascii	8[]_^A\A]A^A_
0x1102e0	0x1801102e0	.text	ascii	AWAVAUATVWUSH
0x1103dd	0x1801103dd	.text	ascii	L$0L9
0x110621	0x180110621	.text	ascii	H;D$PH
0x110671	0x180110671	.text	ascii	He7w/
0x11069f	0x18011069f	.text	ascii	L$XH)
0x1106a5	0x1801106a5	.text	ascii	H;L$`H
0x1106cb	0x1801106cb	.text	ascii	NB=!d
0x1107d8	0x1801107d8	.text	ascii	L$pH;L$hH
0x11085d	0x18011085d	.text	ascii	D$XH)
0x110863	0x180110863	.text	ascii	H;D$`H
0x110878	0x180110878	.text	ascii	H}uUH
0x110983	0x180110983	.text	ascii	D$XH)
0x110989	0x180110989	.text	ascii	H;D$`H
0x1109ed	0x1801109ed	.text	ascii	H;L$hH
0x110bb7	0x180110bb7	.text	ascii	H;D$PH
0x110c0a	0x180110c0a	.text	ascii	L$pH;L$hH
0x110d27	0x180110d27	.text	ascii	[]_^A\A]A^A_
0x110d40	0x180110d40	.text	ascii	AWAVAUATVWUSH
0x110db0	0x180110db0	.text	ascii	Pffffff.
0x110e1e	0x180110e1e	.text	ascii	L$(L9
0x110e31	0x180110e31	.text	ascii	Jfffff.
0x110e82	0x180110e82	.text	ascii	8[]_^A\A]A^A_
0x110e90	0x180110e90	.text	ascii	AWAVAUATVWUSH
0x1110d3	0x1801110d3	.text	ascii	HcT$$
0x1110dd	0x1801110dd	.text	ascii	;T$ I
0x111136	0x180111136	.text	ascii	0[]_^A\A]A^A_
0x111150	0x180111150	.text	ascii	AWAVAUATVWUSH
0x1111bd	0x1801111bd	.text	ascii	2F\9[
0x1112cd	0x1801112cd	.text	ascii	L$(L9
0x111328	0x180111328	.text	ascii	8[]_^A\A]A^A_
0x111340	0x180111340	.text	ascii	AWAVAUATVWUSH
0x111424	0x180111424	.text	ascii	L$(L9
0x111472	0x180111472	.text	ascii	fffff.
0x1114d9	0x1801114d9	.text	ascii	8[]_^A\A]A^A_
0x1114f0	0x1801114f0	.text	ascii	AWAVAUATVWUSH
0x11158c	0x18011158c	.text	ascii	L$`H9
0x1115ed	0x1801115ed	.text	ascii	L$0H9
0x11162b	0x18011162b	.text	ascii	H;D$xH
0x1116cf	0x1801116cf	.text	ascii	sqH=H
0x11173f	0x18011173f	.text	ascii	}\&-Ki
0x1118f4	0x1801118f4	.text	ascii	@L#KH
0x111970	0x180111970	.text	ascii	y.6WH
0x1119e4	0x1801119e4	.text	ascii	[]_^A\A]A^A_
0x111a00	0x180111a00	.text	ascii	AWAVAUATVWUSH
0x111bcd	0x180111bcd	.text	ascii	L$ H9
0x111bf9	0x180111bf9	.text	ascii	L$0H;F
0x111c2a	0x180111c2a	.text	ascii	8[]_^A\A]A^A_
0x111e13	0x180111e13	.text	ascii	ffff.
0x111f23	0x180111f23	.text	ascii	ffff.
0x112033	0x180112033	.text	ascii	ffff.
0x112143	0x180112143	.text	ascii	ffff.
0x112253	0x180112253	.text	ascii	ffff.
0x112363	0x180112363	.text	ascii	ffff.
0x112473	0x180112473	.text	ascii	ffff.
0x112583	0x180112583	.text	ascii	ffff.
0x112693	0x180112693	.text	ascii	ffff.
0x1127a3	0x1801127a3	.text	ascii	ffff.
0x1129b3	0x1801129b3	.text	ascii	ffff.
0x112ac3	0x180112ac3	.text	ascii	ffff.
0x112bd3	0x180112bd3	.text	ascii	ffff.
0x112ce3	0x180112ce3	.text	ascii	ffff.
0x112df3	0x180112df3	.text	ascii	ffff.
0x112f03	0x180112f03	.text	ascii	ffff.
0x113013	0x180113013	.text	ascii	ffff.
0x113123	0x180113123	.text	ascii	ffff.
0x113233	0x180113233	.text	ascii	ffff.
0x113343	0x180113343	.text	ascii	ffff.
0x113453	0x180113453	.text	ascii	ffff.
0x113563	0x180113563	.text	ascii	ffff.
0x113673	0x180113673	.text	ascii	ffff.
0x113783	0x180113783	.text	ascii	ffff.
0x113893	0x180113893	.text	ascii	ffff.
0x1139a3	0x1801139a3	.text	ascii	ffff.
0x113ab3	0x180113ab3	.text	ascii	ffff.
0x113bc3	0x180113bc3	.text	ascii	ffff.
0x113cd3	0x180113cd3	.text	ascii	ffff.
0x113de3	0x180113de3	.text	ascii	ffff.
0x113e20	0x180113e20	.text	ascii	AWAVAUATVWUSH
0x113ee0	0x180113ee0	.text	ascii	D$(ffff.
0x113f0d	0x180113f0d	.text	ascii	L$(H9
0x11403e	0x18011403e	.text	ascii	]Wdk7
0x114086	0x180114086	.text	ascii	L;|$XH
0x1140e9	0x1801140e9	.text	ascii	H;D$hH
0x114168	0x180114168	.text	ascii	x[]_^A\A]A^A_
0x114180	0x180114180	.text	ascii	AWAVAUATVWUSH
0x1142d1	0x1801142d1	.text	ascii	D$(fff.
0x114400	0x180114400	.text	ascii	D$HH;D$@H
0x114481	0x180114481	.text	ascii	H;D$@H
0x1144d8	0x1801144d8	.text	ascii	$/SH9
0x1144f0	0x1801144f0	.text	ascii	H;D$@H
0x114577	0x180114577	.text	ascii	H;L$PH
0x1145c7	0x1801145c7	.text	ascii	H;D$PH
0x114682	0x180114682	.text	ascii	e;g+c6+
0x1146ca	0x1801146ca	.text	ascii	H;D$`H
0x114755	0x180114755	.text	ascii	[]_^A\A]A^A_
0x114770	0x180114770	.text	ascii	UAVVWSH
0x1147b0	0x1801147b0	.text	ascii	$ffffff.
0x1147fc	0x1801147fc	.text	ascii	@[_^A^]
0x114815	0x180114815	.text	ascii	UAVVWSH
0x114830	0x180114830	.text	ascii	 [_^A^]
0x114840	0x180114840	.text	ascii	UVWSH
0x1148bd	0x1801148bd	.text	ascii	8[_^]
0x1148c3	0x1801148c3	.text	ascii	ffff.
0x1148d5	0x1801148d5	.text	ascii	UVWSH
0x1148ee	0x1801148ee	.text	ascii	([_^]
0x114900	0x180114900	.text	ascii	AWAVAUATVWUSH
0x1149ed	0x1801149ed	.text	ascii	L$(L9
0x114a24	0x180114a24	.text	ascii	H;L$HH
0x114a9e	0x180114a9e	.text	ascii	L$HH9
0x114b14	0x180114b14	.text	ascii	=N`\H
0x114be6	0x180114be6	.text	ascii	X[]_^A\A]A^A_
0x114c00	0x180114c00	.text	ascii	AWAVAUATVWUSH
0x114d5d	0x180114d5d	.text	ascii	L$(L9
0x114e47	0x180114e47	.text	ascii	Q,YhH
0x115089	0x180115089	.text	ascii	H;D$pH
0x115154	0x180115154	.text	ascii	B L;D$P
0x1151be	0x1801151be	.text	ascii	H;D$pH
0x115277	0x180115277	.text	ascii	kO-Q!FH
0x1152f9	0x1801152f9	.text	ascii	(g-2M
0x1153a7	0x1801153a7	.text	ascii	G=kbGH
0x1153d0	0x1801153d0	.text	ascii	@* H9
0x1154ce	0x1801154ce	.text	ascii	J H;L$P
0x11552d	0x18011552d	.text	ascii	H9D$@H
0x115636	0x180115636	.text	ascii	H;D$@
0x11566b	0x18011566b	.text	ascii	H;L$hH
0x1157f4	0x1801157f4	.text	ascii	y>U8H
0x115849	0x180115849	.text	ascii	5L?H9
0x115869	0x180115869	.text	ascii	H;D$hH
0x115920	0x180115920	.text	ascii	@* H9
0x115b47	0x180115b47	.text	ascii	C%.H9
0x115cfc	0x180115cfc	.text	ascii	B L;D$P
0x115d87	0x180115d87	.text	ascii	B L;D$P
0x115db7	0x180115db7	.text	ascii	x}MH9
0x115dfc	0x180115dfc	.text	ascii	?~CwH
0x115ed7	0x180115ed7	.text	ascii	H9L$@H
0x115efc	0x180115efc	.text	ascii	 eaA+
0x116121	0x180116121	.text	ascii	qjuhEmUH
0x11623d	0x18011623d	.text	ascii	B L;D$P
0x1162d3	0x1801162d3	.text	ascii	H;L$hH
0x116494	0x180116494	.text	ascii	B L;D$P
0x116577	0x180116577	.text	ascii	D$XH;
0x11669b	0x18011669b	.text	ascii	i,V-DH
0x116ad6	0x180116ad6	.text	ascii	H;D$hH
0x116bcc	0x180116bcc	.text	ascii	H9D$@H
0x116c74	0x180116c74	.text	ascii	B%RFH
0x116cf8	0x180116cf8	.text	ascii	w9)0'/
0x116d33	0x180116d33	.text	ascii	I L;L$Pv
0x116dea	0x180116dea	.text	ascii	I L;L$Pv
0x116e8b	0x180116e8b	.text	ascii	H;D$PH
0x116ec5	0x180116ec5	.text	ascii	;D$8A
0x116f20	0x180116f20	.text	ascii	I L;L$Pv
0x116f82	0x180116f82	.text	ascii	|R NH
0x116fc7	0x180116fc7	.text	ascii	I L;L$P
0x117007	0x180117007	.text	ascii	x H;|$PH
0x117034	0x180117034	.text	ascii	;D$8A
0x11715d	0x18011715d	.text	ascii	[]_^A\A]A^A_
0x117170	0x180117170	.text	ascii	AWAVAUATVWUSH
0x117202	0x180117202	.text	ascii	D$hff.
0x11722d	0x18011722d	.text	ascii	L$(H9
0x117487	0x180117487	.text	ascii	@N_}H
0x117522	0x180117522	.text	ascii	@H;D$X|
0x1175a0	0x1801175a0	.text	ascii	B H;D$H
0x1175b7	0x1801175b7	.text	ascii	A H;D$H
0x1175ec	0x1801175ec	.text	ascii	`C$LQH
0x1175fe	0x1801175fe	.text	ascii	:Fa^IH
0x117649	0x180117649	.text	ascii	B H;D$H
0x117660	0x180117660	.text	ascii	A H;D$H
0x117680	0x180117680	.text	ascii	L$XH1
0x117688	0x180117688	.text	ascii	T$@L!
0x117697	0x180117697	.text	ascii	BN-3o
0x1176ad	0x1801176ad	.text	ascii	4<DG.t
0x11783d	0x18011783d	.text	ascii	A H;D$H
0x11786d	0x18011786d	.text	ascii	;D$<A
0x1178d7	0x1801178d7	.text	ascii	A H;D$H
0x117906	0x180117906	.text	ascii	;D$<A
0x1179c1	0x1801179c1	.text	ascii	[]_^A\A]A^A_
0x1179d0	0x1801179d0	.text	ascii	AWAVAUATVWUSH
0x117a7d	0x180117a7d	.text	ascii	L$(L9
0x117afa	0x180117afa	.text	ascii	J H;L$8
0x117b58	0x180117b58	.text	ascii	L;D$8
0x117be8	0x180117be8	.text	ascii	B H;D$8
0x117c20	0x180117c20	.text	ascii	h H;l$8L
0x117c55	0x180117c55	.text	ascii	;D$$A
0x117cd6	0x180117cd6	.text	ascii	H;D$8H
0x117d06	0x180117d06	.text	ascii	;D$$A
0x117d67	0x180117d67	.text	ascii	@ L;D$8v
0x117d92	0x180117d92	.text	ascii	;D$$A
0x117dd8	0x180117dd8	.text	ascii	[]_^A\A]A^A_
0x117df0	0x180117df0	.text	ascii	AWAVAUATVWUSH
0x117ebd	0x180117ebd	.text	ascii	L$0L9
0x117f72	0x180117f72	.text	ascii	fffff.
0x11820b	0x18011820b	.text	ascii	H#D$XL
0x11825b	0x18011825b	.text	ascii	pKFa8h
0x118465	0x180118465	.text	ascii	T$XH+
0x118530	0x180118530	.text	ascii	L$XH)
0x118697	0x180118697	.text	ascii	T$XH+
0x1188cc	0x1801188cc	.text	ascii	D$XH+
0x1188d7	0x1801188d7	.text	ascii	H#D$XH
0x118bfa	0x180118bfa	.text	ascii	H;T$pt
0x118dbf	0x180118dbf	.text	ascii	T$XH+
0x118f7f	0x180118f7f	.text	ascii	D$XH+
0x118f8a	0x180118f8a	.text	ascii	H#D$XH
0x1192d0	0x1801192d0	.text	ascii	[4= zTk6H
0x11945d	0x18011945d	.text	ascii	yjx)1A
0x119530	0x180119530	.text	ascii	[]_^A\A]A^A_
0x119570	0x180119570	.text	ascii	AWAVAUATVWUSH
0x119623	0x180119623	.text	ascii	L$ L9
0x11968f	0x18011968f	.text	ascii	8[]_^A\A]A^A_
0x1196a0	0x1801196a0	.text	ascii	AWAVAUATVWUSH
0x119760	0x180119760	.text	ascii	L$ L9
0x119773	0x180119773	.text	ascii	Efff.
0x1197bc	0x1801197bc	.text	ascii	8[]_^A\A]A^A_
0x1197d0	0x1801197d0	.text	ascii	AWAVAUATVWUSH
0x1197e6	0x1801197e6	.text	ascii	{coL{
0x119836	0x180119836	.text	ascii	j'59/Q
0x119856	0x180119856	.text	ascii	"NlEtM
0x119890	0x180119890	.text	ascii	L$ L9
0x1198a3	0x1801198a3	.text	ascii	Efff.
0x1198ec	0x1801198ec	.text	ascii	8[]_^A\A]A^A_
0x119900	0x180119900	.text	ascii	AWAVAUATVWUSH
0x1199c0	0x1801199c0	.text	ascii	L$ L9
0x1199d3	0x1801199d3	.text	ascii	Efff.
0x119a1c	0x180119a1c	.text	ascii	8[]_^A\A]A^A_
0x119a30	0x180119a30	.text	ascii	AWAVAUATVWUSH
0x119af0	0x180119af0	.text	ascii	L$ L9
0x119b03	0x180119b03	.text	ascii	Efff.
0x119b3c	0x180119b3c	.text	ascii	C<kjnUH
0x119b4c	0x180119b4c	.text	ascii	8[]_^A\A]A^A_
0x119b60	0x180119b60	.text	ascii	AWAVAUATVWUSH
0x119b7f	0x180119b7f	.text	ascii	):e"<x
0x119c13	0x180119c13	.text	ascii	L$ L9
0x119c7f	0x180119c7f	.text	ascii	8[]_^A\A]A^A_
0x119c90	0x180119c90	.text	ascii	AWAVAUATVWUSH
0x119d50	0x180119d50	.text	ascii	L$ L9
0x119d63	0x180119d63	.text	ascii	Efff.
0x119dac	0x180119dac	.text	ascii	8[]_^A\A]A^A_
0x119dc0	0x180119dc0	.text	ascii	AWAVAUATVWUSH
0x119e1f	0x180119e1f	.text	ascii	F6s8I
0x119e73	0x180119e73	.text	ascii	L$ L9
0x119eca	0x180119eca	.text	ascii	&Bbyc
0x119edf	0x180119edf	.text	ascii	8[]_^A\A]A^A_
0x119ef0	0x180119ef0	.text	ascii	AWAVAUATVWUSH
0x119fb0	0x180119fb0	.text	ascii	L$ L9
0x119fc3	0x180119fc3	.text	ascii	Efff.
0x11a00c	0x18011a00c	.text	ascii	8[]_^A\A]A^A_
0x11a020	0x18011a020	.text	ascii	AWAVAUATVWUSH
0x11a0d3	0x18011a0d3	.text	ascii	L$ L9
0x11a154	0x18011a154	.text	ascii	8[]_^A\A]A^A_
0x11a170	0x18011a170	.text	ascii	AWAVAUATVWUSH
0x11a22d	0x18011a22d	.text	ascii	L$(H9
0x11a387	0x18011a387	.text	ascii	kH;L$Hw
0x11a3c2	0x18011a3c2	.text	ascii	fffff.
0x11a41f	0x18011a41f	.text	ascii	L$XH)
0x11a42f	0x18011a42f	.text	ascii	H;L$P
0x11a57b	0x18011a57b	.text	ascii	H;L$Hw
0x11a5bc	0x18011a5bc	.text	ascii	uWvH9
0x11a5ec	0x18011a5ec	.text	ascii	J7H;L$Hw
0x11a643	0x18011a643	.text	ascii	L$XH)
0x11a651	0x18011a651	.text	ascii	%0H;L$Pr
0x11a6ef	0x18011a6ef	.text	ascii	L$XH)
0x11a6fe	0x18011a6fe	.text	ascii	7H;L$Pr
0x11a880	0x18011a880	.text	ascii	aH;L$`w
0x11a993	0x18011a993	.text	ascii	[]_^A\A]A^A_
0x11a9a0	0x18011a9a0	.text	ascii	AWAVAUATVWUSH
0x11aa10	0x18011aa10	.text	ascii	cffffff.
0x11aa91	0x18011aa91	.text	ascii	L$(L9
0x11aaf2	0x18011aaf2	.text	ascii	8[]_^A\A]A^A_
0x11ab00	0x18011ab00	.text	ascii	AWAVAUATVWUSH
0x11abb3	0x18011abb3	.text	ascii	L$ L9
0x11ac28	0x18011ac28	.text	ascii	8[]_^A\A]A^A_
0x11ac40	0x18011ac40	.text	ascii	AWAVAUATVWUSH
0x11ad00	0x18011ad00	.text	ascii	L$ L9
0x11ad13	0x18011ad13	.text	ascii	Efff.
0x11ad5c	0x18011ad5c	.text	ascii	8[]_^A\A]A^A_
0x11ad70	0x18011ad70	.text	ascii	AWAVAUATVWUSH
0x11ae23	0x18011ae23	.text	ascii	L$ L9
0x11ae9b	0x18011ae9b	.text	ascii	8[]_^A\A]A^A_
0x11aeb0	0x18011aeb0	.text	ascii	AWAVAUATVWUSH
0x11af63	0x18011af63	.text	ascii	L$ L9
0x11afcf	0x18011afcf	.text	ascii	8[]_^A\A]A^A_
0x11afe0	0x18011afe0	.text	ascii	AWAVAUATVWUSH
0x11b093	0x18011b093	.text	ascii	L$ L9
0x11b0ff	0x18011b0ff	.text	ascii	8[]_^A\A]A^A_
0x11b110	0x18011b110	.text	ascii	AWAVAUATVWUSH
0x11b20d	0x18011b20d	.text	ascii	L$(L9
0x11b2cc	0x18011b2cc	.text	ascii	L$hH)
0x11b3f0	0x18011b3f0	.text	ascii	L$hH)
0x11b4f4	0x18011b4f4	.text	ascii	[]_^A\A]A^A_
0x11b510	0x18011b510	.text	ascii	AWAVAUATVWUSH
0x11b5c2	0x18011b5c2	.text	ascii	L$0H9
0x11b6e3	0x18011b6e3	.text	ascii	]RH;L$@w
0x11b970	0x18011b970	.text	ascii	[]_^A\A]A^A_
0x11b990	0x18011b990	.text	ascii	AWAVAUATVWUSH
0x11b9c2	0x18011b9c2	.text	ascii	&TdXH
0x11ba43	0x18011ba43	.text	ascii	L$ L9
0x11baaf	0x18011baaf	.text	ascii	8[]_^A\A]A^A_
0x11bac0	0x18011bac0	.text	ascii	AWAVAUATVWUSH
0x11baf3	0x18011baf3	.text	ascii	`}GYH
0x11bc1f	0x18011bc1f	.text	ascii	D$0fffff.
0x11bc4d	0x18011bc4d	.text	ascii	L$0H9
0x11bcac	0x18011bcac	.text	ascii	H;D$PH
0x11be01	0x18011be01	.text	ascii	L$hH)
0x11be07	0x18011be07	.text	ascii	H;L$XH
0x11be6f	0x18011be6f	.text	ascii	H;D$PH
0x11bed0	0x18011bed0	.text	ascii	L$hH)
0x11bed6	0x18011bed6	.text	ascii	H;L$XH
0x11bee9	0x18011bee9	.text	ascii	V1&r\
0x11befe	0x18011befe	.text	ascii	I3*"H
0x11c01c	0x18011c01c	.text	ascii	PCB9s0H9
0x11c083	0x18011c083	.text	ascii	[]_^A\A]A^A_
0x11c0a0	0x18011c0a0	.text	ascii	AWAVAUATVWUSH
0x11c18d	0x18011c18d	.text	ascii	L$(H9
0x11c1d5	0x18011c1d5	.text	ascii	k(rZV
0x11c2b0	0x18011c2b0	.text	ascii	L$HH!
0x11c2e2	0x18011c2e2	.text	ascii	H;D$hH
0x11c3c6	0x18011c3c6	.text	ascii	acFSH9
0x11c401	0x18011c401	.text	ascii	H;D$`H
0x11c44e	0x18011c44e	.text	ascii	!J'H9
0x11c4f6	0x18011c4f6	.text	ascii	L$`H;L$pH
0x11c5a3	0x18011c5a3	.text	ascii	acFSH9
0x11c5b7	0x18011c5b7	.text	ascii	WLTH9
0x11c5e2	0x18011c5e2	.text	ascii	H;D$xH
0x11c61f	0x18011c61f	.text	ascii	!J'H9
0x11c6af	0x18011c6af	.text	ascii	H;D$xH
0x11c76a	0x18011c76a	.text	ascii	H;L$8H
0x11c883	0x18011c883	.text	ascii	H;D$8H
0x11c8c9	0x18011c8c9	.text	ascii	H;D$8H
0x11c9a3	0x18011c9a3	.text	ascii	H;D$pH
0x11cabd	0x18011cabd	.text	ascii	[]_^A\A]A^A_
0x11cad0	0x18011cad0	.text	ascii	AWAVAUATVWUSH
0x11cb90	0x18011cb90	.text	ascii	L$ L9
0x11cba3	0x18011cba3	.text	ascii	Efff.
0x11cbc1	0x18011cbc1	.text	ascii	)JrlH
0x11cbec	0x18011cbec	.text	ascii	8[]_^A\A]A^A_
0x11cc00	0x18011cc00	.text	ascii	AWAVAUATVWUSH
0x11cc3d	0x18011cc3d	.text	ascii	-Hs"QH7
0x11ccb3	0x18011ccb3	.text	ascii	L$ L9
0x11ccfb	0x18011ccfb	.text	ascii	J9/e1v
0x11cd1f	0x18011cd1f	.text	ascii	8[]_^A\A]A^A_
0x11cd30	0x18011cd30	.text	ascii	AWAVAUATVWUSH
0x11cde3	0x18011cde3	.text	ascii	L$ L9
0x11ce64	0x18011ce64	.text	ascii	8[]_^A\A]A^A_
0x11ce80	0x18011ce80	.text	ascii	AWAVAUATVWUSH
0x11cf55	0x18011cf55	.text	ascii	L$ L9
0x11cf8b	0x18011cf8b	.text	ascii	[1'}H
0x11cfac	0x18011cfac	.text	ascii	8[]_^A\A]A^A_
0x11cfc0	0x18011cfc0	.text	ascii	AWAVAUATVWUSH
0x11d095	0x18011d095	.text	ascii	L$ L9
0x11d0ec	0x18011d0ec	.text	ascii	8[]_^A\A]A^A_
0x11d100	0x18011d100	.text	ascii	AWAVAUATVWUSH
0x11d1a7	0x18011d1a7	.text	ascii	D$`H;D$HH
0x11d1fd	0x18011d1fd	.text	ascii	L$0L9
0x11d457	0x18011d457	.text	ascii	C|s i
0x11d53c	0x18011d53c	.text	ascii	[]_^A\A]A^A_
0x11d550	0x18011d550	.text	ascii	AWAVAUATVWUSH
0x11d582	0x18011d582	.text	ascii	`C!yH
0x11d625	0x18011d625	.text	ascii	L$ L9
0x11d67c	0x18011d67c	.text	ascii	8[]_^A\A]A^A_
0x11d690	0x18011d690	.text	ascii	AWAVAUATVWUSH
0x11d743	0x18011d743	.text	ascii	L$ L9
0x11d7af	0x18011d7af	.text	ascii	8[]_^A\A]A^A_
0x11d7c0	0x18011d7c0	.text	ascii	AWAVAUATVWUSH
0x11d873	0x18011d873	.text	ascii	L$ L9
0x11d8df	0x18011d8df	.text	ascii	8[]_^A\A]A^A_
0x11d8f0	0x18011d8f0	.text	ascii	AWAVAUATVWUSH
0x11d9b0	0x18011d9b0	.text	ascii	L$ L9
0x11d9c3	0x18011d9c3	.text	ascii	Efff.
0x11da0c	0x18011da0c	.text	ascii	8[]_^A\A]A^A_
0x11da20	0x18011da20	.text	ascii	AWAVAUATVWUSH
0x11dae0	0x18011dae0	.text	ascii	L$ L9
0x11daf3	0x18011daf3	.text	ascii	Efff.
0x11db3c	0x18011db3c	.text	ascii	8[]_^A\A]A^A_
0x11db50	0x18011db50	.text	ascii	AWAVAUATVWUSH
0x11dc03	0x18011dc03	.text	ascii	L$ L9
0x11dc6f	0x18011dc6f	.text	ascii	8[]_^A\A]A^A_
0x11dc80	0x18011dc80	.text	ascii	AWAVAUATVWUSH
0x11dd69	0x18011dd69	.text	ascii	L$ L9
0x11dd80	0x18011dd80	.text	ascii	Hffffff.
0x11ddaa	0x18011ddaa	.text	ascii	@W2)JH
0x11ddcc	0x18011ddcc	.text	ascii	8[]_^A\A]A^A_
0x11de52	0x18011de52	.text	ascii	F H;E
0x11df50	0x18011df50	.text	ascii	AWAVAUATVWUSH
0x11e03d	0x18011e03d	.text	ascii	L$0H9
0x11e084	0x18011e084	.text	ascii	L$pH)
0x11e1a0	0x18011e1a0	.text	ascii	<$(H9
0x11e256	0x18011e256	.text	ascii	D$pH)
0x11e298	0x18011e298	.text	ascii	"n>ZU
0x11e2c4	0x18011e2c4	.text	ascii	L$`H9
0x11e3b6	0x18011e3b6	.text	ascii	[]_^A\A]A^A_
0x11ea84	0x18011ea84	.text	ascii	)t$ H
0x11ea9e	0x18011ea9e	.text	ascii	(t$ H
0x11eac4	0x18011eac4	.text	ascii	)t$ H
0x11ead5	0x18011ead5	.text	ascii	(t$ H
0x11eaf0	0x18011eaf0	.text	ascii	UAWAVAUATVWSH
0x11ec79	0x18011ec79	.text	ascii	wH~x>H
0x11ec81	0x18011ec81	.text	ascii	ffffff.
0x11ed31	0x18011ed31	.text	ascii	ffffff.
0x11ed42	0x18011ed42	.text	ascii	}0H;}
0x11ed50	0x18011ed50	.text	ascii	E8H;E
0x11ee1e	0x18011ee1e	.text	ascii	F8H;E
0x11ee33	0x18011ee33	.text	ascii	ffff.
0x11ee45	0x18011ee45	.text	ascii	}0H;}
0x11ef43	0x18011ef43	.text	ascii	ffff.
0x11ef81	0x18011ef81	.text	ascii	"fffff.
0x11efda	0x18011efda	.text	ascii	N0H;M
0x11efe8	0x18011efe8	.text	ascii	V8H;U
0x11f0d6	0x18011f0d6	.text	ascii	[_^A\A]A^A_]
0x11f105	0x18011f105	.text	ascii	UAWAVAUATVWSH
0x11f12c	0x18011f12c	.text	ascii	([_^A\A]A^A_]
0x11f160	0x18011f160	.text	ascii	AWAVAUATVWUSH
0x11f171	0x18011f171	.text	ascii	)t$@H
0x11f1b0	0x18011f1b0	.text	ascii	Z3G_I
0x11f1e0	0x18011f1e0	.text	ascii	.ffffff.
0x11f22c	0x18011f22c	.text	ascii	L$0H9
0x11f273	0x18011f273	.text	ascii	(t$@H
0x11f27a	0x18011f27a	.text	ascii	X[]_^A\A]A^A_
0x11f290	0x18011f290	.text	ascii	AWAVAUATVWUSH
0x11f400	0x18011f400	.text	ascii	H;D$HH
0x11f42e	0x18011f42e	.text	ascii	D$0ffffff.
0x11f45d	0x18011f45d	.text	ascii	L$0H9
0x11f4b2	0x18011f4b2	.text	ascii	L$pH;L$hH
0x11f5d6	0x18011f5d6	.text	ascii	H;D$HH
0x11f64c	0x18011f64c	.text	ascii	D$XH)
0x11f652	0x18011f652	.text	ascii	H;D$`H
0x11f741	0x18011f741	.text	ascii	D$XH)
0x11f747	0x18011f747	.text	ascii	H;D$`H
0x11f79a	0x18011f79a	.text	ascii	L$pH;L$hH
0x11f89a	0x18011f89a	.text	ascii	[]_^A\A]A^A_
0x11f8b0	0x18011f8b0	.text	ascii	UAWAVVWSH
0x11f9b5	0x18011f9b5	.text	ascii	F H;E0vNI
0x11fa48	0x18011fa48	.text	ascii	U(L;E@
0x11fbf1	0x18011fbf1	.text	ascii	H;E0v0H
0x11fc30	0x18011fc30	.text	ascii	[_^A^A_]
0x11fc53	0x18011fc53	.text	ascii	ffff.
0x11fc65	0x18011fc65	.text	ascii	UAWAVVWSH
0x11fc85	0x18011fc85	.text	ascii	([_^A^A_]
0x11fc90	0x18011fc90	.text	ascii	UAWAVAUATVWSH
0x11ff9a	0x18011ff9a	.text	ascii	[_^A\A]A^A_]H
0x12003e	0x18012003e	.text	ascii	[_^A\A]A^A_]
0x1208f5	0x1801208f5	.text	ascii	UAWAVAUATVWSH
0x12091c	0x18012091c	.text	ascii	([_^A\A]A^A_]
0x120935	0x180120935	.text	ascii	UAWAVAUATVWSH
0x120959	0x180120959	.text	ascii	([_^A\A]A^A_]
0x120975	0x180120975	.text	ascii	UAWAVAUATVWSH
0x12099c	0x18012099c	.text	ascii	([_^A\A]A^A_]
0x1209b5	0x1801209b5	.text	ascii	UAWAVAUATVWSH
0x1209dc	0x1801209dc	.text	ascii	([_^A\A]A^A_]
0x120a30	0x180120a30	.text	ascii	UAWAVAUATVWSH
0x120b8b	0x180120b8b	.text	ascii	~FNoH
0x120c02	0x180120c02	.text	ascii	fffff.
0x120d52	0x180120d52	.text	ascii	fffff.
0x120e03	0x180120e03	.text	ascii	t$ff.
0x120e67	0x180120e67	.text	ascii	i05HL
0x120eb2	0x180120eb2	.text	ascii	[_^A\A]A^A_]
0x120ef5	0x180120ef5	.text	ascii	UAWAVAUATVWSH
0x120f19	0x180120f19	.text	ascii	([_^A\A]A^A_]
0x120f30	0x180120f30	.text	ascii	UAWAVATVWSH
0x120fdd	0x180120fdd	.text	ascii	1)D.A
0x1210c0	0x1801210c0	.text	ascii	\$ H;u
0x12114d	0x18012114d	.text	ascii	[_^A\A^A_]
0x121175	0x180121175	.text	ascii	UAWAVATVWSH
0x121197	0x180121197	.text	ascii	 [_^A\A^A_]
0x1211b0	0x1801211b0	.text	ascii	AWAVAUATVWUSH
0x121254	0x180121254	.text	ascii	@H;|$xH
0x1212cd	0x1801212cd	.text	ascii	L$(L9
0x121317	0x180121317	.text	ascii	Zk,6H
0x1213a1	0x1801213a1	.text	ascii	7;%S5i
0x121414	0x180121414	.text	ascii	>tsGb0H
0x121603	0x180121603	.text	ascii	[]_^A\A]A^A_
0x121610	0x180121610	.text	ascii	UAWAVATVWSH
0x121808	0x180121808	.text	ascii	[_^A\A^A_]
0x121865	0x180121865	.text	ascii	UAWAVATVWSH
0x12187b	0x18012187b	.text	ascii	)t$ H
0x121892	0x180121892	.text	ascii	(t$ H
0x121899	0x180121899	.text	ascii	0[_^A\A^A_]
0x1218b5	0x1801218b5	.text	ascii	UAWAVATVWSH
0x1218cb	0x1801218cb	.text	ascii	)t$ H
0x1218ec	0x1801218ec	.text	ascii	(t$ H
0x1218f3	0x1801218f3	.text	ascii	0[_^A\A^A_]
0x121900	0x180121900	.text	ascii	AWAVAUATVWUSH
0x12192e	0x18012192e	.text	ascii	}!5uEA2'H
0x121986	0x180121986	.text	ascii	;D$<H
0x1219b3	0x1801219b3	.text	ascii	D$(f.
0x1219dd	0x1801219dd	.text	ascii	L$(L9
0x121a87	0x180121a87	.text	ascii	;L$<H
0x121ad2	0x180121ad2	.text	ascii	H[]_^A\A]A^A_
0x121ae0	0x180121ae0	.text	ascii	AWAVAUATVWUSH
0x121b52	0x180121b52	.text	ascii	4ffff.
0x121b62	0x180121b62	.text	ascii	L$@L9
0x121ba4	0x180121ba4	.text	ascii	L$(H9
0x121c06	0x180121c06	.text	ascii	H[]_^A\A]A^A_
0x121c40	0x180121c40	.text	ascii	AWAVAUATVWUSH
0x121cb0	0x180121cb0	.text	ascii	Hffffff.
0x121d16	0x180121d16	.text	ascii	L$(L9
0x121d72	0x180121d72	.text	ascii	8[]_^A\A]A^A_
0x121e0e	0x180121e0e	.text	ascii	@_^]H
0x121e80	0x180121e80	.text	ascii	AWAVAUATVWUSH
0x121ef1	0x180121ef1	.text	ascii	6fffff.
0x121f45	0x180121f45	.text	ascii	L$ L9
0x121f8e	0x180121f8e	.text	ascii	8[]_^A\A]A^A_
0x121fb0	0x180121fb0	.text	ascii	AWAVAUATVWUSH
0x122020	0x180122020	.text	ascii	,ffffff.
0x122037	0x180122037	.text	ascii	OpbrU=
0x12206a	0x18012206a	.text	ascii	L$(L9
0x1220bf	0x1801220bf	.text	ascii	8[]_^A\A]A^A_
0x1220d0	0x1801220d0	.text	ascii	AWAVAUATVWUSH
0x1220e8	0x1801220e8	.text	ascii	[-g\E
0x122140	0x180122140	.text	ascii	Pffffff.
0x1221ae	0x1801221ae	.text	ascii	L$(L9
0x1221c1	0x1801221c1	.text	ascii	Jfffff.
0x122212	0x180122212	.text	ascii	8[]_^A\A]A^A_
0x122220	0x180122220	.text	ascii	AWAVAUATVWUSH
0x12227f	0x18012227f	.text	ascii	\0M)H
0x122290	0x180122290	.text	ascii	5ffffff.
0x1222e3	0x1801222e3	.text	ascii	L$(L9
0x12235d	0x18012235d	.text	ascii	8[]_^A\A]A^A_
0x1223d8	0x1801223d8	.text	ascii	AWAVAUATVWUSH
0x122404	0x180122404	.text	ascii	7.0ay
0x1224a6	0x1801224a6	.text	ascii	HcT$$
0x1224b0	0x1801224b0	.text	ascii	;T$ I
0x12254b	0x18012254b	.text	ascii	>Z'H9
0x12267e	0x18012267e	.text	ascii	0[]_^A\A]A^A_
0x122690	0x180122690	.text	ascii	UVWSH
0x122754	0x180122754	.text	ascii	2,1%l
0x123415	0x180123415	.text	ascii	UVWSH
0x123425	0x180123425	.text	ascii	)t$0H
0x123526	0x180123526	.text	ascii	(t$0H
0x12352d	0x18012352d	.text	ascii	H[_^]
0x123553	0x180123553	.text	ascii	ffff.
0x123565	0x180123565	.text	ascii	UVWSH
0x123575	0x180123575	.text	ascii	)t$0H
0x123586	0x180123586	.text	ascii	(t$0H
0x12358d	0x18012358d	.text	ascii	H[_^]
0x123593	0x180123593	.text	ascii	ffff.
0x1235a5	0x1801235a5	.text	ascii	UVWSH
0x1235b5	0x1801235b5	.text	ascii	)t$0H
0x123736	0x180123736	.text	ascii	(t$0H
0x12373d	0x18012373d	.text	ascii	H[_^]
0x123763	0x180123763	.text	ascii	ffff.
0x123775	0x180123775	.text	ascii	UVWSH
0x123785	0x180123785	.text	ascii	)t$0H
0x123796	0x180123796	.text	ascii	(t$0H
0x12379d	0x18012379d	.text	ascii	H[_^]
0x1237a3	0x1801237a3	.text	ascii	ffff.
0x1237b5	0x1801237b5	.text	ascii	UVWSH
0x1237c5	0x1801237c5	.text	ascii	)t$0H
0x1237d6	0x1801237d6	.text	ascii	(t$0H
0x1237dd	0x1801237dd	.text	ascii	H[_^]
0x1237f0	0x1801237f0	.text	ascii	UAWAVAUATVWSH
0x123ae4	0x180123ae4	.text	ascii	H;U v
0x1240f2	0x1801240f2	.text	ascii	fffff.
0x124542	0x180124542	.text	ascii	>ffff.
0x124597	0x180124597	.text	ascii	H;U v
0x1245a8	0x1801245a8	.text	ascii	H;M8snH
0x12460f	0x18012460f	.text	ascii	[_^A\A]A^A_]
0x124645	0x180124645	.text	ascii	UAWAVAUATVWSH
0x124661	0x180124661	.text	ascii	)|$0D
0x124667	0x180124667	.text	ascii	)t$@D
0x12466d	0x18012466d	.text	ascii	)l$PD
0x124673	0x180124673	.text	ascii	)d$`D
0x124679	0x180124679	.text	ascii	)\$pD
0x1246e1	0x1801246e1	.text	ascii	(\$pD
0x1246e7	0x1801246e7	.text	ascii	(d$`D
0x1246ed	0x1801246ed	.text	ascii	(l$PD
0x1246f3	0x1801246f3	.text	ascii	(t$@D
0x1246f9	0x1801246f9	.text	ascii	(|$0H
0x124704	0x180124704	.text	ascii	[_^A\A]A^A_]
0x124711	0x180124711	.text	ascii	ffffff.
0x124725	0x180124725	.text	ascii	UAWAVAUATVWSH
0x124741	0x180124741	.text	ascii	)|$0D
0x124747	0x180124747	.text	ascii	)t$@D
0x12474d	0x18012474d	.text	ascii	)l$PD
0x124753	0x180124753	.text	ascii	)d$`D
0x124759	0x180124759	.text	ascii	)\$pD
0x1247c1	0x1801247c1	.text	ascii	(\$pD
0x1247c7	0x1801247c7	.text	ascii	(d$`D
0x1247cd	0x1801247cd	.text	ascii	(l$PD
0x1247d3	0x1801247d3	.text	ascii	(t$@D
0x1247d9	0x1801247d9	.text	ascii	(|$0H
0x1247e4	0x1801247e4	.text	ascii	[_^A\A]A^A_]
0x124800	0x180124800	.text	ascii	AWAVAUATVWUSH
0x124814	0x180124814	.text	ascii	)t$pH
0x12489b	0x18012489b	.text	ascii	L$`H)
0x1248ee	0x1801248ee	.text	ascii	D$(ffffff.
0x12491d	0x18012491d	.text	ascii	L$(H9
0x124a3d	0x180124a3d	.text	ascii	L$`H)
0x124af9	0x180124af9	.text	ascii	(t$pH
0x124b04	0x180124b04	.text	ascii	[]_^A\A]A^A_
0x124b20	0x180124b20	.text	ascii	UAVVWSH
0x124bb5	0x180124bb5	.text	ascii	v3H;]
0x124c25	0x180124c25	.text	ascii	@[_^A^]
0x124c45	0x180124c45	.text	ascii	UAVVWSH
0x124c60	0x180124c60	.text	ascii	 [_^A^]
0x124c70	0x180124c70	.text	ascii	UAWAVAUATVWSH
0x124ce0	0x180124ce0	.text	ascii	GRr>H
0x124e1d	0x180124e1d	.text	ascii	x[_^A\A]A^A_]
0x124e32	0x180124e32	.text	ascii	fffff.
0x124e45	0x180124e45	.text	ascii	UAWAVAUATVWSH
0x124e5a	0x180124e5a	.text	ascii	)t$ H
0x124e68	0x180124e68	.text	ascii	(t$ H
0x124e6f	0x180124e6f	.text	ascii	8[_^A\A]A^A_]
0x124ec0	0x180124ec0	.text	ascii	AWAVAUATVWUSH
0x124f02	0x180124f02	.text	ascii	CI*_uHI
0x124f2a	0x180124f2a	.text	ascii	CI*_uHH
0x124f7d	0x180124f7d	.text	ascii	L$0H9
0x124fb7	0x180124fb7	.text	ascii	6`khH
0x125082	0x180125082	.text	ascii	H;D$xt
0x1250b1	0x1801250b1	.text	ascii	ffffff.
0x125105	0x180125105	.text	ascii	H;L$Pw
0x1252df	0x1801252df	.text	ascii	[]_^A\A]A^A_
0x1252f0	0x1801252f0	.text	ascii	AWAVAUATVWUSH
0x125304	0x180125304	.text	ascii	)t$pH
0x1253cd	0x1801253cd	.text	ascii	L$0H9
0x125422	0x180125422	.text	ascii	fffff.
0x12549e	0x18012549e	.text	ascii	L$`H)
0x125512	0x180125512	.text	ascii	L$`H)
0x1255c5	0x1801255c5	.text	ascii	(t$pH
0x1255d0	0x1801255d0	.text	ascii	[]_^A\A]A^A_
0x1255e0	0x1801255e0	.text	ascii	AWAVAUATVWUSH
0x12566e	0x18012566e	.text	ascii	D$(ffffff.
0x12569d	0x18012569d	.text	ascii	L$(L9
0x12599a	0x18012599a	.text	ascii	H9L$8r
0x125ac0	0x180125ac0	.text	ascii	L$XH)
0x125ae9	0x180125ae9	.text	ascii	H;T$X
0x125b1b	0x180125b1b	.text	ascii	D$hI)
0x125b70	0x180125b70	.text	ascii	H;T$xt
0x125bc3	0x180125bc3	.text	ascii	D$hI)
0x125bdb	0x180125bdb	.text	ascii	L+D$hL
0x125d58	0x180125d58	.text	ascii	H9L$8w
0x125e17	0x180125e17	.text	ascii	[]_^A\A]A^A_
0x125e50	0x180125e50	.text	ascii	AWAVAUATVWUSH
0x125eb4	0x180125eb4	.text	ascii	QY^ss
0x125f0b	0x180125f0b	.text	ascii	;D$DA
0x125f8d	0x180125f8d	.text	ascii	L$0H9
0x12605d	0x18012605d	.text	ascii	YL$LH
0x12608b	0x18012608b	.text	ascii	YL$LH
0x12624d	0x18012624d	.text	ascii	&M/uGH
0x126324	0x180126324	.text	ascii	wx?<8
0x1266b8	0x1801266b8	.text	ascii	YL$LH
0x1266e6	0x1801266e6	.text	ascii	YL$LH
0x126755	0x180126755	.text	ascii	fwiH9
0x12677b	0x18012677b	.text	ascii	o[gH9
0x126793	0x180126793	.text	ascii	H;D$pH
0x126a36	0x180126a36	.text	ascii	RY^ss
0x126d18	0x180126d18	.text	ascii	YL$LH
0x126d46	0x180126d46	.text	ascii	YL$LH
0x126ed8	0x180126ed8	.text	ascii	YL$LH
0x126f06	0x180126f06	.text	ascii	YL$LH
0x126f83	0x180126f83	.text	ascii	b{SA3\/
0x12702d	0x18012702d	.text	ascii	YL$LH
0x12705b	0x18012705b	.text	ascii	YL$LH
0x1270a4	0x1801270a4	.text	ascii	7}3Gp7H
0x127137	0x180127137	.text	ascii	fwiH9
0x12716e	0x18012716e	.text	ascii	H9D$hH
0x1272b7	0x1801272b7	.text	ascii	!>g{{
0x127324	0x180127324	.text	ascii	 iDH9
0x1273e2	0x1801273e2	.text	ascii	H;L$pH
0x1274bc	0x1801274bc	.text	ascii	H9L$hH
0x127726	0x180127726	.text	ascii	YL$LH
0x127754	0x180127754	.text	ascii	YL$LH
0x127852	0x180127852	.text	ascii	&<C:H
0x12794f	0x18012794f	.text	ascii	H;D$pH
0x127a76	0x180127a76	.text	ascii	H9D$hH
0x127b57	0x180127b57	.text	ascii	D$xH;
0x127b9b	0x180127b9b	.text	ascii	H;D$h
0x127bd0	0x180127bd0	.text	ascii	H;L$pH
0x127c38	0x180127c38	.text	ascii	YL$LH
0x127c66	0x180127c66	.text	ascii	YL$LH
0x127d1c	0x180127d1c	.text	ascii	YL$LH
0x127d4a	0x180127d4a	.text	ascii	YL$LH
0x127ed5	0x180127ed5	.text	ascii	YL$LH
0x127f03	0x180127f03	.text	ascii	YL$LH
0x12821c	0x18012821c	.text	ascii	YL$LD
0x128246	0x180128246	.text	ascii	YL$LH
0x128334	0x180128334	.text	ascii	H;L$pH
0x1284d0	0x1801284d0	.text	ascii	@ H;D$PH
0x1284f2	0x1801284f2	.text	ascii	@ H;D$PH
0x12851d	0x18012851d	.text	ascii	@ H;D$PH
0x12853f	0x18012853f	.text	ascii	@ H;D$PH
0x128571	0x180128571	.text	ascii	;D$DA
0x1285bb	0x1801285bb	.text	ascii	@ H;D$PH
0x1285dd	0x1801285dd	.text	ascii	@ H;D$PH
0x12860f	0x18012860f	.text	ascii	;D$DA
0x12866e	0x18012866e	.text	ascii	@ H;D$PH
0x128690	0x180128690	.text	ascii	@ H;D$PH
0x1286c2	0x1801286c2	.text	ascii	;D$DA
0x12870c	0x18012870c	.text	ascii	@ H;D$PH
0x12872e	0x18012872e	.text	ascii	@ H;D$PH
0x128760	0x180128760	.text	ascii	;D$DA
0x1287cf	0x1801287cf	.text	ascii	@ H;D$PH
0x1287f1	0x1801287f1	.text	ascii	@ H;D$PH
0x128823	0x180128823	.text	ascii	;D$DA
0x128882	0x180128882	.text	ascii	@ H;D$PH
0x1288a4	0x1801288a4	.text	ascii	@ H;D$PH
0x1288d6	0x1801288d6	.text	ascii	;D$DA
0x128925	0x180128925	.text	ascii	@ H;D$PH
0x128947	0x180128947	.text	ascii	@ H;D$PH
0x128979	0x180128979	.text	ascii	;D$DA
0x1289e8	0x1801289e8	.text	ascii	@ H;D$PH
0x128a0a	0x180128a0a	.text	ascii	@ H;D$PH
0x128a3c	0x180128a3c	.text	ascii	;D$DA
0x128a9b	0x180128a9b	.text	ascii	@ H;D$PH
0x128ac5	0x180128ac5	.text	ascii	H;D$PH
0x128af5	0x180128af5	.text	ascii	;D$DA
0x128b24	0x180128b24	.text	ascii	't|#xf
0x128b64	0x180128b64	.text	ascii	[]_^A\A]A^A_
0x128b90	0x180128b90	.text	ascii	AWAVAUATVWUSH
0x128bfa	0x180128bfa	.text	ascii	,}p#5
0x128c2f	0x180128c2f	.text	ascii	D$/fffff.
0x128c5d	0x180128c5d	.text	ascii	L$0L9
0x128d57	0x180128d57	.text	ascii	D$xI9
0x128ec5	0x180128ec5	.text	ascii	,}p#5H9
0x128f25	0x180128f25	.text	ascii	H;D$xH
0x128f8c	0x180128f8c	.text	ascii	@ H;D$`H
0x128fae	0x180128fae	.text	ascii	@ H;D$`H
0x128fe0	0x180128fe0	.text	ascii	;D$DA
0x129026	0x180129026	.text	ascii	L$xH1
0x12902e	0x18012902e	.text	ascii	T$PH#
0x129136	0x180129136	.text	ascii	YL$LH
0x129161	0x180129161	.text	ascii	YL$LH
0x12922d	0x18012922d	.text	ascii	YL$LH
0x129258	0x180129258	.text	ascii	YL$LH
0x12929e	0x18012929e	.text	ascii	I/.2%
0x129318	0x180129318	.text	ascii	@ H;D$`H
0x12933a	0x18012933a	.text	ascii	@ H;D$`H
0x12936c	0x18012936c	.text	ascii	;D$DA
0x1293cf	0x1801293cf	.text	ascii	[]_^A\A]A^A_
0x1293e0	0x1801293e0	.text	ascii	AWAVAUATVWUSH
0x12946c	0x18012946c	.text	ascii	YL$DH
0x12949c	0x18012949c	.text	ascii	YL$DH
0x12951d	0x18012951d	.text	ascii	L$(L9
0x12956a	0x18012956a	.text	ascii	.D$hH
0x12960d	0x18012960d	.text	ascii	YL$DH
0x129638	0x180129638	.text	ascii	YL$DH
0x1296e7	0x1801296e7	.text	ascii	@ H;D$HH
0x129709	0x180129709	.text	ascii	@ H;D$HH
0x12973b	0x18012973b	.text	ascii	;D$<A
0x1297b0	0x1801297b0	.text	ascii	@ H;D$HH
0x1297cf	0x1801297cf	.text	ascii	@ H;D$HH
0x129801	0x180129801	.text	ascii	;D$<A
0x12984d	0x18012984d	.text	ascii	@ H;D$HH
0x12986f	0x18012986f	.text	ascii	@ H;D$HH
0x1298a1	0x1801298a1	.text	ascii	;D$<A
0x129918	0x180129918	.text	ascii	.D$dH
0x12993f	0x18012993f	.text	ascii	VR4pH
0x129983	0x180129983	.text	ascii	.D$lH
0x129a2a	0x180129a2a	.text	ascii	YL$DH
0x129a55	0x180129a55	.text	ascii	YL$DH
0x129abc	0x180129abc	.text	ascii	fNIZl9H9
0x129ad2	0x180129ad2	.text	ascii	[]_^A\A]A^A_
0x129ae0	0x180129ae0	.text	ascii	AWAVAUATVWUSH
0x129ba2	0x180129ba2	.text	ascii	p L;t$@H
0x129bcf	0x180129bcf	.text	ascii	;D$0A
0x129c7d	0x180129c7d	.text	ascii	L$ H9
0x129cdb	0x180129cdb	.text	ascii	b8IH9
0x129e73	0x180129e73	.text	ascii	wK6H9
0x129eee	0x180129eee	.text	ascii	B L;D$@
0x129f9c	0x180129f9c	.text	ascii	-&qH9
0x129fc2	0x180129fc2	.text	ascii	-&qH9
0x12a630	0x18012a630	.text	ascii	H9L$8H
0x12a6d3	0x18012a6d3	.text	ascii	H;L$HH
0x12a764	0x18012a764	.text	ascii	D$PH;D$xH
0x12a7af	0x18012a7af	.text	ascii	wK6H9
0x12a9a9	0x18012a9a9	.text	ascii	HP_0g
0x12a9fc	0x18012a9fc	.text	ascii	_Xx|H
0x12aa52	0x18012aa52	.text	ascii	H;|$`H
0x12ab02	0x18012ab02	.text	ascii	H;D$8
0x12ab31	0x18012ab31	.text	ascii	L$xH;L$HH
0x12ac2d	0x18012ac2d	.text	ascii	|[{@H
0x12aca3	0x18012aca3	.text	ascii	H;D$HH
0x12ad1a	0x18012ad1a	.text	ascii	B L;D$@
0x12ae7f	0x18012ae7f	.text	ascii	H9D$8H
0x12af43	0x18012af43	.text	ascii	B L;D$@
0x12b158	0x18012b158	.text	ascii	H;D$HH
0x12b1d2	0x18012b1d2	.text	ascii	B L;D$@
0x12b1ea	0x18012b1ea	.text	ascii	D$pH;
0x12b2de	0x18012b2de	.text	ascii	H9D$8H
0x12b461	0x18012b461	.text	ascii	7 G1)
0x12b542	0x18012b542	.text	ascii	H;D$`H
0x12b5fe	0x18012b5fe	.text	ascii	I L;L$@v
0x12b6b5	0x18012b6b5	.text	ascii	I L;L$@v
0x12b769	0x18012b769	.text	ascii	I L;L$@v
0x12b810	0x18012b810	.text	ascii	I L;L$@v
0x12b8fe	0x18012b8fe	.text	ascii	J H;L$@
0x12b9d5	0x18012b9d5	.text	ascii	H;D$@H
0x12ba0f	0x18012ba0f	.text	ascii	;D$0A
0x12baa8	0x18012baa8	.text	ascii	B L;D$@
0x12badc	0x18012badc	.text	ascii	[]_^A\A]A^A_
0x12bb00	0x18012bb00	.text	ascii	AWAVAUATVWUSH
0x12bba3	0x18012bba3	.text	ascii	9fff.
0x12bbcd	0x18012bbcd	.text	ascii	L$ L9
0x12bc40	0x18012bc40	.text	ascii	B H;D$@
0x12bc57	0x18012bc57	.text	ascii	A H;D$@
0x12bc8e	0x18012bc8e	.text	ascii	S4fH{
0x12bd1b	0x18012bd1b	.text	ascii	P-('I9
0x12bd78	0x18012bd78	.text	ascii	1+_DGH9
0x12bd8d	0x18012bd8d	.text	ascii	L$HH1
0x12bd95	0x18012bd95	.text	ascii	T$8L!
0x12be84	0x18012be84	.text	ascii	B H;D$@
0x12be9b	0x18012be9b	.text	ascii	A H;D$@
0x12bf4a	0x18012bf4a	.text	ascii	A H;D$@
0x12bf7a	0x18012bf7a	.text	ascii	;D$4A
0x12bfb3	0x18012bfb3	.text	ascii	A H;D$@
0x12bfe2	0x18012bfe2	.text	ascii	;D$4A
0x12c00d	0x18012c00d	.text	ascii	}H;l$HL
0x12c02d	0x18012c02d	.text	ascii	m$v*H
0x12c03c	0x18012c03c	.text	ascii	F{2mH
0x12c06e	0x18012c06e	.text	ascii	vA@%#
0x12c097	0x18012c097	.text	ascii	[]_^A\A]A^A_
0x12c0b0	0x18012c0b0	.text	ascii	AWAVAUATVWUSH
0x12c16d	0x18012c16d	.text	ascii	L$(L9
0x12c29c	0x18012c29c	.text	ascii	J H;L$8
0x12c2de	0x18012c2de	.text	ascii	L;D$8
0x12c318	0x18012c318	.text	ascii	B H;D$8
0x12c350	0x18012c350	.text	ascii	h H;l$8L
0x12c385	0x18012c385	.text	ascii	;D$$A
0x12c3d6	0x18012c3d6	.text	ascii	@ L;D$8v
0x12c401	0x18012c401	.text	ascii	;D$$A
0x12c41f	0x18012c41f	.text	ascii	`I.'SIB
0x12c45a	0x18012c45a	.text	ascii	H;D$8H
0x12c48a	0x18012c48a	.text	ascii	;D$$A
0x12c4d0	0x18012c4d0	.text	ascii	[]_^A\A]A^A_
0x12c4e0	0x18012c4e0	.text	ascii	UVWSH
0x12c67d	0x18012c67d	.text	ascii	h[_^]
0x12c6b5	0x18012c6b5	.text	ascii	UVWSH
0x12c6c2	0x18012c6c2	.text	ascii	)t$ H
0x12c6d9	0x18012c6d9	.text	ascii	(t$ H
0x12c6e0	0x18012c6e0	.text	ascii	8[_^]
0x12c6f0	0x18012c6f0	.text	ascii	AWAVAUATVWUSH
0x12c759	0x18012c759	.text	ascii	D$pfI
0x12c7be	0x18012c7be	.text	ascii	<Pl.L
0x12c81d	0x18012c81d	.text	ascii	L$(L9
0x12c953	0x18012c953	.text	ascii	ffff.
0x12cae2	0x18012cae2	.text	ascii	fffff.
0x12cb3a	0x18012cb3a	.text	ascii	H#D$xH
0x12ccdc	0x18012ccdc	.text	ascii	JBOH9
0x12cf2e	0x18012cf2e	.text	ascii	D$hH+
0x12d0af	0x18012d0af	.text	ascii	H#D$xH
0x12d12d	0x18012d12d	.text	ascii	L$hH)
0x12d2d3	0x18012d2d3	.text	ascii	H;L$@H
0x12d30b	0x18012d30b	.text	ascii	D$HH;
0x12d3c5	0x18012d3c5	.text	ascii	[]_^A\A]A^A_
0x12d400	0x18012d400	.text	ascii	AWAVAUATVWUSH
0x12d471	0x18012d471	.text	ascii	6fffff.
0x12d4c5	0x18012d4c5	.text	ascii	L$ L9
0x12d50e	0x18012d50e	.text	ascii	8[]_^A\A]A^A_
0x12d530	0x18012d530	.text	ascii	AWAVAUATVWUSH
0x12d549	0x18012d549	.text	ascii	>8~<`2H
0x12d5a0	0x18012d5a0	.text	ascii	5ffffff.
0x12d5f3	0x18012d5f3	.text	ascii	L$(L9
0x12d643	0x18012d643	.text	ascii	8[]_^A\A]A^A_
0x12d660	0x18012d660	.text	ascii	UAWAVATVWSH
0x12d962	0x18012d962	.text	ascii	fffff.
0x12da03	0x18012da03	.text	ascii	G@H;E
0x12daaa	0x18012daaa	.text	ascii	[_^A\A^A_]
0x12db15	0x18012db15	.text	ascii	UAWAVATVWSH
0x12db37	0x18012db37	.text	ascii	0[_^A\A^A_]
0x12db50	0x18012db50	.text	ascii	AWAVAUATVWUSH
0x12dbfd	0x18012dbfd	.text	ascii	L$(H9
0x12de87	0x18012de87	.text	ascii	gu@gl
0x12df53	0x18012df53	.text	ascii	rH;L$@w
0x12dfd1	0x18012dfd1	.text	ascii	[]_^A\A]A^A_
0x12dfe0	0x18012dfe0	.text	ascii	AWAVAUATVWUSH
0x12e0e3	0x18012e0e3	.text	ascii	H9D$hH
0x12e111	0x18012e111	.text	ascii	D$0fff.
0x12e13d	0x18012e13d	.text	ascii	L$0H9
0x12e171	0x18012e171	.text	ascii	D$PH;D$XH
0x12e24a	0x18012e24a	.text	ascii	4WnVH
0x12e30c	0x18012e30c	.text	ascii	54x}H9
0x12e466	0x18012e466	.text	ascii	H;D$XH
0x12e5fb	0x18012e5fb	.text	ascii	H;D$@H
0x12e6eb	0x18012e6eb	.text	ascii	H;D$XH
0x12e7ed	0x18012e7ed	.text	ascii	[]_^A\A]A^A_
0x12e800	0x18012e800	.text	ascii	AWAVAUATVWUSH
0x12e8ed	0x18012e8ed	.text	ascii	L$8L9
0x12e9a8	0x18012e9a8	.text	ascii	(J!uH
0x12eb0c	0x18012eb0c	.text	ascii	H;D$XH
0x12ec06	0x18012ec06	.text	ascii	D$HH#G0H
0x12ec31	0x18012ec31	.text	ascii	L$hH94
0x12ec3f	0x18012ec3f	.text	ascii	D$7H9
0x12eec4	0x18012eec4	.text	ascii	[]_^A\A]A^A_
0x12eee0	0x18012eee0	.text	ascii	AWAVAUATVWUSH
0x12ef82	0x18012ef82	.text	ascii	L$pH)
0x12effd	0x18012effd	.text	ascii	L$0L9
0x12f01e	0x18012f01e	.text	ascii	.hLH9
0x12f0f2	0x18012f0f2	.text	ascii	fffff.
0x12f176	0x18012f176	.text	ascii	L$pH)
0x12f230	0x18012f230	.text	ascii	#D$D;D$@H
0x12f2c4	0x18012f2c4	.text	ascii	[]_^A\A]A^A_
0x12f2d1	0x18012f2d1	.text	ascii	AWAVAUATVWUSH
0x12f511	0x18012f511	.text	ascii	HcT$$
0x12f51b	0x18012f51b	.text	ascii	;T$ I
0x12f574	0x18012f574	.text	ascii	0[]_^A\A]A^A_
0x12f602	0x18012f602	.text	ascii	F H;E
0x12fe61	0x18012fe61	.text	ascii	ffffff.
0x12fe84	0x18012fe84	.text	ascii	)t$0H
0x12fe95	0x18012fe95	.text	ascii	(t$0H
0x12ff00	0x18012ff00	.text	ascii	AWAVAUATVWUSH
0x12ff11	0x18012ff11	.text	ascii	)t$@H
0x12ff80	0x18012ff80	.text	ascii	.ffffff.
0x12ffcc	0x18012ffcc	.text	ascii	L$0H9
0x130013	0x180130013	.text	ascii	(t$@H
0x13001a	0x18013001a	.text	ascii	X[]_^A\A]A^A_
0x130030	0x180130030	.text	ascii	AWAVAUATVWUSH
0x130045	0x180130045	.text	ascii	)L$pD
0x13011f	0x18013011f	.text	ascii	D$(fffff.
0x13014d	0x18013014d	.text	ascii	L$(H9
0x1301c7	0x1801301c7	.text	ascii	H;D$8L
0x13025f	0x18013025f	.text	ascii	(|$PD
0x130265	0x180130265	.text	ascii	(D$`D
0x13026b	0x18013026b	.text	ascii	(L$pH
0x130276	0x180130276	.text	ascii	[]_^A\A]A^A_H
0x130290	0x180130290	.text	ascii	UAWAVATVWSH
0x130488	0x180130488	.text	ascii	[_^A\A^A_]
0x1304e5	0x1801304e5	.text	ascii	UAWAVATVWSH
0x1304fb	0x1801304fb	.text	ascii	)t$ H
0x130512	0x180130512	.text	ascii	(t$ H
0x130519	0x180130519	.text	ascii	0[_^A\A^A_]
0x130535	0x180130535	.text	ascii	UAWAVATVWSH
0x13054b	0x18013054b	.text	ascii	)t$ H
0x13056c	0x18013056c	.text	ascii	(t$ H
0x130573	0x180130573	.text	ascii	0[_^A\A^A_]
0x130580	0x180130580	.text	ascii	AWAVAUATVWUSH
0x130606	0x180130606	.text	ascii	;D$<H
0x130633	0x180130633	.text	ascii	D$(f.
0x13065d	0x18013065d	.text	ascii	L$(L9
0x130707	0x180130707	.text	ascii	;L$<H
0x130752	0x180130752	.text	ascii	H[]_^A\A]A^A_
0x130760	0x180130760	.text	ascii	AWAVAUATVWUSH
0x1307d2	0x1801307d2	.text	ascii	4ffff.
0x1307e2	0x1801307e2	.text	ascii	L$@L9
0x130824	0x180130824	.text	ascii	L$(H9
0x130886	0x180130886	.text	ascii	H[]_^A\A]A^A_
0x1308c0	0x1801308c0	.text	ascii	AWAVAUATVWUSH
0x130930	0x180130930	.text	ascii	5ffffff.
0x130983	0x180130983	.text	ascii	L$(L9
0x1309f5	0x1801309f5	.text	ascii	8[]_^A\A]A^A_
0x130a9e	0x180130a9e	.text	ascii	@_^]H
0x130b10	0x180130b10	.text	ascii	AWAVAUATVWUSH
0x130b81	0x180130b81	.text	ascii	#fffff.
0x130bc2	0x180130bc2	.text	ascii	L$ L9
0x130c1e	0x180130c1e	.text	ascii	8[]_^A\A]A^A_
0x130c40	0x180130c40	.text	ascii	AWAVAUATVWUSH
0x130cb0	0x180130cb0	.text	ascii	,ffffff.
0x130cfa	0x180130cfa	.text	ascii	L$(L9
0x130d4f	0x180130d4f	.text	ascii	8[]_^A\A]A^A_
0x130d60	0x180130d60	.text	ascii	AWAVAUATVWUSH
0x130dd0	0x180130dd0	.text	ascii	Pffffff.
0x130e3e	0x180130e3e	.text	ascii	L$(L9
0x130e51	0x180130e51	.text	ascii	Jfffff.
0x130ea2	0x180130ea2	.text	ascii	8[]_^A\A]A^A_
0x130eb0	0x180130eb0	.text	ascii	AWAVAUATVWUSH
0x130ecb	0x180130ecb	.text	ascii	]HVUH
0x130f20	0x180130f20	.text	ascii	Pffffff.
0x130f8e	0x180130f8e	.text	ascii	L$(L9
0x130fa1	0x180130fa1	.text	ascii	Jfffff.
0x130ff2	0x180130ff2	.text	ascii	8[]_^A\A]A^A_
0x13105c	0x18013105c	.text	ascii	AWAVAUATVWUSH
0x1311d4	0x1801311d4	.text	ascii	HcT$$
0x1311de	0x1801311de	.text	ascii	;T$ I
0x131302	0x180131302	.text	ascii	0[]_^A\A]A^A_
0x131551	0x180131551	.text	ascii	ffffff.
0x131590	0x180131590	.text	ascii	AWAVAUATVWUSH
0x1315a4	0x1801315a4	.text	ascii	)t$pH
0x13162b	0x18013162b	.text	ascii	L$`H)
0x13167e	0x18013167e	.text	ascii	D$0ffffff.
0x1316ad	0x1801316ad	.text	ascii	L$0H9
0x131712	0x180131712	.text	ascii	fffff.
0x1317c0	0x1801317c0	.text	ascii	L$`H)
0x1317f2	0x1801317f2	.text	ascii	dBZ#I
0x131875	0x180131875	.text	ascii	(t$pH
0x131880	0x180131880	.text	ascii	[]_^A\A]A^A_
0x131890	0x180131890	.text	ascii	AWAVAUATVWUSH
0x131900	0x180131900	.text	ascii	5ffffff.
0x131953	0x180131953	.text	ascii	L$(L9
0x1319e0	0x1801319e0	.text	ascii	8[]_^A\A]A^A_
0x1319ee	0x1801319ee	.text	ascii	AWAVAUATVWUSH
0x131a45	0x180131a45	.text	ascii	ss+0<I
0x131bb7	0x180131bb7	.text	ascii	:UiLH
0x131bd4	0x180131bd4	.text	ascii	HcT$$
0x131bde	0x180131bde	.text	ascii	;T$ I
0x131c84	0x180131c84	.text	ascii	ss+0<H9
0x131c95	0x180131c95	.text	ascii	0[]_^A\A]A^A_
0x131dd3	0x180131dd3	.text	ascii	?[`0&(z
0x132620	0x180132620	.text	ascii	AWAVAUATVWUSH
0x132c29	0x180132c29	.text	ascii	Dvi<I
0x132c42	0x180132c42	.text	ascii	D$@ff.
0x132c6d	0x180132c6d	.text	ascii	L$@L9
0x132ea6	0x180132ea6	.text	ascii	t$l;T$`H
0x1330d3	0x1801330d3	.text	ascii	'+;l$lH
0x13337a	0x18013337a	.text	ascii	;D$`H
0x133a24	0x180133a24	.text	ascii	[]_^A\A]A^A_
0x133a70	0x180133a70	.text	ascii	AWAVAUATVWUSH
0x133ae1	0x180133ae1	.text	ascii	6fffff.
0x133b35	0x180133b35	.text	ascii	L$ L9
0x133b7e	0x180133b7e	.text	ascii	8[]_^A\A]A^A_
0x133ba0	0x180133ba0	.text	ascii	AWAVAUATVWUSH
0x133c10	0x180133c10	.text	ascii	5ffffff.
0x133c63	0x180133c63	.text	ascii	L$(L9
0x133cb3	0x180133cb3	.text	ascii	8[]_^A\A]A^A_
0x133cd0	0x180133cd0	.text	ascii	AWAVAUATVWUSH
0x133d40	0x180133d40	.text	ascii	Pffffff.
0x133dae	0x180133dae	.text	ascii	L$(L9
0x133dc1	0x180133dc1	.text	ascii	Jfffff.
0x133e12	0x180133e12	.text	ascii	8[]_^A\A]A^A_
0x133e20	0x180133e20	.text	ascii	AWAVAUATVWUSH
0x133f59	0x180133f59	.text	ascii	HcT$$
0x133f63	0x180133f63	.text	ascii	;T$ I
0x1340c3	0x1801340c3	.text	ascii	0[]_^A\A]A^A_
0x1340e0	0x1801340e0	.text	ascii	UVWSH
0x134ab5	0x180134ab5	.text	ascii	UVWSH
0x134ac5	0x180134ac5	.text	ascii	)t$0H
0x134ad6	0x180134ad6	.text	ascii	(t$0H
0x134add	0x180134add	.text	ascii	H[_^]
0x134ae3	0x180134ae3	.text	ascii	ffff.
0x134af5	0x180134af5	.text	ascii	UVWSH
0x134b05	0x180134b05	.text	ascii	)t$0H
0x134c86	0x180134c86	.text	ascii	(t$0H
0x134c8d	0x180134c8d	.text	ascii	H[_^]
0x134cb3	0x180134cb3	.text	ascii	ffff.
0x134cc5	0x180134cc5	.text	ascii	UVWSH
0x134cd5	0x180134cd5	.text	ascii	)t$0H
0x134ce6	0x180134ce6	.text	ascii	(t$0H
0x134ced	0x180134ced	.text	ascii	H[_^]
0x134cf3	0x180134cf3	.text	ascii	ffff.
0x134d05	0x180134d05	.text	ascii	UVWSH
0x134d15	0x180134d15	.text	ascii	)t$0H
0x134d26	0x180134d26	.text	ascii	(t$0H
0x134d2d	0x180134d2d	.text	ascii	H[_^]
0x134d33	0x180134d33	.text	ascii	ffff.
0x134d45	0x180134d45	.text	ascii	UVWSH
0x134d55	0x180134d55	.text	ascii	)t$0H
0x134d66	0x180134d66	.text	ascii	(t$0H
0x134d6d	0x180134d6d	.text	ascii	H[_^]
0x134d80	0x180134d80	.text	ascii	AWAVAUATVWUSH
0x134e55	0x180134e55	.text	ascii	L$ L9
0x134eb4	0x180134eb4	.text	ascii	2oj/H
0x134ee5	0x180134ee5	.text	ascii	8[]_^A\A]A^A_
0x134fa0	0x180134fa0	.text	ascii	AWAVAUATVWUSH
0x1350c2	0x1801350c2	.text	ascii	L$8L9
0x135121	0x180135121	.text	ascii	H;D$HH
0x135164	0x180135164	.text	ascii	X[]_^A\A]A^A_
0x135190	0x180135190	.text	ascii	AWAVAUATVWUSH
0x135200	0x180135200	.text	ascii	5ffffff.
0x135253	0x180135253	.text	ascii	L$(L9
0x1352a3	0x1801352a3	.text	ascii	8[]_^A\A]A^A_
0x135300	0x180135300	.text	ascii	AWAVAUATVWUSH
0x135370	0x180135370	.text	ascii	5ffffff.
0x1353c3	0x1801353c3	.text	ascii	L$(L9
0x135413	0x180135413	.text	ascii	8[]_^A\A]A^A_
0x135430	0x180135430	.text	ascii	UAWAVATVWSH
0x135628	0x180135628	.text	ascii	[_^A\A^A_]
0x135685	0x180135685	.text	ascii	UAWAVATVWSH
0x13569b	0x18013569b	.text	ascii	)t$ H
0x1356b2	0x1801356b2	.text	ascii	(t$ H
0x1356b9	0x1801356b9	.text	ascii	0[_^A\A^A_]
0x1356d5	0x1801356d5	.text	ascii	UAWAVATVWSH
0x1356eb	0x1801356eb	.text	ascii	)t$ H
0x13570c	0x18013570c	.text	ascii	(t$ H
0x135713	0x180135713	.text	ascii	0[_^A\A^A_]
0x135720	0x180135720	.text	ascii	AWAVAUATVWUSH
0x1357dd	0x1801357dd	.text	ascii	L$(L9
0x13585d	0x18013585d	.text	ascii	;L$<H
0x1358a9	0x1801358a9	.text	ascii	;D$<H
0x1358f4	0x1801358f4	.text	ascii	H[]_^A\A]A^A_
0x135910	0x180135910	.text	ascii	AWAVAUATVWUSH
0x1359d3	0x1801359d3	.text	ascii	L$(H9
0x135a34	0x180135a34	.text	ascii	H[]_^A\A]A^A_
0x135a70	0x180135a70	.text	ascii	AWAVAUATVWUSH
0x135ae0	0x180135ae0	.text	ascii	5ffffff.
0x135b33	0x180135b33	.text	ascii	L$(L9
0x135ba5	0x180135ba5	.text	ascii	8[]_^A\A]A^A_
0x135c4e	0x180135c4e	.text	ascii	@_^]H
0x135cd0	0x180135cd0	.text	ascii	AWAVAUATVWUSH
0x135d40	0x180135d40	.text	ascii	,ffffff.
0x135d8a	0x180135d8a	.text	ascii	L$(L9
0x135ddf	0x180135ddf	.text	ascii	8[]_^A\A]A^A_
0x135e20	0x180135e20	.text	ascii	AWAVAUATVWUSH
0x135e52	0x180135e52	.text	ascii	Y^6*h
0x135e90	0x180135e90	.text	ascii	5ffffff.
0x135ee3	0x180135ee3	.text	ascii	L$(L9
0x135f33	0x180135f33	.text	ascii	8[]_^A\A]A^A_
0x135f50	0x180135f50	.text	ascii	UAWAVATVWSH
0x136148	0x180136148	.text	ascii	[_^A\A^A_]
0x1361a5	0x1801361a5	.text	ascii	UAWAVATVWSH
0x1361bb	0x1801361bb	.text	ascii	)t$ H
0x1361d2	0x1801361d2	.text	ascii	(t$ H
0x1361d9	0x1801361d9	.text	ascii	0[_^A\A^A_]
0x1361f5	0x1801361f5	.text	ascii	UAWAVATVWSH
0x13620b	0x18013620b	.text	ascii	)t$ H
0x13622c	0x18013622c	.text	ascii	(t$ H
0x136233	0x180136233	.text	ascii	0[_^A\A^A_]
0x136240	0x180136240	.text	ascii	AWAVAUATVWUSH
0x1362fd	0x1801362fd	.text	ascii	L$(L9
0x13637d	0x18013637d	.text	ascii	;L$<H
0x1363c9	0x1801363c9	.text	ascii	;D$<H
0x136414	0x180136414	.text	ascii	H[]_^A\A]A^A_
0x136430	0x180136430	.text	ascii	AWAVAUATVWUSH
0x1364f3	0x1801364f3	.text	ascii	L$(H9
0x136554	0x180136554	.text	ascii	H[]_^A\A]A^A_
0x136590	0x180136590	.text	ascii	AWAVAUATVWUSH
0x136600	0x180136600	.text	ascii	5ffffff.
0x136653	0x180136653	.text	ascii	L$(L9
0x1366b1	0x1801366b1	.text	ascii	rIkhH
0x1366c5	0x1801366c5	.text	ascii	8[]_^A\A]A^A_
0x13676e	0x18013676e	.text	ascii	@_^]H
0x1367f0	0x1801367f0	.text	ascii	AWAVAUATVWUSH
0x136860	0x180136860	.text	ascii	5ffffff.
0x1368b3	0x1801368b3	.text	ascii	L$(L9
0x136903	0x180136903	.text	ascii	8[]_^A\A]A^A_
0x136920	0x180136920	.text	ascii	AWAVAUATVWUSH
0x136938	0x180136938	.text	ascii	"T2AlF2H
0x136990	0x180136990	.text	ascii	Pffffff.
0x1369fe	0x1801369fe	.text	ascii	L$(L9
0x136a11	0x180136a11	.text	ascii	Jfffff.
0x136a62	0x180136a62	.text	ascii	8[]_^A\A]A^A_
0x136a70	0x180136a70	.text	ascii	AWAVAUATVWUSH
0x136a9e	0x180136a9e	.text	ascii	~0%2qGH
0x136c3c	0x180136c3c	.text	ascii	HcT$$
0x136c46	0x180136c46	.text	ascii	;T$ I
0x136d1a	0x180136d1a	.text	ascii	0[]_^A\A]A^A_
0x136d30	0x180136d30	.text	ascii	UVWSH
0x137075	0x180137075	.text	ascii	UVWSH
0x137097	0x180137097	.text	ascii	([_^]
0x1370a5	0x1801370a5	.text	ascii	UVWSH
0x1370ca	0x1801370ca	.text	ascii	([_^]
0x1370d0	0x1801370d0	.text	ascii	AWAVAUATVWUSH
0x1370f5	0x1801370f5	.text	ascii	p!#OH
0x137140	0x180137140	.text	ascii	5ffffff.
0x137193	0x180137193	.text	ascii	L$(L9
0x137220	0x180137220	.text	ascii	8[]_^A\A]A^A_
0x13722e	0x18013722e	.text	ascii	AWAVAUATVWUSH
0x137404	0x180137404	.text	ascii	HcT$$
0x13740e	0x18013740e	.text	ascii	;T$ I
0x1374d4	0x1801374d4	.text	ascii	0[]_^A\A]A^A_
0x137562	0x180137562	.text	ascii	F H;E
0x137760	0x180137760	.text	ascii	AWAVAUATVWUSH
0x137771	0x180137771	.text	ascii	)t$@H
0x1377e0	0x1801377e0	.text	ascii	.ffffff.
0x13782c	0x18013782c	.text	ascii	L$0H9
0x137873	0x180137873	.text	ascii	(t$@H
0x13787a	0x18013787a	.text	ascii	X[]_^A\A]A^A_
0x137890	0x180137890	.text	ascii	UAWAVVWSH
0x137995	0x180137995	.text	ascii	F H;E0vNI
0x137a28	0x180137a28	.text	ascii	U(L;E@
0x137bd1	0x180137bd1	.text	ascii	H;E0v0H
0x137c10	0x180137c10	.text	ascii	[_^A^A_]
0x137c33	0x180137c33	.text	ascii	ffff.
0x137c45	0x180137c45	.text	ascii	UAWAVVWSH
0x137c65	0x180137c65	.text	ascii	([_^A^A_]
0x137c70	0x180137c70	.text	ascii	AWAVAUATVWUSH
0x137d3d	0x180137d3d	.text	ascii	L$ L9
0x137db1	0x180137db1	.text	ascii	ffffff.
0x137e4b	0x180137e4b	.text	ascii	b27UB
0x137f18	0x180137f18	.text	ascii	H[]_^A\A]A^A_
0x137f30	0x180137f30	.text	ascii	AWAVAUATVWUSH
0x137f55	0x180137f55	.text	ascii	m7tIH
0x137fa0	0x180137fa0	.text	ascii	5ffffff.
0x137ff3	0x180137ff3	.text	ascii	L$(L9
0x13806d	0x18013806d	.text	ascii	8[]_^A\A]A^A_
0x1380dc	0x1801380dc	.text	ascii	AWAVAUATVWUSH
0x138205	0x180138205	.text	ascii	|@5bH
0x138235	0x180138235	.text	ascii	iy])US
0x1382a5	0x1801382a5	.text	ascii	%C/8H
0x138319	0x180138319	.text	ascii	HcT$$
0x138323	0x180138323	.text	ascii	;T$ I
0x13837c	0x18013837c	.text	ascii	0[]_^A\A]A^A_
0x138402	0x180138402	.text	ascii	F H;E
0x138600	0x180138600	.text	ascii	UAWAVVWSH
0x13883f	0x18013883f	.text	ascii	t=ffffff.
0x13903d	0x18013903d	.text	ascii	[_^A^A_]
0x139055	0x180139055	.text	ascii	UAWAVVWSH
0x139078	0x180139078	.text	ascii	8[_^A^A_]
0x139082	0x180139082	.text	ascii	fffff.
0x139095	0x180139095	.text	ascii	UAWAVVWSH
0x1390c4	0x1801390c4	.text	ascii	8[_^A^A_]
0x1390d0	0x1801390d0	.text	ascii	AWAVAUATVWUSH
0x13928d	0x18013928d	.text	ascii	L$0H9
0x1392e9	0x1801392e9	.text	ascii	.D$HH
0x1392f9	0x1801392f9	.text	ascii	{t{{-!
0x139342	0x180139342	.text	ascii	fffff.
0x139452	0x180139452	.text	ascii	d)X1m51
0x1395b3	0x1801395b3	.text	ascii	.D$HH
0x1395c3	0x1801395c3	.text	ascii	Mr|fO
0x139717	0x180139717	.text	ascii	XT$LH
0x1397eb	0x1801397eb	.text	ascii	.D$HH
0x1398ba	0x1801398ba	.text	ascii	[]_^A\A]A^A_
0x1398e0	0x1801398e0	.text	ascii	AWAVAUATVWUSH
0x1398f1	0x1801398f1	.text	ascii	)t$@H
0x139960	0x180139960	.text	ascii	)ffffff.
0x1399a7	0x1801399a7	.text	ascii	L$0H9
0x1399d6	0x1801399d6	.text	ascii	*ww}ZH
0x1399fb	0x1801399fb	.text	ascii	(t$@H
0x139a02	0x180139a02	.text	ascii	X[]_^A\A]A^A_
0x139a10	0x180139a10	.text	ascii	UAWAVVWSH
0x139b15	0x180139b15	.text	ascii	F H;E0vNI
0x139ba8	0x180139ba8	.text	ascii	U(L;E@
0x139d51	0x180139d51	.text	ascii	H;E0v0H
0x139d90	0x180139d90	.text	ascii	[_^A^A_]
0x139db3	0x180139db3	.text	ascii	ffff.
0x139dc5	0x180139dc5	.text	ascii	UAWAVVWSH
0x139de5	0x180139de5	.text	ascii	([_^A^A_]
0x139df0	0x180139df0	.text	ascii	AWAVAUATVWUSH
0x139e53	0x180139e53	.text	ascii	Vfff.
0x139ec7	0x180139ec7	.text	ascii	L$ L9
0x139f37	0x180139f37	.text	ascii	F$eH9
0x139fa4	0x180139fa4	.text	ascii	8[]_^A\A]A^A_
0x139fc0	0x180139fc0	.text	ascii	AWAVAUATVWUSH
0x13a0ad	0x18013a0ad	.text	ascii	L$ L9
0x13a15d	0x18013a15d	.text	ascii	b1([,TH
0x13a166	0x18013a166	.text	ascii	H9D$@H
0x13a221	0x18013a221	.text	ascii	ffffff.
0x13a2a2	0x18013a2a2	.text	ascii	 Od~H
0x13a2dc	0x18013a2dc	.text	ascii	D$0H;G
0x13a49e	0x18013a49e	.text	ascii	R(@fH9
0x13a4d3	0x18013a4d3	.text	ascii	[]_^A\A]A^A_
0x13a4e0	0x18013a4e0	.text	ascii	UAWAVAUATVWSH
0x13a607	0x18013a607	.text	ascii	H;] L
0x13a62a	0x18013a62a	.text	ascii	v'H;]
0x13a782	0x18013a782	.text	ascii	fffff.
0x13a7f2	0x18013a7f2	.text	ascii	fffff.
0x13a8d6	0x18013a8d6	.text	ascii	[_^A\A]A^A_]
0x13a8f5	0x18013a8f5	.text	ascii	UAWAVAUATVWSH
0x13a919	0x18013a919	.text	ascii	([_^A\A]A^A_]
0x13a950	0x18013a950	.text	ascii	AWAVAUATVWUSH
0x13aa80	0x18013aa80	.text	ascii	L$0L9
0x13ab2b	0x18013ab2b	.text	ascii	H;D$@H
0x13ab77	0x18013ab77	.text	ascii	X[]_^A\A]A^A_
0x13aba0	0x18013aba0	.text	ascii	AWAVAUATVWUSH
0x13ac10	0x18013ac10	.text	ascii	,ffffff.
0x13ac5a	0x18013ac5a	.text	ascii	L$(L9
0x13acaf	0x18013acaf	.text	ascii	8[]_^A\A]A^A_
0x13ad10	0x18013ad10	.text	ascii	AWAVAUATVWUSH
0x13ad35	0x18013ad35	.text	ascii	ej-JH
0x13ad80	0x18013ad80	.text	ascii	5ffffff.
0x13add3	0x18013add3	.text	ascii	L$(L9
0x13ae23	0x18013ae23	.text	ascii	8[]_^A\A]A^A_
0x13ae90	0x18013ae90	.text	ascii	AWAVAUATVWUSH
0x13aee3	0x18013aee3	.text	ascii	;$ts6
0x13af00	0x18013af00	.text	ascii	5ffffff.
0x13af53	0x18013af53	.text	ascii	L$(L9
0x13af95	0x18013af95	.text	ascii	?n8(H
0x13afa3	0x18013afa3	.text	ascii	8[]_^A\A]A^A_
0x13afe0	0x18013afe0	.text	ascii	AWAVAUATVWUSH
0x13b04b	0x18013b04b	.text	ascii	dDb06
0x13b051	0x18013b051	.text	ascii	6fffff.
0x13b0a5	0x18013b0a5	.text	ascii	L$ L9
0x13b0ee	0x18013b0ee	.text	ascii	8[]_^A\A]A^A_
0x13b110	0x18013b110	.text	ascii	AWAVAUATVWUSH
0x13b140	0x18013b140	.text	ascii	OgzkM
0x13b180	0x18013b180	.text	ascii	5ffffff.
0x13b1d3	0x18013b1d3	.text	ascii	L$(L9
0x13b223	0x18013b223	.text	ascii	8[]_^A\A]A^A_
0x13b240	0x18013b240	.text	ascii	AWAVAUATVWUSH
0x13b294	0x18013b294	.text	ascii	{}Ee<
0x13b2b0	0x18013b2b0	.text	ascii	5ffffff.
0x13b303	0x18013b303	.text	ascii	L$(L9
0x13b37d	0x18013b37d	.text	ascii	8[]_^A\A]A^A_
0x13b390	0x18013b390	.text	ascii	AWAVAUATVWUSH
0x13b3da	0x18013b3da	.text	ascii	mW$NRh
0x13b400	0x18013b400	.text	ascii	5ffffff.
0x13b453	0x18013b453	.text	ascii	L$(L9
0x13b4cd	0x18013b4cd	.text	ascii	8[]_^A\A]A^A_
0x13b53c	0x18013b53c	.text	ascii	AWAVAUATVWUSH
0x13b619	0x18013b619	.text	ascii	h~k(/
0x13b77c	0x18013b77c	.text	ascii	HcT$$
0x13b786	0x18013b786	.text	ascii	;T$ I
0x13b7df	0x18013b7df	.text	ascii	0[]_^A\A]A^A_
0x13b7f0	0x18013b7f0	.text	ascii	AWAVAUATVWUSH
0x13b829	0x18013b829	.text	ascii	)L$pD
0x13b839	0x18013b839	.text	ascii	)t$@H
0x13baef	0x18013baef	.text	ascii	L$0H9
0x13bb10	0x18013bb10	.text	ascii	Gffffff.
0x13bb5e	0x18013bb5e	.text	ascii	(|$PD
0x13bb64	0x18013bb64	.text	ascii	(D$`D
0x13bb6a	0x18013bb6a	.text	ascii	(L$pD
0x13bb99	0x18013bb99	.text	ascii	[]_^A\A]A^A_
0x13bc32	0x18013bc32	.text	ascii	F H;E
0x13c624	0x18013c624	.text	ascii	)t$ H
0x13c652	0x18013c652	.text	ascii	(t$ H
0x13c674	0x18013c674	.text	ascii	)t$ H
0x13c682	0x18013c682	.text	ascii	(t$ H
0x13c6a4	0x18013c6a4	.text	ascii	)t$ H
0x13c7a5	0x18013c7a5	.text	ascii	(t$ H
0x13c7d1	0x18013c7d1	.text	ascii	ffffff.
0x13c7f4	0x18013c7f4	.text	ascii	)t$ H
0x13c805	0x18013c805	.text	ascii	(t$ H
0x13c820	0x18013c820	.text	ascii	AWAVAUATVWUSH
0x13c91d	0x18013c91d	.text	ascii	L$(L9
0x13cbac	0x18013cbac	.text	ascii	g;RxH9
0x13ccb2	0x18013ccb2	.text	ascii	^LMhv
0x13ce9d	0x18013ce9d	.text	ascii	u/])y
0x13d0f2	0x18013d0f2	.text	ascii	:eR=3w
0x13d1b1	0x18013d1b1	.text	ascii	r'5H9
0x13d1c4	0x18013d1c4	.text	ascii	[]_^A\A]A^A_
0x13d1f0	0x18013d1f0	.text	ascii	AWAVAUATVWUSH
0x13d201	0x18013d201	.text	ascii	)t$@H
0x13d2bd	0x18013d2bd	.text	ascii	L$(L9
0x13d301	0x18013d301	.text	ascii	%]L9??
0x13d481	0x18013d481	.text	ascii	(t$@H
0x13d488	0x18013d488	.text	ascii	X[]_^A\A]A^A_
0x13d4a0	0x18013d4a0	.text	ascii	AWAVAUATVWUSH
0x13d4cf	0x18013d4cf	.text	ascii	YU)_H
0x13d550	0x18013d550	.text	ascii	D$ ffff.
0x13d57d	0x18013d57d	.text	ascii	L$ H9
0x13d75a	0x18013d75a	.text	ascii	H[]_^A\A]A^A_
0x13d770	0x18013d770	.text	ascii	AWAVAUATVWUSH
0x13d781	0x18013d781	.text	ascii	)t$@H
0x13d7f0	0x18013d7f0	.text	ascii	.ffffff.
0x13d83c	0x18013d83c	.text	ascii	L$0H9
0x13d883	0x18013d883	.text	ascii	(t$@H
0x13d88a	0x18013d88a	.text	ascii	X[]_^A\A]A^A_
0x13d8a0	0x18013d8a0	.text	ascii	AWAVAUATVWUSH
0x13d9bd	0x18013d9bd	.text	ascii	L$(L9
0x13daab	0x18013daab	.text	ascii	8[]_^A\A]A^A_
0x13dac0	0x18013dac0	.text	ascii	UAWAVVWSH
0x13dba2	0x18013dba2	.text	ascii	C;0&WH
0x13dbc5	0x18013dbc5	.text	ascii	F H;E0vNI
0x13dc58	0x18013dc58	.text	ascii	U(L;E@
0x13dd89	0x18013dd89	.text	ascii	;#DMH
0x13de01	0x18013de01	.text	ascii	H;E0v0H
0x13de40	0x18013de40	.text	ascii	[_^A^A_]
0x13de63	0x18013de63	.text	ascii	ffff.
0x13de75	0x18013de75	.text	ascii	UAWAVVWSH
0x13de95	0x18013de95	.text	ascii	([_^A^A_]
0x13dea0	0x18013dea0	.text	ascii	AWAVAUATVWUSH
0x13dfa6	0x18013dfa6	.text	ascii	L$(L9
0x13dfba	0x18013dfba	.text	ascii	):8Yxk
0x13e03f	0x18013e03f	.text	ascii	H9L$8I
0x13e07a	0x18013e07a	.text	ascii	(|$PD
0x13e080	0x18013e080	.text	ascii	(D$`H
0x13e087	0x18013e087	.text	ascii	x[]_^A\A]A^A_
0x13e0c0	0x18013e0c0	.text	ascii	AWAVAUATVWUSH
0x13e131	0x18013e131	.text	ascii	6fffff.
0x13e185	0x18013e185	.text	ascii	L$ L9
0x13e1ce	0x18013e1ce	.text	ascii	8[]_^A\A]A^A_
0x13e1f0	0x18013e1f0	.text	ascii	AWAVAUATVWUSH
0x13e260	0x18013e260	.text	ascii	,ffffff.
0x13e2aa	0x18013e2aa	.text	ascii	L$(L9
0x13e2ff	0x18013e2ff	.text	ascii	8[]_^A\A]A^A_
0x13e310	0x18013e310	.text	ascii	AWAVAUATVWUSH
0x13e380	0x18013e380	.text	ascii	5ffffff.
0x13e3d3	0x18013e3d3	.text	ascii	L$(L9
0x13e44d	0x18013e44d	.text	ascii	8[]_^A\A]A^A_
0x13e460	0x18013e460	.text	ascii	AWAVAUATVWUSH
0x13e4d0	0x18013e4d0	.text	ascii	5ffffff.
0x13e523	0x18013e523	.text	ascii	L$(L9
0x13e588	0x18013e588	.text	ascii	aaNy%H
0x13e59d	0x18013e59d	.text	ascii	8[]_^A\A]A^A_
0x13e618	0x18013e618	.text	ascii	AWAVAUATVWUSH
0x13e85b	0x18013e85b	.text	ascii	HcT$$
0x13e865	0x18013e865	.text	ascii	;T$ I
0x13e8be	0x18013e8be	.text	ascii	0[]_^A\A]A^A_
0x13e942	0x18013e942	.text	ascii	F H;E
0x13ef10	0x18013ef10	.text	ascii	AWAVAUATVWUSH
0x13ef21	0x18013ef21	.text	ascii	)t$@H
0x13ef90	0x18013ef90	.text	ascii	.ffffff.
0x13efdc	0x18013efdc	.text	ascii	L$0H9
0x13f023	0x18013f023	.text	ascii	(t$@H
0x13f02a	0x18013f02a	.text	ascii	X[]_^A\A]A^A_
0x13f040	0x18013f040	.text	ascii	UAWAVVWSH
0x13f145	0x18013f145	.text	ascii	F H;E0vNI
0x13f1d8	0x18013f1d8	.text	ascii	U(L;E@
0x13f381	0x18013f381	.text	ascii	H;E0v0H
0x13f3c0	0x18013f3c0	.text	ascii	[_^A^A_]
0x13f3e3	0x18013f3e3	.text	ascii	ffff.
0x13f3f5	0x18013f3f5	.text	ascii	UAWAVVWSH
0x13f415	0x18013f415	.text	ascii	([_^A^A_]
0x13f420	0x18013f420	.text	ascii	AWAVAUATVWUSH
0x13f486	0x18013f486	.text	ascii	drM7w
0x13f4e6	0x18013f4e6	.text	ascii	L$(H9
0x13f533	0x18013f533	.text	ascii	8[]_^A\A]A^A_
0x13f570	0x18013f570	.text	ascii	AWAVAUATVWUSH
0x13f5e1	0x18013f5e1	.text	ascii	#fffff.
0x13f622	0x18013f622	.text	ascii	L$ L9
0x13f67e	0x18013f67e	.text	ascii	8[]_^A\A]A^A_
0x13f6a0	0x18013f6a0	.text	ascii	AWAVAUATVWUSH
0x13f710	0x18013f710	.text	ascii	,ffffff.
0x13f75a	0x18013f75a	.text	ascii	L$(L9
0x13f7af	0x18013f7af	.text	ascii	8[]_^A\A]A^A_
0x13f7c0	0x18013f7c0	.text	ascii	AWAVAUATVWUSH
0x13f830	0x18013f830	.text	ascii	5ffffff.
0x13f883	0x18013f883	.text	ascii	L$(L9
0x13f8fd	0x18013f8fd	.text	ascii	8[]_^A\A]A^A_
0x13f910	0x18013f910	.text	ascii	AWAVAUATVWUSH
0x13f980	0x18013f980	.text	ascii	Pffffff.
0x13f9ee	0x18013f9ee	.text	ascii	L$(L9
0x13fa01	0x18013fa01	.text	ascii	Jfffff.
0x13fa52	0x18013fa52	.text	ascii	8[]_^A\A]A^A_
0x13fabc	0x18013fabc	.text	ascii	AWAVAUATVWUSH
0x13fc2f	0x18013fc2f	.text	ascii	Q*!+H
0x13fc75	0x18013fc75	.text	ascii	HcT$$
0x13fc7f	0x18013fc7f	.text	ascii	;T$ I
0x13fd5f	0x18013fd5f	.text	ascii	0[]_^A\A]A^A_
0x13fde2	0x18013fde2	.text	ascii	F H;E
0x13ff76	0x18013ff76	.text	ascii	/@3&+
0x13ffa8	0x18013ffa8	.text	ascii	{Tfzw
0x140095	0x180140095	.text	ascii	ip00aH
0x1402a3	0x1801402a3	.text	ascii	ffff.
0x140654	0x180140654	.text	ascii	)t$ H
0x140665	0x180140665	.text	ascii	(t$ H
0x1406e0	0x1801406e0	.text	ascii	AWAVAUATVWUSH
0x1406f1	0x1801406f1	.text	ascii	)t$@H
0x140760	0x180140760	.text	ascii	.ffffff.
0x1407ac	0x1801407ac	.text	ascii	L$0H9
0x1407f3	0x1801407f3	.text	ascii	(t$@H
0x1407fa	0x1801407fa	.text	ascii	X[]_^A\A]A^A_
0x140810	0x180140810	.text	ascii	AWAVAUATVWUSH
0x1408d2	0x1801408d2	.text	ascii	D$ ff.
0x1408fd	0x1801408fd	.text	ascii	L$ L9
0x140a62	0x180140a62	.text	ascii	f9hC@)
0x140aaf	0x180140aaf	.text	ascii	H[]_^A\A]A^A_
0x140ae0	0x180140ae0	.text	ascii	AWAVAUATVWUSH
0x140b51	0x180140b51	.text	ascii	#fffff.
0x140b92	0x180140b92	.text	ascii	L$ L9
0x140bee	0x180140bee	.text	ascii	8[]_^A\A]A^A_
0x140c10	0x180140c10	.text	ascii	AWAVAUATVWUSH
0x140c80	0x180140c80	.text	ascii	5ffffff.
0x140cd3	0x180140cd3	.text	ascii	L$(L9
0x140cf8	0x180140cf8	.text	ascii	=*6_H
0x140d23	0x180140d23	.text	ascii	8[]_^A\A]A^A_
0x140d40	0x180140d40	.text	ascii	AWAVAUATVWUSH
0x140db0	0x180140db0	.text	ascii	Pffffff.
0x140e1e	0x180140e1e	.text	ascii	L$(L9
0x140e31	0x180140e31	.text	ascii	Jfffff.
0x140e82	0x180140e82	.text	ascii	8[]_^A\A]A^A_
0x140e90	0x180140e90	.text	ascii	AWAVAUATVWUSH
0x140ec0	0x180140ec0	.text	ascii	~%}wD 
0x140f00	0x180140f00	.text	ascii	5ffffff.
0x140f53	0x180140f53	.text	ascii	L$(L9
0x140fcd	0x180140fcd	.text	ascii	8[]_^A\A]A^A_
0x14103c	0x18014103c	.text	ascii	AWAVAUATVWUSH
0x14110c	0x18014110c	.text	ascii	'hURjj
0x1411dd	0x1801411dd	.text	ascii	5*F{;
0x14121e	0x18014121e	.text	ascii	HcT$$
0x141228	0x180141228	.text	ascii	;T$ I
0x14128a	0x18014128a	.text	ascii	]c# qzp
0x1412df	0x1801412df	.text	ascii	0[]_^A\A]A^A_
0x1412f0	0x1801412f0	.text	ascii	UVWSH
0x141444	0x180141444	.text	ascii	H;]xv
0x1415c5	0x1801415c5	.text	ascii	UVWSH
0x1415e1	0x1801415e1	.text	ascii	([_^]
0x1415f0	0x1801415f0	.text	ascii	AWAVAUATVWUSH
0x141660	0x180141660	.text	ascii	cffffff.
0x1416e1	0x1801416e1	.text	ascii	L$(L9
0x141720	0x180141720	.text	ascii	Ej?A!
0x141742	0x180141742	.text	ascii	8[]_^A\A]A^A_
0x141750	0x180141750	.text	ascii	AWAVAUATVWUSH
0x1418c8	0x1801418c8	.text	ascii	HcT$$
0x1418d2	0x1801418d2	.text	ascii	;T$ I
0x1419c3	0x1801419c3	.text	ascii	tarsH
0x1419f6	0x1801419f6	.text	ascii	0[]_^A\A]A^A_
0x141a82	0x180141a82	.text	ascii	F H;E
0x141a9d	0x180141a9d	.text	ascii	r}vBTL
0x141bf2	0x180141bf2	.text	ascii	F H;E
0x141d62	0x180141d62	.text	ascii	F H;E
0x141e70	0x180141e70	.text	ascii	AWAVAUATVWUSH
0x141eac	0x180141eac	.text	ascii	9]e9eN
0x141f0b	0x180141f0b	.text	ascii	L$pH)
0x141f5e	0x180141f5e	.text	ascii	D$0ffffff.
0x141f8d	0x180141f8d	.text	ascii	L$0H9
0x142033	0x180142033	.text	ascii	L$pH)
0x142081	0x180142081	.text	ascii	ffffff.
0x142178	0x180142178	.text	ascii	/-n_T
0x1421ea	0x1801421ea	.text	ascii	9?(x]
0x14226e	0x18014226e	.text	ascii	[]_^A\A]A^A_
0x14228f	0x18014228f	.text	ascii	z)PL`H
0x143374	0x180143374	.text	ascii	)t$0H
0x143385	0x180143385	.text	ascii	(t$0H
0x1433a0	0x1801433a0	.text	ascii	AWAVAUATVWUSH
0x14344d	0x18014344d	.text	ascii	L$0L9
0x1434a1	0x1801434a1	.text	ascii	ffffff.
0x1434ef	0x1801434ef	.text	ascii	<)%gH9
0x143532	0x180143532	.text	ascii	fffff.
0x1435e3	0x1801435e3	.text	ascii	L$xH9
0x1436c8	0x1801436c8	.text	ascii	D$@H#
0x1436fe	0x1801436fe	.text	ascii	L$HH9
0x14370c	0x18014370c	.text	ascii	D$/H9
0x143c24	0x180143c24	.text	ascii	[]_^A\A]A^A_
0x143c70	0x180143c70	.text	ascii	AWAVAUATVWUSH
0x143d35	0x180143d35	.text	ascii	L$(H9
0x143def	0x180143def	.text	ascii	8[]_^A\A]A^A_
0x143e30	0x180143e30	.text	ascii	AWAVAUATVWUSH
0x143e57	0x180143e57	.text	ascii	Ce?EW
0x143eac	0x180143eac	.text	ascii	L$PH9
0x143efd	0x180143efd	.text	ascii	L$(H9
0x1440d4	0x1801440d4	.text	ascii	(zT0.VQ
0x144172	0x180144172	.text	ascii	chySH
0x14429f	0x18014429f	.text	ascii	H;D$HH
0x144505	0x180144505	.text	ascii	H;D$HH
0x144551	0x180144551	.text	ascii	H;D$HH
0x144597	0x180144597	.text	ascii	H;D$HH
0x1445f6	0x1801445f6	.text	ascii	2^(jL)
0x144753	0x180144753	.text	ascii	H;D$`H
0x1449c2	0x1801449c2	.text	ascii	D$8L#
0x144a87	0x180144a87	.text	ascii	8]gMBH
0x144c56	0x180144c56	.text	ascii	D$8H#F0H
0x144c90	0x180144c90	.text	ascii	H;T$P
0x144d07	0x180144d07	.text	ascii	[]_^A\A]A^A_
0x144d20	0x180144d20	.text	ascii	AWAVAUATVWUSH
0x144d31	0x180144d31	.text	ascii	)t$@H
0x144d91	0x180144d91	.text	ascii	~`=<I
0x144da0	0x180144da0	.text	ascii	.ffffff.
0x144dec	0x180144dec	.text	ascii	L$0H9
0x144e33	0x180144e33	.text	ascii	(t$@H
0x144e3a	0x180144e3a	.text	ascii	X[]_^A\A]A^A_
0x144e50	0x180144e50	.text	ascii	AWAVAUATVWUSH
0x144e61	0x180144e61	.text	ascii	)t$@H
0x144ed0	0x180144ed0	.text	ascii	.ffffff.
0x144f1c	0x180144f1c	.text	ascii	L$0H9
0x144f39	0x180144f39	.text	ascii	~p>@7H
0x144f63	0x180144f63	.text	ascii	(t$@H
0x144f6a	0x180144f6a	.text	ascii	X[]_^A\A]A^A_
0x144f80	0x180144f80	.text	ascii	AWAVAUATVWUSH
0x144f91	0x180144f91	.text	ascii	)t$@H
0x145000	0x180145000	.text	ascii	.ffffff.
0x14504c	0x18014504c	.text	ascii	L$0H9
0x14506a	0x18014506a	.text	ascii	eGPHH
0x145093	0x180145093	.text	ascii	(t$@H
0x14509a	0x18014509a	.text	ascii	X[]_^A\A]A^A_
0x1450b0	0x1801450b0	.text	ascii	AWAVAUATVWUSH
0x1450c4	0x1801450c4	.text	ascii	)t$pH
0x14519d	0x18014519d	.text	ascii	L$0H9
0x1451c6	0x1801451c6	.text	ascii	L$`H)
0x145241	0x180145241	.text	ascii	&?"4@
0x145290	0x180145290	.text	ascii	L$`H)
0x14538e	0x18014538e	.text	ascii	(t$pH
0x145399	0x180145399	.text	ascii	[]_^A\A]A^A_
0x1453b0	0x1801453b0	.text	ascii	AWAVAUATVWUSH
0x1453c2	0x1801453c2	.text	ascii	BXC5<
0x145494	0x180145494	.text	ascii	L$(H9
0x1454c8	0x1801454c8	.text	ascii	>|8`#
0x14550a	0x18014550a	.text	ascii	H[]_^A\A]A^A_
0x145520	0x180145520	.text	ascii	UAWAVVWSH
0x145625	0x180145625	.text	ascii	F H;E0vNI
0x1456b8	0x1801456b8	.text	ascii	U(L;E@
0x145861	0x180145861	.text	ascii	H;E0v0H
0x1458a0	0x1801458a0	.text	ascii	[_^A^A_]
0x1458c3	0x1801458c3	.text	ascii	ffff.
0x1458d5	0x1801458d5	.text	ascii	UAWAVVWSH
0x1458f5	0x1801458f5	.text	ascii	([_^A^A_]
0x145900	0x180145900	.text	ascii	UAWAVAUATVWSH
0x145a5d	0x180145a5d	.text	ascii	q"^8H
0x145c95	0x180145c95	.text	ascii	[_^A\A]A^A_]H
0x145d28	0x180145d28	.text	ascii	H#U@H1
0x145d3e	0x180145d3e	.text	ascii	H#E@H1
0x145d54	0x180145d54	.text	ascii	H#U@H1
0x145d6a	0x180145d6a	.text	ascii	H#E@H1
0x145d80	0x180145d80	.text	ascii	H#U@H1
0x145d9c	0x180145d9c	.text	ascii	H#E@H1
0x145de7	0x180145de7	.text	ascii	t2I;}
0x145df3	0x180145df3	.text	ascii	ffff.
0x146012	0x180146012	.text	ascii	ZAA`K9
0x14604c	0x18014604c	.text	ascii	M0H;E
0x14607d	0x18014607d	.text	ascii	H;UXL
0x1460e7	0x1801460e7	.text	ascii	E0L;u
0x146120	0x180146120	.text	ascii	u,fffff.
0x146153	0x180146153	.text	ascii	twff.
0x146372	0x180146372	.text	ascii	ect!H;A
0x146706	0x180146706	.text	ascii	[_^A\A]A^A_]
0x1467d5	0x1801467d5	.text	ascii	UAWAVAUATVWSH
0x1467ee	0x1801467ee	.text	ascii	)L$ D
0x1467fe	0x1801467fe	.text	ascii	)t$PH
0x146815	0x180146815	.text	ascii	(|$@D
0x14681b	0x18014681b	.text	ascii	(D$0D
0x146821	0x180146821	.text	ascii	(L$ H
0x146828	0x180146828	.text	ascii	h[_^A\A]A^A_]
0x146845	0x180146845	.text	ascii	UAWAVAUATVWSH
0x14685e	0x18014685e	.text	ascii	)L$ D
0x14686e	0x18014686e	.text	ascii	)t$PH
0x146884	0x180146884	.text	ascii	(|$@D
0x14688a	0x18014688a	.text	ascii	(D$0D
0x146890	0x180146890	.text	ascii	(L$ H
0x146897	0x180146897	.text	ascii	h[_^A\A]A^A_]
0x1468b0	0x1801468b0	.text	ascii	UAWAVVWSH
0x1469b5	0x1801469b5	.text	ascii	F H;E0vNI
0x146a48	0x180146a48	.text	ascii	U(L;E@
0x146a8c	0x180146a8c	.text	ascii	|Ky*H
0x146bf1	0x180146bf1	.text	ascii	H;E0v0H
0x146c30	0x180146c30	.text	ascii	[_^A^A_]
0x146c53	0x180146c53	.text	ascii	ffff.
0x146c65	0x180146c65	.text	ascii	UAWAVVWSH
0x146c85	0x180146c85	.text	ascii	([_^A^A_]
0x146c90	0x180146c90	.text	ascii	AWAVAUATVWUSH
0x146dad	0x180146dad	.text	ascii	L$0L9
0x146ddc	0x180146ddc	.text	ascii	nYYH9
0x146ebf	0x180146ebf	.text	ascii	t$D;t$\H
0x146ed6	0x180146ed6	.text	ascii	=CAuH
0x146fad	0x180146fad	.text	ascii	/]RH9
0x1472f2	0x1801472f2	.text	ascii	[]_^A\A]A^A_
0x147300	0x180147300	.text	ascii	UAWAVVWSH
0x14734d	0x18014734d	.text	ascii	>pKEj
0x147405	0x180147405	.text	ascii	F H;E0vNI
0x147498	0x180147498	.text	ascii	U(L;E@
0x147641	0x180147641	.text	ascii	H;E0v0H
0x147680	0x180147680	.text	ascii	[_^A^A_]
0x1476a3	0x1801476a3	.text	ascii	ffff.
0x1476b5	0x1801476b5	.text	ascii	UAWAVVWSH
0x1476d5	0x1801476d5	.text	ascii	([_^A^A_]
0x1476e0	0x1801476e0	.text	ascii	AWAVAUATVWUSH
0x1476f5	0x1801476f5	.text	ascii	)L$pD
0x147730	0x180147730	.text	ascii	(?K4H
0x1477ce	0x1801477ce	.text	ascii	D$(ffffff.
0x1477fd	0x1801477fd	.text	ascii	L$(H9
0x147851	0x180147851	.text	ascii	ffffff.
0x1478c1	0x1801478c1	.text	ascii	H;D$8H
0x147910	0x180147910	.text	ascii	(|$PD
0x147916	0x180147916	.text	ascii	(D$`D
0x14791c	0x18014791c	.text	ascii	(L$pH
0x147927	0x180147927	.text	ascii	[]_^A\A]A^A_
0x147940	0x180147940	.text	ascii	AWAVAUATVWUSH
0x1479cc	0x1801479cc	.text	ascii	;D$4H
0x147a1d	0x180147a1d	.text	ascii	L$ H9
0x147a91	0x180147a91	.text	ascii	ffffff.
0x147be4	0x180147be4	.text	ascii	8[]_^A\A]A^A_
0x147c20	0x180147c20	.text	ascii	AWAVAUATVWUSH
0x147c91	0x180147c91	.text	ascii	#fffff.
0x147cd2	0x180147cd2	.text	ascii	L$ L9
0x147d20	0x180147d20	.text	ascii	6fi-H
0x147d2e	0x180147d2e	.text	ascii	8[]_^A\A]A^A_
0x147d50	0x180147d50	.text	ascii	AWAVAUATVWUSH
0x147dc0	0x180147dc0	.text	ascii	5ffffff.
0x147e13	0x180147e13	.text	ascii	L$(L9
0x147e55	0x180147e55	.text	ascii	s !yH
0x147e63	0x180147e63	.text	ascii	8[]_^A\A]A^A_
0x147e80	0x180147e80	.text	ascii	AWAVAUATVWUSH
0x147ef0	0x180147ef0	.text	ascii	Pffffff.
0x147f5e	0x180147f5e	.text	ascii	L$(L9
0x147f71	0x180147f71	.text	ascii	Jfffff.
0x147fc2	0x180147fc2	.text	ascii	8[]_^A\A]A^A_
0x147fd0	0x180147fd0	.text	ascii	AWAVAUATVWUSH
0x148040	0x180148040	.text	ascii	5ffffff.
0x148093	0x180148093	.text	ascii	L$(L9
0x14810d	0x18014810d	.text	ascii	8[]_^A\A]A^A_
0x148120	0x180148120	.text	ascii	AWAVAUATVWUSH
0x148190	0x180148190	.text	ascii	5ffffff.
0x1481e3	0x1801481e3	.text	ascii	L$(L9
0x14825d	0x18014825d	.text	ascii	8[]_^A\A]A^A_
0x148270	0x180148270	.text	ascii	AWAVAUATVWUSH
0x1482a3	0x1801482a3	.text	ascii	9(d8DH
0x1482e0	0x1801482e0	.text	ascii	Pffffff.
0x14834e	0x18014834e	.text	ascii	L$(L9
0x148361	0x180148361	.text	ascii	Jfffff.
0x1483b2	0x1801483b2	.text	ascii	8[]_^A\A]A^A_
0x14847d	0x18014847d	.text	ascii	<Z<GH
0x148621	0x180148621	.text	ascii	ffffff.
0x148650	0x180148650	.text	ascii	(t$ H
0x14865c	0x18014865c	.text	ascii	AWAVAUATVWUSH
0x148795	0x180148795	.text	ascii	HcT$$
0x14879f	0x18014879f	.text	ascii	;T$ I
0x1488ff	0x1801488ff	.text	ascii	0[]_^A\A]A^A_
0x148e70	0x180148e70	.text	ascii	AWAVAUATVWUSH
0x148f55	0x180148f55	.text	ascii	L$(H9
0x149065	0x180149065	.text	ascii	H[]_^A\A]A^A_
0x1490e0	0x1801490e0	.text	ascii	AWAVAUATVWUSH
0x149151	0x180149151	.text	ascii	#fffff.
0x149192	0x180149192	.text	ascii	L$ L9
0x1491ee	0x1801491ee	.text	ascii	8[]_^A\A]A^A_
0x149210	0x180149210	.text	ascii	AWAVAUATVWUSH
0x149280	0x180149280	.text	ascii	,ffffff.
0x1492ca	0x1801492ca	.text	ascii	L$(L9
0x14931f	0x18014931f	.text	ascii	8[]_^A\A]A^A_
0x149330	0x180149330	.text	ascii	AWAVAUATVWUSH
0x14938d	0x18014938d	.text	ascii	{}^Gv
0x1493a0	0x1801493a0	.text	ascii	5ffffff.
0x1493f3	0x1801493f3	.text	ascii	L$(L9
0x14946d	0x18014946d	.text	ascii	8[]_^A\A]A^A_
0x14947b	0x18014947b	.text	ascii	AWAVAUATVWUSH
0x149586	0x180149586	.text	ascii	/?8H9
0x149673	0x180149673	.text	ascii	V?d H
0x149689	0x180149689	.text	ascii	HcT$$
0x149693	0x180149693	.text	ascii	;T$ I
0x149721	0x180149721	.text	ascii	0[]_^A\A]A^A_
0x149992	0x180149992	.text	ascii	fffff.
0x1499d0	0x1801499d0	.text	ascii	UAWAVAUATVWSH
0x149c6a	0x180149c6a	.text	ascii	@?[zUlH
0x149c83	0x180149c83	.text	ascii	[_^A\A]A^A_]
0x149cb5	0x180149cb5	.text	ascii	UAWAVAUATVWSH
0x149cd9	0x180149cd9	.text	ascii	([_^A\A]A^A_]
0x149cf0	0x180149cf0	.text	ascii	AWAVAUATVWUSH
0x149d72	0x180149d72	.text	ascii	;L$DH
0x149d9f	0x180149d9f	.text	ascii	D$0fffff.
0x149dcd	0x180149dcd	.text	ascii	L$0H9
0x149e56	0x180149e56	.text	ascii	GPjKdH
0x149e89	0x180149e89	.text	ascii	hS#H9
0x149ee0	0x180149ee0	.text	ascii	tVs%V
0x14a466	0x18014a466	.text	ascii	[]_^A\A]A^A_
0x14a480	0x18014a480	.text	ascii	AWAVAUATVWUSH
0x14a58d	0x18014a58d	.text	ascii	L$0H9
0x14a666	0x18014a666	.text	ascii	D$XH;D$@H
0x14a7c3	0x18014a7c3	.text	ascii	[]_^A\A]A^A_
0x14a7d0	0x18014a7d0	.text	ascii	AWAVAUATVWUSH
0x14a844	0x18014a844	.text	ascii	D$8H9
0x14a873	0x18014a873	.text	ascii	D$(f.
0x14a89d	0x18014a89d	.text	ascii	L$(L9
0x14a910	0x18014a910	.text	ascii	H;D$8v
0x14a973	0x18014a973	.text	ascii	H;T$8v
0x14a9d8	0x18014a9d8	.text	ascii	X[]_^A\A]A^A_
0x14aa10	0x18014aa10	.text	ascii	AWAVAUATVWUSH
0x14aa5a	0x18014aa5a	.text	ascii	6p^+Xd
0x14aa81	0x18014aa81	.text	ascii	6fffff.
0x14aad5	0x18014aad5	.text	ascii	L$ L9
0x14ab1e	0x18014ab1e	.text	ascii	8[]_^A\A]A^A_
0x14ab40	0x18014ab40	.text	ascii	AWAVAUATVWUSH
0x14abb0	0x18014abb0	.text	ascii	5ffffff.
0x14ac03	0x18014ac03	.text	ascii	L$(L9
0x14ac53	0x18014ac53	.text	ascii	8[]_^A\A]A^A_
0x14ac90	0x18014ac90	.text	ascii	AWAVAUATVWUSH
0x14ad01	0x18014ad01	.text	ascii	#fffff.
0x14ad42	0x18014ad42	.text	ascii	L$ L9
0x14ad9e	0x18014ad9e	.text	ascii	8[]_^A\A]A^A_
0x14adc0	0x18014adc0	.text	ascii	AWAVAUATVWUSH
0x14ae30	0x18014ae30	.text	ascii	5ffffff.
0x14ae83	0x18014ae83	.text	ascii	L$(L9
0x14aed3	0x18014aed3	.text	ascii	8[]_^A\A]A^A_
0x14aef0	0x18014aef0	.text	ascii	AWAVAUATVWUSH
0x14afb1	0x18014afb1	.text	ascii	#D$<;D$8H
0x14afe2	0x18014afe2	.text	ascii	D$(ff.
0x14b00d	0x18014b00d	.text	ascii	L$(L9
0x14b0a2	0x18014b0a2	.text	ascii	D$XH;D$@H
0x14b328	0x18014b328	.text	ascii	[]_^A\A]A^A_
0x14b335	0x18014b335	.text	ascii	AWAVAUATVWUSH
0x14b55d	0x18014b55d	.text	ascii	QTXB0
0x14b575	0x18014b575	.text	ascii	HcT$$
0x14b57f	0x18014b57f	.text	ascii	;T$ I
0x14b5d8	0x18014b5d8	.text	ascii	0[]_^A\A]A^A_
0x14bb54	0x18014bb54	.text	ascii	)t$0H
0x14bb65	0x18014bb65	.text	ascii	(t$0H
0x14bbb0	0x18014bbb0	.text	ascii	AWAVAUATVWUSH
0x14bc0b	0x18014bc0b	.text	ascii	{gY|0
0x14bc36	0x18014bc36	.text	ascii	{gY|0
0x14bc53	0x18014bc53	.text	ascii	H9D$XH
0x14bc90	0x18014bc90	.text	ascii	t$pffff.
0x14bcbd	0x18014bcbd	.text	ascii	L$8L9
0x14be10	0x18014be10	.text	ascii	{gY|0
0x14bfa2	0x18014bfa2	.text	ascii	H;D$`H
0x14c104	0x18014c104	.text	ascii	D$XH;D$`H
0x14c12b	0x18014c12b	.text	ascii	ugIdW
0x14c256	0x18014c256	.text	ascii	[]_^A\A]A^A_
0x14c2f0	0x18014c2f0	.text	ascii	AWAVAUATVWUSH
0x14c361	0x18014c361	.text	ascii	6fffff.
0x14c3b5	0x18014c3b5	.text	ascii	L$ L9
0x14c3fe	0x18014c3fe	.text	ascii	8[]_^A\A]A^A_
0x14c420	0x18014c420	.text	ascii	AWAVAUATVWUSH
0x14c490	0x18014c490	.text	ascii	5ffffff.
0x14c4e3	0x18014c4e3	.text	ascii	L$(L9
0x14c533	0x18014c533	.text	ascii	8[]_^A\A]A^A_
0x14c550	0x18014c550	.text	ascii	AWAVAUATVWUSH
0x14c5c0	0x18014c5c0	.text	ascii	5ffffff.
0x14c613	0x18014c613	.text	ascii	L$(L9
0x14c68d	0x18014c68d	.text	ascii	8[]_^A\A]A^A_
0x14c69b	0x18014c69b	.text	ascii	AWAVAUATVWUSH
0x14c8af	0x18014c8af	.text	ascii	(,wYmzmH
0x14c8db	0x18014c8db	.text	ascii	HcT$$
0x14c8e5	0x18014c8e5	.text	ascii	;T$ I
0x14c93e	0x18014c93e	.text	ascii	0[]_^A\A]A^A_
0x14c950	0x18014c950	.text	ascii	UVWSH
0x14ca81	0x18014ca81	.text	ascii	H;Mpt_I
0x14cada	0x18014cada	.text	ascii	H;]xv
0x14cc45	0x18014cc45	.text	ascii	UVWSH
0x14cc61	0x18014cc61	.text	ascii	([_^]
0x14cc70	0x18014cc70	.text	ascii	AWAVAUATVWUSH
0x14cce0	0x18014cce0	.text	ascii	cffffff.
0x14cd61	0x18014cd61	.text	ascii	L$(L9
0x14cdc2	0x18014cdc2	.text	ascii	8[]_^A\A]A^A_
0x14cdd0	0x18014cdd0	.text	ascii	AWAVAUATVWUSH
0x14ce8d	0x18014ce8d	.text	ascii	#W&r,
0x14cfdf	0x18014cfdf	.text	ascii	HcT$$
0x14cfe9	0x18014cfe9	.text	ascii	;T$ I
0x14d077	0x18014d077	.text	ascii	0[]_^A\A]A^A_
0x14d360	0x18014d360	.text	ascii	AWAVAUATVWUSH
0x14d371	0x18014d371	.text	ascii	)t$0H
0x14d433	0x18014d433	.text	ascii	L$ H9
0x14d4ec	0x18014d4ec	.text	ascii	(t$0H
0x14d4f3	0x18014d4f3	.text	ascii	H[]_^A\A]A^A_
0x14d510	0x18014d510	.text	ascii	AWAVAUATVWUSH
0x14d580	0x18014d580	.text	ascii	Pffffff.
0x14d5ee	0x18014d5ee	.text	ascii	L$(L9
0x14d601	0x18014d601	.text	ascii	Jfffff.
0x14d652	0x18014d652	.text	ascii	8[]_^A\A]A^A_
0x14d6bc	0x18014d6bc	.text	ascii	AWAVAUATVWUSH
0x14d866	0x18014d866	.text	ascii	HcT$$
0x14d870	0x18014d870	.text	ascii	;T$ I
0x14d95f	0x18014d95f	.text	ascii	0[]_^A\A]A^A_
0x14d970	0x18014d970	.text	ascii	UAVVWSH
0x14d9c3	0x18014d9c3	.text	ascii	m6<(H
0x14daf1	0x18014daf1	.text	ascii	L;upv
0x14db3d	0x18014db3d	.text	ascii	B(i5`
0x14dc4c	0x18014dc4c	.text	ascii	[_^A^]
0x14dc53	0x18014dc53	.text	ascii	ffff.
0x14dc65	0x18014dc65	.text	ascii	UAVVWSH
0x14dc83	0x18014dc83	.text	ascii	0[_^A^]
0x14dc90	0x18014dc90	.text	ascii	AWAVAUATVWUSH
0x14dd00	0x18014dd00	.text	ascii	cffffff.
0x14dd81	0x18014dd81	.text	ascii	L$(L9
0x14dde2	0x18014dde2	.text	ascii	8[]_^A\A]A^A_
0x14ddf0	0x18014ddf0	.text	ascii	AWAVAUATVWUSH
0x14df91	0x18014df91	.text	ascii	HcT$$
0x14df9b	0x18014df9b	.text	ascii	;T$ I
0x14e096	0x18014e096	.text	ascii	0[]_^A\A]A^A_
0x14e0b0	0x18014e0b0	.text	ascii	AWAVAUATVWUSH
0x14e117	0x18014e117	.text	ascii	n>=3E
0x14e159	0x18014e159	.text	ascii	L$XH)
0x14e15f	0x18014e15f	.text	ascii	H;L$HH
0x14e1ad	0x18014e1ad	.text	ascii	L$0H9
0x14e1fe	0x18014e1fe	.text	ascii	L$XH)
0x14e204	0x18014e204	.text	ascii	H;L$HH
0x14e338	0x18014e338	.text	ascii	Fo6hH
0x14e405	0x18014e405	.text	ascii	H;D$`H
0x14e56d	0x18014e56d	.text	ascii	H;D$`H
0x14e5c9	0x18014e5c9	.text	ascii	nvTH9
0x14e5da	0x18014e5da	.text	ascii	n>=3E
0x14e614	0x18014e614	.text	ascii	[]_^A\A]A^A_
0x14f062	0x18014f062	.text	ascii	'ffff.
0x14fa7e	0x18014fa7e	.text	ascii	(t$ H
0x14fabe	0x18014fabe	.text	ascii	(t$ H
0x14fafe	0x18014fafe	.text	ascii	(t$ H
0x14fb3e	0x18014fb3e	.text	ascii	(t$ H
0x14fb7e	0x18014fb7e	.text	ascii	(t$ H
0x14fbbe	0x18014fbbe	.text	ascii	(t$ H
0x14fbe4	0x18014fbe4	.text	ascii	)t$ H
0x14fbf5	0x18014fbf5	.text	ascii	(t$ H
0x14fc01	0x18014fc01	.text	ascii	ffffff.
0x14fc24	0x18014fc24	.text	ascii	)t$ H
0x14fc35	0x18014fc35	.text	ascii	(t$ H
0x14fc41	0x18014fc41	.text	ascii	ffffff.
0x14fc64	0x18014fc64	.text	ascii	)t$ H
0x14fc75	0x18014fc75	.text	ascii	(t$ H
0x14fc81	0x18014fc81	.text	ascii	ffffff.
0x14fca4	0x18014fca4	.text	ascii	)t$ H
0x14fcb5	0x18014fcb5	.text	ascii	(t$ H
0x14fcc1	0x18014fcc1	.text	ascii	ffffff.
0x14fce4	0x18014fce4	.text	ascii	)t$ H
0x14fcf5	0x18014fcf5	.text	ascii	(t$ H
0x14fd01	0x18014fd01	.text	ascii	ffffff.
0x14fd24	0x18014fd24	.text	ascii	)t$ H
0x14fd35	0x18014fd35	.text	ascii	(t$ H
0x14fd41	0x18014fd41	.text	ascii	ffffff.
0x14fd64	0x18014fd64	.text	ascii	)t$ H
0x14fd75	0x18014fd75	.text	ascii	(t$ H
0x14fda0	0x18014fda0	.text	ascii	AWAVAUATVWUSH
0x14fde1	0x18014fde1	.text	ascii	Q75.Y
0x14fe6d	0x18014fe6d	.text	ascii	L$ H9
0x14ff8a	0x18014ff8a	.text	ascii	l$@L+
0x14fff1	0x18014fff1	.text	ascii	ffffff.
0x1500b2	0x1801500b2	.text	ascii	fffff.
0x15048d	0x18015048d	.text	ascii	\r=>f
0x1504f8	0x1801504f8	.text	ascii	Q75.Y
0x15062a	0x18015062a	.text	ascii	D$@H;
0x150c3e	0x180150c3e	.text	ascii	~%aXH
0x150e9a	0x180150e9a	.text	ascii	H9D$@H
0x150ed4	0x180150ed4	.text	ascii	H9D$@H
0x150f24	0x180150f24	.text	ascii	[]_^A\A]A^A_
0x150f40	0x180150f40	.text	ascii	AWAVAUATVWUSH
0x15100d	0x18015100d	.text	ascii	L$0L9
0x15112f	0x18015112f	.text	ascii	H;L$Xt
0x15118d	0x18015118d	.text	ascii	${KH9
0x1511e2	0x1801511e2	.text	ascii	fffff.
0x151277	0x180151277	.text	ascii	+eH%H9
0x1512b5	0x1801512b5	.text	ascii	H9L$Hw
0x151373	0x180151373	.text	ascii	H;t$@w
0x15137e	0x18015137e	.text	ascii	`1_4!]H
0x1513cc	0x1801513cc	.text	ascii	b!H9L$Hr
0x151500	0x180151500	.text	ascii	6YBBKF
0x1515d2	0x1801515d2	.text	ascii	YH;L$Xt
0x151676	0x180151676	.text	ascii	.H;L$@w
0x1516bf	0x1801516bf	.text	ascii	.H;L$@v
0x151768	0x180151768	.text	ascii	[]_^A\A]A^A_
0x151810	0x180151810	.text	ascii	AWAVAUATVWUSH
0x151880	0x180151880	.text	ascii	5ffffff.
0x1518d3	0x1801518d3	.text	ascii	L$(L9
0x151923	0x180151923	.text	ascii	8[]_^A\A]A^A_
0x151940	0x180151940	.text	ascii	AWAVAUATVWUSH
0x151961	0x180151961	.text	ascii	:@z,#
0x1519b0	0x1801519b0	.text	ascii	5ffffff.
0x151a03	0x180151a03	.text	ascii	L$(L9
0x151acf	0x180151acf	.text	ascii	8[]_^A\A]A^A_
0x151b55	0x180151b55	.text	ascii	(t$ H
0x151b62	0x180151b62	.text	ascii	AWAVAUATVWUSH
0x151c81	0x180151c81	.text	ascii	HcT$$
0x151c8b	0x180151c8b	.text	ascii	;T$ I
0x151e08	0x180151e08	.text	ascii	0[]_^A\A]A^A_
0x152050	0x180152050	.text	ascii	AWAVAUATVWUSH
0x15210d	0x18015210d	.text	ascii	L$0L9
0x1521e7	0x1801521e7	.text	ascii	:D$/H
0x152316	0x180152316	.text	ascii	X[]_^A\A]A^A_
0x152330	0x180152330	.text	ascii	AWAVAUATVWUSH
0x152397	0x180152397	.text	ascii	pj}A8
0x1523fd	0x1801523fd	.text	ascii	L$(H9
0x1524e5	0x1801524e5	.text	ascii	H[]_^A\A]A^A_
0x152520	0x180152520	.text	ascii	AWAVAUATVWUSH
0x152591	0x180152591	.text	ascii	#fffff.
0x1525d2	0x1801525d2	.text	ascii	L$ L9
0x152601	0x180152601	.text	ascii	hLek(
0x15262e	0x18015262e	.text	ascii	8[]_^A\A]A^A_
0x152650	0x180152650	.text	ascii	AWAVAUATVWUSH
0x152680	0x180152680	.text	ascii	tAl,5
0x1526c0	0x1801526c0	.text	ascii	,ffffff.
0x15270a	0x18015270a	.text	ascii	L$(L9
0x15275f	0x18015275f	.text	ascii	8[]_^A\A]A^A_
0x152770	0x180152770	.text	ascii	AWAVAUATVWUSH
0x1527e0	0x1801527e0	.text	ascii	Pffffff.
0x15284e	0x18015284e	.text	ascii	L$(L9
0x152861	0x180152861	.text	ascii	Jfffff.
0x1528b2	0x1801528b2	.text	ascii	8[]_^A\A]A^A_
0x1528c0	0x1801528c0	.text	ascii	AWAVAUATVWUSH
0x15298e	0x18015298e	.text	ascii	HcT$$
0x152998	0x180152998	.text	ascii	;T$ I
0x152a67	0x180152a67	.text	ascii	*NrrH
0x152b66	0x180152b66	.text	ascii	0[]_^A\A]A^A_
0x153af3	0x180153af3	.text	ascii	ffff.
0x153b14	0x180153b14	.text	ascii	)t$0H
0x153b25	0x180153b25	.text	ascii	(t$0H
0x153b31	0x180153b31	.text	ascii	ffffff.
0x153b54	0x180153b54	.text	ascii	)t$0H
0x153cd5	0x180153cd5	.text	ascii	(t$0H
0x153d01	0x180153d01	.text	ascii	ffffff.
0x153d24	0x180153d24	.text	ascii	)t$0H
0x153d4d	0x180153d4d	.text	ascii	(t$0H
0x153d74	0x180153d74	.text	ascii	)t$0H
0x153d85	0x180153d85	.text	ascii	(t$0H
0x153d91	0x180153d91	.text	ascii	ffffff.
0x153db4	0x180153db4	.text	ascii	)t$0H
0x153dc5	0x180153dc5	.text	ascii	(t$0H
0x153de0	0x180153de0	.text	ascii	AWAVAUATVWUSH
0x153f9d	0x180153f9d	.text	ascii	L$8L9
0x154051	0x180154051	.text	ascii	ffffff.
0x15414f	0x18015414f	.text	ascii	ga8H9
0x154279	0x180154279	.text	ascii	@^ry<~mH9
0x15447f	0x18015447f	.text	ascii	.D$PH
0x154573	0x180154573	.text	ascii	hh<-H
0x154603	0x180154603	.text	ascii	H;D$`H
0x15463c	0x18015463c	.text	ascii	@^ry<~mH9
0x15467c	0x18015467c	.text	ascii	.D$LH
0x1546e9	0x1801546e9	.text	ascii	P?bH9
0x15483d	0x18015483d	.text	ascii	H;D$`H
0x154d26	0x180154d26	.text	ascii	AVC^mH
0x154dbc	0x180154dbc	.text	ascii	H;L$`H
0x154ecb	0x180154ecb	.text	ascii	_{HeH
0x154f72	0x180154f72	.text	ascii	T$`M9
0x154fd1	0x180154fd1	.text	ascii	C"GNI
0x155049	0x180155049	.text	ascii	jN;D$|H
0x155150	0x180155150	.text	ascii	YD$XH
0x155441	0x180155441	.text	ascii	\D$$I
0x1554a9	0x1801554a9	.text	ascii	.D$LH
0x1555ed	0x1801555ed	.text	ascii	tc[rI
0x1556bb	0x1801556bb	.text	ascii	.l8C-@
0x15572e	0x18015572e	.text	ascii	D$pH;
0x1558c4	0x1801558c4	.text	ascii	jN;D$|H
0x155978	0x180155978	.text	ascii	ktNXj
0x155c7a	0x180155c7a	.text	ascii	#j];H
0x155ece	0x180155ece	.text	ascii	[]_^A\A]A^A_
0x155ee0	0x180155ee0	.text	ascii	AWAVAUATVWUSH
0x155f9d	0x180155f9d	.text	ascii	L$(L9
0x156042	0x180156042	.text	ascii	fffff.
0x1560f2	0x1801560f2	.text	ascii	fffff.
0x1562e5	0x1801562e5	.text	ascii	<H;D$8H
0x156410	0x180156410	.text	ascii	L$PH)
0x1564ae	0x1801564ae	.text	ascii	H9D$@H
0x1564bf	0x1801564bf	.text	ascii	WsA=zH
0x15655c	0x18015655c	.text	ascii	H;L$8H
0x156604	0x180156604	.text	ascii	)g1H9
0x156633	0x180156633	.text	ascii	[]_^A\A]A^A_
0x1567c2	0x1801567c2	.text	ascii	fffff.
0x1567f0	0x1801567f0	.text	ascii	UAVVWSH
0x156a9c	0x180156a9c	.text	ascii	H;E0v4H
0x156b5d	0x180156b5d	.text	ascii	H;E0v1H
0x156b9b	0x180156b9b	.text	ascii	[_^A^]
0x156bc5	0x180156bc5	.text	ascii	UAVVWSH
0x156bec	0x180156bec	.text	ascii	0[_^A^]
0x156c00	0x180156c00	.text	ascii	AWAVAUATVWUSH
0x156d73	0x180156d73	.text	ascii	D$0f.
0x156d9d	0x180156d9d	.text	ascii	L$0L9
0x156f3d	0x180156f3d	.text	ascii	L$`H)
0x156f43	0x180156f43	.text	ascii	H;L$XH
0x15708d	0x18015708d	.text	ascii	H;D$PH
0x1570ec	0x1801570ec	.text	ascii	L$`H)
0x1570f2	0x1801570f2	.text	ascii	H;L$XH
0x1571ca	0x1801571ca	.text	ascii	H;D$PH
0x1571f2	0x1801571f2	.text	ascii	pcA%H
0x15732d	0x18015732d	.text	ascii	[]_^A\A]A^A_H
0x157340	0x180157340	.text	ascii	AWAVAUATVWUSH
0x1573e3	0x1801573e3	.text	ascii	D$(f.
0x15740d	0x18015740d	.text	ascii	L$(H9
0x1574fd	0x1801574fd	.text	ascii	D$HH;D$8H
0x157676	0x180157676	.text	ascii	x[]_^A\A]A^A_
0x157690	0x180157690	.text	ascii	UAWAVAUATVWSH
0x157800	0x180157800	.text	ascii	J}]kH
0x157b6f	0x180157b6f	.text	ascii	[_^A\A]A^A_]
0x157ba3	0x180157ba3	.text	ascii	[_^A\A]A^A_]
0x157bd5	0x180157bd5	.text	ascii	UAWAVAUATVWSH
0x157bf1	0x180157bf1	.text	ascii	)\$ D
0x157bf7	0x180157bf7	.text	ascii	)T$0D
0x157bfd	0x180157bfd	.text	ascii	)L$@D
0x157c0d	0x180157c0d	.text	ascii	)t$pH
0x157c20	0x180157c20	.text	ascii	(|$`D
0x157c26	0x180157c26	.text	ascii	(D$PD
0x157c2c	0x180157c2c	.text	ascii	(L$@D
0x157c32	0x180157c32	.text	ascii	(T$0D
0x157c38	0x180157c38	.text	ascii	(\$ H
0x157c43	0x180157c43	.text	ascii	[_^A\A]A^A_]
0x157c50	0x180157c50	.text	ascii	AWAVAUATVWUSH
0x157c64	0x180157c64	.text	ascii	)t$pH
0x157d2d	0x180157d2d	.text	ascii	L$0H9
0x157d6d	0x180157d6d	.text	ascii	L$`H)
0x157db8	0x180157db8	.text	ascii	>W6kn
0x157e70	0x180157e70	.text	ascii	L$`H)
0x157f25	0x180157f25	.text	ascii	(t$pH
0x157f30	0x180157f30	.text	ascii	[]_^A\A]A^A_
0x157f90	0x180157f90	.text	ascii	AWAVAUATVWUSH
0x158000	0x180158000	.text	ascii	,ffffff.
0x15804a	0x18015804a	.text	ascii	L$(L9
0x15809f	0x18015809f	.text	ascii	8[]_^A\A]A^A_
0x1580e0	0x1801580e0	.text	ascii	AWAVAUATVWUSH
0x158150	0x180158150	.text	ascii	5ffffff.
0x158169	0x180158169	.text	ascii	u2'v`
0x1581a3	0x1801581a3	.text	ascii	L$(L9
0x1581f3	0x1801581f3	.text	ascii	8[]_^A\A]A^A_
0x158210	0x180158210	.text	ascii	UAWAVATVWSH
0x158408	0x180158408	.text	ascii	[_^A\A^A_]
0x158465	0x180158465	.text	ascii	UAWAVATVWSH
0x15847b	0x18015847b	.text	ascii	)t$ H
0x158492	0x180158492	.text	ascii	(t$ H
0x158499	0x180158499	.text	ascii	0[_^A\A^A_]
0x1584b5	0x1801584b5	.text	ascii	UAWAVATVWSH
0x1584cb	0x1801584cb	.text	ascii	)t$ H
0x1584ec	0x1801584ec	.text	ascii	(t$ H
0x1584f3	0x1801584f3	.text	ascii	0[_^A\A^A_]
0x158500	0x180158500	.text	ascii	AWAVAUATVWUSH
0x1585dd	0x1801585dd	.text	ascii	L$(L9
0x158641	0x180158641	.text	ascii	;D$<H
0x158685	0x180158685	.text	ascii	;L$<H
0x1586d0	0x1801586d0	.text	ascii	H[]_^A\A]A^A_
0x1586e0	0x1801586e0	.text	ascii	AWAVAUATVWUSH
0x1587a3	0x1801587a3	.text	ascii	L$(H9
0x158804	0x180158804	.text	ascii	H[]_^A\A]A^A_
0x158840	0x180158840	.text	ascii	AWAVAUATVWUSH
0x1588b0	0x1801588b0	.text	ascii	Hffffff.
0x158916	0x180158916	.text	ascii	L$(L9
0x158972	0x180158972	.text	ascii	8[]_^A\A]A^A_
0x158a0e	0x180158a0e	.text	ascii	@_^]H
0x158a90	0x180158a90	.text	ascii	AWAVAUATVWUSH
0x158b00	0x180158b00	.text	ascii	,ffffff.
0x158b4a	0x180158b4a	.text	ascii	L$(L9
0x158b9f	0x180158b9f	.text	ascii	8[]_^A\A]A^A_
0x158bb0	0x180158bb0	.text	ascii	AWAVAUATVWUSH
0x158c5c	0x180158c5c	.text	ascii	t$HL+t$@H
0x158cfd	0x180158cfd	.text	ascii	L$(L9
0x158d92	0x180158d92	.text	ascii	fffff.
0x158e3b	0x180158e3b	.text	ascii	2fv%H
0x158e51	0x180158e51	.text	ascii	ffffff.
0x1590c4	0x1801590c4	.text	ascii	D$@L+D$HH
0x15912f	0x18015912f	.text	ascii	ithH9
0x159162	0x180159162	.text	ascii	H9D$xH
0x1591ba	0x1801591ba	.text	ascii	6a9,S
0x15923d	0x18015923d	.text	ascii	L$8I)
0x15927b	0x18015927b	.text	ascii	D$HH;D$@H
0x1593a0	0x1801593a0	.text	ascii	tP9;H
0x1595c4	0x1801595c4	.text	ascii	E%"=H9
0x159666	0x180159666	.text	ascii	[]_^A\A]A^A_
0x1596c0	0x1801596c0	.text	ascii	AWAVAUATVWUSH
0x159717	0x180159717	.text	ascii	-j2"I
0x159730	0x180159730	.text	ascii	Pffffff.
0x15979e	0x18015979e	.text	ascii	L$(L9
0x1597b1	0x1801597b1	.text	ascii	Jfffff.
0x1597c9	0x1801597c9	.text	ascii	%jQCV
0x159802	0x180159802	.text	ascii	8[]_^A\A]A^A_
0x159810	0x180159810	.text	ascii	AWAVAUATVWUSH
0x159882	0x180159882	.text	ascii	i9R1I
0x15988c	0x18015988c	.text	ascii	i9R1H
0x1598de	0x1801598de	.text	ascii	HcT$$
0x1598e8	0x1801598e8	.text	ascii	;T$ I
0x1599a0	0x1801599a0	.text	ascii	VB&+H
0x159ab3	0x180159ab3	.text	ascii	0[]_^A\A]A^A_
0x159cc0	0x180159cc0	.text	ascii	AWAVAUATVWUSH
0x159d91	0x180159d91	.text	ascii	D$0fff.
0x159dbd	0x180159dbd	.text	ascii	L$0L9
0x159e35	0x180159e35	.text	ascii	-dP4H
0x159f6d	0x180159f6d	.text	ascii	H9D$HH
0x15a123	0x18015a123	.text	ascii	4t.\^H
0x15a284	0x18015a284	.text	ascii	`K:H9
0x15a2b6	0x18015a2b6	.text	ascii	[]_^A\A]A^A_
0x15a310	0x18015a310	.text	ascii	AWAVAUATVWUSH
0x15a380	0x18015a380	.text	ascii	5ffffff.
0x15a3d3	0x18015a3d3	.text	ascii	L$(L9
0x15a44d	0x18015a44d	.text	ascii	8[]_^A\A]A^A_
0x15a45b	0x18015a45b	.text	ascii	AWAVAUATVWUSH
0x15a605	0x18015a605	.text	ascii	HcT$$
0x15a60f	0x18015a60f	.text	ascii	;T$ I
0x15a6fe	0x18015a6fe	.text	ascii	0[]_^A\A]A^A_
0x15a9e0	0x18015a9e0	.text	ascii	)ffffff.
0x15ad00	0x18015ad00	.text	ascii	AWAVAUATVWUSH
0x15ad11	0x18015ad11	.text	ascii	)t$@H
0x15ad94	0x18015ad94	.text	ascii	b4~kH
0x15adcd	0x18015adcd	.text	ascii	L$(L9
0x15ae3d	0x18015ae3d	.text	ascii	#_b+BtH9
0x15af8d	0x18015af8d	.text	ascii	(t$@H
0x15af94	0x18015af94	.text	ascii	X[]_^A\A]A^A_
0x15afb0	0x18015afb0	.text	ascii	AWAVAUATVWUSH
0x15b13d	0x18015b13d	.text	ascii	L$(L9
0x15b1de	0x18015b1de	.text	ascii	D$pH1
0x15b1f3	0x18015b1f3	.text	ascii	x[]_^A\A]A^A_
0x15b203	0x18015b203	.text	ascii	L$pH1
0x15b250	0x18015b250	.text	ascii	AWAVAUATVWUSH
0x15b275	0x18015b275	.text	ascii	O%ggH
0x15b2c0	0x18015b2c0	.text	ascii	qffffff.
0x15b31d	0x18015b31d	.text	ascii	u{D,#
0x15b34f	0x18015b34f	.text	ascii	L$(L9
0x15b3b2	0x18015b3b2	.text	ascii	8[]_^A\A]A^A_
0x15b3c0	0x18015b3c0	.text	ascii	AWAVAUATVWUSH
0x15b48e	0x18015b48e	.text	ascii	HcT$$
0x15b498	0x18015b498	.text	ascii	;T$ I
0x15b64f	0x18015b64f	.text	ascii	k|C/U
0x15b663	0x18015b663	.text	ascii	0[]_^A\A]A^A_
0x15b6f2	0x18015b6f2	.text	ascii	F H;E
0x15b819	0x18015b819	.text	ascii	.TP?c
0x15bac3	0x18015bac3	.text	ascii	ffff.
0x15bb00	0x18015bb00	.text	ascii	AWAVAUATVWUSH
0x15bbcd	0x18015bbcd	.text	ascii	L$0L9
0x15be44	0x18015be44	.text	ascii	vC}-[g
0x15c1ac	0x18015c1ac	.text	ascii	x[]_^A\A]A^A_
0x15c1c0	0x18015c1c0	.text	ascii	AWAVAUATVWUSH
0x15c1d1	0x18015c1d1	.text	ascii	)t$@H
0x15c240	0x18015c240	.text	ascii	)ffffff.
0x15c287	0x18015c287	.text	ascii	L$0H9
0x15c2db	0x18015c2db	.text	ascii	(t$@H
0x15c2e2	0x18015c2e2	.text	ascii	X[]_^A\A]A^A_
0x15c2f0	0x18015c2f0	.text	ascii	UAWAVVWSH
0x15c3f5	0x18015c3f5	.text	ascii	G H;E0vNI
0x15c488	0x18015c488	.text	ascii	U(L;E@
0x15c631	0x18015c631	.text	ascii	H;E0v0H
0x15c670	0x18015c670	.text	ascii	[_^A^A_]
0x15c693	0x18015c693	.text	ascii	ffff.
0x15c6a5	0x18015c6a5	.text	ascii	UAWAVVWSH
0x15c6c5	0x18015c6c5	.text	ascii	([_^A^A_]
0x15c6d0	0x18015c6d0	.text	ascii	AWAVAUATVWUSH
0x15c7d8	0x18015c7d8	.text	ascii	[]_^A\A]A^A_H
0x15c810	0x18015c810	.text	ascii	AWAVAUATVWUSH
0x15c881	0x18015c881	.text	ascii	6fffff.
0x15c8d5	0x18015c8d5	.text	ascii	L$ L9
0x15c91e	0x18015c91e	.text	ascii	8[]_^A\A]A^A_
0x15c940	0x18015c940	.text	ascii	AWAVAUATVWUSH
0x15c9b0	0x18015c9b0	.text	ascii	,ffffff.
0x15c9fa	0x18015c9fa	.text	ascii	L$(L9
0x15ca4f	0x18015ca4f	.text	ascii	8[]_^A\A]A^A_
0x15ca60	0x18015ca60	.text	ascii	AWAVAUATVWUSH
0x15cad0	0x18015cad0	.text	ascii	5ffffff.
0x15cb23	0x18015cb23	.text	ascii	L$(L9
0x15cb9d	0x18015cb9d	.text	ascii	8[]_^A\A]A^A_
0x15cbb0	0x18015cbb0	.text	ascii	AWAVAUATVWUSH
0x15cc20	0x18015cc20	.text	ascii	5ffffff.
0x15cc73	0x18015cc73	.text	ascii	L$(L9
0x15cced	0x18015cced	.text	ascii	8[]_^A\A]A^A_
0x15cd5c	0x18015cd5c	.text	ascii	AWAVAUATVWUSH
0x15ce18	0x18015ce18	.text	ascii	NA1CJH9
0x15ced4	0x18015ced4	.text	ascii	HcT$$
0x15cede	0x18015cede	.text	ascii	;T$ I
0x15d002	0x18015d002	.text	ascii	0[]_^A\A]A^A_
0x15d082	0x18015d082	.text	ascii	F H;E
0x15d1f2	0x18015d1f2	.text	ascii	F H;E
0x15d4d0	0x18015d4d0	.text	ascii	UAVVWSH
0x15d773	0x18015d773	.text	ascii	,fff.
0x15d97e	0x18015d97e	.text	ascii	[_^A^]
0x15d995	0x18015d995	.text	ascii	UAVVWSH
0x15d9b6	0x18015d9b6	.text	ascii	0[_^A^]
0x15d9c5	0x18015d9c5	.text	ascii	UAVVWSH
0x15d9e6	0x18015d9e6	.text	ascii	0[_^A^]
0x15da10	0x18015da10	.text	ascii	AWAVAUATVWUSH
0x15da21	0x18015da21	.text	ascii	)t$@H
0x15dad0	0x18015dad0	.text	ascii	D$(ffff.
0x15dafd	0x18015dafd	.text	ascii	L$(L9
0x15dc8d	0x18015dc8d	.text	ascii	(t$@H
0x15dc94	0x18015dc94	.text	ascii	X[]_^A\A]A^A_
0x15dcb0	0x18015dcb0	.text	ascii	AWAVAUATVWUSH
0x15dd82	0x18015dd82	.text	ascii	L$0H9
0x15dea8	0x18015dea8	.text	ascii	@mL,H9
0x15deb7	0x18015deb7	.text	ascii	D$`H1
0x15decc	0x18015decc	.text	ascii	h[]_^A\A]A^A_
0x15dedc	0x18015dedc	.text	ascii	L$`H1
0x15df00	0x18015df00	.text	ascii	AWAVAUATVWUSH
0x15df11	0x18015df11	.text	ascii	)t$@H
0x15df80	0x18015df80	.text	ascii	)ffffff.
0x15dfc7	0x18015dfc7	.text	ascii	L$0H9
0x15e01b	0x18015e01b	.text	ascii	(t$@H
0x15e022	0x18015e022	.text	ascii	X[]_^A\A]A^A_
0x15e030	0x18015e030	.text	ascii	AWAVAUATVWUSH
0x15e041	0x18015e041	.text	ascii	)t$@H
0x15e0b0	0x18015e0b0	.text	ascii	.ffffff.
0x15e0fc	0x18015e0fc	.text	ascii	L$0H9
0x15e143	0x18015e143	.text	ascii	(t$@H
0x15e14a	0x18015e14a	.text	ascii	X[]_^A\A]A^A_
0x15e160	0x18015e160	.text	ascii	UAWAVVWSH
0x15e265	0x18015e265	.text	ascii	F H;E0vNI
0x15e2f8	0x18015e2f8	.text	ascii	U(L;E@
0x15e4a1	0x18015e4a1	.text	ascii	H;E0v0H
0x15e4e0	0x18015e4e0	.text	ascii	[_^A^A_]
0x15e503	0x18015e503	.text	ascii	ffff.
0x15e515	0x18015e515	.text	ascii	UAWAVVWSH
0x15e535	0x18015e535	.text	ascii	([_^A^A_]
0x15e540	0x18015e540	.text	ascii	AWAVAUATVWUSH
0x15e5fd	0x18015e5fd	.text	ascii	L$(L9
0x15e61e	0x18015e61e	.text	ascii	AIXH9
0x15e981	0x18015e981	.text	ascii	)VWsH
0x15eb11	0x18015eb11	.text	ascii	(t$`H
0x15eb18	0x18015eb18	.text	ascii	x[]_^A\A]A^A_
0x15eb30	0x18015eb30	.text	ascii	UAWAVVWSH
0x15ec35	0x18015ec35	.text	ascii	F H;E0vNI
0x15ecc8	0x18015ecc8	.text	ascii	U(L;E@
0x15ee71	0x18015ee71	.text	ascii	H;E0v0H
0x15eeb0	0x18015eeb0	.text	ascii	[_^A^A_]
0x15eed3	0x18015eed3	.text	ascii	ffff.
0x15eee5	0x18015eee5	.text	ascii	UAWAVVWSH
0x15ef05	0x18015ef05	.text	ascii	([_^A^A_]
0x15ef10	0x18015ef10	.text	ascii	AWAVAUATVWUSH
0x15ef81	0x18015ef81	.text	ascii	Wfffff.
0x15eff6	0x18015eff6	.text	ascii	L$ L9
0x15f08e	0x18015f08e	.text	ascii	H;D$xH
0x15f0c8	0x18015f0c8	.text	ascii	01m"T
0x15f0df	0x18015f0df	.text	ascii	8[]_^A\A]A^A_
0x15f110	0x18015f110	.text	ascii	AWAVAUATVWUSH
0x15f181	0x18015f181	.text	ascii	#fffff.
0x15f1c2	0x18015f1c2	.text	ascii	L$ L9
0x15f21e	0x18015f21e	.text	ascii	8[]_^A\A]A^A_
0x15f240	0x18015f240	.text	ascii	AWAVAUATVWUSH
0x15f2b0	0x18015f2b0	.text	ascii	,ffffff.
0x15f2fa	0x18015f2fa	.text	ascii	L$(L9
0x15f34f	0x18015f34f	.text	ascii	8[]_^A\A]A^A_
0x15f360	0x18015f360	.text	ascii	AWAVAUATVWUSH
0x15f3d0	0x18015f3d0	.text	ascii	5ffffff.
0x15f423	0x18015f423	.text	ascii	L$(L9
0x15f49d	0x18015f49d	.text	ascii	8[]_^A\A]A^A_
0x15f4b0	0x18015f4b0	.text	ascii	AWAVAUATVWUSH
0x15f4d5	0x18015f4d5	.text	ascii	C|W)H
0x15f520	0x18015f520	.text	ascii	5ffffff.
0x15f573	0x18015f573	.text	ascii	L$(L9
0x15f5d7	0x18015f5d7	.text	ascii	d5'_/QH
0x15f5ed	0x18015f5ed	.text	ascii	8[]_^A\A]A^A_
0x15f600	0x18015f600	.text	ascii	AWAVAUATVWUSH
0x15f670	0x18015f670	.text	ascii	5ffffff.
0x15f6c3	0x18015f6c3	.text	ascii	L$(L9
0x15f746	0x18015f746	.text	ascii	8[]_^A\A]A^A_
0x15f7c8	0x18015f7c8	.text	ascii	AWAVAUATVWUSH
0x15f881	0x18015f881	.text	ascii	Gf%f;
0x15f9df	0x18015f9df	.text	ascii	HcT$$
0x15f9e9	0x18015f9e9	.text	ascii	;T$ I
0x15fa6b	0x18015fa6b	.text	ascii	0[]_^A\A]A^A_
0x15faf2	0x18015faf2	.text	ascii	F H;E
0x15fc4c	0x18015fc4c	.text	ascii	@AE,0H
0x160484	0x180160484	.text	ascii	)t$0H
0x160495	0x180160495	.text	ascii	(t$0H
0x1604a1	0x1801604a1	.text	ascii	ffffff.
0x1604c4	0x1801604c4	.text	ascii	)t$0H
0x1604d5	0x1801604d5	.text	ascii	(t$0H
0x1604f0	0x1801604f0	.text	ascii	AWAVAUATVWUSH
0x160693	0x180160693	.text	ascii	[]_^A\A]A^A_
0x1606c0	0x1801606c0	.text	ascii	AWAVAUATVWUSH
0x1606d1	0x1801606d1	.text	ascii	)t$@H
0x160740	0x180160740	.text	ascii	.ffffff.
0x16078c	0x18016078c	.text	ascii	L$0H9
0x1607d3	0x1801607d3	.text	ascii	(t$@H
0x1607da	0x1801607da	.text	ascii	X[]_^A\A]A^A_
0x1607f0	0x1801607f0	.text	ascii	UAWAVVWSH
0x1608f5	0x1801608f5	.text	ascii	F H;E0vNI
0x160988	0x180160988	.text	ascii	U(L;E@
0x160b31	0x180160b31	.text	ascii	H;E0v0H
0x160b70	0x180160b70	.text	ascii	[_^A^A_]
0x160b93	0x180160b93	.text	ascii	ffff.
0x160ba5	0x180160ba5	.text	ascii	UAWAVVWSH
0x160bc5	0x180160bc5	.text	ascii	([_^A^A_]
0x160bd0	0x180160bd0	.text	ascii	AWAVAUATVWUSH
0x160c40	0x180160c40	.text	ascii	Affffff.
0x160c5a	0x180160c5a	.text	ascii	YD$@H
0x160c9f	0x180160c9f	.text	ascii	L$0L9
0x160d7e	0x180160d7e	.text	ascii	H[]_^A\A]A^A_
0x160dc0	0x180160dc0	.text	ascii	AWAVAUATVWUSH
0x160e30	0x180160e30	.text	ascii	,ffffff.
0x160e7a	0x180160e7a	.text	ascii	L$(L9
0x160ecf	0x180160ecf	.text	ascii	8[]_^A\A]A^A_
0x160ee0	0x180160ee0	.text	ascii	AWAVAUATVWUSH
0x160f50	0x180160f50	.text	ascii	Pffffff.
0x160fbe	0x180160fbe	.text	ascii	L$(L9
0x160fd1	0x180160fd1	.text	ascii	Jfffff.
0x161022	0x180161022	.text	ascii	8[]_^A\A]A^A_
0x161030	0x180161030	.text	ascii	AWAVAUATVWUSH
0x16109a	0x18016109a	.text	ascii	?OumV
0x1610a0	0x1801610a0	.text	ascii	5ffffff.
0x1610f3	0x1801610f3	.text	ascii	L$(L9
0x16116d	0x18016116d	.text	ascii	8[]_^A\A]A^A_
0x1611dc	0x1801611dc	.text	ascii	AWAVAUATVWUSH
0x1613a8	0x1801613a8	.text	ascii	HcT$$
0x1613b2	0x1801613b2	.text	ascii	;T$ I
0x161486	0x180161486	.text	ascii	0[]_^A\A]A^A_
0x1614b5	0x1801614b5	.text	ascii	Dzo9!
0x161512	0x180161512	.text	ascii	F H;E
0x161901	0x180161901	.text	ascii	ffffff.
0x161940	0x180161940	.text	ascii	AWAVAUATVWUSH
0x161a0d	0x180161a0d	.text	ascii	L$(H9
0x161a41	0x180161a41	.text	ascii	L$@;FtH
0x161bc3	0x180161bc3	.text	ascii	H[]_^A\A]A^A_
0x161c94	0x180161c94	.text	ascii	O"F4rH
0x161d60	0x180161d60	.text	ascii	AWAVAUATVWUSH
0x161d71	0x180161d71	.text	ascii	)t$`H
0x161e3d	0x180161e3d	.text	ascii	L$0H9
0x161e67	0x180161e67	.text	ascii	8OZH9
0x161ec4	0x180161ec4	.text	ascii	6FI[6
0x161f99	0x180161f99	.text	ascii	|>x;H9
0x162163	0x180162163	.text	ascii	 leac
0x1621db	0x1801621db	.text	ascii	(t$`H
0x1621e2	0x1801621e2	.text	ascii	x[]_^A\A]A^A_
0x16224a	0x18016224a	.text	ascii	;L$(u
0x1622a0	0x1801622a0	.text	ascii	AWAVAUATVWUSH
0x1622b1	0x1801622b1	.text	ascii	)t$@H
0x162320	0x180162320	.text	ascii	.ffffff.
0x16236c	0x18016236c	.text	ascii	L$0H9
0x1623b3	0x1801623b3	.text	ascii	(t$@H
0x1623ba	0x1801623ba	.text	ascii	X[]_^A\A]A^A_
0x1623d0	0x1801623d0	.text	ascii	UAWAVVWSH
0x1624d5	0x1801624d5	.text	ascii	F H;E0vNI
0x162568	0x180162568	.text	ascii	U(L;E@
0x162711	0x180162711	.text	ascii	H;E0v0H
0x162750	0x180162750	.text	ascii	[_^A^A_]
0x162773	0x180162773	.text	ascii	ffff.
0x162785	0x180162785	.text	ascii	UAWAVVWSH
0x1627a5	0x1801627a5	.text	ascii	([_^A^A_]
0x1627b0	0x1801627b0	.text	ascii	AWAVAUATVWUSH
0x162892	0x180162892	.text	ascii	D$ ff.
0x1628bd	0x1801628bd	.text	ascii	L$ L9
0x162919	0x180162919	.text	ascii	v.am/
0x162abd	0x180162abd	.text	ascii	XE#H9
0x162ad0	0x180162ad0	.text	ascii	bw&H9
0x162da5	0x180162da5	.text	ascii	FM<WQ
0x163144	0x180163144	.text	ascii	[]_^A\A]A^A_
0x163160	0x180163160	.text	ascii	AWAVAUATVWUSH
0x16320d	0x18016320d	.text	ascii	L$(H9
0x16325e	0x18016325e	.text	ascii	i*1LC_
0x1632e2	0x1801632e2	.text	ascii	69:H;L$8
0x163307	0x180163307	.text	ascii	m~4H9
0x1634b1	0x1801634b1	.text	ascii	[]_^A\A]A^A_
0x1634e0	0x1801634e0	.text	ascii	AWAVAUATVWUSH
0x163551	0x180163551	.text	ascii	6fffff.
0x163576	0x180163576	.text	ascii	4>w{H
0x1635a5	0x1801635a5	.text	ascii	L$ L9
0x1635ee	0x1801635ee	.text	ascii	8[]_^A\A]A^A_
0x163610	0x180163610	.text	ascii	AWAVAUATVWUSH
0x163680	0x180163680	.text	ascii	,ffffff.
0x1636ca	0x1801636ca	.text	ascii	L$(L9
0x16371f	0x18016371f	.text	ascii	8[]_^A\A]A^A_
0x163730	0x180163730	.text	ascii	AWAVAUATVWUSH
0x1637a0	0x1801637a0	.text	ascii	Pffffff.
0x16380e	0x18016380e	.text	ascii	L$(L9
0x163821	0x180163821	.text	ascii	Jfffff.
0x163872	0x180163872	.text	ascii	8[]_^A\A]A^A_
0x163880	0x180163880	.text	ascii	AWAVAUATVWUSH
0x1638f0	0x1801638f0	.text	ascii	Pffffff.
0x16395e	0x18016395e	.text	ascii	L$(L9
0x163971	0x180163971	.text	ascii	Jfffff.
0x1639c2	0x1801639c2	.text	ascii	8[]_^A\A]A^A_
0x1639d0	0x1801639d0	.text	ascii	UAVVWSH
0x163bdd	0x180163bdd	.text	ascii	[_^A^]
0x163bf5	0x180163bf5	.text	ascii	UAVVWSH
0x163c19	0x180163c19	.text	ascii	0[_^A^]
0x163c21	0x180163c21	.text	ascii	AWAVAUATVWUSH
0x163dd9	0x180163dd9	.text	ascii	XG3WV
0x163e5e	0x180163e5e	.text	ascii	HcT$$
0x163e68	0x180163e68	.text	ascii	;T$ I
0x163ec1	0x180163ec1	.text	ascii	0[]_^A\A]A^A_
0x163fe0	0x180163fe0	.text	ascii	UVWSH
0x164802	0x180164802	.text	ascii	fffff.
0x164815	0x180164815	.text	ascii	UVWSH
0x16483f	0x18016483f	.text	ascii	(t$0H
0x164846	0x180164846	.text	ascii	H[_^]
0x164855	0x180164855	.text	ascii	UVWSH
0x164865	0x180164865	.text	ascii	)t$0H
0x164876	0x180164876	.text	ascii	(t$0H
0x16487d	0x18016487d	.text	ascii	H[_^]
0x164883	0x180164883	.text	ascii	ffff.
0x164895	0x180164895	.text	ascii	UVWSH
0x1648a5	0x1801648a5	.text	ascii	)t$0H
0x1648b6	0x1801648b6	.text	ascii	(t$0H
0x1648bd	0x1801648bd	.text	ascii	H[_^]
0x1648d0	0x1801648d0	.text	ascii	AWAVAUATVWUSH
0x1649bd	0x1801649bd	.text	ascii	L$0H9
0x164bd6	0x180164bd6	.text	ascii	8kxH9
0x164cf5	0x180164cf5	.text	ascii	H;D$`H
0x164d32	0x180164d32	.text	ascii	yD+H9
0x16519f	0x18016519f	.text	ascii	H;D$`H
0x1652c1	0x1801652c1	.text	ascii	D$xH;D$hH
0x1652ea	0x1801652ea	.text	ascii	8O09R
0x1654c7	0x1801654c7	.text	ascii	L$xH;L$hH
0x165552	0x180165552	.text	ascii	SGd?H
0x16569b	0x18016569b	.text	ascii	yD+H9
0x1656cd	0x1801656cd	.text	ascii	[]_^A\A]A^A_
0x1656f0	0x1801656f0	.text	ascii	AWAVAUATVWUSH
0x1657cd	0x1801657cd	.text	ascii	L$ L9
0x1657e0	0x1801657e0	.text	ascii	qffffff.
0x165855	0x180165855	.text	ascii	8[]_^A\A]A^A_
0x165870	0x180165870	.text	ascii	AWAVAUATVWUSH
0x16594e	0x18016594e	.text	ascii	L$0H9
0x1659a3	0x1801659a3	.text	ascii	Nfff.
0x165a19	0x180165a19	.text	ascii	H[]_^A\A]A^A_
0x165a50	0x180165a50	.text	ascii	AWAVAUATVWUSH
0x165a81	0x180165a81	.text	ascii	Y6L'R
0x165ac1	0x180165ac1	.text	ascii	6fffff.
0x165b15	0x180165b15	.text	ascii	L$ L9
0x165b5e	0x180165b5e	.text	ascii	8[]_^A\A]A^A_
0x165b80	0x180165b80	.text	ascii	AWAVAUATVWUSH
0x165bf0	0x180165bf0	.text	ascii	,ffffff.
0x165c3a	0x180165c3a	.text	ascii	L$(L9
0x165c8f	0x180165c8f	.text	ascii	8[]_^A\A]A^A_
0x165ca0	0x180165ca0	.text	ascii	AWAVAUATVWUSH
0x165d10	0x180165d10	.text	ascii	5ffffff.
0x165d63	0x180165d63	.text	ascii	L$(L9
0x165de9	0x180165de9	.text	ascii	8[]_^A\A]A^A_
0x165e5c	0x180165e5c	.text	ascii	AWAVAUATVWUSH
0x1660a3	0x1801660a3	.text	ascii	HcT$$
0x1660ad	0x1801660ad	.text	ascii	;T$ I
0x166106	0x180166106	.text	ascii	0[]_^A\A]A^A_
0x166192	0x180166192	.text	ascii	F H;E
0x1662ed	0x1801662ed	.text	ascii	$4z{H
0x167490	0x180167490	.text	ascii	AWAVAUATVWUSH
0x167523	0x180167523	.text	ascii	ffff.
0x167679	0x180167679	.text	ascii	[]_^A\A]A^A_
0x167690	0x180167690	.text	ascii	AWAVAUATVWUSH
0x167723	0x180167723	.text	ascii	ffff.
0x167879	0x180167879	.text	ascii	[]_^A\A]A^A_
0x1678b0	0x1801678b0	.text	ascii	AWAVAUATVWUSH
0x1678c1	0x1801678c1	.text	ascii	)t$@H
0x167930	0x180167930	.text	ascii	.ffffff.
0x16797c	0x18016797c	.text	ascii	L$0H9
0x1679c3	0x1801679c3	.text	ascii	(t$@H
0x1679ca	0x1801679ca	.text	ascii	X[]_^A\A]A^A_
0x1679e0	0x1801679e0	.text	ascii	UAWAVVWSH
0x167ae5	0x180167ae5	.text	ascii	F H;E0vNI
0x167b78	0x180167b78	.text	ascii	U(L;E@
0x167d21	0x180167d21	.text	ascii	H;E0v0H
0x167d60	0x180167d60	.text	ascii	[_^A^A_]
0x167d83	0x180167d83	.text	ascii	ffff.
0x167d95	0x180167d95	.text	ascii	UAWAVVWSH
0x167db5	0x180167db5	.text	ascii	([_^A^A_]
0x167dc0	0x180167dc0	.text	ascii	AWAVAUATVWUSH
0x167e9d	0x180167e9d	.text	ascii	L$0L9
0x167f45	0x180167f45	.text	ascii	.Y?M@
0x16817b	0x18016817b	.text	ascii	.D$,H
0x16833d	0x18016833d	.text	ascii	.D$,H
0x168648	0x180168648	.text	ascii	?rMPH
0x16871b	0x18016871b	.text	ascii	[]_^A\A]A^A_
0x168770	0x180168770	.text	ascii	AWAVAUATVWUSH
0x168795	0x180168795	.text	ascii	"a4nH
0x1687e0	0x1801687e0	.text	ascii	,ffffff.
0x16882a	0x18016882a	.text	ascii	L$(L9
0x16887f	0x18016887f	.text	ascii	8[]_^A\A]A^A_
0x168890	0x180168890	.text	ascii	AWAVAUATVWUSH
0x168900	0x180168900	.text	ascii	5ffffff.
0x168953	0x180168953	.text	ascii	L$(L9
0x1689cd	0x1801689cd	.text	ascii	8[]_^A\A]A^A_
0x1689e0	0x1801689e0	.text	ascii	AWAVAUATVWUSH
0x168a50	0x180168a50	.text	ascii	5ffffff.
0x168aa3	0x180168aa3	.text	ascii	L$(L9
0x168b07	0x180168b07	.text	ascii	?!}^+=H
0x168b1d	0x180168b1d	.text	ascii	8[]_^A\A]A^A_
0x168b8c	0x180168b8c	.text	ascii	AWAVAUATVWUSH
0x168cab	0x180168cab	.text	ascii	HcT$$
0x168cb5	0x180168cb5	.text	ascii	;T$ I
0x168ce1	0x180168ce1	.text	ascii	~_NP6L
0x168e32	0x180168e32	.text	ascii	0[]_^A\A]A^A_
0x168e40	0x180168e40	.text	ascii	UVWSH
0x1698b5	0x1801698b5	.text	ascii	UVWSH
0x1698d4	0x1801698d4	.text	ascii	([_^]
0x1698e5	0x1801698e5	.text	ascii	UVWSH
0x1699f3	0x1801699f3	.text	ascii	([_^]
0x169a25	0x180169a25	.text	ascii	UVWSH
0x169a44	0x180169a44	.text	ascii	([_^]
0x169a55	0x180169a55	.text	ascii	UVWSH
0x169a74	0x180169a74	.text	ascii	([_^]
0x169a80	0x180169a80	.text	ascii	UAWAVVWSH
0x16a45c	0x18016a45c	.text	ascii	[_^A^A_]
0x16a4d5	0x18016a4d5	.text	ascii	UAWAVVWSH
0x16a4ed	0x18016a4ed	.text	ascii	)t$0D
0x16a4f3	0x18016a4f3	.text	ascii	)l$@D
0x16a4f9	0x18016a4f9	.text	ascii	)d$PD
0x16a4ff	0x18016a4ff	.text	ascii	)\$`D
0x16a505	0x18016a505	.text	ascii	)T$pD
0x16a55b	0x18016a55b	.text	ascii	(T$pD
0x16a561	0x18016a561	.text	ascii	(\$`D
0x16a567	0x18016a567	.text	ascii	(d$PD
0x16a56d	0x18016a56d	.text	ascii	(l$@D
0x16a573	0x18016a573	.text	ascii	(t$0H
0x16a57e	0x18016a57e	.text	ascii	[_^A^A_]
0x16a595	0x18016a595	.text	ascii	UAWAVVWSH
0x16a5ad	0x18016a5ad	.text	ascii	)t$0D
0x16a5b3	0x18016a5b3	.text	ascii	)l$@D
0x16a5b9	0x18016a5b9	.text	ascii	)d$PD
0x16a5bf	0x18016a5bf	.text	ascii	)\$`D
0x16a5c5	0x18016a5c5	.text	ascii	)T$pD
0x16a61b	0x18016a61b	.text	ascii	(T$pD
0x16a621	0x18016a621	.text	ascii	(\$`D
0x16a627	0x18016a627	.text	ascii	(d$PD
0x16a62d	0x18016a62d	.text	ascii	(l$@D
0x16a633	0x18016a633	.text	ascii	(t$0H
0x16a63e	0x18016a63e	.text	ascii	[_^A^A_]
0x16a655	0x18016a655	.text	ascii	UAWAVVWSH
0x16a66d	0x18016a66d	.text	ascii	)t$0D
0x16a673	0x18016a673	.text	ascii	)l$@D
0x16a679	0x18016a679	.text	ascii	)d$PD
0x16a67f	0x18016a67f	.text	ascii	)\$`D
0x16a685	0x18016a685	.text	ascii	)T$pD
0x16a6d8	0x18016a6d8	.text	ascii	(T$pD
0x16a6de	0x18016a6de	.text	ascii	(\$`D
0x16a6e4	0x18016a6e4	.text	ascii	(d$PD
0x16a6ea	0x18016a6ea	.text	ascii	(l$@D
0x16a6f0	0x18016a6f0	.text	ascii	(t$0H
0x16a6fb	0x18016a6fb	.text	ascii	[_^A^A_]
0x16a740	0x18016a740	.text	ascii	AWAVAUATVWUSH
0x16a7a7	0x18016a7a7	.text	ascii	9EBR@
0x16a7b0	0x18016a7b0	.text	ascii	5ffffff.
0x16a803	0x18016a803	.text	ascii	L$(L9
0x16a853	0x18016a853	.text	ascii	8[]_^A\A]A^A_
0x16a890	0x18016a890	.text	ascii	AWAVAUATVWUSH
0x16a901	0x18016a901	.text	ascii	#fffff.
0x16a942	0x18016a942	.text	ascii	L$ L9
0x16a99e	0x18016a99e	.text	ascii	8[]_^A\A]A^A_
0x16a9c0	0x18016a9c0	.text	ascii	AWAVAUATVWUSH
0x16aa30	0x18016aa30	.text	ascii	5ffffff.
0x16aa83	0x18016aa83	.text	ascii	L$(L9
0x16aad3	0x18016aad3	.text	ascii	8[]_^A\A]A^A_
0x16aaf0	0x18016aaf0	.text	ascii	AWAVAUATVWUSH
0x16ab60	0x18016ab60	.text	ascii	5ffffff.
0x16abb3	0x18016abb3	.text	ascii	L$(L9
0x16ac19	0x18016ac19	.text	ascii	AMwjH
0x16ac2d	0x18016ac2d	.text	ascii	8[]_^A\A]A^A_
0x16ac3b	0x18016ac3b	.text	ascii	AWAVAUATVWUSH
0x16ae49	0x18016ae49	.text	ascii	HcT$$
0x16ae53	0x18016ae53	.text	ascii	;T$ I
0x16aee1	0x18016aee1	.text	ascii	0[]_^A\A]A^A_
0x16b2b1	0x18016b2b1	.text	ascii	ic8]]
0x16b754	0x18016b754	.text	ascii	)t$0H
0x16b765	0x18016b765	.text	ascii	(t$0H
0x16b780	0x18016b780	.text	ascii	AWAVAUATVWUSH
0x16b794	0x18016b794	.text	ascii	)t$pH
0x16b851	0x18016b851	.text	ascii	6"C]ff.
0x16b888	0x18016b888	.text	ascii	L$0H9
0x16bd70	0x18016bd70	.text	ascii	(t$pH
0x16bd7b	0x18016bd7b	.text	ascii	[]_^A\A]A^A_
0x16bda0	0x18016bda0	.text	ascii	AWAVAUATVWUSH
0x16bdb1	0x18016bdb1	.text	ascii	)t$@H
0x16be48	0x18016be48	.text	ascii	BEL]H
0x16be4e	0x18016be4e	.text	ascii	D$(ffffff.
0x16be7d	0x18016be7d	.text	ascii	L$(L9
0x16c0a0	0x18016c0a0	.text	ascii	(t$@H
0x16c0a7	0x18016c0a7	.text	ascii	X[]_^A\A]A^A_
0x16c130	0x18016c130	.text	ascii	AWAVAUATVWUSH
0x16c1a0	0x18016c1a0	.text	ascii	5ffffff.
0x16c1f3	0x18016c1f3	.text	ascii	L$(L9
0x16c243	0x18016c243	.text	ascii	8[]_^A\A]A^A_
0x16c280	0x18016c280	.text	ascii	AWAVAUATVWUSH
0x16c2d8	0x18016c2d8	.text	ascii	?.=QI
0x16c2f1	0x18016c2f1	.text	ascii	#fffff.
0x16c332	0x18016c332	.text	ascii	L$ L9
0x16c38e	0x18016c38e	.text	ascii	8[]_^A\A]A^A_
0x16c3b0	0x18016c3b0	.text	ascii	AWAVAUATVWUSH
0x16c3d5	0x18016c3d5	.text	ascii	}~\@H
0x16c420	0x18016c420	.text	ascii	5ffffff.
0x16c473	0x18016c473	.text	ascii	L$(L9
0x16c4c3	0x18016c4c3	.text	ascii	8[]_^A\A]A^A_
0x16c4e0	0x18016c4e0	.text	ascii	AWAVAUATVWUSH
0x16c51f	0x18016c51f	.text	ascii	lI>X-
0x16c550	0x18016c550	.text	ascii	5ffffff.
0x16c5a3	0x18016c5a3	.text	ascii	L$(L9
0x16c61d	0x18016c61d	.text	ascii	8[]_^A\A]A^A_
0x16c62b	0x18016c62b	.text	ascii	AWAVAUATVWUSH
0x16c736	0x18016c736	.text	ascii	$1AH9
0x16c7ca	0x18016c7ca	.text	ascii	HcT$$
0x16c7d4	0x18016c7d4	.text	ascii	;T$ I
0x16c8d1	0x18016c8d1	.text	ascii	0[]_^A\A]A^A_
0x16c8e0	0x18016c8e0	.text	ascii	UAVVWSH
0x16cac0	0x18016cac0	.text	ascii	H;E8H
0x16cb19	0x18016cb19	.text	ascii	H;E8v0H
0x16cb77	0x18016cb77	.text	ascii	[_^A^]
0x16cba5	0x18016cba5	.text	ascii	UAVVWSH
0x16cbd8	0x18016cbd8	.text	ascii	0[_^A^]
0x16cbe0	0x18016cbe0	.text	ascii	AWAVAUATVWUSH
0x16cbf1	0x18016cbf1	.text	ascii	)t$@H
0x16cc99	0x18016cc99	.text	ascii	L$0L9
0x16cd6c	0x18016cd6c	.text	ascii	6X:lH
0x16cdcb	0x18016cdcb	.text	ascii	(t$@H
0x16cdd2	0x18016cdd2	.text	ascii	X[]_^A\A]A^A_
0x16cde0	0x18016cde0	.text	ascii	AWAVAUATVWUSH
0x16ceb3	0x18016ceb3	.text	ascii	L$0L9
0x16cf9e	0x18016cf9e	.text	ascii	D$`H1
0x16cfb3	0x18016cfb3	.text	ascii	h[]_^A\A]A^A_
0x16cfc3	0x18016cfc3	.text	ascii	L$`H1
0x16cfd0	0x18016cfd0	.text	ascii	UAWAVATVWSH
0x16d05f	0x18016d05f	.text	ascii	H;M@v
0x16d0a3	0x18016d0a3	.text	ascii	H;U@v
0x16d0fb	0x18016d0fb	.text	ascii	M(H;M@v
0x16d12b	0x18016d12b	.text	ascii	E(H;E@voH
0x16d1a9	0x18016d1a9	.text	ascii	[_^A\A^A_]
0x16d1e5	0x18016d1e5	.text	ascii	UAWAVATVWSH
0x16d207	0x18016d207	.text	ascii	0[_^A\A^A_]
0x16d213	0x18016d213	.text	ascii	ffff.
0x16d225	0x18016d225	.text	ascii	UAWAVATVWSH
0x16d247	0x18016d247	.text	ascii	0[_^A\A^A_]
0x16d269	0x18016d269	.text	ascii	AWAVAUATVWUSH
0x16d47b	0x18016d47b	.text	ascii	HcT$$
0x16d485	0x18016d485	.text	ascii	;T$ I
0x16d513	0x18016d513	.text	ascii	0[]_^A\A]A^A_
0x16d5a2	0x18016d5a2	.text	ascii	t!fff.
0x16d63f	0x18016d63f	.text	ascii	t$ffffff.
0x16d730	0x18016d730	.text	ascii	AVVWSH
0x16d87c	0x18016d87c	.text	ascii	L$ E1
0x16d8c5	0x18016d8c5	.text	ascii	L$ E1
0x16d90e	0x18016d90e	.text	ascii	L$ E1
0x16d957	0x18016d957	.text	ascii	L$ E1
0x16dc3c	0x18016dc3c	.text	ascii	)D$@H
0x16dd8b	0x18016dd8b	.text	ascii	[_^A^
0x16e3d6	0x18016e3d6	.text	ascii	)D$`H
0x16e4f7	0x18016e4f7	.text	ascii	L$xH1
0x16e526	0x18016e526	.text	ascii	L$xH1
0x16eab0	0x18016eab0	.text	ascii	)D$@H
0x16ec34	0x18016ec34	.text	ascii	D$XH1
0x16ec4c	0x18016ec4c	.text	ascii	(|$pD
0x16ec77	0x18016ec77	.text	ascii	L$XH1
0x16ede8	0x18016ede8	.text	ascii	D$PH1
0x16ee01	0x18016ee01	.text	ascii	L$PH1
0x16ee10	0x18016ee10	.text	ascii	UAWAVAUATVWSH
0x16f353	0x18016f353	.text	ascii	[_^A\A]A^A_]
0x16f392	0x18016f392	.text	ascii	fffff.
0x16f3a5	0x18016f3a5	.text	ascii	UAWAVAUATVWSH
0x16f3c8	0x18016f3c8	.text	ascii	)t$PH
0x16f3db	0x18016f3db	.text	ascii	(|$@D
0x16f3e1	0x18016f3e1	.text	ascii	(D$0H
0x16f3e8	0x18016f3e8	.text	ascii	h[_^A\A]A^A_]
0x16f470	0x18016f470	.text	ascii	AWAVAUATVWUSH
0x16f4a7	0x18016f4a7	.text	ascii	)t$pH
0x16f639	0x18016f639	.text	ascii	)D$@H
0x16f673	0x18016f673	.text	ascii	ffff.
0x16f7b4	0x18016f7b4	.text	ascii	D$hH1
0x16f7f5	0x18016f7f5	.text	ascii	[]_^A\A]A^A_
0x16f804	0x18016f804	.text	ascii	L$hH1
0x16f810	0x18016f810	.text	ascii	UAWAVAUATVWSH
0x16f947	0x18016f947	.text	ascii	t4L;@
0x16f953	0x18016f953	.text	ascii	ffff.
0x16fcda	0x18016fcda	.text	ascii	[_^A\A]A^A_]
0x170285	0x180170285	.text	ascii	UAWAVAUATVWSH
0x1702a1	0x1801702a1	.text	ascii	)L$@D
0x1702ac	0x1801702ac	.text	ascii	)|$`f
0x1702c6	0x1801702c6	.text	ascii	(|$`D
0x1702cc	0x1801702cc	.text	ascii	(D$PD
0x1702d2	0x1801702d2	.text	ascii	(L$@H
0x1702dd	0x1801702dd	.text	ascii	[_^A\A]A^A_]
0x1702f5	0x1801702f5	.text	ascii	UAWAVAUATVWSH
0x170311	0x180170311	.text	ascii	)L$@D
0x17031c	0x18017031c	.text	ascii	)|$`f
0x170335	0x180170335	.text	ascii	(|$`D
0x17033b	0x18017033b	.text	ascii	(D$PD
0x170341	0x180170341	.text	ascii	(L$@H
0x17034c	0x18017034c	.text	ascii	[_^A\A]A^A_]
0x170360	0x180170360	.text	ascii	AVVWUSH
0x170370	0x180170370	.text	ascii	)t$0H
0x170391	0x180170391	.text	ascii	ffffff.
0x17053f	0x18017053f	.text	ascii	(|$@H
0x170546	0x180170546	.text	ascii	P[]_^A^
0x170567	0x180170567	.text	ascii	)D$0H
0x1705bc	0x1801705bc	.text	ascii	D$<H;
0x170602	0x180170602	.text	ascii	)D$ H
0x170627	0x180170627	.text	ascii	D$@H1
0x170640	0x180170640	.text	ascii	L$@H1
0x1707c0	0x1801707c0	.text	ascii	UVWSH
0x1708ce	0x1801708ce	.text	ascii	X[_^]
0x1708f5	0x1801708f5	.text	ascii	UVWSH
0x170902	0x180170902	.text	ascii	)t$ H
0x170919	0x180170919	.text	ascii	(t$ H
0x170920	0x180170920	.text	ascii	8[_^]
0x170930	0x180170930	.text	ascii	AVVWSH
0x170acf	0x180170acf	.text	ascii	([_^A^
0x170c83	0x180170c83	.text	ascii	ffff.
0x170e10	0x180170e10	.text	ascii	UAWAVAUATVWSH
0x170f6d	0x180170f6d	.text	ascii	[_^A\A]A^A_]
0x170f93	0x180170f93	.text	ascii	ffff.
0x170fa5	0x180170fa5	.text	ascii	UAWAVAUATVWSH
0x170fc9	0x180170fc9	.text	ascii	([_^A\A]A^A_]
0x170fe5	0x180170fe5	.text	ascii	UAWAVAUATVWSH
0x171009	0x180171009	.text	ascii	([_^A\A]A^A_]
0x171020	0x180171020	.text	ascii	AWAVAUATVWUSH
0x1710eb	0x1801710eb	.text	ascii	L#v0I
0x171168	0x180171168	.text	ascii	D$(L9d$0H
0x1711f4	0x1801711f4	.text	ascii	L#v0I
0x171201	0x180171201	.text	ascii	ffffff.
0x17125f	0x18017125f	.text	ascii	t$ffffff.
0x1712e1	0x1801712e1	.text	ascii	ffffff.
0x17133c	0x18017133c	.text	ascii	8[]_^A\A]A^A_
0x17156a	0x18017156a	.text	ascii	D$`H1
0x171588	0x180171588	.text	ascii	L$`H1
0x1715a0	0x1801715a0	.text	ascii	UAWAVVWSH
0x171783	0x180171783	.text	ascii	ffff.
0x1717c1	0x1801717c1	.text	ascii	L#w0I
0x171808	0x180171808	.text	ascii	8[_^A^A_]
0x171825	0x180171825	.text	ascii	UAWAVVWSH
0x171847	0x180171847	.text	ascii	([_^A^A_]
0x171860	0x180171860	.text	ascii	AWAVVWUSH
0x171938	0x180171938	.text	ascii	L#N0L
0x1719f5	0x1801719f5	.text	ascii	([]_^A^A_
0x171a10	0x180171a10	.text	ascii	UAWAVVWSH
0x171e78	0x180171e78	.text	ascii	8[_^A^A_]
0x171ea5	0x180171ea5	.text	ascii	UAWAVVWSH
0x171ec7	0x180171ec7	.text	ascii	([_^A^A_]
0x171ee0	0x180171ee0	.text	ascii	AWAVAUATVWSH
0x172040	0x180172040	.text	ascii	0[_^A\A]A^A_
0x172240	0x180172240	.text	ascii	(t$ H
0x172261	0x180172261	.text	ascii	)t$ H
0x172272	0x180172272	.text	ascii	(t$ H
0x1723b7	0x1801723b7	.text	ascii	)t$ H
0x172530	0x180172530	.text	ascii	(t$ H
0x1726a2	0x1801726a2	.text	ascii	(t$ H
0x1726cf	0x1801726cf	.text	ascii	(t$ H
0x172871	0x180172871	.text	ascii	ffffff.
0x172891	0x180172891	.text	ascii	)t$0H
0x1728a2	0x1801728a2	.text	ascii	(t$0H
0x1728c1	0x1801728c1	.text	ascii	)t$0H
0x1728d2	0x1801728d2	.text	ascii	(t$0H
0x1728ec	0x1801728ec	.text	ascii	)t$@H
0x172a46	0x180172a46	.text	ascii	D$8H1
0x172a5e	0x180172a5e	.text	ascii	(|$PH
0x172a6b	0x180172a6b	.text	ascii	L$8H1
0x172a80	0x180172a80	.text	ascii	AWAVVWUSH
0x172a9e	0x180172a9e	.text	ascii	)t$`D
0x172b0f	0x180172b0f	.text	ascii	|$0fffff.
0x172b7c	0x180172b7c	.text	ascii	)D$0L
0x172bc2	0x180172bc2	.text	ascii	|$0ff.
0x172c2c	0x180172c2c	.text	ascii	)D$0L
0x172c77	0x180172c77	.text	ascii	D$XH1
0x172c8f	0x180172c8f	.text	ascii	(|$pD
0x172ca3	0x180172ca3	.text	ascii	[]_^A^A_
0x172cae	0x180172cae	.text	ascii	L$XH1
0x172cc0	0x180172cc0	.text	ascii	AWAVVWUSH
0x172d6a	0x180172d6a	.text	ascii	)L$ H
0x172d7f	0x180172d7f	.text	ascii	D$HH1
0x172d9b	0x180172d9b	.text	ascii	(|$`D
0x172da1	0x180172da1	.text	ascii	(D$pD
0x172dd9	0x180172dd9	.text	ascii	[]_^A^A_
0x172e81	0x180172e81	.text	ascii	)\$0A
0x172f29	0x180172f29	.text	ascii	L$HH1
0x172f46	0x180172f46	.text	ascii	)t$@H
0x172fd4	0x180172fd4	.text	ascii	D$8H1
0x172fe7	0x180172fe7	.text	ascii	(t$@H
0x172ff3	0x180172ff3	.text	ascii	L$8H1
0x173000	0x180173000	.text	ascii	AWAVATVWUSH
0x17302c	0x18017302c	.text	ascii	)t$pH
0x17318c	0x18017318c	.text	ascii	L9%m;
0x173219	0x180173219	.text	ascii	)D$PD
0x1732bb	0x1801732bb	.text	ascii	D$hH1
0x1732f3	0x1801732f3	.text	ascii	[]_^A\A^A_
0x173300	0x180173300	.text	ascii	L$hH1
0x173349	0x180173349	.text	ascii	(t$ H
0x1733ec	0x1801733ec	.text	ascii	(|$0H
0x173418	0x180173418	.text	ascii	(|$0H
0x173430	0x180173430	.text	ascii	UAWAVAUATVWSH
0x173680	0x180173680	.text	ascii	[_^A\A]A^A_]
0x173ad5	0x180173ad5	.text	ascii	UAWAVAUATVWSH
0x173aee	0x180173aee	.text	ascii	)L$ D
0x173afe	0x180173afe	.text	ascii	)t$PH
0x173b11	0x180173b11	.text	ascii	(|$@D
0x173b17	0x180173b17	.text	ascii	(D$0D
0x173b1d	0x180173b1d	.text	ascii	(L$ H
0x173b24	0x180173b24	.text	ascii	h[_^A\A]A^A_]
0x173b32	0x180173b32	.text	ascii	fffff.
0x173b45	0x180173b45	.text	ascii	UAWAVAUATVWSH
0x173b5e	0x180173b5e	.text	ascii	)L$ D
0x173b6e	0x180173b6e	.text	ascii	)t$PH
0x173b81	0x180173b81	.text	ascii	(|$@D
0x173b87	0x180173b87	.text	ascii	(D$0D
0x173b8d	0x180173b8d	.text	ascii	(L$ H
0x173b94	0x180173b94	.text	ascii	h[_^A\A]A^A_]
0x173ba2	0x180173ba2	.text	ascii	fffff.
0x173bb5	0x180173bb5	.text	ascii	UAWAVAUATVWSH
0x173bce	0x180173bce	.text	ascii	)L$ D
0x173bde	0x180173bde	.text	ascii	)t$PH
0x173bf1	0x180173bf1	.text	ascii	(|$@D
0x173bf7	0x180173bf7	.text	ascii	(D$0D
0x173bfd	0x180173bfd	.text	ascii	(L$ H
0x173c04	0x180173c04	.text	ascii	h[_^A\A]A^A_]
0x173c86	0x180173c86	.text	ascii	(t$ H
0x173cd9	0x180173cd9	.text	ascii	D$0H1
0x173cf2	0x180173cf2	.text	ascii	L$0H1
0x173e12	0x180173e12	.text	ascii	)D$ H
0x173e44	0x180173e44	.text	ascii	D$8H1
0x173e60	0x180173e60	.text	ascii	L$8H1
0x173ec4	0x180173ec4	.text	ascii	)T$ H;
0x173ed3	0x180173ed3	.text	ascii	(D$ f
0x173f00	0x180173f00	.text	ascii	)D$ H;
0x17410e	0x18017410e	.text	ascii	D$8H1
0x17412a	0x18017412a	.text	ascii	L$8H1
0x174330	0x180174330	.text	ascii	UAWAVVWSH
0x1743a6	0x1801743a6	.text	ascii	H;HptSH
0x17482d	0x18017482d	.text	ascii	E`H;Eh
0x1749e9	0x1801749e9	.text	ascii	[_^A^A_]
0x174ae5	0x180174ae5	.text	ascii	UAWAVVWSH
0x174af9	0x180174af9	.text	ascii	)t$0H
0x174b07	0x180174b07	.text	ascii	(t$0H
0x174b0e	0x180174b0e	.text	ascii	H[_^A^A_]
0x174b32	0x180174b32	.text	ascii	fffff.
0x174b80	0x180174b80	.text	ascii	UAWAVVWSH
0x174c28	0x180174c28	.text	ascii	fffffff
0x174f68	0x180174f68	.text	ascii	8[_^A^A_]
0x174f95	0x180174f95	.text	ascii	UAWAVVWSH
0x174fb7	0x180174fb7	.text	ascii	([_^A^A_]
0x17500e	0x18017500e	.text	ascii	D$(H1
0x17502b	0x18017502b	.text	ascii	L$(H1
0x175040	0x180175040	.text	ascii	AWAVAUATVWUSH
0x1750d7	0x1801750d7	.text	ascii	L#v0I
0x1750f3	0x1801750f3	.text	ascii	tDff.
0x175158	0x180175158	.text	ascii	D$0M9
0x1751c0	0x1801751c0	.text	ascii	L#v0I
0x17521f	0x18017521f	.text	ascii	t$ffffff.
0x1752a1	0x1801752a1	.text	ascii	ffffff.
0x1752fc	0x1801752fc	.text	ascii	8[]_^A\A]A^A_
0x175420	0x180175420	.text	ascii	UAWAVATVWSH
0x17555c	0x18017555c	.text	ascii	[_^A\A^A_]
0x175585	0x180175585	.text	ascii	UAWAVATVWSH
0x1755a6	0x1801755a6	.text	ascii	0[_^A\A^A_]
0x1755b2	0x1801755b2	.text	ascii	fffff.
0x1755c5	0x1801755c5	.text	ascii	UAWAVATVWSH
0x1755e6	0x1801755e6	.text	ascii	0[_^A\A^A_]
0x175600	0x180175600	.text	ascii	UAWAVAUATVWSH
0x17575c	0x18017575c	.text	ascii	[_^A\A]A^A_]
0x175782	0x180175782	.text	ascii	fffff.
0x175795	0x180175795	.text	ascii	UAWAVAUATVWSH
0x1757b9	0x1801757b9	.text	ascii	([_^A\A]A^A_]
0x1757d5	0x1801757d5	.text	ascii	UAWAVAUATVWSH
0x1757f9	0x1801757f9	.text	ascii	([_^A\A]A^A_]
0x175810	0x180175810	.text	ascii	AWAVATVWSH
0x17590f	0x18017590f	.text	ascii	([_^A\A^A_
0x175a73	0x180175a73	.text	ascii	ffff.
0x175ca0	0x180175ca0	.text	ascii	(t$ H
0x175f78	0x180175f78	.text	ascii	)t$0H
0x1760a8	0x1801760a8	.text	ascii	D$(H1
0x1760bb	0x1801760bb	.text	ascii	(t$0H
0x1760c9	0x1801760c9	.text	ascii	L$(H1
0x176136	0x180176136	.text	ascii	)D$ H
0x176272	0x180176272	.text	ascii	T$`E1
0x176440	0x180176440	.text	ascii	AVVWSH
0x1768ba	0x1801768ba	.text	ascii	[_^A^
0x1768e0	0x1801768e0	.text	ascii	AWAVAUATVWUSH
0x176977	0x180176977	.text	ascii	[]_^A\A]A^A_
0x176c9c	0x180176c9c	.text	ascii	)|$PH
0x176edc	0x180176edc	.text	ascii	)|$pH
0x177400	0x180177400	.text	ascii	UAWAVATVWSH
0x17753d	0x18017753d	.text	ascii	[_^A\A^A_]
0x177561	0x180177561	.text	ascii	ffffff.
0x177575	0x180177575	.text	ascii	UAWAVATVWSH
0x177596	0x180177596	.text	ascii	0[_^A\A^A_]
0x1775a2	0x1801775a2	.text	ascii	fffff.
0x1775b5	0x1801775b5	.text	ascii	UAWAVATVWSH
0x1775d6	0x1801775d6	.text	ascii	0[_^A\A^A_]
0x177970	0x180177970	.text	ascii	AVVWSH
0x177b56	0x180177b56	.text	ascii	:PresentH
0x177e9c	0x180177e9c	.text	ascii	[_^A^
0x177eb0	0x180177eb0	.text	ascii	UAWAVAUATVWSH
0x17800c	0x18017800c	.text	ascii	[_^A\A]A^A_]
0x178032	0x180178032	.text	ascii	fffff.
0x178045	0x180178045	.text	ascii	UAWAVAUATVWSH
0x178069	0x180178069	.text	ascii	([_^A\A]A^A_]
0x178085	0x180178085	.text	ascii	UAWAVAUATVWSH
0x1780a9	0x1801780a9	.text	ascii	([_^A\A]A^A_]
0x178131	0x180178131	.text	ascii	L$8H1
0x17814d	0x18017814d	.text	ascii	L$8H1
0x178160	0x180178160	.text	ascii	AWAVVWSH
0x1781dc	0x1801781dc	.text	ascii	L$8H1
0x1781f1	0x1801781f1	.text	ascii	@[_^A^A_
0x1781fc	0x1801781fc	.text	ascii	L$8H1
0x178210	0x180178210	.text	ascii	AVVWSH
0x178296	0x180178296	.text	ascii	([_^A^H
0x178319	0x180178319	.text	ascii	)t$`H
0x178365	0x180178365	.text	ascii	)t$0f
0x17836b	0x18017836b	.text	ascii	)t$ H
0x1783a8	0x1801783a8	.text	ascii	~XH;V`t H
0x178431	0x180178431	.text	ascii	D$XH1
0x178447	0x180178447	.text	ascii	(t$`H
0x178455	0x180178455	.text	ascii	L$XH1
0x1785b2	0x1801785b2	.text	ascii	H;^ht&H
0x178669	0x180178669	.text	ascii	D$8H1
0x178685	0x180178685	.text	ascii	L$8H1
0x178867	0x180178867	.text	ascii	)\$pD
0x17886d	0x18017886d	.text	ascii	)T$`D
0x178873	0x180178873	.text	ascii	)L$PD
0x178b3f	0x180178b3f	.text	ascii	(|$0D
0x178b45	0x180178b45	.text	ascii	(D$@D
0x178b4b	0x180178b4b	.text	ascii	(L$PD
0x178b51	0x180178b51	.text	ascii	(T$`D
0x178b57	0x180178b57	.text	ascii	(\$pD
0x178b96	0x180178b96	.text	ascii	)T$@D
0x178b9c	0x180178b9c	.text	ascii	)L$0D
0x178e6d	0x180178e6d	.text	ascii	(D$ D
0x178e73	0x180178e73	.text	ascii	(L$0D
0x178e79	0x180178e79	.text	ascii	(T$@H
0x179004	0x180179004	.text	ascii	)L$pH
0x179150	0x180179150	.text	ascii	UAWAVAUATVWSH
0x17924f	0x18017924f	.text	ascii	[_^A\A]A^A_]
0x179575	0x180179575	.text	ascii	UAWAVAUATVWSH
0x179592	0x180179592	.text	ascii	)t$@H
0x1795a5	0x1801795a5	.text	ascii	(|$0H
0x1795ac	0x1801795ac	.text	ascii	X[_^A\A]A^A_]
0x1795c5	0x1801795c5	.text	ascii	UAWAVAUATVWSH
0x1795e2	0x1801795e2	.text	ascii	)t$@H
0x1795f5	0x1801795f5	.text	ascii	(|$0H
0x1795fc	0x1801795fc	.text	ascii	X[_^A\A]A^A_]
0x179628	0x180179628	.text	ascii	A H+A
0x17979f	0x18017979f	.text	ascii	D$(H1
0x1797bb	0x1801797bb	.text	ascii	L$(H1
0x179914	0x180179914	.text	ascii	H;N t
0x1799c2	0x1801799c2	.text	ascii	H;N t
0x179a50	0x180179a50	.text	ascii	AWAVAUATVWUSH
0x179ab4	0x180179ab4	.text	ascii	)t$pH
0x179b7a	0x180179b7a	.text	ascii	)D$PH
0x179bf0	0x180179bf0	.text	ascii	0ffffff.
0x179e5b	0x180179e5b	.text	ascii	D$hH1
0x179ec9	0x180179ec9	.text	ascii	[]_^A\A]A^A_
0x179ed8	0x180179ed8	.text	ascii	L$hH1
0x17a0e1	0x18017a0e1	.text	ascii	ffffff.
0x17a130	0x18017a130	.text	ascii	AWAVAUATVWUSH
0x17a1e6	0x18017a1e6	.text	ascii	L$(H9
0x17a23a	0x18017a23a	.text	ascii	8[]_^A\A]A^A_
0x17a250	0x18017a250	.text	ascii	AWAVAUATVWUSH
0x17a34d	0x18017a34d	.text	ascii	L$@L9
0x17a5fd	0x18017a5fd	.text	ascii	sp ,4
0x17a701	0x18017a701	.text	ascii	/b<H9
0x17a8e1	0x18017a8e1	.text	ascii	/b<H9
0x17a91e	0x18017a91e	.text	ascii	'YT9+s
0x17a990	0x18017a990	.text	ascii	;D$lH
0x17ab43	0x18017ab43	.text	ascii	a|HH9
0x17ad21	0x18017ad21	.text	ascii	+q`9j
0x17af89	0x18017af89	.text	ascii	f;D$\H
0x17b0a8	0x18017b0a8	.text	ascii	|m\/0
0x17b482	0x18017b482	.text	ascii	;@yY,
0x17b62d	0x18017b62d	.text	ascii	f;D$vH
0x17b6fa	0x18017b6fa	.text	ascii	n?.)H
0x17b9ba	0x18017b9ba	.text	ascii	[]_^A\A]A^A_
0x17b9e0	0x18017b9e0	.text	ascii	AWAVAUATVWUSH
0x17b9f6	0x18017b9f6	.text	ascii	ADj"H
0x17ba32	0x18017ba32	.text	ascii	uB]|I
0x17ba9d	0x18017ba9d	.text	ascii	L$ H9
0x17bab0	0x18017bab0	.text	ascii	;ffffff.
0x17baef	0x18017baef	.text	ascii	8[]_^A\A]A^A_
0x17bb00	0x18017bb00	.text	ascii	UAWAVVWSH
0x17be25	0x18017be25	.text	ascii	GEdQP
0x17c0af	0x18017c0af	.text	ascii	[_^A^A_]
0x17c0e2	0x18017c0e2	.text	ascii	fffff.
0x17c0f5	0x18017c0f5	.text	ascii	UAWAVVWSH
0x17c118	0x18017c118	.text	ascii	([_^A^A_]
0x17c122	0x18017c122	.text	ascii	fffff.
0x17c135	0x18017c135	.text	ascii	UAWAVVWSH
0x17c158	0x18017c158	.text	ascii	([_^A^A_]
0x17c170	0x18017c170	.text	ascii	UAWAVAUATVWSH
0x17c1a3	0x18017c1a3	.text	ascii	z_>YGH
0x17c2b7	0x18017c2b7	.text	ascii	H;Uhv
0x17c31c	0x18017c31c	.text	ascii	MXH;Mhv
0x17c34c	0x18017c34c	.text	ascii	EXH;Ehv
0x17c3da	0x18017c3da	.text	ascii	[_^A\A]A^A_]
0x17c415	0x18017c415	.text	ascii	UAWAVAUATVWSH
0x17c439	0x18017c439	.text	ascii	([_^A\A]A^A_]
0x17c455	0x18017c455	.text	ascii	UAWAVAUATVWSH
0x17c479	0x18017c479	.text	ascii	([_^A\A]A^A_]
0x17c490	0x18017c490	.text	ascii	UAWAVAUATVWSH
0x17c578	0x18017c578	.text	ascii	H;UHv
0x17c5dd	0x18017c5dd	.text	ascii	M8H;MHv
0x17c60d	0x18017c60d	.text	ascii	E8H;EHvrH
0x17c68e	0x18017c68e	.text	ascii	[_^A\A]A^A_]
0x17c6c5	0x18017c6c5	.text	ascii	UAWAVAUATVWSH
0x17c6e9	0x18017c6e9	.text	ascii	([_^A\A]A^A_]
0x17c705	0x18017c705	.text	ascii	UAWAVAUATVWSH
0x17c729	0x18017c729	.text	ascii	([_^A\A]A^A_]
0x17c740	0x18017c740	.text	ascii	UAWAVAUATVWSH
0x17c865	0x18017c865	.text	ascii	H;UXv
0x17c8c9	0x18017c8c9	.text	ascii	MHH;MXv
0x17c8f9	0x18017c8f9	.text	ascii	EHH;EXv
0x17c987	0x18017c987	.text	ascii	[_^A\A]A^A_]
0x17c9c5	0x18017c9c5	.text	ascii	UAWAVAUATVWSH
0x17c9e9	0x18017c9e9	.text	ascii	([_^A\A]A^A_]
0x17ca05	0x18017ca05	.text	ascii	UAWAVAUATVWSH
0x17ca29	0x18017ca29	.text	ascii	([_^A\A]A^A_]
0x17ca40	0x18017ca40	.text	ascii	AWAVAUATVWUSH
0x17cb5d	0x18017cb5d	.text	ascii	L$ L9
0x17cc36	0x18017cc36	.text	ascii	H9D$@H
0x17cce2	0x18017cce2	.text	ascii	fffff.
0x17ce8a	0x18017ce8a	.text	ascii	D$HH9
0x17cf05	0x18017cf05	.text	ascii	|$6/H
0x17cf3c	0x18017cf3c	.text	ascii	|$6\H
0x17cf73	0x18017cf73	.text	ascii	|$6\H
0x17cfb0	0x18017cfb0	.text	ascii	H+D$HH
0x17d0b6	0x18017d0b6	.text	ascii	H;D$8
0x17d11a	0x18017d11a	.text	ascii	[]_^A\A]A^A_
0x17d12d	0x18017d12d	.text	ascii	AWAVAUATVWUSH
0x17d291	0x18017d291	.text	ascii	HcT$$
0x17d29b	0x18017d29b	.text	ascii	;T$ I
0x17d2c4	0x18017d2c4	.text	ascii	Xn +H
0x17d38c	0x18017d38c	.text	ascii	UY.+H
0x17d3d0	0x18017d3d0	.text	ascii	0[]_^A\A]A^A_
0x17d3e0	0x18017d3e0	.text	ascii	AWAVAUATVWUSH
0x17d4a6	0x18017d4a6	.text	ascii	L$(H9
0x17d57a	0x18017d57a	.text	ascii	8[]_^A\A]A^A_
0x17d620	0x18017d620	.text	ascii	UAVVWSH
0x17d8c4	0x18017d8c4	.text	ascii	H;U0v
0x17dbb2	0x18017dbb2	.text	ascii	H;U0v
0x17dbe7	0x18017dbe7	.text	ascii	9C0u~H
0x17dc7e	0x18017dc7e	.text	ascii	[_^A^]
0x17dd55	0x18017dd55	.text	ascii	UAVVWSH
0x17dd76	0x18017dd76	.text	ascii	@[_^A^]
0x17dd85	0x18017dd85	.text	ascii	UAVVWSH
0x17dda6	0x18017dda6	.text	ascii	@[_^A^]
0x17ddb5	0x18017ddb5	.text	ascii	UAVVWSH
0x17ddd6	0x18017ddd6	.text	ascii	@[_^A^]
0x17dde5	0x18017dde5	.text	ascii	UAVVWSH
0x17de06	0x18017de06	.text	ascii	@[_^A^]
0x17de15	0x18017de15	.text	ascii	UAVVWSH
0x17de36	0x18017de36	.text	ascii	@[_^A^]
0x17de40	0x18017de40	.text	ascii	AWAVAUATVWUSH
0x17de54	0x18017de54	.text	ascii	)t$pH
0x17ded9	0x18017ded9	.text	ascii	L$XH)
0x17df4e	0x18017df4e	.text	ascii	L$0H9
0x17e002	0x18017e002	.text	ascii	fffff.
0x17e030	0x18017e030	.text	ascii	L$XH)
0x17e120	0x18017e120	.text	ascii	(t$pH
0x17e12b	0x18017e12b	.text	ascii	[]_^A\A]A^A_
0x17e140	0x18017e140	.text	ascii	UAWAVAUATVWSH
0x17e229	0x18017e229	.text	ascii	H;Mhv
0x17e286	0x18017e286	.text	ascii	H;Uhv
0x17e2ef	0x18017e2ef	.text	ascii	MXH;Mhv
0x17e320	0x18017e320	.text	ascii	EXH;Ehv
0x17e3ae	0x18017e3ae	.text	ascii	[_^A\A]A^A_]
0x17e3e5	0x18017e3e5	.text	ascii	UAWAVAUATVWSH
0x17e409	0x18017e409	.text	ascii	([_^A\A]A^A_]
0x17e425	0x18017e425	.text	ascii	UAWAVAUATVWSH
0x17e449	0x18017e449	.text	ascii	([_^A\A]A^A_]
0x17e460	0x18017e460	.text	ascii	UVWSH
0x17e5fd	0x18017e5fd	.text	ascii	h[_^]
0x17e635	0x18017e635	.text	ascii	UVWSH
0x17e642	0x18017e642	.text	ascii	)t$ H
0x17e659	0x18017e659	.text	ascii	(t$ H
0x17e660	0x18017e660	.text	ascii	8[_^]
0x17e670	0x18017e670	.text	ascii	AWAVAUATVWUSH
0x17e6d9	0x18017e6d9	.text	ascii	D$pfI
0x17e77d	0x18017e77d	.text	ascii	L$(L9
0x17e7da	0x18017e7da	.text	ascii	D$`H+
0x17e8a3	0x18017e8a3	.text	ascii	H#D$xH
0x17eca8	0x18017eca8	.text	ascii	H;L$@H
0x17ee07	0x18017ee07	.text	ascii	L$`H)
0x17eecc	0x18017eecc	.text	ascii	D$HH;
0x17ef61	0x18017ef61	.text	ascii	H#D$xH
0x17f0b0	0x18017f0b0	.text	ascii	]#Gw&H
0x17f337	0x18017f337	.text	ascii	[]_^A\A]A^A_
0x17f370	0x18017f370	.text	ascii	AWAVAUATVWUSH
0x17f384	0x18017f384	.text	ascii	)t$pH
0x17f427	0x18017f427	.text	ascii	L$XH)
0x17f49c	0x18017f49c	.text	ascii	L$0H9
0x17f52d	0x18017f52d	.text	ascii	il^4H
0x17f552	0x18017f552	.text	ascii	$X%/e
0x17f598	0x18017f598	.text	ascii	L$XH)
0x17f61d	0x18017f61d	.text	ascii	P[-`D
0x17f64b	0x18017f64b	.text	ascii	(t$pH
0x17f656	0x18017f656	.text	ascii	[]_^A\A]A^A_
0x17f670	0x18017f670	.text	ascii	AWAVAUATVWUSH
0x17f71d	0x18017f71d	.text	ascii	L$0H9
0x17f8b1	0x18017f8b1	.text	ascii	O(h84BH
0x17f8e1	0x18017f8e1	.text	ascii	6E)H9
0x17f92c	0x18017f92c	.text	ascii	{H;L$P
0x17fa59	0x18017fa59	.text	ascii	N?_s?
0x17face	0x18017face	.text	ascii	[]_^A\A]A^A_
0x17fae0	0x18017fae0	.text	ascii	UAWAVAUATVWSH
0x17fce2	0x18017fce2	.text	ascii	E H;E
0x17fcf5	0x18017fcf5	.text	ascii	E H;E
0x17fd10	0x18017fd10	.text	ascii	I;] u.I
0x17fd18	0x18017fd18	.text	ascii	E(H;E
0x17fed5	0x18017fed5	.text	ascii	C(H;E
0x17fef0	0x18017fef0	.text	ascii	M;u u.I
0x17fef8	0x18017fef8	.text	ascii	E(H;E
0x17ff2d	0x18017ff2d	.text	ascii	M;u t
0x17ff42	0x18017ff42	.text	ascii	fffff.
0x17ff52	0x18017ff52	.text	ascii	E H;E
0x17ff65	0x18017ff65	.text	ascii	E H;E
0x17ffa0	0x18017ffa0	.text	ascii	L#g0H
0x17fffd	0x18017fffd	.text	ascii	G(H;E
0x1800a4	0x1801800a4	.text	ascii	[_^A\A]A^A_]
0x180101	0x180180101	.text	ascii	ffffff.
0x180115	0x180180115	.text	ascii	UAWAVAUATVWSH
0x180139	0x180180139	.text	ascii	([_^A\A]A^A_]
0x180150	0x180180150	.text	ascii	AWAVAUATVWUSH
0x18020d	0x18018020d	.text	ascii	L$(H9
0x1803d5	0x1801803d5	.text	ascii	/O#dH;L$@w
0x1805d7	0x1801805d7	.text	ascii	[]_^A\A]A^A_
0x1805f0	0x1801805f0	.text	ascii	AWAVAUATVWUSH
0x180620	0x180180620	.text	ascii	(tzzN
0x180697	0x180180697	.text	ascii	H#D$PH
0x18070d	0x18018070d	.text	ascii	L$(L9
0x180733	0x180180733	.text	ascii	cPPH9
0x180759	0x180180759	.text	ascii	cPPH9
0x180792	0x180180792	.text	ascii	;D$dH
0x18090a	0x18018090a	.text	ascii	D$pH;
0x1809ae	0x1801809ae	.text	ascii	;D$dH
0x180a0a	0x180180a0a	.text	ascii	D$xH;
0x180a18	0x180180a18	.text	ascii	mt2xu
0x180a90	0x180180a90	.text	ascii	L$PH!
0x180a9e	0x180180a9e	.text	ascii	H;L$pH
0x180bfa	0x180180bfa	.text	ascii	-LtAH
0x180e1f	0x180180e1f	.text	ascii	H;D$@H
0x180e34	0x180180e34	.text	ascii	)g1mH
0x180e70	0x180180e70	.text	ascii	H;D$HH
0x180ee8	0x180180ee8	.text	ascii	L$PH;H H
0x180fdb	0x180180fdb	.text	ascii	L$PH;H H
0x180ff2	0x180180ff2	.text	ascii	zcu+I
0x181172	0x180181172	.text	ascii	6mnkH
0x181214	0x180181214	.text	ascii	D$hH;
0x18137f	0x18018137f	.text	ascii	H;L$H
0x181430	0x180181430	.text	ascii	[]_^A\A]A^A_
0x18143d	0x18018143d	.text	ascii	AWAVAUATVWUSH
0x1814fb	0x1801814fb	.text	ascii	jV'H9
0x181657	0x180181657	.text	ascii	HcT$$
0x181661	0x180181661	.text	ascii	;T$ I
0x1816e3	0x1801816e3	.text	ascii	0[]_^A\A]A^A_
0x181700	0x180181700	.text	ascii	AWAVAUATVWUSH
0x1817cf	0x1801817cf	.text	ascii	L$(L9
0x18188e	0x18018188e	.text	ascii	8[]_^A\A]A^A_
0x1818a0	0x1801818a0	.text	ascii	AWAVAUATVWUSH
0x1818b4	0x1801818b4	.text	ascii	)t$pH
0x181942	0x180181942	.text	ascii	L$`H)
0x1819bd	0x1801819bd	.text	ascii	L$0H9
0x1819ea	0x1801819ea	.text	ascii	L$`H)
0x181a92	0x180181a92	.text	ascii	fffff.
0x181afb	0x180181afb	.text	ascii	21.GH
0x181b8c	0x180181b8c	.text	ascii	(t$pH
0x181b97	0x180181b97	.text	ascii	[]_^A\A]A^A_
0x181bb0	0x180181bb0	.text	ascii	AWAVAUATVWUSH
0x181d3d	0x180181d3d	.text	ascii	L$8L9
0x181e28	0x180181e28	.text	ascii	W7i+n
0x181e5c	0x180181e5c	.text	ascii	[]_^A\A]A^A_
0x181e80	0x180181e80	.text	ascii	AWAVAUATVWUSH
0x181f6d	0x180181f6d	.text	ascii	L$(H9
0x18200c	0x18018200c	.text	ascii	L$@H;
0x182129	0x180182129	.text	ascii	X[]_^A\A]A^A_
0x182140	0x180182140	.text	ascii	AWAVAUATVWUSH
0x1822b8	0x1801822b8	.text	ascii	L$0H9
0x182327	0x180182327	.text	ascii	L$pH1
0x18233c	0x18018233c	.text	ascii	x[]_^A\A]A^A_
0x18234c	0x18018234c	.text	ascii	L$pH1
0x182360	0x180182360	.text	ascii	AWAVAUATVWUSH
0x1823a2	0x1801823a2	.text	ascii	$r69QgH
0x182409	0x180182409	.text	ascii	L$0H9
0x18245d	0x18018245d	.text	ascii	L$ L9
0x182479	0x180182479	.text	ascii	D$@H;G
0x182538	0x180182538	.text	ascii	D$PH1
0x18254d	0x18018254d	.text	ascii	X[]_^A\A]A^A_
0x18255d	0x18018255d	.text	ascii	L$PH1
0x182570	0x180182570	.text	ascii	AWAVAUATVWUSH
0x1825d8	0x1801825d8	.text	ascii	H+\$HH
0x182638	0x180182638	.text	ascii	L$(L9
0x18266d	0x18018266d	.text	ascii	D$`H9
0x1826de	0x1801826de	.text	ascii	D$XH;D$8H
0x18272d	0x18018272d	.text	ascii	h[]_^A\A]A^A_
0x182740	0x180182740	.text	ascii	AWAVAUATVWUSH
0x1827aa	0x1801827aa	.text	ascii	]7"3k
0x182802	0x180182802	.text	ascii	D$0ff.
0x18282d	0x18018282d	.text	ascii	L$0L9
0x1828e6	0x1801828e6	.text	ascii	]7"3k
0x182943	0x180182943	.text	ascii	ffff.
0x18299b	0x18018299b	.text	ascii	;D$DH
0x182d1e	0x180182d1e	.text	ascii	;D$DH
0x182e02	0x180182e02	.text	ascii	GdG5x'
0x182e14	0x180182e14	.text	ascii	f>TCD
0x182e53	0x180182e53	.text	ascii	K>QSHz}H
0x182eb7	0x180182eb7	.text	ascii	[]_^A\A]A^A_
0x182ee0	0x180182ee0	.text	ascii	UAWAVAUATVWSH
0x182fc8	0x180182fc8	.text	ascii	H;UHv
0x18302d	0x18018302d	.text	ascii	M8H;MHv
0x18305d	0x18018305d	.text	ascii	E8H;EHvrH
0x1830de	0x1801830de	.text	ascii	[_^A\A]A^A_]
0x183115	0x180183115	.text	ascii	UAWAVAUATVWSH
0x183139	0x180183139	.text	ascii	([_^A\A]A^A_]
0x183155	0x180183155	.text	ascii	UAWAVAUATVWSH
0x183179	0x180183179	.text	ascii	([_^A\A]A^A_]
0x1831c0	0x1801831c0	.text	ascii	AWAVAUATVWUSH
0x183261	0x180183261	.text	ascii	ffffff.
0x18328d	0x18018328d	.text	ascii	L$(L9
0x1833e4	0x1801833e4	.text	ascii	Q3=fS9
0x183431	0x180183431	.text	ascii	.iWcN>
0x183451	0x180183451	.text	ascii	ffffff.
0x18347a	0x18018347a	.text	ascii	W)kH9
0x1834b7	0x1801834b7	.text	ascii	H9L$8r
0x18358a	0x18018358a	.text	ascii	D$hI)
0x1835f3	0x1801835f3	.text	ascii	D$hI)
0x18360b	0x18018360b	.text	ascii	L+D$hL
0x1836f0	0x1801836f0	.text	ascii	/alZPb
0x183798	0x180183798	.text	ascii	L$PH)
0x1837c1	0x1801837c1	.text	ascii	H;T$Pw
0x183864	0x180183864	.text	ascii	l{H9L$8w
0x1839fe	0x1801839fe	.text	ascii	[]_^A\A]A^A_
0x183a32	0x180183a32	.text	ascii	AWAVAUATVWUSH
0x183a80	0x180183a80	.text	ascii	7+mBI
0x183aae	0x180183aae	.text	ascii	7+mBH
0x183c72	0x180183c72	.text	ascii	HcT$$
0x183c7c	0x180183c7c	.text	ascii	;T$ I
0x183cd5	0x180183cd5	.text	ascii	0[]_^A\A]A^A_
0x183d00	0x180183d00	.text	ascii	UAWAVVWSH
0x183fdc	0x180183fdc	.text	ascii	)u0H;E
0x183ff2	0x180183ff2	.text	ascii	C3+)H
0x1845b4	0x1801845b4	.text	ascii	[_^A^A_]
0x184625	0x180184625	.text	ascii	UAWAVVWSH
0x184639	0x180184639	.text	ascii	)t$ H
0x184647	0x180184647	.text	ascii	(t$ H
0x18464e	0x18018464e	.text	ascii	8[_^A^A_]
0x184665	0x180184665	.text	ascii	UAWAVVWSH
0x184679	0x180184679	.text	ascii	)t$ H
0x18468a	0x18018468a	.text	ascii	(t$ H
0x184691	0x180184691	.text	ascii	8[_^A^A_]
0x1846a5	0x1801846a5	.text	ascii	UAWAVVWSH
0x1846b9	0x1801846b9	.text	ascii	)t$ H
0x1846c7	0x1801846c7	.text	ascii	(t$ H
0x1846ce	0x1801846ce	.text	ascii	8[_^A^A_]
0x1846e5	0x1801846e5	.text	ascii	UAWAVVWSH
0x1846f9	0x1801846f9	.text	ascii	)t$ H
0x18470a	0x18018470a	.text	ascii	(t$ H
0x184711	0x180184711	.text	ascii	8[_^A^A_]
0x184725	0x180184725	.text	ascii	UAWAVVWSH
0x184739	0x180184739	.text	ascii	)t$ H
0x184747	0x180184747	.text	ascii	(t$ H
0x18474e	0x18018474e	.text	ascii	8[_^A^A_]
0x184765	0x180184765	.text	ascii	UAWAVVWSH
0x184779	0x180184779	.text	ascii	)t$ H
0x184787	0x180184787	.text	ascii	(t$ H
0x18478e	0x18018478e	.text	ascii	8[_^A^A_]
0x1847a5	0x1801847a5	.text	ascii	UAWAVVWSH
0x1847b9	0x1801847b9	.text	ascii	)t$ H
0x1847c7	0x1801847c7	.text	ascii	(t$ H
0x1847ce	0x1801847ce	.text	ascii	8[_^A^A_]
0x1847e5	0x1801847e5	.text	ascii	UAWAVVWSH
0x1847f9	0x1801847f9	.text	ascii	)t$ H
0x184807	0x180184807	.text	ascii	(t$ H
0x18480e	0x18018480e	.text	ascii	8[_^A^A_]
0x184820	0x180184820	.text	ascii	AWAVAUATVWUSH
0x1848ed	0x1801848ed	.text	ascii	L$ H9
0x184a28	0x180184a28	.text	ascii	DbNH9
0x184a4a	0x180184a4a	.text	ascii	H[]_^A\A]A^A_
0x184a80	0x180184a80	.text	ascii	UAWAVAUATVWSH
0x184edb	0x180184edb	.text	ascii	9;Y@H
0x185075	0x180185075	.text	ascii	[_^A\A]A^A_]
0x1850d5	0x1801850d5	.text	ascii	UAWAVAUATVWSH
0x1850f9	0x1801850f9	.text	ascii	H[_^A\A]A^A_]
0x185115	0x180185115	.text	ascii	UAWAVAUATVWSH
0x185139	0x180185139	.text	ascii	H[_^A\A]A^A_]
0x185155	0x180185155	.text	ascii	UAWAVAUATVWSH
0x185185	0x180185185	.text	ascii	H[_^A\A]A^A_]
0x1851ed	0x1801851ed	.text	ascii	L$8H1
0x185209	0x180185209	.text	ascii	L$8H1
0x1853e0	0x1801853e0	.text	ascii	UAVVWSH
0x185472	0x180185472	.text	ascii	t(fff.
0x1854ad	0x1801854ad	.text	ascii	@[_^A^]
0x1854f5	0x1801854f5	.text	ascii	UAVVWSH
0x185525	0x180185525	.text	ascii	UAVVWSH
0x185550	0x180185550	.text	ascii	UAWAVAUATVWSH
0x1855c7	0x1801855c7	.text	ascii	IwUP>
0x185731	0x180185731	.text	ascii	(fffff.
0x1857c9	0x1801857c9	.text	ascii	C:T#H
0x185c7a	0x180185c7a	.text	ascii	[_^A\A]A^A_]
0x185cc5	0x180185cc5	.text	ascii	UAWAVAUATVWSH
0x185cdd	0x180185cdd	.text	ascii	)t$ H
0x185cee	0x180185cee	.text	ascii	(t$ H
0x185cf5	0x180185cf5	.text	ascii	8[_^A\A]A^A_]
0x185d03	0x180185d03	.text	ascii	ffff.
0x185d15	0x180185d15	.text	ascii	UAWAVAUATVWSH
0x185d2d	0x180185d2d	.text	ascii	)t$ H
0x185d3b	0x180185d3b	.text	ascii	(t$ H
0x185d42	0x180185d42	.text	ascii	8[_^A\A]A^A_]
0x185d55	0x180185d55	.text	ascii	UAWAVAUATVWSH
0x185d6d	0x180185d6d	.text	ascii	)t$ H
0x185d87	0x180185d87	.text	ascii	(t$ H
0x185d8e	0x180185d8e	.text	ascii	8[_^A\A]A^A_]
0x185da5	0x180185da5	.text	ascii	UAWAVAUATVWSH
0x185dbd	0x180185dbd	.text	ascii	)t$ H
0x185dce	0x180185dce	.text	ascii	(t$ H
0x185dd5	0x180185dd5	.text	ascii	8[_^A\A]A^A_]
0x185de3	0x180185de3	.text	ascii	ffff.
0x185df5	0x180185df5	.text	ascii	UAWAVAUATVWSH
0x185e0d	0x180185e0d	.text	ascii	)t$ H
0x185e1b	0x180185e1b	.text	ascii	(t$ H
0x185e22	0x180185e22	.text	ascii	8[_^A\A]A^A_]
0x185e35	0x180185e35	.text	ascii	UAWAVAUATVWSH
0x185e4d	0x180185e4d	.text	ascii	)t$ H
0x185e5e	0x180185e5e	.text	ascii	(t$ H
0x185e65	0x180185e65	.text	ascii	8[_^A\A]A^A_]
0x185e80	0x180185e80	.text	ascii	UAWAVAUATVWSH
0x185f87	0x180185f87	.text	ascii	u`L;~
0x185fc7	0x180185fc7	.text	ascii	UHH;UP
0x186024	0x180186024	.text	ascii	7H;E0
0x186094	0x180186094	.text	ascii	,[,vO
0x18614f	0x18018614f	.text	ascii	t$ffffff.
0x1861f7	0x1801861f7	.text	ascii	[_^A\A]A^A_]
0x186275	0x180186275	.text	ascii	UAWAVAUATVWSH
0x18628d	0x18018628d	.text	ascii	)t$ H
0x1862a2	0x1801862a2	.text	ascii	(t$ H
0x1862a9	0x1801862a9	.text	ascii	8[_^A\A]A^A_]
0x1862c5	0x1801862c5	.text	ascii	UAWAVAUATVWSH
0x1862dd	0x1801862dd	.text	ascii	)t$ H
0x1862fd	0x1801862fd	.text	ascii	(t$ H
0x186304	0x180186304	.text	ascii	8[_^A\A]A^A_]
0x186320	0x180186320	.text	ascii	UAWAVAUATVWSH
0x186782	0x180186782	.text	ascii	[_^A\A]A^A_]
0x1867a5	0x1801867a5	.text	ascii	UAWAVAUATVWSH
0x1867c9	0x1801867c9	.text	ascii	([_^A\A]A^A_]
0x1867e5	0x1801867e5	.text	ascii	UAWAVAUATVWSH
0x186810	0x180186810	.text	ascii	([_^A\A]A^A_]
0x186820	0x180186820	.text	ascii	AWAVAUATVWUSH
0x186852	0x180186852	.text	ascii	|aFr9H
0x1868dd	0x1801868dd	.text	ascii	L$0L9
0x186a05	0x180186a05	.text	ascii	H;L$`w
0x186af7	0x180186af7	.text	ascii	L$XH)
0x186b05	0x180186b05	.text	ascii	y?H;L$Pr
0x186cec	0x180186cec	.text	ascii	L$XH)
0x186cfb	0x180186cfb	.text	ascii	_H;L$Pr
0x186d84	0x180186d84	.text	ascii	H;L$`w
0x186df9	0x180186df9	.text	ascii	O>1H;L$h
0x187041	0x180187041	.text	ascii	H;L$`w
0x187091	0x180187091	.text	ascii	L$XH)
0x1870a1	0x1801870a1	.text	ascii	H;L$Pr
0x1871bc	0x1801871bc	.text	ascii	[]_^A\A]A^A_
0x1871d0	0x1801871d0	.text	ascii	AWAVAUATVWUSH
0x1871e4	0x1801871e4	.text	ascii	)t$pH
0x1872ad	0x1801872ad	.text	ascii	L$0H9
0x1872f6	0x1801872f6	.text	ascii	=a7V_H
0x187302	0x180187302	.text	ascii	fffff.
0x187390	0x180187390	.text	ascii	L$`H)
0x1873f6	0x1801873f6	.text	ascii	L$`H)
0x1874ab	0x1801874ab	.text	ascii	(t$pH
0x1874b6	0x1801874b6	.text	ascii	[]_^A\A]A^A_
0x1874d0	0x1801874d0	.text	ascii	AWAVAUATVWUSH
0x1875ad	0x1801875ad	.text	ascii	L$0L9
0x1876b4	0x1801876b4	.text	ascii	L$XH)
0x1876c4	0x1801876c4	.text	ascii	H;L$Pr
0x1877b3	0x1801877b3	.text	ascii	L$XH)
0x1877c3	0x1801877c3	.text	ascii	H;L$Pr
0x1878c8	0x1801878c8	.text	ascii	NH;L$`w
0x1879f7	0x1801879f7	.text	ascii	H;L$hw
0x187af1	0x180187af1	.text	ascii	d8PH;
0x187b7f	0x180187b7f	.text	ascii	JH;L$hw
0x187be4	0x180187be4	.text	ascii	'5c`H9
0x187c1b	0x180187c1b	.text	ascii	[]_^A\A]A^A_
0x187c30	0x180187c30	.text	ascii	AWAVAUATVWUSH
0x187cf1	0x180187cf1	.text	ascii	L$ L9
0x187d65	0x180187d65	.text	ascii	8[]_^A\A]A^A_
0x187d80	0x180187d80	.text	ascii	AWAVAUATVWUSH
0x187e5d	0x180187e5d	.text	ascii	L$(L9
0x187efa	0x180187efa	.text	ascii	@H;|$pH
0x187f67	0x180187f67	.text	ascii	xvFH9
0x187f9d	0x180187f9d	.text	ascii	D$xH)
0x188036	0x180188036	.text	ascii	L$xH)
0x1880f3	0x1801880f3	.text	ascii	L$XH9
0x1881d7	0x1801881d7	.text	ascii	[]_^A\A]A^A_
0x1881f0	0x1801881f0	.text	ascii	UAWAVAUATVWSH
0x18833a	0x18018833a	.text	ascii	v'H;]
0x1884f2	0x1801884f2	.text	ascii	fffff.
0x1885d6	0x1801885d6	.text	ascii	[_^A\A]A^A_]
0x1885f5	0x1801885f5	.text	ascii	UAWAVAUATVWSH
0x188619	0x180188619	.text	ascii	([_^A\A]A^A_]
0x188630	0x180188630	.text	ascii	AWAVAUATVWUSH
0x18867f	0x18018867f	.text	ascii	;H)E^_MI
0x1886fd	0x1801886fd	.text	ascii	L$(L9
0x18880a	0x18018880a	.text	ascii	x`8H;L$hw
0x1888c1	0x1801888c1	.text	ascii	ffffff.
0x1889bb	0x1801889bb	.text	ascii	%nn)2H
0x188a37	0x180188a37	.text	ascii	2_oH9
0x188a7d	0x180188a7d	.text	ascii	a6bH;
0x188b28	0x180188b28	.text	ascii	L$XH)
0x188b38	0x180188b38	.text	ascii	H;L$Pr
0x188b93	0x180188b93	.text	ascii	y%COnH;L$hw
0x188ba5	0x180188ba5	.text	ascii	;qdjH
0x188be8	0x180188be8	.text	ascii	L$XH)
0x188bf8	0x180188bf8	.text	ascii	H;L$Pr
0x188ca7	0x180188ca7	.text	ascii	sH;L$`w
0x188d9c	0x180188d9c	.text	ascii	[]_^A\A]A^A_
0x188db0	0x180188db0	.text	ascii	AWAVAUATVWUSH
0x188e7d	0x180188e7d	.text	ascii	L$0H9
0x188f11	0x180188f11	.text	ascii	ffffff.
0x189001	0x180189001	.text	ascii	ffffff.
0x1890b1	0x1801890b1	.text	ascii	L$`H)
0x1890c1	0x1801890c1	.text	ascii	H;L$Xr
0x189159	0x180189159	.text	ascii	L$`H)
0x189168	0x180189168	.text	ascii	rH;L$Xr
0x1891b3	0x1801891b3	.text	ascii	^{K5%OH
0x1891c6	0x1801891c6	.text	ascii	H;L$pw
0x18922c	0x18018922c	.text	ascii	H;L$hw
0x189248	0x180189248	.text	ascii	]J?:H
0x189360	0x180189360	.text	ascii	UH;T$pw
0x1893e4	0x1801893e4	.text	ascii	0\E2UfH
0x1894be	0x1801894be	.text	ascii	[]_^A\A]A^A_
0x1894d0	0x1801894d0	.text	ascii	UAWAVAUATVWSH
0x1894fc	0x1801894fc	.text	ascii	S4A@H
0x189618	0x180189618	.text	ascii	m(L;m(
0x18963b	0x18018963b	.text	ascii	L;mPu
0x189702	0x180189702	.text	ascii	fffff.
0x1898f2	0x1801898f2	.text	ascii	t fff.
0x189967	0x180189967	.text	ascii	] tvH
0x1899eb	0x1801899eb	.text	ascii	[_^A\A]A^A_]
0x189a25	0x180189a25	.text	ascii	UAWAVAUATVWSH
0x189a49	0x180189a49	.text	ascii	([_^A\A]A^A_]
0x189a60	0x180189a60	.text	ascii	UAWAVATVWSH
0x189bf0	0x180189bf0	.text	ascii	\$ H;u
0x189c7d	0x180189c7d	.text	ascii	[_^A\A^A_]
0x189ca5	0x180189ca5	.text	ascii	UAWAVATVWSH
0x189cc7	0x180189cc7	.text	ascii	 [_^A\A^A_]
0x189ce0	0x180189ce0	.text	ascii	AWAVAUATVWUSH
0x189d0b	0x180189d0b	.text	ascii	t7&3H
0x189d16	0x180189d16	.text	ascii	Tt*oTz
0x189dcd	0x180189dcd	.text	ascii	L$(L9
0x189e04	0x180189e04	.text	ascii	:W=i{
0x189e6d	0x180189e6d	.text	ascii	(FKO/
0x189f11	0x180189f11	.text	ascii	ffffff.
0x18a046	0x18018a046	.text	ascii	@H;|$xH
0x18a094	0x18018a094	.text	ascii	Tt*oTz
0x18a132	0x18018a132	.text	ascii	[]_^A\A]A^A_
0x18a140	0x18018a140	.text	ascii	AWAVAUATVWUSH
0x18a20d	0x18018a20d	.text	ascii	L$0H9
0x18a263	0x18018a263	.text	ascii	D$`H)
0x18a269	0x18018a269	.text	ascii	H;D$XH
0x18a34b	0x18018a34b	.text	ascii	L$xH;L$pH
0x18a3fc	0x18018a3fc	.text	ascii	H;D$HH
0x18a4aa	0x18018a4aa	.text	ascii	L$xH;L$pH
0x18a5e4	0x18018a5e4	.text	ascii	H;D$HH
0x18a678	0x18018a678	.text	ascii	D$`H)
0x18a67e	0x18018a67e	.text	ascii	H;D$XH
0x18a733	0x18018a733	.text	ascii	[]_^A\A]A^A_
0x18a740	0x18018a740	.text	ascii	UAWAVVWSH
0x18a8d2	0x18018a8d2	.text	ascii	8[_^A^A_]
0x18a8f5	0x18018a8f5	.text	ascii	UAWAVVWSH
0x18a912	0x18018a912	.text	ascii	([_^A^A_]
0x18a920	0x18018a920	.text	ascii	AWAVAUATVWUSH
0x18aa4d	0x18018aa4d	.text	ascii	L$(L9
0x18aa95	0x18018aa95	.text	ascii	D$hH)
0x18aaf2	0x18018aaf2	.text	ascii	fffff.
0x18ab3f	0x18018ab3f	.text	ascii	L$hH)
0x18ab4a	0x18018ab4a	.text	ascii	o(zn_H
0x18ac4b	0x18018ac4b	.text	ascii	-sSOVH
0x18acab	0x18018acab	.text	ascii	L$XH9
0x18ad9d	0x18018ad9d	.text	ascii	[]_^A\A]A^A_
0x18adb0	0x18018adb0	.text	ascii	AWAVAUATVWUSH
0x18add4	0x18018add4	.text	ascii	Wf5/H
0x18ae6d	0x18018ae6d	.text	ascii	L$0H9
0x18af01	0x18018af01	.text	ascii	ffffff.
0x18af3b	0x18018af3b	.text	ascii	*Ro_H9
0x18af5c	0x18018af5c	.text	ascii	lcy8HH
0x18b0a6	0x18018b0a6	.text	ascii	qH;L$pw
0x18b23a	0x18018b23a	.text	ascii	}tH;L$h
0x18b289	0x18018b289	.text	ascii	H;L$pw
0x18b2d9	0x18018b2d9	.text	ascii	L$`H)
0x18b2e9	0x18018b2e9	.text	ascii	H;L$Xr
0x18b331	0x18018b331	.text	ascii	L$`H)
0x18b341	0x18018b341	.text	ascii	H;L$Xr
0x18b3ed	0x18018b3ed	.text	ascii	fegyH
0x18b4d5	0x18018b4d5	.text	ascii	[]_^A\A]A^A_
0x18b4f0	0x18018b4f0	.text	ascii	AWAVAUATVWUSH
0x18b504	0x18018b504	.text	ascii	)t$pH
0x18b58b	0x18018b58b	.text	ascii	L$`H)
0x18b5de	0x18018b5de	.text	ascii	D$0ffffff.
0x18b60d	0x18018b60d	.text	ascii	L$0H9
0x18b68d	0x18018b68d	.text	ascii	L$`H)
0x18b749	0x18018b749	.text	ascii	b5grwH
0x18b7c9	0x18018b7c9	.text	ascii	(t$pH
0x18b7d4	0x18018b7d4	.text	ascii	[]_^A\A]A^A_
0x18b830	0x18018b830	.text	ascii	AWAVAUATVWUSH
0x18b8c4	0x18018b8c4	.text	ascii	D$hH;L$XH
0x18b901	0x18018b901	.text	ascii	ffffff.
0x18b92d	0x18018b92d	.text	ascii	L$(L9
0x18ba2e	0x18018ba2e	.text	ascii	@yARjH
0x18baff	0x18018baff	.text	ascii	D$@H;D$PH
0x18bbab	0x18018bbab	.text	ascii	D$@H;D$PH
0x18bc57	0x18018bc57	.text	ascii	m8y*%qH
0x18bd4b	0x18018bd4b	.text	ascii	H9D$@H
0x18be67	0x18018be67	.text	ascii	[]_^A\A]A^A_
0x18bea0	0x18018bea0	.text	ascii	AWAVAUATVWUSH
0x18bf22	0x18018bf22	.text	ascii	D$HH;D$@H
0x18bf53	0x18018bf53	.text	ascii	D$0f.
0x18bf7d	0x18018bf7d	.text	ascii	L$0L9
0x18c02b	0x18018c02b	.text	ascii	D$xH;|$@H
0x18c2e1	0x18018c2e1	.text	ascii	D$HH;D$@H
0x18c2ef	0x18018c2ef	.text	ascii	~}TlH
0x18c3a8	0x18018c3a8	.text	ascii	H;D$pH
0x18c3bd	0x18018c3bd	.text	ascii	T|q\H
0x18c3fb	0x18018c3fb	.text	ascii	H9D$HH
0x18c482	0x18018c482	.text	ascii	L$@H)
0x18c571	0x18018c571	.text	ascii	[]_^A\A]A^A_
0x18c5b0	0x18018c5b0	.text	ascii	AWAVAUATVWUSH
0x18c66d	0x18018c66d	.text	ascii	L$0H9
0x18c70a	0x18018c70a	.text	ascii	+O$H9
0x18c89d	0x18018c89d	.text	ascii	#S}H9
0x18c8cc	0x18018c8cc	.text	ascii	D$xI)
0x18c8e4	0x18018c8e4	.text	ascii	L+D$xL
0x18c9dc	0x18018c9dc	.text	ascii	+O$H9
0x18ca00	0x18018ca00	.text	ascii	D$xI)
0x18cadd	0x18018cadd	.text	ascii	H;L$@t
0x18cbf7	0x18018cbf7	.text	ascii	H9L$Hw
0x18cc02	0x18018cc02	.text	ascii	qluco
0x18cdd1	0x18018cdd1	.text	ascii	H;L$@
0x18cdfd	0x18018cdfd	.text	ascii	H;L$@
0x18ce5a	0x18018ce5a	.text	ascii	IvRH9
0x18ceb7	0x18018ceb7	.text	ascii	[]_^A\A]A^A_
0x18cef0	0x18018cef0	.text	ascii	AWAVAUATVWUSH
0x18cfbb	0x18018cfbb	.text	ascii	W`w"Qz4H
0x18d00d	0x18018d00d	.text	ascii	L$0L9
0x18d090	0x18018d090	.text	ascii	H;D$@v
0x18d0af	0x18018d0af	.text	ascii	H;D$@v
0x18d15d	0x18018d15d	.text	ascii	H;D$@v
0x18d189	0x18018d189	.text	ascii	H;D$@v
0x18d1c3	0x18018d1c3	.text	ascii	ffff.
0x18d1f8	0x18018d1f8	.text	ascii	D$XH;D$hH
0x18d32f	0x18018d32f	.text	ascii	H;D$@v
0x18d37a	0x18018d37a	.text	ascii	H+D$HH;D$PH
0x18d405	0x18018d405	.text	ascii	H+D$PH9D$HH
0x18d58f	0x18018d58f	.text	ascii	[]_^A\A]A^A_
0x18d5a0	0x18018d5a0	.text	ascii	AWAVAUATVWUSH
0x18d653	0x18018d653	.text	ascii	wjl@Q
0x18d6fd	0x18018d6fd	.text	ascii	L$0L9
0x18d75b	0x18018d75b	.text	ascii	@H;D$pH
0x18d7f6	0x18018d7f6	.text	ascii	@H;D$pH
0x18d8a5	0x18018d8a5	.text	ascii	H;D$XH
0x18d8c2	0x18018d8c2	.text	ascii	fffff.
0x18d926	0x18018d926	.text	ascii	H;D$HH
0x18d937	0x18018d937	.text	ascii	Ld]!x&
0x18d9ca	0x18018d9ca	.text	ascii	H;D$XH
0x18da41	0x18018da41	.text	ascii	H;L$HH
0x18dac3	0x18018dac3	.text	ascii	 H;D$XH
0x18db46	0x18018db46	.text	ascii	 H;D$XH
0x18dbac	0x18018dbac	.text	ascii	H;D$PH
0x18dc00	0x18018dc00	.text	ascii	 H;D$XH
0x18dcbb	0x18018dcbb	.text	ascii	H;D$pH
0x18dcdf	0x18018dcdf	.text	ascii	D$PH;D$HH
0x18dd44	0x18018dd44	.text	ascii	H;D$PH
0x18dd8e	0x18018dd8e	.text	ascii	H;L$HH
0x18ddd5	0x18018ddd5	.text	ascii	H;D$`v
0x18ddf1	0x18018ddf1	.text	ascii	;D$DH
0x18de99	0x18018de99	.text	ascii	H;D$`v
0x18deb8	0x18018deb8	.text	ascii	;D$DH
0x18df0e	0x18018df0e	.text	ascii	H8H;L$`
0x18df30	0x18018df30	.text	ascii	H;D$`v
0x18df4c	0x18018df4c	.text	ascii	;D$DH
0x18dfa6	0x18018dfa6	.text	ascii	 H;D$XH
0x18dfe7	0x18018dfe7	.text	ascii	D$PH;D$HH
0x18e049	0x18018e049	.text	ascii	H;L$HH
0x18e140	0x18018e140	.text	ascii	[]_^A\A]A^A_
0x18e150	0x18018e150	.text	ascii	UAWAVATVWSH
0x18e270	0x18018e270	.text	ascii	t?/rL
0x18e2dc	0x18018e2dc	.text	ascii	@[_^A\A^A_]
0x18e345	0x18018e345	.text	ascii	UAWAVATVWSH
0x18e36b	0x18018e36b	.text	ascii	0[_^A\A^A_]
0x18e385	0x18018e385	.text	ascii	UAWAVATVWSH
0x18e3a4	0x18018e3a4	.text	ascii	0[_^A\A^A_]
0x18e3b0	0x18018e3b0	.text	ascii	UAWAVAUATVWSH
0x18e4e4	0x18018e4e4	.text	ascii	H;]@H
0x18e4ea	0x18018e4ea	.text	ascii	u@vlH
0x18e539	0x18018e539	.text	ascii	L#m I
0x18e55a	0x18018e55a	.text	ascii	H;E@L
0x18e596	0x18018e596	.text	ascii	H;E@v
0x18e74d	0x18018e74d	.text	ascii	H#E H
0x18e798	0x18018e798	.text	ascii	H;E@veH
0x18e815	0x18018e815	.text	ascii	[_^A\A]A^A_]
0x18e8a5	0x18018e8a5	.text	ascii	UAWAVAUATVWSH
0x18e8bd	0x18018e8bd	.text	ascii	)|$ f
0x18e8c3	0x18018e8c3	.text	ascii	)t$0H
0x18e8dd	0x18018e8dd	.text	ascii	(|$ H
0x18e8e4	0x18018e8e4	.text	ascii	H[_^A\A]A^A_]
0x18e8f2	0x18018e8f2	.text	ascii	fffff.
0x18e905	0x18018e905	.text	ascii	UAWAVAUATVWSH
0x18e91d	0x18018e91d	.text	ascii	)|$ f
0x18e923	0x18018e923	.text	ascii	)t$0H
0x18e936	0x18018e936	.text	ascii	(|$ H
0x18e93d	0x18018e93d	.text	ascii	H[_^A\A]A^A_]
0x18e955	0x18018e955	.text	ascii	UAWAVAUATVWSH
0x18e972	0x18018e972	.text	ascii	)t$0H
0x18e985	0x18018e985	.text	ascii	(|$ H
0x18e98c	0x18018e98c	.text	ascii	H[_^A\A]A^A_]
0x18e9a0	0x18018e9a0	.text	ascii	UVWSH
0x18eae5	0x18018eae5	.text	ascii	UVWSH
0x18eb01	0x18018eb01	.text	ascii	([_^]
0x18eb10	0x18018eb10	.text	ascii	AWAVAUATVWUSH
0x18ec1a	0x18018ec1a	.text	ascii	L$,A9
0x18ed04	0x18018ed04	.text	ascii	;D$,D
0x18ed4e	0x18018ed4e	.text	ascii	D$lIc
0x18ee99	0x18018ee99	.text	ascii	D$pH1
0x18eeb1	0x18018eeb1	.text	ascii	x[]_^A\A]A^A_
0x18eec1	0x18018eec1	.text	ascii	L$pH1
0x18eed0	0x18018eed0	.text	ascii	AWAVAUATVWUSH
0x18eee4	0x18018eee4	.text	ascii	)t$pH
0x18eeee	0x18018eeee	.text	ascii	R\MwK
0x18ef6b	0x18018ef6b	.text	ascii	L$XH)
0x18efbe	0x18018efbe	.text	ascii	D$(ffffff.
0x18efed	0x18018efed	.text	ascii	L$(H9
0x18f043	0x18018f043	.text	ascii	Q-?*tH
0x18f0ce	0x18018f0ce	.text	ascii	L$XH)
0x18f1bc	0x18018f1bc	.text	ascii	(t$pH
0x18f1c7	0x18018f1c7	.text	ascii	[]_^A\A]A^A_
0x18f1e0	0x18018f1e0	.text	ascii	AWAVAUATVWUSH
0x18f2ad	0x18018f2ad	.text	ascii	|$7wH
0x18f2fd	0x18018f2fd	.text	ascii	L$8L9
0x18f334	0x18018f334	.text	ascii	+V#+H9
0x18f368	0x18018f368	.text	ascii	|$7MH
0x18f403	0x18018f403	.text	ascii	L$H9A
0x18f48c	0x18018f48c	.text	ascii	|$7RH
0x18f4c1	0x18018f4c1	.text	ascii	ffffff.
0x18f506	0x18018f506	.text	ascii	X'LH9
0x18f5b2	0x18018f5b2	.text	ascii	|$7YH
0x18f7a1	0x18018f7a1	.text	ascii	|$7AH
0x18f810	0x18018f810	.text	ascii	|$7uH
0x18f8a6	0x18018f8a6	.text	ascii	RlO;P-@zH
0x18f8e5	0x18018f8e5	.text	ascii	h4~H9
0x18f8f2	0x18018f8f2	.text	ascii	|$7aH
0x18f961	0x18018f961	.text	ascii	|$7pH
0x18f9d0	0x18018f9d0	.text	ascii	|$7bH
0x18f9f7	0x18018f9f7	.text	ascii	GW)[H
0x18fa3f	0x18018fa3f	.text	ascii	|$7XH
0x18faa1	0x18018faa1	.text	ascii	-7"H9
0x18faae	0x18018faae	.text	ascii	|$7FH
0x18fb72	0x18018fb72	.text	ascii	|$7xH
0x18fbbb	0x18018fbbb	.text	ascii	|$7aH
0x18fc04	0x18018fc04	.text	ascii	|$7rH
0x18fc5f	0x18018fc5f	.text	ascii	eyBWB4H
0x18fcc8	0x18018fcc8	.text	ascii	|$7rH
0x18fcd1	0x18018fcd1	.text	ascii	F!TIpH
0x18fd9f	0x18018fd9f	.text	ascii	|$7XH
0x18fdd5	0x18018fdd5	.text	ascii	|$7YH
0x18fde7	0x18018fde7	.text	ascii	4TQR7"H
0x18fe0b	0x18018fe0b	.text	ascii	|$7gH
0x18fe13	0x18018fe13	.text	ascii	v^D2H
0x18fe41	0x18018fe41	.text	ascii	|$7mH
0x18fe77	0x18018fe77	.text	ascii	|$7wH
0x18feeb	0x18018feeb	.text	ascii	H;l$pH
0x18ffa1	0x18018ffa1	.text	ascii	|$7mH
0x190034	0x180190034	.text	ascii	|$7UH
0x19006a	0x18019006a	.text	ascii	|$7jH
0x19014e	0x18019014e	.text	ascii	|$7pH
0x190184	0x180190184	.text	ascii	|$7BH
0x1901ba	0x1801901ba	.text	ascii	|$7HH
0x1901f0	0x1801901f0	.text	ascii	|$7MH
0x190226	0x180190226	.text	ascii	|$7uH
0x19025c	0x18019025c	.text	ascii	|$7jH
0x190297	0x180190297	.text	ascii	+V#+H9
0x19034d	0x18019034d	.text	ascii	[]_^A\A]A^A_
0x1903e0	0x1801903e0	.text	ascii	AWAVAUATVWUSH
0x1904a2	0x1801904a2	.text	ascii	D$hff.
0x1904cd	0x1801904cd	.text	ascii	L$0L9
0x1905f9	0x1801905f9	.text	ascii	D$\;D$pH
0x190631	0x180190631	.text	ascii	ffffff.
0x190650	0x180190650	.text	ascii	w#wH9
0x1907ab	0x1801907ab	.text	ascii	yya7H9
0x1907b9	0x1801907b9	.text	ascii	|$EtH
0x190876	0x180190876	.text	ascii	#>rh"=
0x190989	0x180190989	.text	ascii	w#wH9
0x1909f9	0x1801909f9	.text	ascii	H;H(H
0x190a56	0x180190a56	.text	ascii	(5.xd
0x190aef	0x180190aef	.text	ascii	18D$KH
0x190b5f	0x180190b5f	.text	ascii	7^+H9
0x190ca1	0x180190ca1	.text	ascii	v>VH9
0x190dd6	0x180190dd6	.text	ascii	kkrCH
0x190e61	0x180190e61	.text	ascii	H;H(H
0x190e98	0x180190e98	.text	ascii	$>rh"=
0x190f95	0x180190f95	.text	ascii	|$EnH
0x19105c	0x18019105c	.text	ascii	D$hH9
0x191113	0x180191113	.text	ascii	H;H(H
0x19116f	0x18019116f	.text	ascii	|$G%H
0x1911cb	0x1801911cb	.text	ascii	|$G}H
0x191227	0x180191227	.text	ascii	|$EtH
0x191238	0x180191238	.text	ascii	 E_70
0x191276	0x180191276	.text	ascii	bm'H9
0x19128d	0x18019128d	.text	ascii	:D$IH
0x191492	0x180191492	.text	ascii	:L$HH
0x1914d0	0x1801914d0	.text	ascii	|$EnH
0x191639	0x180191639	.text	ascii	)N0Ps
0x19173e	0x18019173e	.text	ascii	|$F}H
0x191751	0x180191751	.text	ascii	Y|?icH
0x1917f0	0x1801917f0	.text	ascii	|$E%H
0x191872	0x180191872	.text	ascii	H;H(H
0x19190b	0x18019190b	.text	ascii	|$F%H
0x191941	0x180191941	.text	ascii	|$G}H
0x1919bc	0x1801919bc	.text	ascii	:D$JH
0x191b27	0x180191b27	.text	ascii	|$F}H
0x191ba1	0x180191ba1	.text	ascii	:D$IH
0x191c9e	0x180191c9e	.text	ascii	[]_^A\A]A^A_
0x191d60	0x180191d60	.text	ascii	AWAVAUATVWUSH
0x191db6	0x180191db6	.text	ascii	c`H#)Q
0x191e01	0x180191e01	.text	ascii	R|<'H
0x191e20	0x180191e20	.text	ascii	|$@ffff.
0x191e4d	0x180191e4d	.text	ascii	l$(M9
0x191ea1	0x180191ea1	.text	ascii	m5|I9
0x191fad	0x180191fad	.text	ascii	@8l$?I
0x191fe3	0x180191fe3	.text	ascii	ffff.
0x192082	0x180192082	.text	ascii	fffff.
0x19233e	0x18019233e	.text	ascii	c`H#)Q
0x1929a1	0x1801929a1	.text	ascii	'5AAL
0x192a6d	0x180192a6d	.text	ascii	Aa*ML
0x192b76	0x180192b76	.text	ascii	}@8l$?A
0x192bec	0x180192bec	.text	ascii	g!,r2
0x192c38	0x180192c38	.text	ascii	6.[qu
0x192d6d	0x180192d6d	.text	ascii	RSV\>fH
0x192e12	0x180192e12	.text	ascii	[]_^A\A]A^A_
0x192e20	0x180192e20	.text	ascii	AWAVAUATVWUSH
0x192ecf	0x180192ecf	.text	ascii	D$7H9T$X
0x192f2d	0x180192f2d	.text	ascii	L$8L9
0x192f81	0x180192f81	.text	ascii	|$4^H
0x19319e	0x18019319e	.text	ascii	D$XH+
0x1931f9	0x1801931f9	.text	ascii	0"@U.
0x19320c	0x18019320c	.text	ascii	0"@U.
0x193230	0x180193230	.text	ascii	|$5<H
0x1932e7	0x1801932e7	.text	ascii	|$4^H
0x1932f1	0x1801932f1	.text	ascii	i{hNH
0x19340d	0x18019340d	.text	ascii	|$5>H
0x19341d	0x18019341d	.text	ascii	,3jvW
0x193449	0x180193449	.text	ascii	1=MH9
0x19357e	0x18019357e	.text	ascii	|$5>H
0x1935f0	0x1801935f0	.text	ascii	|$5^H
0x19362b	0x18019362b	.text	ascii	|$4<H
0x19369c	0x18019369c	.text	ascii	H9T$XH
0x1936d8	0x1801936d8	.text	ascii	|$5^H
0x193758	0x180193758	.text	ascii	|$4>H
0x19378e	0x18019378e	.text	ascii	|$4>H
0x193878	0x180193878	.text	ascii	[]_^A\A]A^A_
0x193910	0x180193910	.text	ascii	AWAVAUATVWUSH
0x1939a9	0x1801939a9	.text	ascii	W-Oo[
0x1939f3	0x1801939f3	.text	ascii	D$`H9
0x193a22	0x180193a22	.text	ascii	D$8ff.
0x193a4d	0x180193a4d	.text	ascii	L$8L9
0x193ae0	0x180193ae0	.text	ascii	oLQH9
0x193aef	0x180193aef	.text	ascii	W-Oo[
0x193b83	0x180193b83	.text	ascii	D$L;D$PH
0x193cbf	0x180193cbf	.text	ascii	oLQH9
0x193ceb	0x180193ceb	.text	ascii	D$T;D$XH
0x193cf8	0x180193cf8	.text	ascii	iysYH
0x193d3f	0x180193d3f	.text	ascii	8D$6H
0x193eaa	0x180193eaa	.text	ascii	W-Oo[
0x193f5d	0x180193f5d	.text	ascii	L$hH9
0x193fca	0x180193fca	.text	ascii	p0atK
0x193fe7	0x180193fe7	.text	ascii	<>*H9
0x194053	0x180194053	.text	ascii	[]_^A\A]A^A_
0x1940e0	0x1801940e0	.text	ascii	AWAVAUATVWUSH
0x194195	0x180194195	.text	ascii	|$3}H
0x1941c2	0x1801941c2	.text	ascii	D$8ff.
0x1941ed	0x1801941ed	.text	ascii	L$8L9
0x194245	0x180194245	.text	ascii	}d42k
0x19431f	0x18019431f	.text	ascii	|$3}H
0x194390	0x180194390	.text	ascii	D$6L9
0x1943e4	0x1801943e4	.text	ascii	|$3OH
0x194437	0x180194437	.text	ascii	D$3<OH
0x1944a5	0x1801944a5	.text	ascii	qV[o 
0x194512	0x180194512	.text	ascii	ROm'%%H
0x194546	0x180194546	.text	ascii	D$3<EH
0x194594	0x180194594	.text	ascii	|$3OH
0x1946fa	0x1801946fa	.text	ascii	D$O:D$6H
0x194722	0x180194722	.text	ascii	0d|4?
0x194733	0x180194733	.text	ascii	|$3OH
0x194769	0x180194769	.text	ascii	|$3EH
0x19478d	0x18019478d	.text	ascii	z+Eqk
0x1947de	0x1801947de	.text	ascii	L$`H;H(H
0x19481c	0x18019481c	.text	ascii	D$PL9
0x194924	0x180194924	.text	ascii	[]_^A\A]A^A_
0x1949f0	0x1801949f0	.text	ascii	AWAVAUATVWUSH
0x194a83	0x180194a83	.text	ascii	|$.:H
0x194ab0	0x180194ab0	.text	ascii	t$0ffff.
0x194add	0x180194add	.text	ascii	t$0M9
0x194bd0	0x180194bd0	.text	ascii	H;t$hH
0x194c73	0x180194c73	.text	ascii	t$xH;t$hH
0x194cf3	0x180194cf3	.text	ascii	|$/:H
0x194d71	0x180194d71	.text	ascii	t$AD:t$@I
0x194dec	0x180194dec	.text	ascii	|$/}H
0x194e00	0x180194e00	.text	ascii	2oHqI
0x194e6b	0x180194e6b	.text	ascii	t$HA9
0x194f55	0x180194f55	.text	ascii	t$A@:t$@H
0x195018	0x180195018	.text	ascii	t$pH;t$XH
0x1950d4	0x1801950d4	.text	ascii	t$dH;t$XH
0x19510e	0x18019510e	.text	ascii	|$.}H
0x195144	0x180195144	.text	ascii	|$/}H
0x195216	0x180195216	.text	ascii	yw@>)
0x195277	0x180195277	.text	ascii	|$.}H
0x19539b	0x18019539b	.text	ascii	t$HD;t$DI
0x1953ec	0x1801953ec	.text	ascii	@8t$.H
0x195512	0x180195512	.text	ascii	[]_^A\A]A^A_
0x195600	0x180195600	.text	ascii	AWAVAUATVWUSH
0x1956a4	0x1801956a4	.text	ascii	t$pH;t$hH
0x1956fd	0x1801956fd	.text	ascii	t$8L9
0x195721	0x180195721	.text	ascii	S6`qH9
0x195748	0x180195748	.text	ascii	_ieH9
0x195751	0x180195751	.text	ascii	|$7}H
0x1957dc	0x1801957dc	.text	ascii	|$7}H
0x195811	0x180195811	.text	ascii	ffffff.
0x1958c3	0x1801958c3	.text	ascii	ffff.
0x19591f	0x18019591f	.text	ascii	\$M:\$LH
0x1959c9	0x1801959c9	.text	ascii	&_aSXH9
0x195a2b	0x180195a2b	.text	ascii	t$xH9
0x195ab5	0x180195ab5	.text	ascii	8\$6H
0x195b42	0x180195b42	.text	ascii	H;t$hH
0x195bca	0x180195bca	.text	ascii	|$6}H
0x195c13	0x180195c13	.text	ascii	|$7:H
0x195d0f	0x180195d0f	.text	ascii	\$M:\$LH
0x195d48	0x180195d48	.text	ascii	|$6:H
0x195e64	0x180195e64	.text	ascii	|$6}H
0x195eae	0x180195eae	.text	ascii	\$dH9
0x195fd2	0x180195fd2	.text	ascii	\$T;\$PI
0x19602e	0x18019602e	.text	ascii	+M6~[M
0x196045	0x180196045	.text	ascii	S6`qH9
0x19611e	0x18019611e	.text	ascii	[]_^A\A]A^A_
0x196200	0x180196200	.text	ascii	AWAVAUATVWUSH
0x19628e	0x18019628e	.text	ascii	D$(ffffff.
0x1962bd	0x1801962bd	.text	ascii	L$(L9
0x196313	0x180196313	.text	ascii	D$hI)
0x19632b	0x18019632b	.text	ascii	L+D$hL
0x1963ea	0x1801963ea	.text	ascii	H9L$8w
0x196476	0x180196476	.text	ascii	&H9L$8
0x196491	0x180196491	.text	ascii	ffffff.
0x196649	0x180196649	.text	ascii	UH$)Z
0x19686d	0x18019686d	.text	ascii	qXOhl5
0x196900	0x180196900	.text	ascii	D$hI)
0x1969be	0x1801969be	.text	ascii	:H;L$Hw
0x196a07	0x180196a07	.text	ascii	:H;L$Hv
0x196ad1	0x180196ad1	.text	ascii	[]_^A\A]A^A_
0x196af0	0x180196af0	.text	ascii	UAWAVAUATVWSH
0x196b2b	0x180196b2b	.text	ascii	s)R0%H
0x196b53	0x180196b53	.text	ascii	O[adH
0x196b67	0x180196b67	.text	ascii	_FW\y
0x1975b2	0x1801975b2	.text	ascii	=0V<)H
0x1976f6	0x1801976f6	.text	ascii	[_^A\A]A^A_]
0x197762	0x180197762	.text	ascii	fffff.
0x197775	0x180197775	.text	ascii	UAWAVAUATVWSH
0x197792	0x180197792	.text	ascii	fffff.
0x1977a5	0x1801977a5	.text	ascii	UAWAVAUATVWSH
0x1977c2	0x1801977c2	.text	ascii	fffff.
0x1977d5	0x1801977d5	.text	ascii	UAWAVAUATVWSH
0x1977f2	0x1801977f2	.text	ascii	fffff.
0x197805	0x180197805	.text	ascii	UAWAVAUATVWSH
0x197846	0x180197846	.text	ascii	8[_^A\A]A^A_]
0x197865	0x180197865	.text	ascii	UAWAVAUATVWSH
0x19788c	0x18019788c	.text	ascii	8[_^A\A]A^A_]
0x1978a5	0x1801978a5	.text	ascii	UAWAVAUATVWSH
0x1978c2	0x1801978c2	.text	ascii	fffff.
0x1978d5	0x1801978d5	.text	ascii	UAWAVAUATVWSH
0x1978fc	0x1801978fc	.text	ascii	8[_^A\A]A^A_]
0x197915	0x180197915	.text	ascii	UAWAVAUATVWSH
0x197956	0x180197956	.text	ascii	8[_^A\A]A^A_]
0x197975	0x180197975	.text	ascii	UAWAVAUATVWSH
0x19799c	0x18019799c	.text	ascii	8[_^A\A]A^A_]
0x1979b5	0x1801979b5	.text	ascii	UAWAVAUATVWSH
0x1979d9	0x1801979d9	.text	ascii	8[_^A\A]A^A_]
0x197ad4	0x180197ad4	.text	ascii	c.fcA
0x197c40	0x180197c40	.text	ascii	UAVVWSH
0x197d53	0x180197d53	.text	ascii	@[_^A^]
0x197d65	0x180197d65	.text	ascii	UAVVWSH
0x197d92	0x180197d92	.text	ascii	 [_^A^]
0x197da5	0x180197da5	.text	ascii	UAVVWSH
0x197ded	0x180197ded	.text	ascii	 [_^A^]
0x197e00	0x180197e00	.text	ascii	UVWSH
0x198275	0x180198275	.text	ascii	UVWSH
0x198291	0x180198291	.text	ascii	([_^]
0x1982a5	0x1801982a5	.text	ascii	UVWSH
0x1982de	0x1801982de	.text	ascii	([_^]
0x1982f5	0x1801982f5	.text	ascii	UVWSH
0x198311	0x180198311	.text	ascii	([_^]
0x198325	0x180198325	.text	ascii	UVWSH
0x198340	0x180198340	.text	ascii	UAWAVVWSH
0x199054	0x180199054	.text	ascii	<gK=\
0x199211	0x180199211	.text	ascii	[_^A^A_]
0x199245	0x180199245	.text	ascii	UAWAVVWSH
0x199264	0x180199264	.text	ascii	([_^A^A_]
0x199275	0x180199275	.text	ascii	UAWAVVWSH
0x199295	0x180199295	.text	ascii	([_^A^A_]
0x1992a5	0x1801992a5	.text	ascii	UAWAVVWSH
0x1992c5	0x1801992c5	.text	ascii	([_^A^A_]
0x1992d5	0x1801992d5	.text	ascii	UAWAVVWSH
0x1992f5	0x1801992f5	.text	ascii	([_^A^A_]
0x199305	0x180199305	.text	ascii	UAWAVVWSH
0x199325	0x180199325	.text	ascii	([_^A^A_]
0x199335	0x180199335	.text	ascii	UAWAVVWSH
0x199355	0x180199355	.text	ascii	([_^A^A_]
0x199365	0x180199365	.text	ascii	UAWAVVWSH
0x199385	0x180199385	.text	ascii	([_^A^A_]
0x199395	0x180199395	.text	ascii	UAWAVVWSH
0x1993c7	0x1801993c7	.text	ascii	([_^A^A_]
0x1993d1	0x1801993d1	.text	ascii	ffffff.
0x1993e5	0x1801993e5	.text	ascii	UAWAVVWSH
0x199405	0x180199405	.text	ascii	([_^A^A_]
0x199415	0x180199415	.text	ascii	UAWAVVWSH
0x199435	0x180199435	.text	ascii	([_^A^A_]
0x199445	0x180199445	.text	ascii	UAWAVVWSH
0x199465	0x180199465	.text	ascii	([_^A^A_]
0x199475	0x180199475	.text	ascii	UAWAVVWSH
0x199494	0x180199494	.text	ascii	([_^A^A_]
0x1994a5	0x1801994a5	.text	ascii	UAWAVVWSH
0x1994c5	0x1801994c5	.text	ascii	([_^A^A_]
0x199720	0x180199720	.text	ascii	UAVVWSH
0x199833	0x180199833	.text	ascii	@[_^A^]
0x199845	0x180199845	.text	ascii	UAVVWSH
0x199872	0x180199872	.text	ascii	 [_^A^]
0x199885	0x180199885	.text	ascii	UAVVWSH
0x1998cd	0x1801998cd	.text	ascii	 [_^A^]
0x1998e0	0x1801998e0	.text	ascii	UVWSH
0x199a6c	0x180199a6c	.text	ascii	;E(uB
0x199ba5	0x180199ba5	.text	ascii	UVWSH
0x199bc1	0x180199bc1	.text	ascii	H[_^]
0x199bd5	0x180199bd5	.text	ascii	UVWSH
0x199c08	0x180199c08	.text	ascii	H[_^]
0x199c15	0x180199c15	.text	ascii	UVWSH
0x199c48	0x180199c48	.text	ascii	H[_^]
0x199c55	0x180199c55	.text	ascii	UVWSH
0x199c71	0x180199c71	.text	ascii	H[_^]
0x199c85	0x180199c85	.text	ascii	UVWSH
0x199d90	0x180199d90	.text	ascii	UVWSH
0x199f1b	0x180199f1b	.text	ascii	;E(uB
0x19a055	0x18019a055	.text	ascii	UVWSH
0x19a071	0x18019a071	.text	ascii	H[_^]
0x19a085	0x18019a085	.text	ascii	UVWSH
0x19a0b8	0x18019a0b8	.text	ascii	H[_^]
0x19a0c5	0x18019a0c5	.text	ascii	UVWSH
0x19a0f8	0x18019a0f8	.text	ascii	H[_^]
0x19a105	0x18019a105	.text	ascii	UVWSH
0x19a121	0x18019a121	.text	ascii	H[_^]
0x19a135	0x18019a135	.text	ascii	UVWSH
0x19a150	0x18019a150	.text	ascii	AWAVAUATVWUSH
0x19a23d	0x18019a23d	.text	ascii	L$(L9
0x19a2a8	0x18019a2a8	.text	ascii	L$X+L$H
0x19a432	0x18019a432	.text	ascii	fffff.
0x19a744	0x18019a744	.text	ascii	D$X+D$HH
0x19a9d3	0x18019a9d3	.text	ascii	D$X9D$HH
0x19aa28	0x18019aa28	.text	ascii	uA"q~WvLH9
0x19aa66	0x18019aa66	.text	ascii	:D$%H
0x19aaee	0x18019aaee	.text	ascii	;D$DH
0x19ab15	0x18019ab15	.text	ascii	fV5vH
0x19ab24	0x18019ab24	.text	ascii	D$X+D$H
0x19adac	0x18019adac	.text	ascii	;L$lH
0x19adc0	0x18019adc0	.text	ascii	Tm+YH
0x19ae13	0x18019ae13	.text	ascii	;D$DH
0x19ae74	0x18019ae74	.text	ascii	;D$DH
0x19afb6	0x18019afb6	.text	ascii	;D$tH
0x19b0b3	0x18019b0b3	.text	ascii	;D$tH
0x19b1d3	0x18019b1d3	.text	ascii	:L$%L
0x19b290	0x18019b290	.text	ascii	[]_^A\A]A^A_
0x19b2a0	0x18019b2a0	.text	ascii	AWAVAUATVWUSH
0x19b2b4	0x18019b2b4	.text	ascii	)t$pH
0x19b33b	0x18019b33b	.text	ascii	L$`H)
0x19b38e	0x18019b38e	.text	ascii	D$(ffffff.
0x19b3bd	0x18019b3bd	.text	ascii	L$(H9
0x19b3e7	0x18019b3e7	.text	ascii	L$`H)
0x19b58e	0x18019b58e	.text	ascii	(t$pH
0x19b599	0x18019b599	.text	ascii	[]_^A\A]A^A_
0x19b6c0	0x18019b6c0	.text	ascii	AWAVAUATVWUSH
0x19b7e0	0x18019b7e0	.text	ascii	+t$HH
0x19b80c	0x18019b80c	.text	ascii	;L$8H
0x19b85d	0x18019b85d	.text	ascii	L$(L9
0x19b8d5	0x18019b8d5	.text	ascii	(:/)Q
0x19b8ff	0x18019b8ff	.text	ascii	9S4!H9
0x19b912	0x18019b912	.text	ascii	9S4!H9
0x19ba57	0x18019ba57	.text	ascii	n'kH9
0x19bafc	0x18019bafc	.text	ascii	;t$@H
0x19bb60	0x18019bb60	.text	ascii	H9D$HH
0x19bbfd	0x18019bbfd	.text	ascii	n'kH9
0x19be5a	0x18019be5a	.text	ascii	#Gp;D$8H
0x19beca	0x18019beca	.text	ascii	H;L$hH
0x19bf17	0x18019bf17	.text	ascii	;L$8H
0x19bf86	0x18019bf86	.text	ascii	L$T;L$8I
0x19bfbf	0x18019bfbf	.text	ascii	[Y;HH
0x19bfcd	0x18019bfcd	.text	ascii	HcD$TH
0x19c014	0x18019c014	.text	ascii	D$HH;
0x19c07e	0x18019c07e	.text	ascii	L$HH9
0x19c0cf	0x18019c0cf	.text	ascii	D$HH;D$hH
0x19c166	0x18019c166	.text	ascii	[]_^A\A]A^A_
0x19c180	0x18019c180	.text	ascii	AWAVAUATVWUSH
0x19c398	0x18019c398	.text	ascii	|$0I;;I
0x19c3e6	0x18019c3e6	.text	ascii	D#YpD;\$ I
0x19c412	0x18019c412	.text	ascii	o8IPPf5a
0x19c4a1	0x18019c4a1	.text	ascii	^]PBL
0x19c4cd	0x18019c4cd	.text	ascii	8[]_^A\A]A^A_
0x19c4e0	0x18019c4e0	.text	ascii	AWAVAUATVWUSH
0x19c56d	0x18019c56d	.text	ascii	Jd`[vI
0x19c58d	0x18019c58d	.text	ascii	#yp;|$
0x19c67a	0x18019c67a	.text	ascii	t$HL9
0x19c686	0x18019c686	.text	ascii	|$XH;|$ H
0x19c7d7	0x18019c7d7	.text	ascii	|$8D+7H
0x19c832	0x18019c832	.text	ascii	`[]_^A\A]A^A_
0x19c840	0x18019c840	.text	ascii	AWAVAUATVWUSH
0x19ca49	0x18019ca49	.text	ascii	lYjI9
0x19ca5d	0x18019ca5d	.text	ascii	vo5k!H
0x19ca92	0x18019ca92	.text	ascii	fffff.
0x19cb03	0x18019cb03	.text	ascii	ffff.
0x19cb5e	0x18019cb5e	.text	ascii	D$@H+D$xH
0x19ce17	0x18019ce17	.text	ascii	3i+H9T$8t
0x19ce5a	0x18019ce5a	.text	ascii	 D6"g
0x19cebf	0x18019cebf	.text	ascii	D$4D!
0x19cece	0x18019cece	.text	ascii	^;D$4H
0x19cedc	0x18019cedc	.text	ascii	8/HT7
0x19cf56	0x18019cf56	.text	ascii	I9D$hr
0x19cf62	0x18019cf62	.text	ascii	eH:B`H
0x19cf71	0x18019cf71	.text	ascii	*z/eXH
0x19cfeb	0x18019cfeb	.text	ascii	H+D$xH
0x19d04a	0x18019d04a	.text	ascii	HX)ya
0x19d14f	0x18019d14f	.text	ascii	+P;T$
0x19d1ba	0x18019d1ba	.text	ascii	D$xH)
0x19d37d	0x18019d37d	.text	ascii	l$0D!
0x19d3c8	0x18019d3c8	.text	ascii	[]_^A\A]A^A_
0x19d3e0	0x18019d3e0	.text	ascii	AWAVAUATVWUSH
0x19d463	0x18019d463	.text	ascii	D#t$0E9
0x19d4ef	0x18019d4ef	.text	ascii	z`ffffff.
0x19d5b8	0x18019d5b8	.text	ascii	L;L$Pr
0x19d652	0x18019d652	.text	ascii	fffff.
0x19d717	0x18019d717	.text	ascii	`T?D;L$
0x19d764	0x18019d764	.text	ascii	oWjYu
0x19d7ce	0x18019d7ce	.text	ascii	L9L$ H
0x19d86e	0x18019d86e	.text	ascii	]D;L$
0x19d8d4	0x18019d8d4	.text	ascii	L9L$ t
0x19d8f0	0x18019d8f0	.text	ascii	++lhH
0x19d9f7	0x18019d9f7	.text	ascii	D#|$0D
0x19da30	0x18019da30	.text	ascii	t$4D!
0x19da78	0x18019da78	.text	ascii	[]_^A\A]A^A_
0x19da90	0x18019da90	.text	ascii	AWAVAUATVWUSH
0x19db6d	0x18019db6d	.text	ascii	L$(L9
0x19dd1e	0x18019dd1e	.text	ascii	D$8#D$<
0x19ddc0	0x18019ddc0	.text	ascii	X[]_^A\A]A^A_
0x19ddd0	0x18019ddd0	.text	ascii	AWAVAUATVWUSH
0x19ddf8	0x18019ddf8	.text	ascii	N)_|8
0x19de7d	0x18019de7d	.text	ascii	L$(H9
0x19df37	0x18019df37	.text	ascii	3v;L$<t
0x19df62	0x18019df62	.text	ascii	fffff.
0x19e001	0x18019e001	.text	ascii	L$pH)
0x19e0f0	0x18019e0f0	.text	ascii	L$pH)
0x19e1fd	0x18019e1fd	.text	ascii	[]_^A\A]A^A_
0x19e210	0x18019e210	.text	ascii	UVWSH
0x19e2bb	0x18019e2bb	.text	ascii	Ou.}O
0x19e31d	0x18019e31d	.text	ascii	8[_^]
0x19e323	0x18019e323	.text	ascii	ffff.
0x19e335	0x18019e335	.text	ascii	UVWSH
0x19e4b4	0x18019e4b4	.text	ascii	E(H;E8v
0x19e4d1	0x18019e4d1	.text	ascii	E(H;E8vnH
0x19e660	0x18019e660	.text	ascii	UAVVWSH
0x19e749	0x18019e749	.text	ascii	ZHR^2H
0x19e76a	0x18019e76a	.text	ascii	5mL_a-Q
0x19e7af	0x18019e7af	.text	ascii	[_^A^]
0x19e7f5	0x18019e7f5	.text	ascii	UAVVWSH
0x19e813	0x18019e813	.text	ascii	0[_^A^]
0x19e820	0x18019e820	.text	ascii	AWAVAUATVWUSH
0x19e92a	0x18019e92a	.text	ascii	L$,A9
0x19ea14	0x18019ea14	.text	ascii	;D$,D
0x19ea5e	0x18019ea5e	.text	ascii	D$lIc
0x19eba9	0x18019eba9	.text	ascii	D$pH1
0x19ebc1	0x18019ebc1	.text	ascii	x[]_^A\A]A^A_
0x19ebd1	0x18019ebd1	.text	ascii	L$pH1
0x19ebe0	0x18019ebe0	.text	ascii	AWAVAUATVWUSH
0x19ebf4	0x18019ebf4	.text	ascii	)t$pH
0x19ec53	0x18019ec53	.text	ascii	l|!{XI
0x19ec9e	0x18019ec9e	.text	ascii	D$(ffffff.
0x19eccd	0x18019eccd	.text	ascii	L$(H9
0x19ecf3	0x18019ecf3	.text	ascii	L$`H)
0x19ed41	0x18019ed41	.text	ascii	ffffff.
0x19edda	0x18019edda	.text	ascii	L$`H)
0x19eeb8	0x18019eeb8	.text	ascii	Ca^(r
0x19eed8	0x18019eed8	.text	ascii	(t$pH
0x19eee3	0x18019eee3	.text	ascii	[]_^A\A]A^A_
0x19eef0	0x18019eef0	.text	ascii	AWAVAUATVWUSH
0x19effd	0x18019effd	.text	ascii	L$8L9
0x19f022	0x18019f022	.text	ascii	r%EH9
0x19f048	0x18019f048	.text	ascii	r%EH9
0x19f05a	0x18019f05a	.text	ascii	DgFGH9
0x19f0a6	0x18019f0a6	.text	ascii	H;l$pH
0x19f10e	0x18019f10e	.text	ascii	:QD=Tq
0x19f135	0x18019f135	.text	ascii	fcBBR
0x19f145	0x18019f145	.text	ascii	|$7pH
0x19f16b	0x18019f16b	.text	ascii	|Vl=1H
0x19f1cc	0x18019f1cc	.text	ascii	|$7MH
0x19f1d2	0x18019f1d2	.text	ascii	8r?>"_
0x19f201	0x18019f201	.text	ascii	ffffff.
0x19f357	0x18019f357	.text	ascii	|$7wH
0x19f446	0x18019f446	.text	ascii	|$7aH
0x19f598	0x18019f598	.text	ascii	J$FSN
0x19f5aa	0x18019f5aa	.text	ascii	|$7uH
0x19f619	0x18019f619	.text	ascii	|$7UH
0x19f688	0x18019f688	.text	ascii	|$7AH
0x19f6f7	0x18019f6f7	.text	ascii	|$7XH
0x19f766	0x18019f766	.text	ascii	|$7BH
0x19f7c7	0x18019f7c7	.text	ascii	+[BaH9
0x19f7d5	0x18019f7d5	.text	ascii	|$7wH
0x19f891	0x18019f891	.text	ascii	|$7HH
0x19f8ed	0x18019f8ed	.text	ascii	|$7FH
0x19f923	0x18019f923	.text	ascii	|$7jH
0x19f960	0x18019f960	.text	ascii	0"D$7
0x19f977	0x18019f977	.text	ascii	^_VsH
0x19f9a3	0x18019f9a3	.text	ascii	|$7xH
0x19f9e3	0x18019f9e3	.text	ascii	onYFe
0x19fa4d	0x18019fa4d	.text	ascii	|$7uH
0x19fa83	0x18019fa83	.text	ascii	|$7rH
0x19fa8c	0x18019fa8c	.text	ascii	O;)8tH
0x19fb6b	0x18019fb6b	.text	ascii	|$7RH
0x19fba1	0x18019fba1	.text	ascii	|$7pH
0x19fbd7	0x18019fbd7	.text	ascii	|$7jH
0x19fc0d	0x18019fc0d	.text	ascii	|$7YH
0x19fc43	0x18019fc43	.text	ascii	|$7rH
0x19fc79	0x18019fc79	.text	ascii	|$7MH
0x19fcfd	0x18019fcfd	.text	ascii	"HppH
0x19fd0c	0x18019fd0c	.text	ascii	|$7bH
0x19fd42	0x18019fd42	.text	ascii	|$7gH
0x19fd86	0x18019fd86	.text	ascii	L$H9A
0x19fe3a	0x18019fe3a	.text	ascii	|$7XH
0x19fe70	0x18019fe70	.text	ascii	|$7mH
0x19fea6	0x18019fea6	.text	ascii	|$7mH
0x19ff16	0x18019ff16	.text	ascii	|$7aH
0x19ff3d	0x18019ff3d	.text	ascii	+"oDH
0x1a0037	0x1801a0037	.text	ascii	[]_^A\A]A^A_
0x1a00d0	0x1801a00d0	.text	ascii	UAWAVAUATVWSH
0x1a0cc6	0x1801a0cc6	.text	ascii	[_^A\A]A^A_]
0x1a0d32	0x1801a0d32	.text	ascii	fffff.
0x1a0d45	0x1801a0d45	.text	ascii	UAWAVAUATVWSH
0x1a0d62	0x1801a0d62	.text	ascii	fffff.
0x1a0d75	0x1801a0d75	.text	ascii	UAWAVAUATVWSH
0x1a0d92	0x1801a0d92	.text	ascii	fffff.
0x1a0da5	0x1801a0da5	.text	ascii	UAWAVAUATVWSH
0x1a0dc2	0x1801a0dc2	.text	ascii	fffff.
0x1a0dd5	0x1801a0dd5	.text	ascii	UAWAVAUATVWSH
0x1a0e16	0x1801a0e16	.text	ascii	8[_^A\A]A^A_]
0x1a0e35	0x1801a0e35	.text	ascii	UAWAVAUATVWSH
0x1a0e5c	0x1801a0e5c	.text	ascii	8[_^A\A]A^A_]
0x1a0e75	0x1801a0e75	.text	ascii	UAWAVAUATVWSH
0x1a0e92	0x1801a0e92	.text	ascii	fffff.
0x1a0ea5	0x1801a0ea5	.text	ascii	UAWAVAUATVWSH
0x1a0ecc	0x1801a0ecc	.text	ascii	8[_^A\A]A^A_]
0x1a0ee5	0x1801a0ee5	.text	ascii	UAWAVAUATVWSH
0x1a0f26	0x1801a0f26	.text	ascii	8[_^A\A]A^A_]
0x1a0f45	0x1801a0f45	.text	ascii	UAWAVAUATVWSH
0x1a0f6c	0x1801a0f6c	.text	ascii	8[_^A\A]A^A_]
0x1a0f85	0x1801a0f85	.text	ascii	UAWAVAUATVWSH
0x1a0fa9	0x1801a0fa9	.text	ascii	8[_^A\A]A^A_]
0x1a0fc0	0x1801a0fc0	.text	ascii	UAWAVVWSH
0x1a10c1	0x1801a10c1	.text	ascii	TmPN#HKH
0x1a1bea	0x1801a1bea	.text	ascii	et/N%
0x1a1cb2	0x1801a1cb2	.text	ascii	0Q Ws
0x1a1cd6	0x1801a1cd6	.text	ascii	psYXH
0x1a1e91	0x1801a1e91	.text	ascii	[_^A^A_]
0x1a1ec5	0x1801a1ec5	.text	ascii	UAWAVVWSH
0x1a1ee4	0x1801a1ee4	.text	ascii	([_^A^A_]
0x1a1ef5	0x1801a1ef5	.text	ascii	UAWAVVWSH
0x1a1f15	0x1801a1f15	.text	ascii	([_^A^A_]
0x1a1f25	0x1801a1f25	.text	ascii	UAWAVVWSH
0x1a1f45	0x1801a1f45	.text	ascii	([_^A^A_]
0x1a1f55	0x1801a1f55	.text	ascii	UAWAVVWSH
0x1a1f75	0x1801a1f75	.text	ascii	([_^A^A_]
0x1a1f85	0x1801a1f85	.text	ascii	UAWAVVWSH
0x1a1fa5	0x1801a1fa5	.text	ascii	([_^A^A_]
0x1a1fb5	0x1801a1fb5	.text	ascii	UAWAVVWSH
0x1a1fd5	0x1801a1fd5	.text	ascii	([_^A^A_]
0x1a1fe5	0x1801a1fe5	.text	ascii	UAWAVVWSH
0x1a2005	0x1801a2005	.text	ascii	([_^A^A_]
0x1a2015	0x1801a2015	.text	ascii	UAWAVVWSH
0x1a2047	0x1801a2047	.text	ascii	([_^A^A_]
0x1a2051	0x1801a2051	.text	ascii	ffffff.
0x1a2065	0x1801a2065	.text	ascii	UAWAVVWSH
0x1a2085	0x1801a2085	.text	ascii	([_^A^A_]
0x1a2095	0x1801a2095	.text	ascii	UAWAVVWSH
0x1a20b5	0x1801a20b5	.text	ascii	([_^A^A_]
0x1a20c5	0x1801a20c5	.text	ascii	UAWAVVWSH
0x1a20e5	0x1801a20e5	.text	ascii	([_^A^A_]
0x1a20f5	0x1801a20f5	.text	ascii	UAWAVVWSH
0x1a2114	0x1801a2114	.text	ascii	([_^A^A_]
0x1a2125	0x1801a2125	.text	ascii	UAWAVVWSH
0x1a2145	0x1801a2145	.text	ascii	([_^A^A_]
0x1a2150	0x1801a2150	.text	ascii	AWAVAUATVWUSH
0x1a2226	0x1801a2226	.text	ascii	;D$DH
0x1a228d	0x1801a228d	.text	ascii	L$(L9
0x1a24af	0x1801a24af	.text	ascii	D$X9D$HH
0x1a26b7	0x1801a26b7	.text	ascii	zkS5a
0x1a279c	0x1801a279c	.text	ascii	L$X+L$H
0x1a28ac	0x1801a28ac	.text	ascii	;L$lH
0x1a28f7	0x1801a28f7	.text	ascii	^L4RJ
0x1a2a7b	0x1801a2a7b	.text	ascii	,k,H9
0x1a2a8d	0x1801a2a8d	.text	ascii	L581H9
0x1a2aea	0x1801a2aea	.text	ascii	_kmH9
0x1a2b27	0x1801a2b27	.text	ascii	:L$%L
0x1a2cb6	0x1801a2cb6	.text	ascii	.`B+T
0x1a2d6e	0x1801a2d6e	.text	ascii	D$X+D$HH
0x1a2ebb	0x1801a2ebb	.text	ascii	;D$DH
0x1a2ef1	0x1801a2ef1	.text	ascii	D$X+D$H
0x1a2f5a	0x1801a2f5a	.text	ascii	:D$%H
0x1a30e3	0x1801a30e3	.text	ascii	;D$DH
0x1a3146	0x1801a3146	.text	ascii	'FwO3
0x1a3173	0x1801a3173	.text	ascii	;D$tH
0x1a31b9	0x1801a31b9	.text	ascii	;D$tH
0x1a31cd	0x1801a31cd	.text	ascii	>,r_H
0x1a3255	0x1801a3255	.text	ascii	[]_^A\A]A^A_
0x1a3270	0x1801a3270	.text	ascii	UVWSH
0x1a32f1	0x1801a32f1	.text	ascii	} u4H
0x1a341a	0x1801a341a	.text	ascii	D;E8u>
0x1a3555	0x1801a3555	.text	ascii	UVWSH
0x1a3571	0x1801a3571	.text	ascii	8[_^]
0x1a3585	0x1801a3585	.text	ascii	UVWSH
0x1a35b8	0x1801a35b8	.text	ascii	8[_^]
0x1a35c5	0x1801a35c5	.text	ascii	UVWSH
0x1a35fe	0x1801a35fe	.text	ascii	8[_^]
0x1a3615	0x1801a3615	.text	ascii	UVWSH
0x1a3631	0x1801a3631	.text	ascii	8[_^]
0x1a3645	0x1801a3645	.text	ascii	UVWSH
0x1a3660	0x1801a3660	.text	ascii	UAVVWSH
0x1a3706	0x1801a3706	.text	ascii	HcM,H
0x1a37f3	0x1801a37f3	.text	ascii	[_^A^]
0x1a3805	0x1801a3805	.text	ascii	UAVVWSH
0x1a3823	0x1801a3823	.text	ascii	 [_^A^]
0x1a3835	0x1801a3835	.text	ascii	UAVVWSH
0x1a3857	0x1801a3857	.text	ascii	 [_^A^]
0x1a3865	0x1801a3865	.text	ascii	UAVVWSH
0x1a3886	0x1801a3886	.text	ascii	 [_^A^]
0x1a3890	0x1801a3890	.text	ascii	AWAVAUATVWUSH
0x1a3925	0x1801a3925	.text	ascii	)D$@H
0x1a3973	0x1801a3973	.text	ascii	[]_^A\A]A^A_
0x1a39a0	0x1801a39a0	.text	ascii	UAWAVAUATVWSH
0x1a3a3c	0x1801a3a3c	.text	ascii	%WmyV
0x1a3b7f	0x1801a3b7f	.text	ascii	L;e(u
0x1a3b95	0x1801a3b95	.text	ascii	%L;e 
0x1a3cd0	0x1801a3cd0	.text	ascii	H;E v
0x1a3cf8	0x1801a3cf8	.text	ascii	H;M v
0x1a3d3f	0x1801a3d3f	.text	ascii	H;E vnH
0x1a3dce	0x1801a3dce	.text	ascii	[_^A\A]A^A_]
0x1a3e05	0x1801a3e05	.text	ascii	UAWAVAUATVWSH
0x1a3e1f	0x1801a3e1f	.text	ascii	)D$@f
0x1a3e25	0x1801a3e25	.text	ascii	)|$Pf
0x1a3e2b	0x1801a3e2b	.text	ascii	)t$`H
0x1a3e3e	0x1801a3e3e	.text	ascii	(|$PD
0x1a3e44	0x1801a3e44	.text	ascii	(D$@H
0x1a3e4b	0x1801a3e4b	.text	ascii	x[_^A\A]A^A_]
0x1a3e60	0x1801a3e60	.text	ascii	UAWAVAUATVWSH
0x1a3fd4	0x1801a3fd4	.text	ascii	uWEfY
0x1a403f	0x1801a403f	.text	ascii	L;e(u
0x1a4055	0x1801a4055	.text	ascii	%L;e 
0x1a4183	0x1801a4183	.text	ascii	H;E v
0x1a41ab	0x1801a41ab	.text	ascii	H;M v
0x1a41f2	0x1801a41f2	.text	ascii	H;E vnH
0x1a4281	0x1801a4281	.text	ascii	[_^A\A]A^A_]
0x1a42b5	0x1801a42b5	.text	ascii	UAWAVAUATVWSH
0x1a42cf	0x1801a42cf	.text	ascii	)D$@f
0x1a42d5	0x1801a42d5	.text	ascii	)|$Pf
0x1a42db	0x1801a42db	.text	ascii	)t$`H
0x1a42ee	0x1801a42ee	.text	ascii	(|$PD
0x1a42f4	0x1801a42f4	.text	ascii	(D$@H
0x1a42fb	0x1801a42fb	.text	ascii	x[_^A\A]A^A_]
0x1a4310	0x1801a4310	.text	ascii	AWAVAUATVWUSH
0x1a4411	0x1801a4411	.text	ascii	\$Hfff.
0x1a443d	0x1801a443d	.text	ascii	t$HH9
0x1a4497	0x1801a4497	.text	ascii	e_\%Oj
0x1a4511	0x1801a4511	.text	ascii	ffffff.
0x1a459a	0x1801a459a	.text	ascii	;|$\I
0x1a463e	0x1801a463e	.text	ascii	#|$`;|$\H
0x1a46c3	0x1801a46c3	.text	ascii	D#\$`D
0x1a4738	0x1801a4738	.text	ascii	D#\$`
0x1a48e6	0x1801a48e6	.text	ascii	[]_^A\A]A^A_
0x1a4910	0x1801a4910	.text	ascii	AWAVAUATVWUSH
0x1a4a33	0x1801a4a33	.text	ascii	D#T$`D
0x1a4a7d	0x1801a4a7d	.text	ascii	l$HH9
0x1a4ac9	0x1801a4ac9	.text	ascii	#|$`;|$\H
0x1a4b99	0x1801a4b99	.text	ascii	S3zL9
0x1a4c83	0x1801a4c83	.text	ascii	;|$\I
0x1a4d0d	0x1801a4d0d	.text	ascii	D#T$`
0x1a4ecf	0x1801a4ecf	.text	ascii	[]_^A\A]A^A_
0x1a4ef0	0x1801a4ef0	.text	ascii	AWAVAUATVWUSH
0x1a500e	0x1801a500e	.text	ascii	\$Hffffff.
0x1a503d	0x1801a503d	.text	ascii	t$HH9
0x1a5082	0x1801a5082	.text	ascii	#|$`D
0x1a51f5	0x1801a51f5	.text	ascii	D#t$`D;t$\I
0x1a523d	0x1801a523d	.text	ascii	L9y~D
0x1a528c	0x1801a528c	.text	ascii	D;t$\H
0x1a549e	0x1801a549e	.text	ascii	[]_^A\A]A^A_
0x1a54c0	0x1801a54c0	.text	ascii	AWAVAUATVWUSH
0x1a55c1	0x1801a55c1	.text	ascii	L$Hfff.
0x1a55ed	0x1801a55ed	.text	ascii	t$HH9
0x1a5704	0x1801a5704	.text	ascii	D;t$\H
0x1a586f	0x1801a586f	.text	ascii	D#t$`D;t$\I
0x1a58be	0x1801a58be	.text	ascii	#|$`D
0x1a5a64	0x1801a5a64	.text	ascii	[]_^A\A]A^A_
0x1a5a90	0x1801a5a90	.text	ascii	UAWAVAUATVWSH
0x1a5b4b	0x1801a5b4b	.text	ascii	;E\u&@
0x1a5c6b	0x1801a5c6b	.text	ascii	L;}`u
0x1a5caf	0x1801a5caf	.text	ascii	u(H;u`t=I
0x1a5cec	0x1801a5cec	.text	ascii	u(H;u`u
0x1a5d2a	0x1801a5d2a	.text	ascii	UKL;m`u
0x1a5d4a	0x1801a5d4a	.text	ascii	H;M0L
0x1a5d7d	0x1801a5d7d	.text	ascii	L;m`tDA
0x1a5dc1	0x1801a5dc1	.text	ascii	L;m`u
0x1a5dfb	0x1801a5dfb	.text	ascii	L;}`u
0x1a5e3e	0x1801a5e3e	.text	ascii	}(L;}`t9H
0x1a5e77	0x1801a5e77	.text	ascii	}(L;}`u
0x1a5f34	0x1801a5f34	.text	ascii	[_^A\A]A^A_]
0x1a5f65	0x1801a5f65	.text	ascii	UAWAVAUATVWSH
0x1a5fa0	0x1801a5fa0	.text	ascii	8[_^A\A]A^A_]
0x1a5fb5	0x1801a5fb5	.text	ascii	UAWAVAUATVWSH
0x1a5fd8	0x1801a5fd8	.text	ascii	8[_^A\A]A^A_]
0x1a5ff0	0x1801a5ff0	.text	ascii	AWAVAUATVWUSH
0x1a6060	0x1801a6060	.text	ascii	Hffffff.
0x1a60c6	0x1801a60c6	.text	ascii	L$(L9
0x1a6122	0x1801a6122	.text	ascii	8[]_^A\A]A^A_
0x1a6130	0x1801a6130	.text	ascii	UAWAVAUATVWSH
0x1a636a	0x1801a636a	.text	ascii	)E0L;
0x1a6431	0x1801a6431	.text	ascii	EHH;Ehv
0x1a64ac	0x1801a64ac	.text	ascii	H;Ehv
0x1a64f9	0x1801a64f9	.text	ascii	H+MpH9
0x1a655b	0x1801a655b	.text	ascii	H;Mhv
0x1a6755	0x1801a6755	.text	ascii	H;MhL
0x1a680c	0x1801a680c	.text	ascii	H;UhH
0x1a6820	0x1801a6820	.text	ascii	7ffffff.
0x1a68d2	0x1801a68d2	.text	ascii	H;UhL
0x1a6a3e	0x1801a6a3e	.text	ascii	L+epH
0x1a6a7a	0x1801a6a7a	.text	ascii	H;MhH
0x1a6bfc	0x1801a6bfc	.text	ascii	H;Ehv1H
0x1a6c35	0x1801a6c35	.text	ascii	EHH;Ehv1H
0x1a6c78	0x1801a6c78	.text	ascii	[_^A\A]A^A_]
0x1a6cb5	0x1801a6cb5	.text	ascii	UAWAVAUATVWSH
0x1a6cf0	0x1801a6cf0	.text	ascii	8[_^A\A]A^A_]
0x1a6d05	0x1801a6d05	.text	ascii	UAWAVAUATVWSH
0x1a6d40	0x1801a6d40	.text	ascii	8[_^A\A]A^A_]
0x1a6d55	0x1801a6d55	.text	ascii	UAWAVAUATVWSH
0x1a6d79	0x1801a6d79	.text	ascii	8[_^A\A]A^A_]
0x1a6d95	0x1801a6d95	.text	ascii	UAWAVAUATVWSH
0x1a6db9	0x1801a6db9	.text	ascii	8[_^A\A]A^A_]
0x1a6dd0	0x1801a6dd0	.text	ascii	AVVWSH
0x1a6e38	0x1801a6e38	.text	ascii	L$@H1
0x1a6e4d	0x1801a6e4d	.text	ascii	H[_^A^
0x1a6e56	0x1801a6e56	.text	ascii	L$@H1
0x1a6e70	0x1801a6e70	.text	ascii	AWAVAUATVWUSH
0x1a6f9c	0x1801a6f9c	.text	ascii	L$HH)
0x1a6fd3	0x1801a6fd3	.text	ascii	D$(f.
0x1a6ffd	0x1801a6ffd	.text	ascii	L$(L9
0x1a7073	0x1801a7073	.text	ascii	D$XI)
0x1a7104	0x1801a7104	.text	ascii	D$`H;
0x1a71b1	0x1801a71b1	.text	ascii	ffffff.
0x1a7211	0x1801a7211	.text	ascii	H3T$HH9
0x1a72d1	0x1801a72d1	.text	ascii	?Y;+[H
0x1a7331	0x1801a7331	.text	ascii	D$`H;D$PH
0x1a741c	0x1801a741c	.text	ascii	D$@H;
0x1a74d7	0x1801a74d7	.text	ascii	D$8I)
0x1a7501	0x1801a7501	.text	ascii	D$8H;
0x1a75ae	0x1801a75ae	.text	ascii	S/s-$
0x1a7606	0x1801a7606	.text	ascii	H;D$PH
0x1a765d	0x1801a765d	.text	ascii	H9D$`H
0x1a76e3	0x1801a76e3	.text	ascii	;\.H9
0x1a7727	0x1801a7727	.text	ascii	[]_^A\A]A^A_
0x1a7740	0x1801a7740	.text	ascii	UAWAVAUATVWSH
0x1a7877	0x1801a7877	.text	ascii	zP!'h
0x1a7906	0x1801a7906	.text	ascii	}xuoH
0x1a7a03	0x1801a7a03	.text	ascii	)E@L;
0x1a7bd6	0x1801a7bd6	.text	ascii	H+MxH9
0x1a7cc3	0x1801a7cc3	.text	ascii	MhuvH
0x1a7d01	0x1801a7d01	.text	ascii	Mhu8H
0x1a7f02	0x1801a7f02	.text	ascii	5ffff.
0x1a8090	0x1801a8090	.text	ascii	;ffffff.
0x1a8131	0x1801a8131	.text	ascii	L+}xH
0x1a8182	0x1801a8182	.text	ascii	5ffff.
0x1a837c	0x1801a837c	.text	ascii	[_^A\A]A^A_]
0x1a83c5	0x1801a83c5	.text	ascii	UAWAVAUATVWSH
0x1a8400	0x1801a8400	.text	ascii	8[_^A\A]A^A_]
0x1a8415	0x1801a8415	.text	ascii	UAWAVAUATVWSH
0x1a8450	0x1801a8450	.text	ascii	8[_^A\A]A^A_]
0x1a8465	0x1801a8465	.text	ascii	UAWAVAUATVWSH
0x1a8489	0x1801a8489	.text	ascii	8[_^A\A]A^A_]
0x1a84a5	0x1801a84a5	.text	ascii	UAWAVAUATVWSH
0x1a84c9	0x1801a84c9	.text	ascii	8[_^A\A]A^A_]
0x1a84e0	0x1801a84e0	.text	ascii	UVWSH
0x1a8669	0x1801a8669	.text	ascii	E8H;EXv
0x1a8683	0x1801a8683	.text	ascii	E8H;EXv5H
0x1a8811	0x1801a8811	.text	ascii	H;EXv
0x1a882b	0x1801a882b	.text	ascii	H;EXv2H
0x1a8895	0x1801a8895	.text	ascii	UVWSH
0x1a88b1	0x1801a88b1	.text	ascii	([_^]
0x1a88c5	0x1801a88c5	.text	ascii	UVWSH
0x1a88f8	0x1801a88f8	.text	ascii	([_^]
0x1a8905	0x1801a8905	.text	ascii	UVWSH
0x1a8920	0x1801a8920	.text	ascii	([_^]
0x1a8935	0x1801a8935	.text	ascii	UVWSH
0x1a8951	0x1801a8951	.text	ascii	([_^]
0x1a8965	0x1801a8965	.text	ascii	UVWSH
0x1a8980	0x1801a8980	.text	ascii	([_^]
0x1a8990	0x1801a8990	.text	ascii	AWAVAUATVWUSH
0x1a8a43	0x1801a8a43	.text	ascii	D$Lf.
0x1a8ec5	0x1801a8ec5	.text	ascii	D$L;D$
0x1a8fcd	0x1801a8fcd	.text	ascii	h[]_^A\A]A^A_
0x1a9090	0x1801a9090	.text	ascii	UAVVWSH
0x1a91fc	0x1801a91fc	.text	ascii	[_^A^]
0x1a92e3	0x1801a92e3	.text	ascii	ffff.
0x1a92f5	0x1801a92f5	.text	ascii	UAVVWSH
0x1a932a	0x1801a932a	.text	ascii	0[_^A^]
0x1a9332	0x1801a9332	.text	ascii	fffff.
0x1a9345	0x1801a9345	.text	ascii	UAVVWSH
0x1a9380	0x1801a9380	.text	ascii	AWAVAUATVWUSH
0x1a9434	0x1801a9434	.text	ascii	t$D;t$(L
0x1a947d	0x1801a947d	.text	ascii	|$0L9
0x1a9548	0x1801a9548	.text	ascii	;L$(H
0x1a963e	0x1801a963e	.text	ascii	[]_^A\A]A^A_
0x1a9670	0x1801a9670	.text	ascii	UAVVWSH
0x1a97b6	0x1801a97b6	.text	ascii	`[_^A^]
0x1a97d5	0x1801a97d5	.text	ascii	UAVVWSH
0x1a97fa	0x1801a97fa	.text	ascii	 [_^A^]
0x1a9802	0x1801a9802	.text	ascii	fffff.
0x1a9815	0x1801a9815	.text	ascii	UAVVWSH
0x1a9830	0x1801a9830	.text	ascii	 [_^A^]
0x1a9931	0x1801a9931	.text	ascii	ffffff.
0x1a99c0	0x1801a99c0	.text	ascii	AWAVAUATVWUSH
0x1a9a22	0x1801a9a22	.text	ascii	^ffff.
0x1a9a5b	0x1801a9a5b	.text	ascii	(mpbH
0x1a9a9e	0x1801a9a9e	.text	ascii	L$ L9
0x1a9b61	0x1801a9b61	.text	ascii	H[]_^A\A]A^A_
0x1a9b70	0x1801a9b70	.text	ascii	AWAVAUATVWUSH
0x1a9bd2	0x1801a9bd2	.text	ascii	Offff.
0x1a9c3f	0x1801a9c3f	.text	ascii	L$ L9
0x1a9d16	0x1801a9d16	.text	ascii	H[]_^A\A]A^A_
0x1a9d30	0x1801a9d30	.text	ascii	AWAVAUATVWUSH
0x1a9dab	0x1801a9dab	.text	ascii	q%]|H
0x1a9de5	0x1801a9de5	.text	ascii	L$ L9
0x1a9eb5	0x1801a9eb5	.text	ascii	H[]_^A\A]A^A_
0x1a9ee0	0x1801a9ee0	.text	ascii	AWAVAUATVWUSH
0x1a9f95	0x1801a9f95	.text	ascii	L$ L9
0x1aa065	0x1801aa065	.text	ascii	H[]_^A\A]A^A_
0x1aa090	0x1801aa090	.text	ascii	AWAVAUATVWUSH
0x1aa0de	0x1801aa0de	.text	ascii	\\~Do
0x1aa174	0x1801aa174	.text	ascii	L$0L9
0x1aa2d8	0x1801aa2d8	.text	ascii	[]_^A\A]A^A_
0x1aa381	0x1801aa381	.text	ascii	L$@H1
0x1aa39a	0x1801aa39a	.text	ascii	L$@H1
0x1aa3b0	0x1801aa3b0	.text	ascii	AWAVAUATVWUSH
0x1aa421	0x1801aa421	.text	ascii	4fffff.
0x1aa473	0x1801aa473	.text	ascii	L$(H9
0x1aa5bd	0x1801aa5bd	.text	ascii	L$pH1
0x1aa5d2	0x1801aa5d2	.text	ascii	x[]_^A\A]A^A_
0x1aa5e2	0x1801aa5e2	.text	ascii	L$pH1
0x1aa64a	0x1801aa64a	.text	ascii	L$8H1
0x1aa664	0x1801aa664	.text	ascii	L$8H1
0x1aa670	0x1801aa670	.text	ascii	AWAVAUATVWUSH
0x1aa6fd	0x1801aa6fd	.text	ascii	F ;D$4H
0x1aa74d	0x1801aa74d	.text	ascii	L$ L9
0x1aa77b	0x1801aa77b	.text	ascii	;D$4H
0x1aa842	0x1801aa842	.text	ascii	8[]_^A\A]A^A_
0x1aa89d	0x1801aa89d	.text	ascii	9p|H}
0x1aa8e0	0x1801aa8e0	.text	ascii	AWAVAUATVWUSH
0x1aa977	0x1801aa977	.text	ascii	;L$DH
0x1aa9cd	0x1801aa9cd	.text	ascii	L$0L9
0x1aaac6	0x1801aaac6	.text	ascii	D+l$HH
0x1aab04	0x1801aab04	.text	ascii	;L$DH
0x1aab95	0x1801aab95	.text	ascii	f;t$@
0x1aad76	0x1801aad76	.text	ascii	D$HH;
0x1aaeee	0x1801aaeee	.text	ascii	#Ep;D$DH
0x1aafcc	0x1801aafcc	.text	ascii	H9D$HH
0x1ab022	0x1801ab022	.text	ascii	HcD$dH
0x1ab07a	0x1801ab07a	.text	ascii	D$HH;D$xH
0x1ab320	0x1801ab320	.text	ascii	L$d;L$DI
0x1ab39a	0x1801ab39a	.text	ascii	H;L$xH
0x1ab3e4	0x1801ab3e4	.text	ascii	H9D$HH
0x1ab46c	0x1801ab46c	.text	ascii	[]_^A\A]A^A_
0x1ab480	0x1801ab480	.text	ascii	AWAVAUATVWUSH
0x1ab603	0x1801ab603	.text	ascii	ffff.
0x1ab698	0x1801ab698	.text	ascii	t$(L;6H
0x1ab6db	0x1801ab6db	.text	ascii	t$(f;V
0x1ab7d3	0x1801ab7d3	.text	ascii	0[]_^A\A]A^A_
0x1ab810	0x1801ab810	.text	ascii	AWAVAUATVWUSH
0x1ab825	0x1801ab825	.text	ascii	.ZCWv^
0x1ab8c0	0x1801ab8c0	.text	ascii	|$PL9
0x1ab8cc	0x1801ab8cc	.text	ascii	L$HH;L$ H
0x1ab9e8	0x1801ab9e8	.text	ascii	#Hp;L$
0x1abb04	0x1801abb04	.text	ascii	L$8L+9H
0x1abb6d	0x1801abb6d	.text	ascii	`[]_^A\A]A^A_
0x1abb80	0x1801abb80	.text	ascii	AWAVAUATVWUSH
0x1abc53	0x1801abc53	.text	ascii	L$(H9
0x1abc88	0x1801abc88	.text	ascii	P0f;D$$H
0x1abcc8	0x1801abcc8	.text	ascii	8[]_^A\A]A^A_
0x1abce0	0x1801abce0	.text	ascii	AWAVAUATVWUSH
0x1abd1c	0x1801abd1c	.text	ascii	mnTD~9
0x1abd73	0x1801abd73	.text	ascii	D$XH;t$XH
0x1abdcd	0x1801abdcd	.text	ascii	L$(L9
0x1abe01	0x1801abe01	.text	ascii	L$pH;D$XH
0x1abf0e	0x1801abf0e	.text	ascii	D$@H9
0x1abf56	0x1801abf56	.text	ascii	T$@H)
0x1ac152	0x1801ac152	.text	ascii	H+t$HH
0x1ac161	0x1801ac161	.text	ascii	[]_^A\A]A^A_
0x1ac170	0x1801ac170	.text	ascii	AWAVAUATVWUSH
0x1ac28d	0x1801ac28d	.text	ascii	L$(L9
0x1ac2a9	0x1801ac2a9	.text	ascii	VL0H9
0x1ac323	0x1801ac323	.text	ascii	ffff.
0x1ac367	0x1801ac367	.text	ascii	D$8H9
0x1ac3ac	0x1801ac3ac	.text	ascii	T$8H)
0x1ac44c	0x1801ac44c	.text	ascii	H;D$XH
0x1ac491	0x1801ac491	.text	ascii	ffffff.
0x1ac56f	0x1801ac56f	.text	ascii	D$XH;t$XH
0x1ac5c8	0x1801ac5c8	.text	ascii	5I&:H
0x1ac615	0x1801ac615	.text	ascii	H+t$@H
0x1ac624	0x1801ac624	.text	ascii	[]_^A\A]A^A_
0x1ac640	0x1801ac640	.text	ascii	AWAVAUATVWUSH
0x1ac6fc	0x1801ac6fc	.text	ascii	L$HH;
0x1ac80a	0x1801ac80a	.text	ascii	(JRI9
0x1ac81c	0x1801ac81c	.text	ascii	2WAkI9
0x1ac830	0x1801ac830	.text	ascii	(JRI9
0x1ac850	0x1801ac850	.text	ascii	L$<D!
0x1ac856	0x1801ac856	.text	ascii	;L$<H
0x1aca87	0x1801aca87	.text	ascii	L$t;L$
0x1acae7	0x1801acae7	.text	ascii	>58I9
0x1acb9c	0x1801acb9c	.text	ascii	2WAkI9
0x1acbb0	0x1801acbb0	.text	ascii	wGlI9
0x1acc4c	0x1801acc4c	.text	ascii	D$PL+
0x1acda1	0x1801acda1	.text	ascii	H9L$HH
0x1acf34	0x1801acf34	.text	ascii	9L$lM
0x1ad003	0x1801ad003	.text	ascii	\$8D!
0x1ad017	0x1801ad017	.text	ascii	D#l$8D
0x1ad176	0x1801ad176	.text	ascii	H9JhI
0x1ad1e6	0x1801ad1e6	.text	ascii	[]_^A\A]A^A_
0x1ad200	0x1801ad200	.text	ascii	AWAVAUATVWUSH
0x1ad2e2	0x1801ad2e2	.text	ascii	fffff.
0x1ad353	0x1801ad353	.text	ascii	JXHc9H
0x1ad425	0x1801ad425	.text	ascii	9D$TH
0x1ad614	0x1801ad614	.text	ascii	l$4A!
0x1ad621	0x1801ad621	.text	ascii	#l$4D
0x1ad683	0x1801ad683	.text	ascii	;L$PD
0x1ad6f7	0x1801ad6f7	.text	ascii	H9|$ H
0x1ad74b	0x1801ad74b	.text	ascii	H9D$ H
0x1ad78c	0x1801ad78c	.text	ascii	G5Z+L
0x1ad7f6	0x1801ad7f6	.text	ascii	D$\;D$
0x1ad841	0x1801ad841	.text	ascii	BhH;D$`H
0x1ad8af	0x1801ad8af	.text	ascii	[]_^A\A]A^A_
0x1ad940	0x1801ad940	.text	ascii	AWAVAUATVWUSH
0x1ad975	0x1801ad975	.text	ascii	8j5.1H
0x1ad99f	0x1801ad99f	.text	ascii	E?i:G
0x1ad9b3	0x1801ad9b3	.text	ascii	F?i:G
0x1ada1d	0x1801ada1d	.text	ascii	L$(L9
0x1adb3d	0x1801adb3d	.text	ascii	9rJ@5H
0x1adb6f	0x1801adb6f	.text	ascii	D$8#D$<
0x1adc52	0x1801adc52	.text	ascii	X[]_^A\A]A^A_
0x1adc60	0x1801adc60	.text	ascii	AWAVAUATVWUSH
0x1adc96	0x1801adc96	.text	ascii	\.z0H
0x1adcfc	0x1801adcfc	.text	ascii	-ZH_:
0x1add3d	0x1801add3d	.text	ascii	L$(L9
0x1addc9	0x1801addc9	.text	ascii	/+!H9
0x1adec0	0x1801adec0	.text	ascii	D$8#D$<
0x1adf5f	0x1801adf5f	.text	ascii	<>veN
0x1adf8a	0x1801adf8a	.text	ascii	X[]_^A\A]A^A_
0x1adfa0	0x1801adfa0	.text	ascii	AWAVAUATVWUSH
0x1ae06d	0x1801ae06d	.text	ascii	L$(H9
0x1ae0d3	0x1801ae0d3	.text	ascii	ffff.
0x1ae11f	0x1801ae11f	.text	ascii	L$pH)
0x1ae1ce	0x1801ae1ce	.text	ascii	sb;L$<t
0x1ae2c1	0x1801ae2c1	.text	ascii	L$pH)
0x1ae3ce	0x1801ae3ce	.text	ascii	[]_^A\A]A^A_
0x1ae3e0	0x1801ae3e0	.text	ascii	UVWSH
0x1ae4ed	0x1801ae4ed	.text	ascii	8[_^]
0x1ae4f3	0x1801ae4f3	.text	ascii	ffff.
0x1ae505	0x1801ae505	.text	ascii	UVWSH
0x1ae520	0x1801ae520	.text	ascii	UAVVWSH
0x1ae666	0x1801ae666	.text	ascii	`[_^A^]
0x1ae685	0x1801ae685	.text	ascii	UAVVWSH
0x1ae6aa	0x1801ae6aa	.text	ascii	 [_^A^]
0x1ae6b2	0x1801ae6b2	.text	ascii	fffff.
0x1ae6c5	0x1801ae6c5	.text	ascii	UAVVWSH
0x1ae6e0	0x1801ae6e0	.text	ascii	 [_^A^]
0x1ae6f0	0x1801ae6f0	.text	ascii	UAWAVAUATVWSH
0x1aea99	0x1801aea99	.text	ascii	)fD;m
0x1aed67	0x1801aed67	.text	ascii	[_^A\A]A^A_]
0x1aed85	0x1801aed85	.text	ascii	UAWAVAUATVWSH
0x1aedc0	0x1801aedc0	.text	ascii	H[_^A\A]A^A_]
0x1aee50	0x1801aee50	.text	ascii	UVWSH
0x1af0a5	0x1801af0a5	.text	ascii	UVWSH
0x1af0c1	0x1801af0c1	.text	ascii	([_^]
0x1af0d5	0x1801af0d5	.text	ascii	UVWSH
0x1af10e	0x1801af10e	.text	ascii	([_^]
0x1af125	0x1801af125	.text	ascii	UVWSH
0x1af141	0x1801af141	.text	ascii	([_^]
0x1af155	0x1801af155	.text	ascii	UVWSH
0x1af170	0x1801af170	.text	ascii	UVWSH
0x1af253	0x1801af253	.text	ascii	ffff.
0x1af265	0x1801af265	.text	ascii	UVWSH
0x1af285	0x1801af285	.text	ascii	([_^]
0x1af290	0x1801af290	.text	ascii	UAWAVAUATVWSH
0x1af444	0x1801af444	.text	ascii	H;MXv
0x1af44c	0x1801af44c	.text	ascii	]0L;m
0x1af49a	0x1801af49a	.text	ascii	L;EXv
0x1af508	0x1801af508	.text	ascii	EHL;EX
0x1af52c	0x1801af52c	.text	ascii	UHH;UXv
0x1af609	0x1801af609	.text	ascii	EHL;EX
0x1af6ab	0x1801af6ab	.text	ascii	[_^A\A]A^A_]
0x1af7d5	0x1801af7d5	.text	ascii	UAWAVAUATVWSH
0x1af7f9	0x1801af7f9	.text	ascii	([_^A\A]A^A_]
0x1af810	0x1801af810	.text	ascii	AWAVAUATVWUSH
0x1af82b	0x1801af82b	.text	ascii	d^3|H
0x1af86d	0x1801af86d	.text	ascii	YgN)!P
0x1af880	0x1801af880	.text	ascii	5ffffff.
0x1af8d3	0x1801af8d3	.text	ascii	L$(L9
0x1af958	0x1801af958	.text	ascii	8[]_^A\A]A^A_
0x1af970	0x1801af970	.text	ascii	AWAVAUATVWUSH
0x1afa05	0x1801afa05	.text	ascii	:;|$<H
0x1afa31	0x1801afa31	.text	ascii	ffffff.
0x1afafe	0x1801afafe	.text	ascii	aLlk\
0x1afcd1	0x1801afcd1	.text	ascii	r"]zH
0x1afd59	0x1801afd59	.text	ascii	hrPx[H
0x1b00f3	0x1801b00f3	.text	ascii	|$8;|$,H
0x1b01f5	0x1801b01f5	.text	ascii	;|$4H
0x1b05e8	0x1801b05e8	.text	ascii	U[|pH
0x1b0638	0x1801b0638	.text	ascii	|$8;|$,H
0x1b0687	0x1801b0687	.text	ascii	|$$;|$(H
0x1b0779	0x1801b0779	.text	ascii	|$$;|$(H
0x1b082d	0x1801b082d	.text	ascii	:;|$<H
0x1b0853	0x1801b0853	.text	ascii	;|$4H
0x1b09d3	0x1801b09d3	.text	ascii	:;|$<H
0x1b09ea	0x1801b09ea	.text	ascii	W {@*
0x1b0a61	0x1801b0a61	.text	ascii	|$8;|$,H
0x1b0a8a	0x1801b0a8a	.text	ascii	|$$;|$(H
0x1b0b2e	0x1801b0b2e	.text	ascii	SRAY5
0x1b0d40	0x1801b0d40	.text	ascii	;|$0H
0x1b0ea5	0x1801b0ea5	.text	ascii	;|$0H
0x1b0f40	0x1801b0f40	.text	ascii	;|$ H
0x1b0f99	0x1801b0f99	.text	ascii	|$$;|$(H
0x1b0fa2	0x1801b0fa2	.text	ascii	&UwLx
0x1b103c	0x1801b103c	.text	ascii	;|$ H
0x1b1061	0x1801b1061	.text	ascii	;|$ H
0x1b10c8	0x1801b10c8	.text	ascii	;|$0H
0x1b1123	0x1801b1123	.text	ascii	;|$4H
0x1b1152	0x1801b1152	.text	ascii	;|$ H
0x1b1175	0x1801b1175	.text	ascii	=O}HMm
0x1b119d	0x1801b119d	.text	ascii	@[]_^A\A]A^A_
0x1b11b0	0x1801b11b0	.text	ascii	UVWSH
0x1b1254	0x1801b1254	.text	ascii	x[_^]
0x1b1343	0x1801b1343	.text	ascii	ffff.
0x1b1355	0x1801b1355	.text	ascii	UVWSH
0x1b136b	0x1801b136b	.text	ascii	([_^]
0x1b1371	0x1801b1371	.text	ascii	ffffff.
0x1b1385	0x1801b1385	.text	ascii	UVWSH
0x1b13a0	0x1801b13a0	.text	ascii	UAVVWSH
0x1b14e6	0x1801b14e6	.text	ascii	`[_^A^]
0x1b1505	0x1801b1505	.text	ascii	UAVVWSH
0x1b152a	0x1801b152a	.text	ascii	 [_^A^]
0x1b1532	0x1801b1532	.text	ascii	fffff.
0x1b1545	0x1801b1545	.text	ascii	UAVVWSH
0x1b1560	0x1801b1560	.text	ascii	 [_^A^]
0x1b1570	0x1801b1570	.text	ascii	UAWAVAUATVWSH
0x1b169d	0x1801b169d	.text	ascii	<E}oA
0x1b1951	0x1801b1951	.text	ascii	$~<tu
0x1b1bed	0x1801b1bed	.text	ascii	[_^A\A]A^A_]
0x1b1c05	0x1801b1c05	.text	ascii	UAWAVAUATVWSH
0x1b1c40	0x1801b1c40	.text	ascii	H[_^A\A]A^A_]
0x1b1c50	0x1801b1c50	.text	ascii	UVWSH
0x1b1d33	0x1801b1d33	.text	ascii	ffff.
0x1b1d45	0x1801b1d45	.text	ascii	UVWSH
0x1b1d65	0x1801b1d65	.text	ascii	([_^]
0x1b1d70	0x1801b1d70	.text	ascii	UAWAVAUATVWSH
0x1b1e2b	0x1801b1e2b	.text	ascii	P\HrD
0x1b1e3f	0x1801b1e3f	.text	ascii	EP!%x
0x1b1e5a	0x1801b1e5a	.text	ascii	M8:E_H
0x1b1ef4	0x1801b1ef4	.text	ascii	H;EHv
0x1b1f35	0x1801b1f35	.text	ascii	L;EHv
0x1b1fa4	0x1801b1fa4	.text	ascii	E8H;EH
0x1b1fc9	0x1801b1fc9	.text	ascii	U8H;UHv
0x1b2090	0x1801b2090	.text	ascii	E8H;EHvrH
0x1b2114	0x1801b2114	.text	ascii	[_^A\A]A^A_]
0x1b2235	0x1801b2235	.text	ascii	UAWAVAUATVWSH
0x1b2259	0x1801b2259	.text	ascii	([_^A\A]A^A_]
0x1b2270	0x1801b2270	.text	ascii	AWAVAUATVWUSH
0x1b22e0	0x1801b22e0	.text	ascii	[ffffff.
0x1b2359	0x1801b2359	.text	ascii	L$(L9
0x1b23b2	0x1801b23b2	.text	ascii	8[]_^A\A]A^A_
0x1b23c0	0x1801b23c0	.text	ascii	AWAVAUATVWUSH
0x1b256a	0x1801b256a	.text	ascii	HcT$$
0x1b2574	0x1801b2574	.text	ascii	;T$ I
0x1b2663	0x1801b2663	.text	ascii	0[]_^A\A]A^A_
0x1b2671	0x1801b2671	.text	ascii	AWAVAUATVWUSH
0x1b27bd	0x1801b27bd	.text	ascii	T$0Mc
0x1b28a6	0x1801b28a6	.text	ascii	HcT$,f
0x1b28b1	0x1801b28b1	.text	ascii	;T$(I
0x1b2934	0x1801b2934	.text	ascii	8[]_^A\A]A^A_
0x1b2950	0x1801b2950	.text	ascii	AWAVAUATVWUSH
0x1b2ad1	0x1801b2ad1	.text	ascii	7'k"@
0x1b2afb	0x1801b2afb	.text	ascii	L$(H9
0x1b2b58	0x1801b2b58	.text	ascii	8[]_^A\A]A^A_
0x1b2b70	0x1801b2b70	.text	ascii	AWAVAUATVWUSH
0x1b2c54	0x1801b2c54	.text	ascii	L$(H9
0x1b2ca2	0x1801b2ca2	.text	ascii	fffff.
0x1b2cc6	0x1801b2cc6	.text	ascii	|fCX^$H
0x1b2d02	0x1801b2d02	.text	ascii	8[]_^A\A]A^A_
0x1b2d10	0x1801b2d10	.text	ascii	AWAVAUATVWUSH
0x1b2d26	0x1801b2d26	.text	ascii	4soXH
0x1b2dbb	0x1801b2dbb	.text	ascii	k,@<H
0x1b2df4	0x1801b2df4	.text	ascii	L$(H9
0x1b2e33	0x1801b2e33	.text	ascii	ffff.
0x1b2ea1	0x1801b2ea1	.text	ascii	8[]_^A\A]A^A_
0x1b2eb0	0x1801b2eb0	.text	ascii	UAWAVAUATVWSH
0x1b3173	0x1801b3173	.text	ascii	D;uPt
0x1b3241	0x1801b3241	.text	ascii	[_^A\A]A^A_]
0x1b32d9	0x1801b32d9	.text	ascii	E0H;EpH
0x1b32fb	0x1801b32fb	.text	ascii	H#EHI
0x1b331b	0x1801b331b	.text	ascii	H;EpH
0x1b3357	0x1801b3357	.text	ascii	H#}HL
0x1b3377	0x1801b3377	.text	ascii	3EdL9
0x1b33f7	0x1801b33f7	.text	ascii	H;}pt
0x1b340a	0x1801b340a	.text	ascii	3UdA!U
0x1b34a9	0x1801b34a9	.text	ascii	E0H;EpH
0x1b34cb	0x1801b34cb	.text	ascii	H#EHI
0x1b34eb	0x1801b34eb	.text	ascii	H;EpH
0x1b3527	0x1801b3527	.text	ascii	H#}HL
0x1b3635	0x1801b3635	.text	ascii	UAWAVAUATVWSH
0x1b3664	0x1801b3664	.text	ascii	([_^A\A]A^A_]
0x1b3672	0x1801b3672	.text	ascii	fffff.
0x1b3685	0x1801b3685	.text	ascii	UAWAVAUATVWSH
0x1b36a8	0x1801b36a8	.text	ascii	([_^A\A]A^A_]
0x1b36c0	0x1801b36c0	.text	ascii	AWAVAUATVWUSH
0x1b3762	0x1801b3762	.text	ascii	L$@H)
0x1b3768	0x1801b3768	.text	ascii	H;L$HH
0x1b37bd	0x1801b37bd	.text	ascii	L$(H9
0x1b3abb	0x1801b3abb	.text	ascii	H;D$`H
0x1b3b1a	0x1801b3b1a	.text	ascii	H;D$`H
0x1b3b7b	0x1801b3b7b	.text	ascii	L$@H)
0x1b3b81	0x1801b3b81	.text	ascii	H;L$HH
0x1b3c1e	0x1801b3c1e	.text	ascii	[]_^A\A]A^A_
0x1b3c30	0x1801b3c30	.text	ascii	AWAVAUATVWUSH
0x1b3d1d	0x1801b3d1d	.text	ascii	L$0L9
0x1b3d97	0x1801b3d97	.text	ascii	)t$@L
0x1b3dd9	0x1801b3dd9	.text	ascii	 !&W9T$`H
0x1b3e67	0x1801b3e67	.text	ascii	D$@H9
0x1b3e81	0x1801b3e81	.text	ascii	m(t>AH
0x1b3eaf	0x1801b3eaf	.text	ascii	L$xH1
0x1b3ed0	0x1801b3ed0	.text	ascii	[]_^A\A]A^A_
0x1b3edf	0x1801b3edf	.text	ascii	L$xH1
0x1b3ef0	0x1801b3ef0	.text	ascii	AWAVAUATVWUSH
0x1b3f63	0x1801b3f63	.text	ascii	yfff.
0x1b3ffa	0x1801b3ffa	.text	ascii	L$(L9
0x1b4084	0x1801b4084	.text	ascii	L$PH1
0x1b4099	0x1801b4099	.text	ascii	X[]_^A\A]A^A_
0x1b40a9	0x1801b40a9	.text	ascii	L$PH1
0x1b40c0	0x1801b40c0	.text	ascii	AWAVAUATVWUSH
0x1b40d1	0x1801b40d1	.text	ascii	)t$`H
0x1b41b2	0x1801b41b2	.text	ascii	L$(H9
0x1b41d9	0x1801b41d9	.text	ascii	)t$@H
0x1b4281	0x1801b4281	.text	ascii	D$XH1
0x1b4294	0x1801b4294	.text	ascii	(t$`H
0x1b429b	0x1801b429b	.text	ascii	x[]_^A\A]A^A_
0x1b42ab	0x1801b42ab	.text	ascii	L$XH1
0x1b42c0	0x1801b42c0	.text	ascii	AWAVAUATVWUSH
0x1b4302	0x1801b4302	.text	ascii	&ANCp
0x1b4362	0x1801b4362	.text	ascii	D$hI)
0x1b437a	0x1801b437a	.text	ascii	L+D$hL
0x1b4397	0x1801b4397	.text	ascii	&ANCp
0x1b43c1	0x1801b43c1	.text	ascii	D$0fff.
0x1b43ed	0x1801b43ed	.text	ascii	L$0L9
0x1b4413	0x1801b4413	.text	ascii	RfxH9
0x1b4528	0x1801b4528	.text	ascii	L$PH1
0x1b4544	0x1801b4544	.text	ascii	D$@H;
0x1b45dd	0x1801b45dd	.text	ascii	-D|dH
0x1b45e3	0x1801b45e3	.text	ascii	%;?fCV
0x1b46db	0x1801b46db	.text	ascii	H;L$PH
0x1b4718	0x1801b4718	.text	ascii	RfxH9
0x1b47fe	0x1801b47fe	.text	ascii	D$@H;
0x1b487b	0x1801b487b	.text	ascii	D$`H;
0x1b48b7	0x1801b48b7	.text	ascii	D$hI)
0x1b49f9	0x1801b49f9	.text	ascii	H9D$@H
0x1b4abc	0x1801b4abc	.text	ascii	[]_^A\A]A^A_
0x1b4b00	0x1801b4b00	.text	ascii	AWAVAUATVWUSH
0x1b4b8b	0x1801b4b8b	.text	ascii	D$8H;D$xH
0x1b4bed	0x1801b4bed	.text	ascii	L$(L9
0x1b4c45	0x1801b4c45	.text	ascii	D$`I)
0x1b4c5d	0x1801b4c5d	.text	ascii	L+D$`L
0x1b4de9	0x1801b4de9	.text	ascii	L$HH1
0x1b4e38	0x1801b4e38	.text	ascii	MIsf[
0x1b4ecb	0x1801b4ecb	.text	ascii	D$XH;
0x1b4fb8	0x1801b4fb8	.text	ascii	D$8H;
0x1b506c	0x1801b506c	.text	ascii	;pD%<
0x1b50a1	0x1801b50a1	.text	ascii	npYeH
0x1b50ed	0x1801b50ed	.text	ascii	H;L$HH
0x1b520b	0x1801b520b	.text	ascii	H9D$8H
0x1b5246	0x1801b5246	.text	ascii	D$`I)
0x1b532b	0x1801b532b	.text	ascii	[]_^A\A]A^A_
0x1b5350	0x1801b5350	.text	ascii	UAWAVAUATVWSH
0x1b54c1	0x1801b54c1	.text	ascii	(fD;b
0x1b54d5	0x1801b54d5	.text	ascii	A#G$;E
0x1b56ed	0x1801b56ed	.text	ascii	x[_^A\A]A^A_]
0x1b5765	0x1801b5765	.text	ascii	UAWAVAUATVWSH
0x1b5782	0x1801b5782	.text	ascii	([_^A\A]A^A_]
0x1b5790	0x1801b5790	.text	ascii	AWAVAUATVWUSH
0x1b57a4	0x1801b57a4	.text	ascii	)t$pH
0x1b587d	0x1801b587d	.text	ascii	L$0H9
0x1b58a6	0x1801b58a6	.text	ascii	L$`H)
0x1b58f0	0x1801b58f0	.text	ascii	Tffffff.
0x1b5980	0x1801b5980	.text	ascii	L$`H)
0x1b5a73	0x1801b5a73	.text	ascii	(t$pH
0x1b5a7e	0x1801b5a7e	.text	ascii	[]_^A\A]A^A_
0x1b5a90	0x1801b5a90	.text	ascii	AWAVAUATVWUSH
0x1b5aa4	0x1801b5aa4	.text	ascii	)t$pH
0x1b5b32	0x1801b5b32	.text	ascii	L$XH)
0x1b5bad	0x1801b5bad	.text	ascii	L$0H9
0x1b5c77	0x1801b5c77	.text	ascii	L$XH)
0x1b5d65	0x1801b5d65	.text	ascii	(t$pH
0x1b5d70	0x1801b5d70	.text	ascii	[]_^A\A]A^A_
0x1b5d80	0x1801b5d80	.text	ascii	AWAVAUATVWUSH
0x1b5e3d	0x1801b5e3d	.text	ascii	L$0L9
0x1b5ea5	0x1801b5ea5	.text	ascii	L$`H)
0x1b5eb5	0x1801b5eb5	.text	ascii	H;L$hr
0x1b6040	0x1801b6040	.text	ascii	LH;L$Pw
0x1b61c5	0x1801b61c5	.text	ascii	{H;L$X
0x1b6271	0x1801b6271	.text	ascii	H;L$Xw
0x1b62c1	0x1801b62c1	.text	ascii	L$`H)
0x1b62d1	0x1801b62d1	.text	ascii	H;L$hr
0x1b63b3	0x1801b63b3	.text	ascii	[]_^A\A]A^A_
0x1b6447	0x1801b6447	.text	ascii	tqL;E
0x1b653d	0x1801b653d	.text	ascii	"Bu,!,H
0x1b65a2	0x1801b65a2	.text	ascii	fffff.
0x1b65e0	0x1801b65e0	.text	ascii	AWAVAUATVWUSH
0x1b668d	0x1801b668d	.text	ascii	L$0L9
0x1b66e2	0x1801b66e2	.text	ascii	F(H+F H
0x1b6718	0x1801b6718	.text	ascii	L$pH9
0x1b6724	0x1801b6724	.text	ascii	%@{VH
0x1b67dd	0x1801b67dd	.text	ascii	FPH;D$XH
0x1b696b	0x1801b696b	.text	ascii	FPH;D$XH
0x1b6aa1	0x1801b6aa1	.text	ascii	H9D$@H
0x1b6b16	0x1801b6b16	.text	ascii	D$@H;D$pH
0x1b6b62	0x1801b6b62	.text	ascii	D$@L+D$pH
0x1b6bef	0x1801b6bef	.text	ascii	[]_^A\A]A^A_
0x1b6c10	0x1801b6c10	.text	ascii	AWAVAUATVWUSH
0x1b6d80	0x1801b6d80	.text	ascii	L$0H9
0x1b6eda	0x1801b6eda	.text	ascii	L$pH1
0x1b6eef	0x1801b6eef	.text	ascii	x[]_^A\A]A^A_
0x1b6eff	0x1801b6eff	.text	ascii	L$pH1
0x1b6f10	0x1801b6f10	.text	ascii	UAWAVATVWSH
0x1b6fe2	0x1801b6fe2	.text	ascii	H;U@v
0x1b703a	0x1801b703a	.text	ascii	M(H;M@v
0x1b706a	0x1801b706a	.text	ascii	E(H;E@voH
0x1b70a7	0x1801b70a7	.text	ascii	f[w)H
0x1b70e8	0x1801b70e8	.text	ascii	[_^A\A^A_]
0x1b7125	0x1801b7125	.text	ascii	UAWAVATVWSH
0x1b7147	0x1801b7147	.text	ascii	0[_^A\A^A_]
0x1b7153	0x1801b7153	.text	ascii	ffff.
0x1b7165	0x1801b7165	.text	ascii	UAWAVATVWSH
0x1b7187	0x1801b7187	.text	ascii	0[_^A\A^A_]
0x1b71a0	0x1801b71a0	.text	ascii	AWAVAUATVWUSH
0x1b730d	0x1801b730d	.text	ascii	L$0H9
0x1b742f	0x1801b742f	.text	ascii	L$pH1
0x1b7444	0x1801b7444	.text	ascii	x[]_^A\A]A^A_
0x1b7454	0x1801b7454	.text	ascii	L$pH1
0x1b7460	0x1801b7460	.text	ascii	AWAVAUATVWUSH
0x1b752e	0x1801b752e	.text	ascii	HcT$$
0x1b7538	0x1801b7538	.text	ascii	;T$ I
0x1b7706	0x1801b7706	.text	ascii	0[]_^A\A]A^A_
0x1b7720	0x1801b7720	.text	ascii	UAVVWSH
0x1b7c6d	0x1801b7c6d	.text	ascii	[_^A^]
0x1b7cd5	0x1801b7cd5	.text	ascii	UAVVWSH
0x1b7ce7	0x1801b7ce7	.text	ascii	)t$@H
0x1b7cf8	0x1801b7cf8	.text	ascii	(t$@H
0x1b7cff	0x1801b7cff	.text	ascii	P[_^A^]
0x1b7d15	0x1801b7d15	.text	ascii	UAVVWSH
0x1b7d27	0x1801b7d27	.text	ascii	)t$@H
0x1b7d38	0x1801b7d38	.text	ascii	(t$@H
0x1b7d3f	0x1801b7d3f	.text	ascii	P[_^A^]
0x1b7d50	0x1801b7d50	.text	ascii	AWAVAUATVWUSH
0x1b7e24	0x1801b7e24	.text	ascii	L$@f9
0x1b7e7d	0x1801b7e7d	.text	ascii	L$0H9
0x1b7f4e	0x1801b7f4e	.text	ascii	l9VQH9
0x1b7f80	0x1801b7f80	.text	ascii	L$@f9
0x1b7fb2	0x1801b7fb2	.text	ascii	fffff.
0x1b8023	0x1801b8023	.text	ascii	f9H0H
0x1b8053	0x1801b8053	.text	ascii	ffff.
0x1b80f0	0x1801b80f0	.text	ascii	b`g86H9
0x1b824a	0x1801b824a	.text	ascii	f=fH9
0x1b8354	0x1801b8354	.text	ascii	;D$DH
0x1b874c	0x1801b874c	.text	ascii	@!RTG
0x1b887e	0x1801b887e	.text	ascii	OGr;4
0x1b88e2	0x1801b88e2	.text	ascii	L$@fA
0x1b8918	0x1801b8918	.text	ascii	H;T$h
0x1b8a08	0x1801b8a08	.text	ascii	f9H2H
0x1b8a4d	0x1801b8a4d	.text	ascii	L$@f9
0x1b8afb	0x1801b8afb	.text	ascii	[]_^A\A]A^A_
0x1b8b10	0x1801b8b10	.text	ascii	AWAVAUATVWUSH
0x1b8c0d	0x1801b8c0d	.text	ascii	L$0L9
0x1b8d16	0x1801b8d16	.text	ascii	L$PH1
0x1b8d2b	0x1801b8d2b	.text	ascii	X[]_^A\A]A^A_
0x1b8d3b	0x1801b8d3b	.text	ascii	L$PH1
0x1b8d50	0x1801b8d50	.text	ascii	AWAVAUATVWUSH
0x1b8e83	0x1801b8e83	.text	ascii	ffff.
0x1b8eb7	0x1801b8eb7	.text	ascii	L$8L9
0x1b8ee6	0x1801b8ee6	.text	ascii	yu*H9
0x1b8f2d	0x1801b8f2d	.text	ascii	L$6f9
0x1b906c	0x1801b906c	.text	ascii	H;L$x
0x1b90b7	0x1801b90b7	.text	ascii	+FcH9
0x1b9274	0x1801b9274	.text	ascii	S"[r~m
0x1b92d6	0x1801b92d6	.text	ascii	+FcH9
0x1b92e5	0x1801b92e5	.text	ascii	8*.$<*hH9
0x1b935b	0x1801b935b	.text	ascii	L$6f9
0x1b93ba	0x1801b93ba	.text	ascii	@ f;D$^H
0x1b9464	0x1801b9464	.text	ascii	yu*H9
0x1b949f	0x1801b949f	.text	ascii	f9H H
0x1b9559	0x1801b9559	.text	ascii	v7 UH9
0x1b9794	0x1801b9794	.text	ascii	f9H$H
0x1b9821	0x1801b9821	.text	ascii	d[;{tH
0x1b997b	0x1801b997b	.text	ascii	m/K(}
0x1b99b9	0x1801b99b9	.text	ascii	o@ fA
0x1b99c9	0x1801b99c9	.text	ascii	L$6f9
0x1b9a84	0x1801b9a84	.text	ascii	L$6f9
0x1b9ad2	0x1801b9ad2	.text	ascii	f9H"H
0x1b9ad8	0x1801b9ad8	.text	ascii	 =m#I
0x1b9b1e	0x1801b9b1e	.text	ascii	f9H8H
0x1b9c17	0x1801b9c17	.text	ascii	@"f;D$^H
0x1b9c24	0x1801b9c24	.text	ascii	0\4OH
0x1b9c5f	0x1801b9c5f	.text	ascii	L$6f9
0x1b9cb7	0x1801b9cb7	.text	ascii	L$6f9
0x1b9cdc	0x1801b9cdc	.text	ascii	pxW1,
0x1b9d03	0x1801b9d03	.text	ascii	L$6f9
0x1b9dde	0x1801b9dde	.text	ascii	[]_^A\A]A^A_
0x1b9df0	0x1801b9df0	.text	ascii	AWAVAUATVWUSH
0x1b9ebd	0x1801b9ebd	.text	ascii	L$0H9
0x1b9ed0	0x1801b9ed0	.text	ascii	fffffff.
0x1b9f3d	0x1801b9f3d	.text	ascii	L$PH1
0x1b9f52	0x1801b9f52	.text	ascii	X[]_^A\A]A^A_
0x1b9f62	0x1801b9f62	.text	ascii	L$PH1
0x1b9f70	0x1801b9f70	.text	ascii	AWAVAUATVWUSH
0x1b9ffd	0x1801b9ffd	.text	ascii	D$D;D$$H
0x1ba04d	0x1801ba04d	.text	ascii	L$(H9
0x1ba126	0x1801ba126	.text	ascii	;l$$L
0x1ba157	0x1801ba157	.text	ascii	QL`Dm
0x1ba161	0x1801ba161	.text	ascii	ffffff.
0x1ba1e3	0x1801ba1e3	.text	ascii	ffff.
0x1ba261	0x1801ba261	.text	ascii	;D$$H
0x1ba2a2	0x1801ba2a2	.text	ascii	D$D3D$@
0x1ba2b0	0x1801ba2b0	.text	ascii	L$L3L$<
0x1ba318	0x1801ba318	.text	ascii	Z`+,H
0x1ba34f	0x1801ba34f	.text	ascii	L$`H1
0x1ba364	0x1801ba364	.text	ascii	h[]_^A\A]A^A_
0x1ba374	0x1801ba374	.text	ascii	L$`H1
0x1ba380	0x1801ba380	.text	ascii	AWAVAUATVWUSH
0x1ba44c	0x1801ba44c	.text	ascii	L$0H9
0x1ba478	0x1801ba478	.text	ascii	D$D;D$,H
0x1ba4a6	0x1801ba4a6	.text	ascii	H[]_^A\A]A^A_
0x1ba4c0	0x1801ba4c0	.text	ascii	AWAVAUATVWUSH
0x1ba4f3	0x1801ba4f3	.text	ascii	rBv8H
0x1ba52b	0x1801ba52b	.text	ascii	%rTus
0x1ba5ed	0x1801ba5ed	.text	ascii	L$@L9
0x1ba5fc	0x1801ba5fc	.text	ascii	utz)(eJH9
0x1ba726	0x1801ba726	.text	ascii	utz)(eJH9
0x1ba7c4	0x1801ba7c4	.text	ascii	H;D$Xv
0x1ba812	0x1801ba812	.text	ascii	H;D$XH
0x1ba861	0x1801ba861	.text	ascii	ffffff.
0x1bacc1	0x1801bacc1	.text	ascii	Sy//@
0x1bad1e	0x1801bad1e	.text	ascii	[]_^A\A]A^A_
0x1bad30	0x1801bad30	.text	ascii	AWAVAUATVWUSH
0x1bad44	0x1801bad44	.text	ascii	)t$pH
0x1badcf	0x1801badcf	.text	ascii	T$\+D$P+T$TH
0x1bae2d	0x1801bae2d	.text	ascii	L$ H9
0x1bae44	0x1801bae44	.text	ascii	)t$PH
0x1baf46	0x1801baf46	.text	ascii	L$hH1
0x1baf59	0x1801baf59	.text	ascii	(t$pH
0x1baf64	0x1801baf64	.text	ascii	[]_^A\A]A^A_
0x1baf73	0x1801baf73	.text	ascii	L$hH1
0x1baf80	0x1801baf80	.text	ascii	AWAVAUATVWUSH
0x1bb045	0x1801bb045	.text	ascii	L$0H9
0x1bb0a8	0x1801bb0a8	.text	ascii	H[]_^A\A]A^A_
0x1bb0c0	0x1801bb0c0	.text	ascii	AWAVAUATVWUSH
0x1bb241	0x1801bb241	.text	ascii	Li^m+6
0x1bb28d	0x1801bb28d	.text	ascii	L$0H9
0x1bb389	0x1801bb389	.text	ascii	IjnNP5L
0x1bb3c3	0x1801bb3c3	.text	ascii	ffff.
0x1bb587	0x1801bb587	.text	ascii	, FsJH
0x1bb6e2	0x1801bb6e2	.text	ascii	[]_^A\A]A^A_
0x1bb700	0x1801bb700	.text	ascii	AWAVAUATVWUSH
0x1bb7cd	0x1801bb7cd	.text	ascii	L$(L9
0x1bb96a	0x1801bb96a	.text	ascii	H[]_^A\A]A^A_
0x1bb980	0x1801bb980	.text	ascii	AWAVAUATVWUSH
0x1bba30	0x1801bba30	.text	ascii	{g1dP
0x1bba54	0x1801bba54	.text	ascii	L$Lf9
0x1bba60	0x1801bba60	.text	ascii	 {a+H
0x1bba80	0x1801bba80	.text	ascii	uffffff.
0x1bbab7	0x1801bbab7	.text	ascii	L$8L9
0x1bbb81	0x1801bbb81	.text	ascii	ffffff.
0x1bbd1c	0x1801bbd1c	.text	ascii	{g1dP
0x1bbda6	0x1801bbda6	.text	ascii	L$LfA
0x1bbddb	0x1801bbddb	.text	ascii	H;T$p
0x1bbe84	0x1801bbe84	.text	ascii	L$Lf9
0x1bc1f8	0x1801bc1f8	.text	ascii	s-gpH
0x1bc335	0x1801bc335	.text	ascii	f9H2H
0x1bc40c	0x1801bc40c	.text	ascii	f9H0H
0x1bc455	0x1801bc455	.text	ascii	L$Lf9
0x1bc503	0x1801bc503	.text	ascii	[]_^A\A]A^A_
0x1bc510	0x1801bc510	.text	ascii	AWAVAUATVWUSH
0x1bc5d4	0x1801bc5d4	.text	ascii	L$(L9
0x1bc66b	0x1801bc66b	.text	ascii	L$@H1
0x1bc680	0x1801bc680	.text	ascii	H[]_^A\A]A^A_
0x1bc690	0x1801bc690	.text	ascii	L$@H1
0x1bc69c	0x1801bc69c	.text	ascii	AWAVAUATVWUSH
0x1bc8df	0x1801bc8df	.text	ascii	HcT$$
0x1bc8e9	0x1801bc8e9	.text	ascii	;T$ I
0x1bc913	0x1801bc913	.text	ascii	1O2f}j
0x1bc942	0x1801bc942	.text	ascii	0[]_^A\A]A^A_
0x1bc950	0x1801bc950	.text	ascii	AWAVAUATVWUSH
0x1bca24	0x1801bca24	.text	ascii	HcT$,f
0x1bca2f	0x1801bca2f	.text	ascii	;T$(I
0x1bca8c	0x1801bca8c	.text	ascii	lrGH9
0x1bcb79	0x1801bcb79	.text	ascii	T$0Mc
0x1bcb99	0x1801bcb99	.text	ascii	;YbZH
0x1bcc13	0x1801bcc13	.text	ascii	8[]_^A\A]A^A_
0x1bcc30	0x1801bcc30	.text	ascii	UAWAVAUATVWSH
0x1bd0b9	0x1801bd0b9	.text	ascii	US8ek
0x1bd683	0x1801bd683	.text	ascii	ffff.
0x1bd6c3	0x1801bd6c3	.text	ascii	ffff.
0x1bd872	0x1801bd872	.text	ascii	u,fff.
0x1bd922	0x1801bd922	.text	ascii	fffff.
0x1bde93	0x1801bde93	.text	ascii	ffff.
0x1be919	0x1801be919	.text	ascii	[_^A\A]A^A_]
0x1bef51	0x1801bef51	.text	ascii	ffffff.
0x1bef65	0x1801bef65	.text	ascii	UAWAVAUATVWSH
0x1bef83	0x1801bef83	.text	ascii	d$ fD
0x1bef8a	0x1801bef8a	.text	ascii	\$0fD
0x1bef91	0x1801bef91	.text	ascii	T$@fD
0x1bef98	0x1801bef98	.text	ascii	L$PfD
0x1befc6	0x1801befc6	.text	ascii	o|$pfD
0x1befcd	0x1801befcd	.text	ascii	oD$`fD
0x1befd4	0x1801befd4	.text	ascii	oL$PfD
0x1befdb	0x1801befdb	.text	ascii	oT$@fD
0x1befe2	0x1801befe2	.text	ascii	o\$0fD
0x1befe9	0x1801befe9	.text	ascii	od$ H
0x1beff4	0x1801beff4	.text	ascii	[_^A\A]A^A_]
0x1bf001	0x1801bf001	.text	ascii	ffffff.
0x1bf015	0x1801bf015	.text	ascii	UAWAVAUATVWSH
0x1bf033	0x1801bf033	.text	ascii	d$ fD
0x1bf03a	0x1801bf03a	.text	ascii	\$0fD
0x1bf041	0x1801bf041	.text	ascii	T$@fD
0x1bf048	0x1801bf048	.text	ascii	L$PfD
0x1bf076	0x1801bf076	.text	ascii	o|$pfD
0x1bf07d	0x1801bf07d	.text	ascii	oD$`fD
0x1bf084	0x1801bf084	.text	ascii	oL$PfD
0x1bf08b	0x1801bf08b	.text	ascii	oT$@fD
0x1bf092	0x1801bf092	.text	ascii	o\$0fD
0x1bf099	0x1801bf099	.text	ascii	od$ H
0x1bf0a4	0x1801bf0a4	.text	ascii	[_^A\A]A^A_]
0x1bf0b1	0x1801bf0b1	.text	ascii	ffffff.
0x1bf0c5	0x1801bf0c5	.text	ascii	UAWAVAUATVWSH
0x1bf0e3	0x1801bf0e3	.text	ascii	d$ fD
0x1bf0ea	0x1801bf0ea	.text	ascii	\$0fD
0x1bf0f1	0x1801bf0f1	.text	ascii	T$@fD
0x1bf0f8	0x1801bf0f8	.text	ascii	L$PfD
0x1bf126	0x1801bf126	.text	ascii	o|$pfD
0x1bf12d	0x1801bf12d	.text	ascii	oD$`fD
0x1bf134	0x1801bf134	.text	ascii	oL$PfD
0x1bf13b	0x1801bf13b	.text	ascii	oT$@fD
0x1bf142	0x1801bf142	.text	ascii	o\$0fD
0x1bf149	0x1801bf149	.text	ascii	od$ H
0x1bf154	0x1801bf154	.text	ascii	[_^A\A]A^A_]
0x1bf161	0x1801bf161	.text	ascii	ffffff.
0x1bf175	0x1801bf175	.text	ascii	UAWAVAUATVWSH
0x1bf193	0x1801bf193	.text	ascii	d$ fD
0x1bf19a	0x1801bf19a	.text	ascii	\$0fD
0x1bf1a1	0x1801bf1a1	.text	ascii	T$@fD
0x1bf1a8	0x1801bf1a8	.text	ascii	L$PfD
0x1bf1d6	0x1801bf1d6	.text	ascii	o|$pfD
0x1bf1dd	0x1801bf1dd	.text	ascii	oD$`fD
0x1bf1e4	0x1801bf1e4	.text	ascii	oL$PfD
0x1bf1eb	0x1801bf1eb	.text	ascii	oT$@fD
0x1bf1f2	0x1801bf1f2	.text	ascii	o\$0fD
0x1bf1f9	0x1801bf1f9	.text	ascii	od$ H
0x1bf204	0x1801bf204	.text	ascii	[_^A\A]A^A_]
0x1bf211	0x1801bf211	.text	ascii	ffffff.
0x1bf225	0x1801bf225	.text	ascii	UAWAVAUATVWSH
0x1bf243	0x1801bf243	.text	ascii	d$ fD
0x1bf24a	0x1801bf24a	.text	ascii	\$0fD
0x1bf251	0x1801bf251	.text	ascii	T$@fD
0x1bf258	0x1801bf258	.text	ascii	L$PfD
0x1bf286	0x1801bf286	.text	ascii	o|$pfD
0x1bf28d	0x1801bf28d	.text	ascii	oD$`fD
0x1bf294	0x1801bf294	.text	ascii	oL$PfD
0x1bf29b	0x1801bf29b	.text	ascii	oT$@fD
0x1bf2a2	0x1801bf2a2	.text	ascii	o\$0fD
0x1bf2a9	0x1801bf2a9	.text	ascii	od$ H
0x1bf2b4	0x1801bf2b4	.text	ascii	[_^A\A]A^A_]
0x1bf2c1	0x1801bf2c1	.text	ascii	ffffff.
0x1bf2d5	0x1801bf2d5	.text	ascii	UAWAVAUATVWSH
0x1bf2f3	0x1801bf2f3	.text	ascii	d$ fD
0x1bf2fa	0x1801bf2fa	.text	ascii	\$0fD
0x1bf301	0x1801bf301	.text	ascii	T$@fD
0x1bf308	0x1801bf308	.text	ascii	L$PfD
0x1bf336	0x1801bf336	.text	ascii	o|$pfD
0x1bf33d	0x1801bf33d	.text	ascii	oD$`fD
0x1bf344	0x1801bf344	.text	ascii	oL$PfD
0x1bf34b	0x1801bf34b	.text	ascii	oT$@fD
0x1bf352	0x1801bf352	.text	ascii	o\$0fD
0x1bf359	0x1801bf359	.text	ascii	od$ H
0x1bf364	0x1801bf364	.text	ascii	[_^A\A]A^A_]
0x1bf371	0x1801bf371	.text	ascii	ffffff.
0x1bf385	0x1801bf385	.text	ascii	UAWAVAUATVWSH
0x1bf3a3	0x1801bf3a3	.text	ascii	d$ fD
0x1bf3aa	0x1801bf3aa	.text	ascii	\$0fD
0x1bf3b1	0x1801bf3b1	.text	ascii	T$@fD
0x1bf3b8	0x1801bf3b8	.text	ascii	L$PfD
0x1bf3e3	0x1801bf3e3	.text	ascii	o|$pfD
0x1bf3ea	0x1801bf3ea	.text	ascii	oD$`fD
0x1bf3f1	0x1801bf3f1	.text	ascii	oL$PfD
0x1bf3f8	0x1801bf3f8	.text	ascii	oT$@fD
0x1bf3ff	0x1801bf3ff	.text	ascii	o\$0fD
0x1bf406	0x1801bf406	.text	ascii	od$ H
0x1bf411	0x1801bf411	.text	ascii	[_^A\A]A^A_]
0x1bf425	0x1801bf425	.text	ascii	UAWAVAUATVWSH
0x1bf443	0x1801bf443	.text	ascii	d$ fD
0x1bf44a	0x1801bf44a	.text	ascii	\$0fD
0x1bf451	0x1801bf451	.text	ascii	T$@fD
0x1bf458	0x1801bf458	.text	ascii	L$PfD
0x1bf486	0x1801bf486	.text	ascii	o|$pfD
0x1bf48d	0x1801bf48d	.text	ascii	oD$`fD
0x1bf494	0x1801bf494	.text	ascii	oL$PfD
0x1bf49b	0x1801bf49b	.text	ascii	oT$@fD
0x1bf4a2	0x1801bf4a2	.text	ascii	o\$0fD
0x1bf4a9	0x1801bf4a9	.text	ascii	od$ H
0x1bf4b4	0x1801bf4b4	.text	ascii	[_^A\A]A^A_]
0x1bf4c1	0x1801bf4c1	.text	ascii	ffffff.
0x1bf4d5	0x1801bf4d5	.text	ascii	UAWAVAUATVWSH
0x1bf4f3	0x1801bf4f3	.text	ascii	d$ fD
0x1bf4fa	0x1801bf4fa	.text	ascii	\$0fD
0x1bf501	0x1801bf501	.text	ascii	T$@fD
0x1bf508	0x1801bf508	.text	ascii	L$PfD
0x1bf536	0x1801bf536	.text	ascii	o|$pfD
0x1bf53d	0x1801bf53d	.text	ascii	oD$`fD
0x1bf544	0x1801bf544	.text	ascii	oL$PfD
0x1bf54b	0x1801bf54b	.text	ascii	oT$@fD
0x1bf552	0x1801bf552	.text	ascii	o\$0fD
0x1bf559	0x1801bf559	.text	ascii	od$ H
0x1bf564	0x1801bf564	.text	ascii	[_^A\A]A^A_]
0x1bf571	0x1801bf571	.text	ascii	ffffff.
0x1bf585	0x1801bf585	.text	ascii	UAWAVAUATVWSH
0x1bf5a3	0x1801bf5a3	.text	ascii	d$ fD
0x1bf5aa	0x1801bf5aa	.text	ascii	\$0fD
0x1bf5b1	0x1801bf5b1	.text	ascii	T$@fD
0x1bf5b8	0x1801bf5b8	.text	ascii	L$PfD
0x1bf5e5	0x1801bf5e5	.text	ascii	UAWAVAUATVWSH
0x1bf603	0x1801bf603	.text	ascii	d$ fD
0x1bf60a	0x1801bf60a	.text	ascii	\$0fD
0x1bf611	0x1801bf611	.text	ascii	T$@fD
0x1bf618	0x1801bf618	.text	ascii	L$PfD
0x1bf646	0x1801bf646	.text	ascii	o|$pfD
0x1bf64d	0x1801bf64d	.text	ascii	oD$`fD
0x1bf654	0x1801bf654	.text	ascii	oL$PfD
0x1bf65b	0x1801bf65b	.text	ascii	oT$@fD
0x1bf662	0x1801bf662	.text	ascii	o\$0fD
0x1bf669	0x1801bf669	.text	ascii	od$ H
0x1bf674	0x1801bf674	.text	ascii	[_^A\A]A^A_]
0x1bf681	0x1801bf681	.text	ascii	ffffff.
0x1bf695	0x1801bf695	.text	ascii	UAWAVAUATVWSH
0x1bf6b3	0x1801bf6b3	.text	ascii	d$ fD
0x1bf6ba	0x1801bf6ba	.text	ascii	\$0fD
0x1bf6c1	0x1801bf6c1	.text	ascii	T$@fD
0x1bf6c8	0x1801bf6c8	.text	ascii	L$PfD
0x1bf6f6	0x1801bf6f6	.text	ascii	o|$pfD
0x1bf6fd	0x1801bf6fd	.text	ascii	oD$`fD
0x1bf704	0x1801bf704	.text	ascii	oL$PfD
0x1bf70b	0x1801bf70b	.text	ascii	oT$@fD
0x1bf712	0x1801bf712	.text	ascii	o\$0fD
0x1bf719	0x1801bf719	.text	ascii	od$ H
0x1bf724	0x1801bf724	.text	ascii	[_^A\A]A^A_]
0x1bf731	0x1801bf731	.text	ascii	ffffff.
0x1bf745	0x1801bf745	.text	ascii	UAWAVAUATVWSH
0x1bf763	0x1801bf763	.text	ascii	d$ fD
0x1bf76a	0x1801bf76a	.text	ascii	\$0fD
0x1bf771	0x1801bf771	.text	ascii	T$@fD
0x1bf778	0x1801bf778	.text	ascii	L$PfD
0x1bf7a6	0x1801bf7a6	.text	ascii	o|$pfD
0x1bf7ad	0x1801bf7ad	.text	ascii	oD$`fD
0x1bf7b4	0x1801bf7b4	.text	ascii	oL$PfD
0x1bf7bb	0x1801bf7bb	.text	ascii	oT$@fD
0x1bf7c2	0x1801bf7c2	.text	ascii	o\$0fD
0x1bf7c9	0x1801bf7c9	.text	ascii	od$ H
0x1bf7d4	0x1801bf7d4	.text	ascii	[_^A\A]A^A_]
0x1bf7e1	0x1801bf7e1	.text	ascii	ffffff.
0x1bf7f5	0x1801bf7f5	.text	ascii	UAWAVAUATVWSH
0x1bf813	0x1801bf813	.text	ascii	d$ fD
0x1bf81a	0x1801bf81a	.text	ascii	\$0fD
0x1bf821	0x1801bf821	.text	ascii	T$@fD
0x1bf828	0x1801bf828	.text	ascii	L$PfD
0x1bf856	0x1801bf856	.text	ascii	o|$pfD
0x1bf85d	0x1801bf85d	.text	ascii	oD$`fD
0x1bf864	0x1801bf864	.text	ascii	oL$PfD
0x1bf86b	0x1801bf86b	.text	ascii	oT$@fD
0x1bf872	0x1801bf872	.text	ascii	o\$0fD
0x1bf879	0x1801bf879	.text	ascii	od$ H
0x1bf884	0x1801bf884	.text	ascii	[_^A\A]A^A_]
0x1bf891	0x1801bf891	.text	ascii	ffffff.
0x1bf8a5	0x1801bf8a5	.text	ascii	UAWAVAUATVWSH
0x1bf8c3	0x1801bf8c3	.text	ascii	d$ fD
0x1bf8ca	0x1801bf8ca	.text	ascii	\$0fD
0x1bf8d1	0x1801bf8d1	.text	ascii	T$@fD
0x1bf8d8	0x1801bf8d8	.text	ascii	L$PfD
0x1bf905	0x1801bf905	.text	ascii	UAWAVAUATVWSH
0x1bf923	0x1801bf923	.text	ascii	d$ fD
0x1bf92a	0x1801bf92a	.text	ascii	\$0fD
0x1bf931	0x1801bf931	.text	ascii	T$@fD
0x1bf938	0x1801bf938	.text	ascii	L$PfD
0x1bf966	0x1801bf966	.text	ascii	o|$pfD
0x1bf96d	0x1801bf96d	.text	ascii	oD$`fD
0x1bf974	0x1801bf974	.text	ascii	oL$PfD
0x1bf97b	0x1801bf97b	.text	ascii	oT$@fD
0x1bf982	0x1801bf982	.text	ascii	o\$0fD
0x1bf989	0x1801bf989	.text	ascii	od$ H
0x1bf994	0x1801bf994	.text	ascii	[_^A\A]A^A_]
0x1bf9a1	0x1801bf9a1	.text	ascii	ffffff.
0x1bf9b5	0x1801bf9b5	.text	ascii	UAWAVAUATVWSH
0x1bf9d3	0x1801bf9d3	.text	ascii	d$ fD
0x1bf9da	0x1801bf9da	.text	ascii	\$0fD
0x1bf9e1	0x1801bf9e1	.text	ascii	T$@fD
0x1bf9e8	0x1801bf9e8	.text	ascii	L$PfD
0x1bfa16	0x1801bfa16	.text	ascii	o|$pfD
0x1bfa1d	0x1801bfa1d	.text	ascii	oD$`fD
0x1bfa24	0x1801bfa24	.text	ascii	oL$PfD
0x1bfa2b	0x1801bfa2b	.text	ascii	oT$@fD
0x1bfa32	0x1801bfa32	.text	ascii	o\$0fD
0x1bfa39	0x1801bfa39	.text	ascii	od$ H
0x1bfa44	0x1801bfa44	.text	ascii	[_^A\A]A^A_]
0x1bfa51	0x1801bfa51	.text	ascii	ffffff.
0x1bfa65	0x1801bfa65	.text	ascii	UAWAVAUATVWSH
0x1bfa83	0x1801bfa83	.text	ascii	d$ fD
0x1bfa8a	0x1801bfa8a	.text	ascii	\$0fD
0x1bfa91	0x1801bfa91	.text	ascii	T$@fD
0x1bfa98	0x1801bfa98	.text	ascii	L$PfD
0x1bfac6	0x1801bfac6	.text	ascii	o|$pfD
0x1bfacd	0x1801bfacd	.text	ascii	oD$`fD
0x1bfad4	0x1801bfad4	.text	ascii	oL$PfD
0x1bfadb	0x1801bfadb	.text	ascii	oT$@fD
0x1bfae2	0x1801bfae2	.text	ascii	o\$0fD
0x1bfae9	0x1801bfae9	.text	ascii	od$ H
0x1bfaf4	0x1801bfaf4	.text	ascii	[_^A\A]A^A_]
0x1bfb01	0x1801bfb01	.text	ascii	ffffff.
0x1bfb15	0x1801bfb15	.text	ascii	UAWAVAUATVWSH
0x1bfb33	0x1801bfb33	.text	ascii	d$ fD
0x1bfb3a	0x1801bfb3a	.text	ascii	\$0fD
0x1bfb41	0x1801bfb41	.text	ascii	T$@fD
0x1bfb48	0x1801bfb48	.text	ascii	L$PfD
0x1bfb76	0x1801bfb76	.text	ascii	o|$pfD
0x1bfb7d	0x1801bfb7d	.text	ascii	oD$`fD
0x1bfb84	0x1801bfb84	.text	ascii	oL$PfD
0x1bfb8b	0x1801bfb8b	.text	ascii	oT$@fD
0x1bfb92	0x1801bfb92	.text	ascii	o\$0fD
0x1bfb99	0x1801bfb99	.text	ascii	od$ H
0x1bfba4	0x1801bfba4	.text	ascii	[_^A\A]A^A_]
0x1bfbb1	0x1801bfbb1	.text	ascii	ffffff.
0x1bfbc5	0x1801bfbc5	.text	ascii	UAWAVAUATVWSH
0x1bfbe3	0x1801bfbe3	.text	ascii	d$ fD
0x1bfbea	0x1801bfbea	.text	ascii	\$0fD
0x1bfbf1	0x1801bfbf1	.text	ascii	T$@fD
0x1bfbf8	0x1801bfbf8	.text	ascii	L$PfD
0x1bfc26	0x1801bfc26	.text	ascii	o|$pfD
0x1bfc2d	0x1801bfc2d	.text	ascii	oD$`fD
0x1bfc34	0x1801bfc34	.text	ascii	oL$PfD
0x1bfc3b	0x1801bfc3b	.text	ascii	oT$@fD
0x1bfc42	0x1801bfc42	.text	ascii	o\$0fD
0x1bfc49	0x1801bfc49	.text	ascii	od$ H
0x1bfc54	0x1801bfc54	.text	ascii	[_^A\A]A^A_]
0x1bfc61	0x1801bfc61	.text	ascii	ffffff.
0x1bfc75	0x1801bfc75	.text	ascii	UAWAVAUATVWSH
0x1bfc93	0x1801bfc93	.text	ascii	d$ fD
0x1bfc9a	0x1801bfc9a	.text	ascii	\$0fD
0x1bfca1	0x1801bfca1	.text	ascii	T$@fD
0x1bfca8	0x1801bfca8	.text	ascii	L$PfD
0x1bfcd6	0x1801bfcd6	.text	ascii	o|$pfD
0x1bfcdd	0x1801bfcdd	.text	ascii	oD$`fD
0x1bfce4	0x1801bfce4	.text	ascii	oL$PfD
0x1bfceb	0x1801bfceb	.text	ascii	oT$@fD
0x1bfcf2	0x1801bfcf2	.text	ascii	o\$0fD
0x1bfcf9	0x1801bfcf9	.text	ascii	od$ H
0x1bfd04	0x1801bfd04	.text	ascii	[_^A\A]A^A_]
0x1bfd11	0x1801bfd11	.text	ascii	ffffff.
0x1bfd25	0x1801bfd25	.text	ascii	UAWAVAUATVWSH
0x1bfd43	0x1801bfd43	.text	ascii	d$ fD
0x1bfd4a	0x1801bfd4a	.text	ascii	\$0fD
0x1bfd51	0x1801bfd51	.text	ascii	T$@fD
0x1bfd58	0x1801bfd58	.text	ascii	L$PfD
0x1bfd86	0x1801bfd86	.text	ascii	o|$pfD
0x1bfd8d	0x1801bfd8d	.text	ascii	oD$`fD
0x1bfd94	0x1801bfd94	.text	ascii	oL$PfD
0x1bfd9b	0x1801bfd9b	.text	ascii	oT$@fD
0x1bfda2	0x1801bfda2	.text	ascii	o\$0fD
0x1bfda9	0x1801bfda9	.text	ascii	od$ H
0x1bfdb4	0x1801bfdb4	.text	ascii	[_^A\A]A^A_]
0x1bfdc1	0x1801bfdc1	.text	ascii	ffffff.
0x1bfdd5	0x1801bfdd5	.text	ascii	UAWAVAUATVWSH
0x1bfdf3	0x1801bfdf3	.text	ascii	d$ fD
0x1bfdfa	0x1801bfdfa	.text	ascii	\$0fD
0x1bfe01	0x1801bfe01	.text	ascii	T$@fD
0x1bfe08	0x1801bfe08	.text	ascii	L$PfD
0x1bfe36	0x1801bfe36	.text	ascii	o|$pfD
0x1bfe3d	0x1801bfe3d	.text	ascii	oD$`fD
0x1bfe44	0x1801bfe44	.text	ascii	oL$PfD
0x1bfe4b	0x1801bfe4b	.text	ascii	oT$@fD
0x1bfe52	0x1801bfe52	.text	ascii	o\$0fD
0x1bfe59	0x1801bfe59	.text	ascii	od$ H
0x1bfe64	0x1801bfe64	.text	ascii	[_^A\A]A^A_]
0x1bfe71	0x1801bfe71	.text	ascii	ffffff.
0x1bfe85	0x1801bfe85	.text	ascii	UAWAVAUATVWSH
0x1bfea3	0x1801bfea3	.text	ascii	d$ fD
0x1bfeaa	0x1801bfeaa	.text	ascii	\$0fD
0x1bfeb1	0x1801bfeb1	.text	ascii	T$@fD
0x1bfeb8	0x1801bfeb8	.text	ascii	L$PfD
0x1bfee6	0x1801bfee6	.text	ascii	o|$pfD
0x1bfeed	0x1801bfeed	.text	ascii	oD$`fD
0x1bfef4	0x1801bfef4	.text	ascii	oL$PfD
0x1bfefb	0x1801bfefb	.text	ascii	oT$@fD
0x1bff02	0x1801bff02	.text	ascii	o\$0fD
0x1bff09	0x1801bff09	.text	ascii	od$ H
0x1bff14	0x1801bff14	.text	ascii	[_^A\A]A^A_]
0x1bff21	0x1801bff21	.text	ascii	ffffff.
0x1bff35	0x1801bff35	.text	ascii	UAWAVAUATVWSH
0x1bff53	0x1801bff53	.text	ascii	d$ fD
0x1bff5a	0x1801bff5a	.text	ascii	\$0fD
0x1bff61	0x1801bff61	.text	ascii	T$@fD
0x1bff68	0x1801bff68	.text	ascii	L$PfD
0x1bff96	0x1801bff96	.text	ascii	o|$pfD
0x1bff9d	0x1801bff9d	.text	ascii	oD$`fD
0x1bffa4	0x1801bffa4	.text	ascii	oL$PfD
0x1bffab	0x1801bffab	.text	ascii	oT$@fD
0x1bffb2	0x1801bffb2	.text	ascii	o\$0fD
0x1bffb9	0x1801bffb9	.text	ascii	od$ H
0x1bffc4	0x1801bffc4	.text	ascii	[_^A\A]A^A_]
0x1bffd1	0x1801bffd1	.text	ascii	ffffff.
0x1bffe5	0x1801bffe5	.text	ascii	UAWAVAUATVWSH
0x1c0003	0x1801c0003	.text	ascii	d$ fD
0x1c000a	0x1801c000a	.text	ascii	\$0fD
0x1c0011	0x1801c0011	.text	ascii	T$@fD
0x1c0018	0x1801c0018	.text	ascii	L$PfD
0x1c0046	0x1801c0046	.text	ascii	o|$pfD
0x1c004d	0x1801c004d	.text	ascii	oD$`fD
0x1c0054	0x1801c0054	.text	ascii	oL$PfD
0x1c005b	0x1801c005b	.text	ascii	oT$@fD
0x1c0062	0x1801c0062	.text	ascii	o\$0fD
0x1c0069	0x1801c0069	.text	ascii	od$ H
0x1c0074	0x1801c0074	.text	ascii	[_^A\A]A^A_]
0x1c0081	0x1801c0081	.text	ascii	ffffff.
0x1c0095	0x1801c0095	.text	ascii	UAWAVAUATVWSH
0x1c00b3	0x1801c00b3	.text	ascii	d$ fD
0x1c00ba	0x1801c00ba	.text	ascii	\$0fD
0x1c00c1	0x1801c00c1	.text	ascii	T$@fD
0x1c00c8	0x1801c00c8	.text	ascii	L$PfD
0x1c00f6	0x1801c00f6	.text	ascii	o|$pfD
0x1c00fd	0x1801c00fd	.text	ascii	oD$`fD
0x1c0104	0x1801c0104	.text	ascii	oL$PfD
0x1c010b	0x1801c010b	.text	ascii	oT$@fD
0x1c0112	0x1801c0112	.text	ascii	o\$0fD
0x1c0119	0x1801c0119	.text	ascii	od$ H
0x1c0124	0x1801c0124	.text	ascii	[_^A\A]A^A_]
0x1c0131	0x1801c0131	.text	ascii	ffffff.
0x1c0145	0x1801c0145	.text	ascii	UAWAVAUATVWSH
0x1c0163	0x1801c0163	.text	ascii	d$ fD
0x1c016a	0x1801c016a	.text	ascii	\$0fD
0x1c0171	0x1801c0171	.text	ascii	T$@fD
0x1c0178	0x1801c0178	.text	ascii	L$PfD
0x1c01a5	0x1801c01a5	.text	ascii	(|$pD
0x1c01ab	0x1801c01ab	.text	ascii	(D$`D
0x1c01b1	0x1801c01b1	.text	ascii	(L$PD
0x1c01b7	0x1801c01b7	.text	ascii	(T$@D
0x1c01bd	0x1801c01bd	.text	ascii	(\$0D
0x1c01c3	0x1801c01c3	.text	ascii	(d$ H
0x1c01ce	0x1801c01ce	.text	ascii	[_^A\A]A^A_]
0x1c01e5	0x1801c01e5	.text	ascii	UAWAVAUATVWSH
0x1c0203	0x1801c0203	.text	ascii	d$ fD
0x1c020a	0x1801c020a	.text	ascii	\$0fD
0x1c0211	0x1801c0211	.text	ascii	T$@fD
0x1c0218	0x1801c0218	.text	ascii	L$PfD
0x1c0245	0x1801c0245	.text	ascii	(|$pD
0x1c024b	0x1801c024b	.text	ascii	(D$`D
0x1c0251	0x1801c0251	.text	ascii	(L$PD
0x1c0257	0x1801c0257	.text	ascii	(T$@D
0x1c025d	0x1801c025d	.text	ascii	(\$0D
0x1c0263	0x1801c0263	.text	ascii	(d$ H
0x1c026e	0x1801c026e	.text	ascii	[_^A\A]A^A_]
0x1c0285	0x1801c0285	.text	ascii	UAWAVAUATVWSH
0x1c02a3	0x1801c02a3	.text	ascii	d$ fD
0x1c02aa	0x1801c02aa	.text	ascii	\$0fD
0x1c02b1	0x1801c02b1	.text	ascii	T$@fD
0x1c02b8	0x1801c02b8	.text	ascii	L$PfD
0x1c02e5	0x1801c02e5	.text	ascii	(|$pD
0x1c02eb	0x1801c02eb	.text	ascii	(D$`D
0x1c02f1	0x1801c02f1	.text	ascii	(L$PD
0x1c02f7	0x1801c02f7	.text	ascii	(T$@D
0x1c02fd	0x1801c02fd	.text	ascii	(\$0D
0x1c0303	0x1801c0303	.text	ascii	(d$ H
0x1c030e	0x1801c030e	.text	ascii	[_^A\A]A^A_]
0x1c0320	0x1801c0320	.text	ascii	AWAVAUATVWUSH
0x1c03c5	0x1801c03c5	.text	ascii	H9D$pH
0x1c03f3	0x1801c03f3	.text	ascii	D$ f.
0x1c041d	0x1801c041d	.text	ascii	L$ L9
0x1c04a9	0x1801c04a9	.text	ascii	Gy$H9
0x1c04c1	0x1801c04c1	.text	ascii	D$pH;D$XH
0x1c05e1	0x1801c05e1	.text	ascii	D$HH;D$8H
0x1c05f2	0x1801c05f2	.text	ascii	`htHxFH
0x1c0640	0x1801c0640	.text	ascii	LK"azH
0x1c06ff	0x1801c06ff	.text	ascii	R[WV"H
0x1c0772	0x1801c0772	.text	ascii	L$XL)
0x1c0828	0x1801c0828	.text	ascii	H;L$8v
0x1c08ad	0x1801c08ad	.text	ascii	[]_^A\A]A^A_
0x1c08c0	0x1801c08c0	.text	ascii	UVWSH
0x1c0b0c	0x1801c0b0c	.text	ascii	x[_^]
0x1c0b12	0x1801c0b12	.text	ascii	fffff.
0x1c0b25	0x1801c0b25	.text	ascii	UVWSH
0x1c0b3e	0x1801c0b3e	.text	ascii	8[_^]
0x1c0b50	0x1801c0b50	.text	ascii	UAWAVVWSH
0x1c0c87	0x1801c0c87	.text	ascii	H;MhsQH
0x1c0d9f	0x1801c0d9f	.text	ascii	H;MhsQH
0x1c0ea0	0x1801c0ea0	.text	ascii	H;U@v
0x1c0f0a	0x1801c0f0a	.text	ascii	H;U@v
0x1c0f56	0x1801c0f56	.text	ascii	H;U@v
0x1c0fc0	0x1801c0fc0	.text	ascii	H;U@v
0x1c0fd1	0x1801c0fd1	.text	ascii	H;EXs$L
0x1c0ff2	0x1801c0ff2	.text	ascii	[_^A^A_]
0x1c1025	0x1801c1025	.text	ascii	UAWAVVWSH
0x1c1045	0x1801c1045	.text	ascii	([_^A^A_]
0x1c1055	0x1801c1055	.text	ascii	UAWAVVWSH
0x1c1075	0x1801c1075	.text	ascii	([_^A^A_]
0x1c1085	0x1801c1085	.text	ascii	UAWAVVWSH
0x1c10a5	0x1801c10a5	.text	ascii	([_^A^A_]
0x1c10b0	0x1801c10b0	.text	ascii	AWAVAUATVWUSH
0x1c119d	0x1801c119d	.text	ascii	L$(L9
0x1c11e1	0x1801c11e1	.text	ascii	D$HH;D$8H
0x1c1237	0x1801c1237	.text	ascii	\u~VY
0x1c12a1	0x1801c12a1	.text	ascii	ffffff.
0x1c12ea	0x1801c12ea	.text	ascii	H9D$pH
0x1c1340	0x1801c1340	.text	ascii	60]0oaH9
0x1c13b4	0x1801c13b4	.text	ascii	T$XH)
0x1c1469	0x1801c1469	.text	ascii	D$pH;D$XH
0x1c1574	0x1801c1574	.text	ascii	H;L$8v
0x1c15f2	0x1801c15f2	.text	ascii	[]_^A\A]A^A_
0x1c1610	0x1801c1610	.text	ascii	UVWSH
0x1c17c5	0x1801c17c5	.text	ascii	UVWSH
0x1c1801	0x1801c1801	.text	ascii	([_^]
0x1c1815	0x1801c1815	.text	ascii	UVWSH
0x1c1847	0x1801c1847	.text	ascii	([_^]
0x1c1855	0x1801c1855	.text	ascii	UVWSH
0x1c1871	0x1801c1871	.text	ascii	([_^]
0x1c1885	0x1801c1885	.text	ascii	UVWSH
0x1c18c4	0x1801c18c4	.text	ascii	([_^]
0x1c18d0	0x1801c18d0	.text	ascii	UAWAVVWSH
0x1c20db	0x1801c20db	.text	ascii	[_^A^A_]
0x1c2155	0x1801c2155	.text	ascii	UAWAVVWSH
0x1c2188	0x1801c2188	.text	ascii	([_^A^A_]
0x1c2192	0x1801c2192	.text	ascii	fffff.
0x1c21a5	0x1801c21a5	.text	ascii	UAWAVVWSH
0x1c21c8	0x1801c21c8	.text	ascii	([_^A^A_]
0x1c21d2	0x1801c21d2	.text	ascii	fffff.
0x1c21e5	0x1801c21e5	.text	ascii	UAWAVVWSH
0x1c2208	0x1801c2208	.text	ascii	([_^A^A_]
0x1c2212	0x1801c2212	.text	ascii	fffff.
0x1c2225	0x1801c2225	.text	ascii	UAWAVVWSH
0x1c2248	0x1801c2248	.text	ascii	([_^A^A_]
0x1c2252	0x1801c2252	.text	ascii	fffff.
0x1c2265	0x1801c2265	.text	ascii	UAWAVVWSH
0x1c2288	0x1801c2288	.text	ascii	([_^A^A_]
0x1c2292	0x1801c2292	.text	ascii	fffff.
0x1c22a5	0x1801c22a5	.text	ascii	UAWAVVWSH
0x1c22c5	0x1801c22c5	.text	ascii	UAWAVVWSH
0x1c22e5	0x1801c22e5	.text	ascii	([_^A^A_]
0x1c22f5	0x1801c22f5	.text	ascii	UAWAVVWSH
0x1c2318	0x1801c2318	.text	ascii	([_^A^A_]
0x1c2322	0x1801c2322	.text	ascii	fffff.
0x1c2335	0x1801c2335	.text	ascii	UAWAVVWSH
0x1c2358	0x1801c2358	.text	ascii	([_^A^A_]
0x1c2362	0x1801c2362	.text	ascii	fffff.
0x1c2375	0x1801c2375	.text	ascii	UAWAVVWSH
0x1c2398	0x1801c2398	.text	ascii	([_^A^A_]
0x1c23a2	0x1801c23a2	.text	ascii	fffff.
0x1c23b5	0x1801c23b5	.text	ascii	UAWAVVWSH
0x1c23d8	0x1801c23d8	.text	ascii	([_^A^A_]
0x1c23e2	0x1801c23e2	.text	ascii	fffff.
0x1c23f5	0x1801c23f5	.text	ascii	UAWAVVWSH
0x1c2415	0x1801c2415	.text	ascii	UAWAVVWSH
0x1c2438	0x1801c2438	.text	ascii	([_^A^A_]
0x1c2442	0x1801c2442	.text	ascii	fffff.
0x1c2455	0x1801c2455	.text	ascii	UAWAVVWSH
0x1c2470	0x1801c2470	.text	ascii	AWAVAUATVWUSH
0x1c24f2	0x1801c24f2	.text	ascii	L$@H9
0x1c2534	0x1801c2534	.text	ascii	L$(L9
0x1c2595	0x1801c2595	.text	ascii	H[]_^A\A]A^A_
0x1c25b0	0x1801c25b0	.text	ascii	UAVVWSH
0x1c26ea	0x1801c26ea	.text	ascii	@[_^A^]
0x1c26f2	0x1801c26f2	.text	ascii	fffff.
0x1c2705	0x1801c2705	.text	ascii	UAVVWSH
0x1c273d	0x1801c273d	.text	ascii	 [_^A^]
0x1c2755	0x1801c2755	.text	ascii	UAVVWSH
0x1c2796	0x1801c2796	.text	ascii	 [_^A^]
0x1c27a5	0x1801c27a5	.text	ascii	UAVVWSH
0x1c27d1	0x1801c27d1	.text	ascii	 [_^A^]
0x1c27e0	0x1801c27e0	.text	ascii	AWAVAUATVWUSH
0x1c282c	0x1801c282c	.text	ascii	pVw$I
0x1c289d	0x1801c289d	.text	ascii	L$0H9
0x1c28c6	0x1801c28c6	.text	ascii	Rk{zP
0x1c29b3	0x1801c29b3	.text	ascii	ffff.
0x1c2a0f	0x1801c2a0f	.text	ascii	H;L$`w
0x1c2a90	0x1801c2a90	.text	ascii	L$XH)
0x1c2a9f	0x1801c2a9f	.text	ascii	BH;L$P
0x1c2abd	0x1801c2abd	.text	ascii	y+n9M
0x1c2b3e	0x1801c2b3e	.text	ascii	NzZ2.H
0x1c2c85	0x1801c2c85	.text	ascii	H;L$hw
0x1c2ce2	0x1801c2ce2	.text	ascii	H;L$`w
0x1c2d32	0x1801c2d32	.text	ascii	L$XH)
0x1c2d3e	0x1801c2d3e	.text	ascii	51/\H;L$Pr
0x1c2d72	0x1801c2d72	.text	ascii	pVw$H9
0x1c2dcd	0x1801c2dcd	.text	ascii	[]_^A\A]A^A_
0x1c2de0	0x1801c2de0	.text	ascii	AWAVAUATVWUSH
0x1c2eb6	0x1801c2eb6	.text	ascii	L$0H9
0x1c2f2b	0x1801c2f2b	.text	ascii	|$,[H
0x1c305a	0x1801c305a	.text	ascii	pEZ/#
0x1c3124	0x1801c3124	.text	ascii	H9F H
0x1c31a6	0x1801c31a6	.text	ascii	|$,tH
0x1c3237	0x1801c3237	.text	ascii	>C~ >
0x1c3324	0x1801c3324	.text	ascii	|$,tH
0x1c3386	0x1801c3386	.text	ascii	{u7H9
0x1c3393	0x1801c3393	.text	ascii	|$,-H
0x1c33a3	0x1801c33a3	.text	ascii	|]AH&
0x1c3494	0x1801c3494	.text	ascii	|$,[H
0x1c34f8	0x1801c34f8	.text	ascii	|$,{H
0x1c3554	0x1801c3554	.text	ascii	|$,"H
0x1c35b0	0x1801c35b0	.text	ascii	|$,:H
0x1c36d0	0x1801c36d0	.text	ascii	|$,-H
0x1c3706	0x1801c3706	.text	ascii	|$,,H
0x1c373c	0x1801c373c	.text	ascii	|$,:H
0x1c3772	0x1801c3772	.text	ascii	|$,nH
0x1c37a8	0x1801c37a8	.text	ascii	|$,fH
0x1c383c	0x1801c383c	.text	ascii	|$,]H
0x1c3872	0x1801c3872	.text	ascii	|$,}H
0x1c38a8	0x1801c38a8	.text	ascii	|$,]H
0x1c3909	0x1801c3909	.text	ascii	|$,}H
0x1c3944	0x1801c3944	.text	ascii	D$hfalsL
0x1c399a	0x1801c399a	.text	ascii	|$,0H
0x1c3a5a	0x1801c3a5a	.text	ascii	|$,nH
0x1c3b0a	0x1801c3b0a	.text	ascii	|$,{H
0x1c3b44	0x1801c3b44	.text	ascii	'YrQcH
0x1c3c55	0x1801c3c55	.text	ascii	|$,fH
0x1c3c8b	0x1801c3c8b	.text	ascii	|$,"H
0x1c3cd9	0x1801c3cd9	.text	ascii	L$pH1
0x1c3cee	0x1801c3cee	.text	ascii	x[]_^A\A]A^A_
0x1c3cfe	0x1801c3cfe	.text	ascii	L$pH1
0x1c3d10	0x1801c3d10	.text	ascii	AWAVAUATVWUSH
0x1c3e0d	0x1801c3e0d	.text	ascii	L$(L9
0x1c3ea2	0x1801c3ea2	.text	ascii	fffff.
0x1c3f32	0x1801c3f32	.text	ascii	AU6n'
0x1c415b	0x1801c415b	.text	ascii	tm>;H9
0x1c41d2	0x1801c41d2	.text	ascii	aTcH9
0x1c42e2	0x1801c42e2	.text	ascii	D$l;D$@H
0x1c4355	0x1801c4355	.text	ascii	;D$`H
0x1c4403	0x1801c4403	.text	ascii	H;D$xH
0x1c44ff	0x1801c44ff	.text	ascii	`!'GH9
0x1c4562	0x1801c4562	.text	ascii	gOwH9
0x1c477f	0x1801c477f	.text	ascii	zA.<s
0x1c47e5	0x1801c47e5	.text	ascii	r;8wH
0x1c481b	0x1801c481b	.text	ascii	L$X;D$@H
0x1c4901	0x1801c4901	.text	ascii	9D$hH
0x1c49ac	0x1801c49ac	.text	ascii	gS=v2
0x1c4a8b	0x1801c4a8b	.text	ascii	H;D$xH
0x1c4e72	0x1801c4e72	.text	ascii	H;FHH
0x1c4fdf	0x1801c4fdf	.text	ascii	[]_^A\A]A^A_
0x1c4ff0	0x1801c4ff0	.text	ascii	AWAVAUATVWUSH
0x1c50fd	0x1801c50fd	.text	ascii	L$(L9
0x1c5149	0x1801c5149	.text	ascii	9s!H9
0x1c516d	0x1801c516d	.text	ascii	mWG_KH
0x1c53fc	0x1801c53fc	.text	ascii	s=6]5
0x1c5565	0x1801c5565	.text	ascii	|$< H
0x1c55e9	0x1801c55e9	.text	ascii	D$\;D$DH
0x1c5734	0x1801c5734	.text	ascii	|$< H
0x1c5844	0x1801c5844	.text	ascii	[]_^A\A]A^A_
0x1c5870	0x1801c5870	.text	ascii	AWAVAUATVWUSH
0x1c595d	0x1801c595d	.text	ascii	L$(L9
0x1c59ee	0x1801c59ee	.text	ascii	L$`;D$@H
0x1c5c4a	0x1801c5c4a	.text	ascii	;nQgH9
0x1c5c5d	0x1801c5c5d	.text	ascii	;nQgH9
0x1c5c84	0x1801c5c84	.text	ascii	vclH9
0x1c6243	0x1801c6243	.text	ascii	noiwR
0x1c6320	0x1801c6320	.text	ascii	(@MDfd"oH
0x1c6376	0x1801c6376	.text	ascii	|$T*H
0x1c647d	0x1801c647d	.text	ascii	zp!H9
0x1c65c7	0x1801c65c7	.text	ascii	|$T/H
0x1c6d1c	0x1801c6d1c	.text	ascii	;D$@H
0x1c6d5f	0x1801c6d5f	.text	ascii	;D$@H
0x1c6f30	0x1801c6f30	.text	ascii	|$L*H
0x1c7127	0x1801c7127	.text	ascii	|$L*H
0x1c719a	0x1801c719a	.text	ascii	|$h/H
0x1c72ba	0x1801c72ba	.text	ascii	|$T*H
0x1c73eb	0x1801c73eb	.text	ascii	|$h/H
0x1c746c	0x1801c746c	.text	ascii	|$T/H
0x1c7490	0x1801c7490	.text	ascii	CFx6D
0x1c7538	0x1801c7538	.text	ascii	H;FHH
0x1c75d2	0x1801c75d2	.text	ascii	[]_^A\A]A^A_
0x1c75e0	0x1801c75e0	.text	ascii	AWAVAUATVWUSH
0x1c7658	0x1801c7658	.text	ascii	0uXGm
0x1c76b5	0x1801c76b5	.text	ascii	:D$@H
0x1c76e2	0x1801c76e2	.text	ascii	D$(ff.
0x1c770d	0x1801c770d	.text	ascii	L$(L9
0x1c785c	0x1801c785c	.text	ascii	0uXGm
0x1c78bc	0x1801c78bc	.text	ascii	D$pH;D$XH
0x1c7936	0x1801c7936	.text	ascii	;D$LH
0x1c796d	0x1801c796d	.text	ascii	3*`H9
0x1c79f6	0x1801c79f6	.text	ascii	D$XH;D$pH
0x1c7a21	0x1801c7a21	.text	ascii	?'*zH
0x1c7beb	0x1801c7beb	.text	ascii	D$l;D$<H
0x1c7d60	0x1801c7d60	.text	ascii	cx@\x
0x1c7dcc	0x1801c7dcc	.text	ascii	[]_^A\A]A^A_
0x1c7df0	0x1801c7df0	.text	ascii	UAWAVAUATVWSH
0x1c7f6c	0x1801c7f6c	.text	ascii	H;MXv
0x1c7f9c	0x1801c7f9c	.text	ascii	E@H;VHt
0x1c7ff2	0x1801c7ff2	.text	ascii	fffff.
0x1c8032	0x1801c8032	.text	ascii	%ffff.
0x1c8066	0x1801c8066	.text	ascii	V@H;VHt"
0x1c8078	0x1801c8078	.text	ascii	D;m(u+
0x1c8083	0x1801c8083	.text	ascii	ffff.
0x1c8117	0x1801c8117	.text	ascii	FPH;UXv
0x1c8195	0x1801c8195	.text	ascii	V@H;VH
0x1c81e9	0x1801c81e9	.text	ascii	FPH;UXv
0x1c8395	0x1801c8395	.text	ascii	V@H;VH
0x1c83f1	0x1801c83f1	.text	ascii	FPH;UXv
0x1c8436	0x1801c8436	.text	ascii	FPH;UXv
0x1c847b	0x1801c847b	.text	ascii	FPH;UXv
0x1c84b4	0x1801c84b4	.text	ascii	FPH;UXv
0x1c84f5	0x1801c84f5	.text	ascii	FPH;UXv
0x1c852a	0x1801c852a	.text	ascii	FPH;UXv
0x1c856e	0x1801c856e	.text	ascii	FPH;UXv
0x1c8681	0x1801c8681	.text	ascii	D;Md}/H
0x1c86a1	0x1801c86a1	.text	ascii	FPH;UXv
0x1c8783	0x1801c8783	.text	ascii	V@H;VHt
0x1c87f5	0x1801c87f5	.text	ascii	V@H;VHt
0x1c88f2	0x1801c88f2	.text	ascii	D#m`D
0x1c8f71	0x1801c8f71	.text	ascii	[_^A\A]A^A_]
0x1c9065	0x1801c9065	.text	ascii	UAWAVAUATVWSH
0x1c907e	0x1801c907e	.text	ascii	)L$ D
0x1c9089	0x1801c9089	.text	ascii	)|$@f
0x1c90a0	0x1801c90a0	.text	ascii	UAVVWSH
0x1c91ea	0x1801c91ea	.text	ascii	H;VHt
0x1c9335	0x1801c9335	.text	ascii	V@H;VHt0
0x1c9485	0x1801c9485	.text	ascii	V@H;VHt
0x1c9512	0x1801c9512	.text	ascii	fffff.
0x1c957a	0x1801c957a	.text	ascii	V@H;VHt
0x1c96bd	0x1801c96bd	.text	ascii	V@H;VHt&
0x1c97fd	0x1801c97fd	.text	ascii	V@H;VHt2
0x1c991d	0x1801c991d	.text	ascii	V@H;VHt&
0x1c9a35	0x1801c9a35	.text	ascii	V@H;VHtY
0x1c9b0d	0x1801c9b0d	.text	ascii	F(H;E
0x1c9b17	0x1801c9b17	.text	ascii	F0H;E
0x1c9b2f	0x1801c9b2f	.text	ascii	F(D;M
0x1c9bcc	0x1801c9bcc	.text	ascii	FhH;E
0x1c9bf6	0x1801c9bf6	.text	ascii	[_^A^]
0x1c9c8e	0x1801c9c8e	.text	ascii	V@H;VHt
0x1c9ce5	0x1801c9ce5	.text	ascii	UAVVWSH
0x1c9d00	0x1801c9d00	.text	ascii	AWAVAUATVWUSH
0x1c9dbf	0x1801c9dbf	.text	ascii	L$`H9
0x1c9e0e	0x1801c9e0e	.text	ascii	L$0L9
0x1c9e8d	0x1801c9e8d	.text	ascii	L$HH9T$`v
0x1c9ee5	0x1801c9ee5	.text	ascii	h[]_^A\A]A^A_
0x1c9f00	0x1801c9f00	.text	ascii	AWAVAUATVWUSH
0x1ca00f	0x1801ca00f	.text	ascii	D$8fffff.
0x1ca03d	0x1801ca03d	.text	ascii	L$ L9
0x1ca077	0x1801ca077	.text	ascii	5CQf9
0x1ca0ff	0x1801ca0ff	.text	ascii	Bc?H9
0x1ca112	0x1801ca112	.text	ascii	nq?H9
0x1ca123	0x1801ca123	.text	ascii	D$p;D$@H
0x1ca205	0x1801ca205	.text	ascii	V neH
0x1ca213	0x1801ca213	.text	ascii	ffff.
0x1ca22b	0x1801ca22b	.text	ascii	>qmhj
0x1ca2e9	0x1801ca2e9	.text	ascii	D$t;D$DH
0x1ca381	0x1801ca381	.text	ascii	up%;$
0x1ca471	0x1801ca471	.text	ascii	D$t;D$DH
0x1ca4e2	0x1801ca4e2	.text	ascii	D$t;D$DH
0x1ca553	0x1801ca553	.text	ascii	D$t;D$DH
0x1ca567	0x1801ca567	.text	ascii	,~#eZ
0x1ca611	0x1801ca611	.text	ascii	?qmhj
0x1caa34	0x1801caa34	.text	ascii	X_KnH
0x1caab6	0x1801caab6	.text	ascii	t~(B}P
0x1cab02	0x1801cab02	.text	ascii	D$l;D$@H
0x1cab64	0x1801cab64	.text	ascii	D$p;D$@H
0x1cabe2	0x1801cabe2	.text	ascii	&pW4H
0x1cad0d	0x1801cad0d	.text	ascii	D$l;D$@H
0x1cad5e	0x1801cad5e	.text	ascii	oYWH9
0x1cade3	0x1801cade3	.text	ascii	D$`;D$DH
0x1cae33	0x1801cae33	.text	ascii	D$p;D$@H
0x1caf51	0x1801caf51	.text	ascii	D$L;D$DH
0x1caf91	0x1801caf91	.text	ascii	D$P;D$DH
0x1cb179	0x1801cb179	.text	ascii	D$p;D$@H
0x1cb1b6	0x1801cb1b6	.text	ascii	D$l;D$@H
0x1cb1f5	0x1801cb1f5	.text	ascii	D$T;D$DH
0x1cb1fe	0x1801cb1fe	.text	ascii	<{Lgd
0x1cb282	0x1801cb282	.text	ascii	;D$4H
0x1cb6a0	0x1801cb6a0	.text	ascii	w>25*
0x1cb773	0x1801cb773	.text	ascii	D$l;D$@H
0x1cb7f0	0x1801cb7f0	.text	ascii	[]_^A\A]A^A_
0x1cb810	0x1801cb810	.text	ascii	AWAVAUATVWUSH
0x1cb8f0	0x1801cb8f0	.text	ascii	D$8ffff.
0x1cb91d	0x1801cb91d	.text	ascii	L$8H9
0x1cba05	0x1801cba05	.text	ascii	;D$hH
0x1cbc87	0x1801cbc87	.text	ascii	_d)dTF
0x1cbd00	0x1801cbd00	.text	ascii	IPxQM
0x1cbd53	0x1801cbd53	.text	ascii	yI'H9
0x1cbe07	0x1801cbe07	.text	ascii	;D$PH
0x1cbfee	0x1801cbfee	.text	ascii	L$t;H
0x1cbff9	0x1801cbff9	.text	ascii	z.O)]H
0x1cc32e	0x1801cc32e	.text	ascii	[]_^A\A]A^A_
0x1cc350	0x1801cc350	.text	ascii	UAWAVAUATVWSH
0x1cc603	0x1801cc603	.text	ascii	ffff.
0x1cc7fc	0x1801cc7fc	.text	ascii	G@;EL
0x1cca7f	0x1801cca7f	.text	ascii	G@;E\
0x1cce7b	0x1801cce7b	.text	ascii	[_^A\A]A^A_]
0x1cd7e5	0x1801cd7e5	.text	ascii	UAWAVAUATVWSH
0x1cd7fe	0x1801cd7fe	.text	ascii	)t$ H
0x1cd810	0x1801cd810	.text	ascii	(t$ H
0x1cd817	0x1801cd817	.text	ascii	8[_^A\A]A^A_]
0x1cd835	0x1801cd835	.text	ascii	UAWAVAUATVWSH
0x1cd84e	0x1801cd84e	.text	ascii	)t$ H
0x1cd85d	0x1801cd85d	.text	ascii	(t$ H
0x1cd864	0x1801cd864	.text	ascii	8[_^A\A]A^A_]
0x1cd872	0x1801cd872	.text	ascii	fffff.
0x1cd885	0x1801cd885	.text	ascii	UAWAVAUATVWSH
0x1cd89e	0x1801cd89e	.text	ascii	)t$ H
0x1cd8af	0x1801cd8af	.text	ascii	(t$ H
0x1cd8b6	0x1801cd8b6	.text	ascii	8[_^A\A]A^A_]
0x1cd8d5	0x1801cd8d5	.text	ascii	UAWAVAUATVWSH
0x1cd8ee	0x1801cd8ee	.text	ascii	)t$ H
0x1cd900	0x1801cd900	.text	ascii	(t$ H
0x1cd907	0x1801cd907	.text	ascii	8[_^A\A]A^A_]
0x1cd925	0x1801cd925	.text	ascii	UAWAVAUATVWSH
0x1cd93e	0x1801cd93e	.text	ascii	)t$ H
0x1cd950	0x1801cd950	.text	ascii	(t$ H
0x1cd957	0x1801cd957	.text	ascii	8[_^A\A]A^A_]
0x1cd975	0x1801cd975	.text	ascii	UAWAVAUATVWSH
0x1cd98e	0x1801cd98e	.text	ascii	)t$ H
0x1cd99d	0x1801cd99d	.text	ascii	(t$ H
0x1cd9a4	0x1801cd9a4	.text	ascii	8[_^A\A]A^A_]
0x1cd9b2	0x1801cd9b2	.text	ascii	fffff.
0x1cd9c5	0x1801cd9c5	.text	ascii	UAWAVAUATVWSH
0x1cd9de	0x1801cd9de	.text	ascii	)t$ H
0x1cd9f0	0x1801cd9f0	.text	ascii	(t$ H
0x1cd9f7	0x1801cd9f7	.text	ascii	8[_^A\A]A^A_]
0x1cda15	0x1801cda15	.text	ascii	UAWAVAUATVWSH
0x1cda2e	0x1801cda2e	.text	ascii	)t$ H
0x1cda40	0x1801cda40	.text	ascii	(t$ H
0x1cda47	0x1801cda47	.text	ascii	8[_^A\A]A^A_]
0x1cda65	0x1801cda65	.text	ascii	UAWAVAUATVWSH
0x1cda7e	0x1801cda7e	.text	ascii	)t$ H
0x1cda90	0x1801cda90	.text	ascii	(t$ H
0x1cda97	0x1801cda97	.text	ascii	8[_^A\A]A^A_]
0x1cdab5	0x1801cdab5	.text	ascii	UAWAVAUATVWSH
0x1cdace	0x1801cdace	.text	ascii	)t$ H
0x1cdadd	0x1801cdadd	.text	ascii	(t$ H
0x1cdae4	0x1801cdae4	.text	ascii	8[_^A\A]A^A_]
0x1cdaf2	0x1801cdaf2	.text	ascii	fffff.
0x1cdb05	0x1801cdb05	.text	ascii	UAWAVAUATVWSH
0x1cdb1e	0x1801cdb1e	.text	ascii	)t$ H
0x1cdb2f	0x1801cdb2f	.text	ascii	(t$ H
0x1cdb36	0x1801cdb36	.text	ascii	8[_^A\A]A^A_]
0x1cdb55	0x1801cdb55	.text	ascii	UAWAVAUATVWSH
0x1cdb6e	0x1801cdb6e	.text	ascii	)t$ H
0x1cdb7d	0x1801cdb7d	.text	ascii	(t$ H
0x1cdb84	0x1801cdb84	.text	ascii	8[_^A\A]A^A_]
0x1cdb92	0x1801cdb92	.text	ascii	fffff.
0x1cdba5	0x1801cdba5	.text	ascii	UAWAVAUATVWSH
0x1cdbbe	0x1801cdbbe	.text	ascii	)t$ H
0x1cdbcd	0x1801cdbcd	.text	ascii	(t$ H
0x1cdbd4	0x1801cdbd4	.text	ascii	8[_^A\A]A^A_]
0x1cdbe2	0x1801cdbe2	.text	ascii	fffff.
0x1cdbf5	0x1801cdbf5	.text	ascii	UAWAVAUATVWSH
0x1cdc0e	0x1801cdc0e	.text	ascii	)t$ H
0x1cdc20	0x1801cdc20	.text	ascii	(t$ H
0x1cdc27	0x1801cdc27	.text	ascii	8[_^A\A]A^A_]
0x1cdc45	0x1801cdc45	.text	ascii	UAWAVAUATVWSH
0x1cdc5e	0x1801cdc5e	.text	ascii	)t$ H
0x1cdc70	0x1801cdc70	.text	ascii	(t$ H
0x1cdc77	0x1801cdc77	.text	ascii	8[_^A\A]A^A_]
0x1cdc95	0x1801cdc95	.text	ascii	UAWAVAUATVWSH
0x1cdcae	0x1801cdcae	.text	ascii	)t$ H
0x1cdcc0	0x1801cdcc0	.text	ascii	(t$ H
0x1cdcc7	0x1801cdcc7	.text	ascii	8[_^A\A]A^A_]
0x1cdce5	0x1801cdce5	.text	ascii	UAWAVAUATVWSH
0x1cdcfe	0x1801cdcfe	.text	ascii	)t$ H
0x1cdd0f	0x1801cdd0f	.text	ascii	(t$ H
0x1cdd16	0x1801cdd16	.text	ascii	8[_^A\A]A^A_]
0x1cdd35	0x1801cdd35	.text	ascii	UAWAVAUATVWSH
0x1cdd4e	0x1801cdd4e	.text	ascii	)t$ H
0x1cdd60	0x1801cdd60	.text	ascii	(t$ H
0x1cdd67	0x1801cdd67	.text	ascii	8[_^A\A]A^A_]
0x1cdd85	0x1801cdd85	.text	ascii	UAWAVAUATVWSH
0x1cdd9e	0x1801cdd9e	.text	ascii	)t$ H
0x1cddb0	0x1801cddb0	.text	ascii	(t$ H
0x1cddb7	0x1801cddb7	.text	ascii	8[_^A\A]A^A_]
0x1cddd5	0x1801cddd5	.text	ascii	UAWAVAUATVWSH
0x1cddee	0x1801cddee	.text	ascii	)t$ H
0x1cddfd	0x1801cddfd	.text	ascii	(t$ H
0x1cde04	0x1801cde04	.text	ascii	8[_^A\A]A^A_]
0x1cde12	0x1801cde12	.text	ascii	fffff.
0x1cde25	0x1801cde25	.text	ascii	UAWAVAUATVWSH
0x1cde3e	0x1801cde3e	.text	ascii	)t$ H
0x1cde50	0x1801cde50	.text	ascii	(t$ H
0x1cde57	0x1801cde57	.text	ascii	8[_^A\A]A^A_]
0x1cde75	0x1801cde75	.text	ascii	UAWAVAUATVWSH
0x1cde8e	0x1801cde8e	.text	ascii	)t$ H
0x1cde9d	0x1801cde9d	.text	ascii	(t$ H
0x1cdea4	0x1801cdea4	.text	ascii	8[_^A\A]A^A_]
0x1cdeb2	0x1801cdeb2	.text	ascii	fffff.
0x1cdec5	0x1801cdec5	.text	ascii	UAWAVAUATVWSH
0x1cdede	0x1801cdede	.text	ascii	)t$ H
0x1cdef0	0x1801cdef0	.text	ascii	(t$ H
0x1cdef7	0x1801cdef7	.text	ascii	8[_^A\A]A^A_]
0x1cdf15	0x1801cdf15	.text	ascii	UAWAVAUATVWSH
0x1cdf2e	0x1801cdf2e	.text	ascii	)t$ H
0x1cdf40	0x1801cdf40	.text	ascii	(t$ H
0x1cdf47	0x1801cdf47	.text	ascii	8[_^A\A]A^A_]
0x1cdf65	0x1801cdf65	.text	ascii	UAWAVAUATVWSH
0x1cdf7e	0x1801cdf7e	.text	ascii	)t$ H
0x1cdf8f	0x1801cdf8f	.text	ascii	(t$ H
0x1cdf96	0x1801cdf96	.text	ascii	8[_^A\A]A^A_]
0x1cdfb5	0x1801cdfb5	.text	ascii	UAWAVAUATVWSH
0x1cdfce	0x1801cdfce	.text	ascii	)t$ H
0x1cdfe0	0x1801cdfe0	.text	ascii	(t$ H
0x1cdfe7	0x1801cdfe7	.text	ascii	8[_^A\A]A^A_]
0x1ce005	0x1801ce005	.text	ascii	UAWAVAUATVWSH
0x1ce01e	0x1801ce01e	.text	ascii	)t$ H
0x1ce030	0x1801ce030	.text	ascii	(t$ H
0x1ce037	0x1801ce037	.text	ascii	8[_^A\A]A^A_]
0x1ce055	0x1801ce055	.text	ascii	UAWAVAUATVWSH
0x1ce06e	0x1801ce06e	.text	ascii	)t$ H
0x1ce07d	0x1801ce07d	.text	ascii	(t$ H
0x1ce084	0x1801ce084	.text	ascii	8[_^A\A]A^A_]
0x1ce092	0x1801ce092	.text	ascii	fffff.
0x1ce0a5	0x1801ce0a5	.text	ascii	UAWAVAUATVWSH
0x1ce0be	0x1801ce0be	.text	ascii	)t$ H
0x1ce0cd	0x1801ce0cd	.text	ascii	(t$ H
0x1ce0d4	0x1801ce0d4	.text	ascii	8[_^A\A]A^A_]
0x1ce0e2	0x1801ce0e2	.text	ascii	fffff.
0x1ce0f5	0x1801ce0f5	.text	ascii	UAWAVAUATVWSH
0x1ce10e	0x1801ce10e	.text	ascii	)t$ H
0x1ce11f	0x1801ce11f	.text	ascii	(t$ H
0x1ce126	0x1801ce126	.text	ascii	8[_^A\A]A^A_]
0x1ce145	0x1801ce145	.text	ascii	UAWAVAUATVWSH
0x1ce15e	0x1801ce15e	.text	ascii	)t$ H
0x1ce170	0x1801ce170	.text	ascii	(t$ H
0x1ce177	0x1801ce177	.text	ascii	8[_^A\A]A^A_]
0x1ce195	0x1801ce195	.text	ascii	UAWAVAUATVWSH
0x1ce1ae	0x1801ce1ae	.text	ascii	)t$ H
0x1ce1c0	0x1801ce1c0	.text	ascii	(t$ H
0x1ce1c7	0x1801ce1c7	.text	ascii	8[_^A\A]A^A_]
0x1ce1e5	0x1801ce1e5	.text	ascii	UAWAVAUATVWSH
0x1ce1fe	0x1801ce1fe	.text	ascii	)t$ H
0x1ce20f	0x1801ce20f	.text	ascii	(t$ H
0x1ce216	0x1801ce216	.text	ascii	8[_^A\A]A^A_]
0x1ce235	0x1801ce235	.text	ascii	UAWAVAUATVWSH
0x1ce24e	0x1801ce24e	.text	ascii	)t$ H
0x1ce260	0x1801ce260	.text	ascii	(t$ H
0x1ce267	0x1801ce267	.text	ascii	8[_^A\A]A^A_]
0x1ce285	0x1801ce285	.text	ascii	UAWAVAUATVWSH
0x1ce29e	0x1801ce29e	.text	ascii	)t$ H
0x1ce2af	0x1801ce2af	.text	ascii	(t$ H
0x1ce2b6	0x1801ce2b6	.text	ascii	8[_^A\A]A^A_]
0x1ce2d5	0x1801ce2d5	.text	ascii	UAWAVAUATVWSH
0x1ce2ee	0x1801ce2ee	.text	ascii	)t$ H
0x1ce300	0x1801ce300	.text	ascii	(t$ H
0x1ce307	0x1801ce307	.text	ascii	8[_^A\A]A^A_]
0x1ce325	0x1801ce325	.text	ascii	UAWAVAUATVWSH
0x1ce33e	0x1801ce33e	.text	ascii	)t$ H
0x1ce350	0x1801ce350	.text	ascii	(t$ H
0x1ce357	0x1801ce357	.text	ascii	8[_^A\A]A^A_]
0x1ce375	0x1801ce375	.text	ascii	UAWAVAUATVWSH
0x1ce38e	0x1801ce38e	.text	ascii	)t$ H
0x1ce39d	0x1801ce39d	.text	ascii	(t$ H
0x1ce3a4	0x1801ce3a4	.text	ascii	8[_^A\A]A^A_]
0x1ce3b2	0x1801ce3b2	.text	ascii	fffff.
0x1ce3c5	0x1801ce3c5	.text	ascii	UAWAVAUATVWSH
0x1ce3de	0x1801ce3de	.text	ascii	)t$ H
0x1ce3ed	0x1801ce3ed	.text	ascii	(t$ H
0x1ce3f4	0x1801ce3f4	.text	ascii	8[_^A\A]A^A_]
0x1ce402	0x1801ce402	.text	ascii	fffff.
0x1ce415	0x1801ce415	.text	ascii	UAWAVAUATVWSH
0x1ce42e	0x1801ce42e	.text	ascii	)t$ H
0x1ce440	0x1801ce440	.text	ascii	(t$ H
0x1ce447	0x1801ce447	.text	ascii	8[_^A\A]A^A_]
0x1ce465	0x1801ce465	.text	ascii	UAWAVAUATVWSH
0x1ce47e	0x1801ce47e	.text	ascii	)t$ H
0x1ce490	0x1801ce490	.text	ascii	(t$ H
0x1ce497	0x1801ce497	.text	ascii	8[_^A\A]A^A_]
0x1ce4b5	0x1801ce4b5	.text	ascii	UAWAVAUATVWSH
0x1ce4ce	0x1801ce4ce	.text	ascii	)t$ H
0x1ce4e0	0x1801ce4e0	.text	ascii	(t$ H
0x1ce4e7	0x1801ce4e7	.text	ascii	8[_^A\A]A^A_]
0x1ce505	0x1801ce505	.text	ascii	UAWAVAUATVWSH
0x1ce51e	0x1801ce51e	.text	ascii	)t$ H
0x1ce530	0x1801ce530	.text	ascii	(t$ H
0x1ce537	0x1801ce537	.text	ascii	8[_^A\A]A^A_]
0x1ce555	0x1801ce555	.text	ascii	UAWAVAUATVWSH
0x1ce56e	0x1801ce56e	.text	ascii	)t$ H
0x1ce57c	0x1801ce57c	.text	ascii	(t$ H
0x1ce583	0x1801ce583	.text	ascii	8[_^A\A]A^A_]
0x1ce5a0	0x1801ce5a0	.text	ascii	UAWAVATVWSH
0x1ce63c	0x1801ce63c	.text	ascii	$b6UKkH
0x1ce688	0x1801ce688	.text	ascii	f,Gb)1;H
0x1ce710	0x1801ce710	.text	ascii	H;U0H
0x1ce74b	0x1801ce74b	.text	ascii	UHH;UHv
0x1ce7b1	0x1801ce7b1	.text	ascii	E(H;EHv
0x1ce7ea	0x1801ce7ea	.text	ascii	E(H;EHL
0x1ce803	0x1801ce803	.text	ascii	H;EHv
0x1ce821	0x1801ce821	.text	ascii	E(H;EHL
0x1ce829	0x1801ce829	.text	ascii	e8v5H
0x1ce8d4	0x1801ce8d4	.text	ascii	H;MHv
0x1ce989	0x1801ce989	.text	ascii	E(H;EHv
0x1ce9c6	0x1801ce9c6	.text	ascii	E(H;EH
0x1cea6e	0x1801cea6e	.text	ascii	E(H;EHv
0x1ceaa7	0x1801ceaa7	.text	ascii	E(H;EHw:
0x1ceabf	0x1801ceabf	.text	ascii	H;EHv
0x1ceadd	0x1801ceadd	.text	ascii	E(H;EH
0x1ceb0e	0x1801ceb0e	.text	ascii	H;EHv
0x1ceb2c	0x1801ceb2c	.text	ascii	E(H;EHv5H
0x1ceb84	0x1801ceb84	.text	ascii	H;EHv5H
0x1cebc1	0x1801cebc1	.text	ascii	E8;u@
0x1cec70	0x1801cec70	.text	ascii	E(H;EHv
0x1ceca9	0x1801ceca9	.text	ascii	E(H;EHw2
0x1cecbe	0x1801cecbe	.text	ascii	H;EHv
0x1cecdb	0x1801cecdb	.text	ascii	E(H;EHv1H
0x1ced1f	0x1801ced1f	.text	ascii	[_^A\A^A_]
0x1ced55	0x1801ced55	.text	ascii	UAWAVATVWSH
0x1ced77	0x1801ced77	.text	ascii	0[_^A\A^A_]
0x1ced83	0x1801ced83	.text	ascii	ffff.
0x1ced95	0x1801ced95	.text	ascii	UAWAVATVWSH
0x1cedb7	0x1801cedb7	.text	ascii	0[_^A\A^A_]
0x1cedc3	0x1801cedc3	.text	ascii	ffff.
0x1cedd5	0x1801cedd5	.text	ascii	UAWAVATVWSH
0x1cedf7	0x1801cedf7	.text	ascii	0[_^A\A^A_]
0x1cee03	0x1801cee03	.text	ascii	ffff.
0x1cee15	0x1801cee15	.text	ascii	UAWAVATVWSH
0x1cee37	0x1801cee37	.text	ascii	0[_^A\A^A_]
0x1cee43	0x1801cee43	.text	ascii	ffff.
0x1cee55	0x1801cee55	.text	ascii	UAWAVATVWSH
0x1cee77	0x1801cee77	.text	ascii	0[_^A\A^A_]
0x1cee83	0x1801cee83	.text	ascii	ffff.
0x1cee95	0x1801cee95	.text	ascii	UAWAVATVWSH
0x1ceeb7	0x1801ceeb7	.text	ascii	0[_^A\A^A_]
0x1ceec3	0x1801ceec3	.text	ascii	ffff.
0x1ceed5	0x1801ceed5	.text	ascii	UAWAVATVWSH
0x1ceef7	0x1801ceef7	.text	ascii	0[_^A\A^A_]
0x1cef10	0x1801cef10	.text	ascii	UAWAVAUATVWSH
0x1cf073	0x1801cf073	.text	ascii	ffff.
0x1cf0e1	0x1801cf0e1	.text	ascii	ffffff.
0x1cf108	0x1801cf108	.text	ascii	h[_^A\A]A^A_]
0x1cf125	0x1801cf125	.text	ascii	UAWAVAUATVWSH
0x1cf146	0x1801cf146	.text	ascii	([_^A\A]A^A_]
0x1cf160	0x1801cf160	.text	ascii	UAWAVAUATVWSH
0x1cf3d1	0x1801cf3d1	.text	ascii	ffffff.
0x1cf853	0x1801cf853	.text	ascii	ffff.
0x1cfcb5	0x1801cfcb5	.text	ascii	[_^A\A]A^A_]
0x1d0615	0x1801d0615	.text	ascii	UAWAVAUATVWSH
0x1d062e	0x1801d062e	.text	ascii	)t$ H
0x1d0640	0x1801d0640	.text	ascii	(t$ H
0x1d0647	0x1801d0647	.text	ascii	8[_^A\A]A^A_]
0x1d0665	0x1801d0665	.text	ascii	UAWAVAUATVWSH
0x1d067e	0x1801d067e	.text	ascii	)t$ H
0x1d068d	0x1801d068d	.text	ascii	(t$ H
0x1d0694	0x1801d0694	.text	ascii	8[_^A\A]A^A_]
0x1d06a2	0x1801d06a2	.text	ascii	fffff.
0x1d06b5	0x1801d06b5	.text	ascii	UAWAVAUATVWSH
0x1d06ce	0x1801d06ce	.text	ascii	)t$ H
0x1d06dc	0x1801d06dc	.text	ascii	(t$ H
0x1d06e3	0x1801d06e3	.text	ascii	8[_^A\A]A^A_]
0x1d06f1	0x1801d06f1	.text	ascii	ffffff.
0x1d0705	0x1801d0705	.text	ascii	UAWAVAUATVWSH
0x1d071e	0x1801d071e	.text	ascii	)t$ H
0x1d0730	0x1801d0730	.text	ascii	(t$ H
0x1d0737	0x1801d0737	.text	ascii	8[_^A\A]A^A_]
0x1d0755	0x1801d0755	.text	ascii	UAWAVAUATVWSH
0x1d076e	0x1801d076e	.text	ascii	)t$ H
0x1d0780	0x1801d0780	.text	ascii	(t$ H
0x1d0787	0x1801d0787	.text	ascii	8[_^A\A]A^A_]
0x1d07a5	0x1801d07a5	.text	ascii	UAWAVAUATVWSH
0x1d07be	0x1801d07be	.text	ascii	)t$ H
0x1d07cd	0x1801d07cd	.text	ascii	(t$ H
0x1d07d4	0x1801d07d4	.text	ascii	8[_^A\A]A^A_]
0x1d07e2	0x1801d07e2	.text	ascii	fffff.
0x1d07f5	0x1801d07f5	.text	ascii	UAWAVAUATVWSH
0x1d080e	0x1801d080e	.text	ascii	)t$ H
0x1d0820	0x1801d0820	.text	ascii	(t$ H
0x1d0827	0x1801d0827	.text	ascii	8[_^A\A]A^A_]
0x1d0845	0x1801d0845	.text	ascii	UAWAVAUATVWSH
0x1d085e	0x1801d085e	.text	ascii	)t$ H
0x1d0870	0x1801d0870	.text	ascii	(t$ H
0x1d0877	0x1801d0877	.text	ascii	8[_^A\A]A^A_]
0x1d0895	0x1801d0895	.text	ascii	UAWAVAUATVWSH
0x1d08ae	0x1801d08ae	.text	ascii	)t$ H
0x1d08bd	0x1801d08bd	.text	ascii	(t$ H
0x1d08c4	0x1801d08c4	.text	ascii	8[_^A\A]A^A_]
0x1d08d2	0x1801d08d2	.text	ascii	fffff.
0x1d08e5	0x1801d08e5	.text	ascii	UAWAVAUATVWSH
0x1d08fe	0x1801d08fe	.text	ascii	)t$ H
0x1d090d	0x1801d090d	.text	ascii	(t$ H
0x1d0914	0x1801d0914	.text	ascii	8[_^A\A]A^A_]
0x1d0922	0x1801d0922	.text	ascii	fffff.
0x1d0935	0x1801d0935	.text	ascii	UAWAVAUATVWSH
0x1d094e	0x1801d094e	.text	ascii	)t$ H
0x1d095f	0x1801d095f	.text	ascii	(t$ H
0x1d0966	0x1801d0966	.text	ascii	8[_^A\A]A^A_]
0x1d0985	0x1801d0985	.text	ascii	UAWAVAUATVWSH
0x1d099e	0x1801d099e	.text	ascii	)t$ H
0x1d09ad	0x1801d09ad	.text	ascii	(t$ H
0x1d09b4	0x1801d09b4	.text	ascii	8[_^A\A]A^A_]
0x1d09c2	0x1801d09c2	.text	ascii	fffff.
0x1d09d5	0x1801d09d5	.text	ascii	UAWAVAUATVWSH
0x1d09ee	0x1801d09ee	.text	ascii	)t$ H
0x1d09fd	0x1801d09fd	.text	ascii	(t$ H
0x1d0a04	0x1801d0a04	.text	ascii	8[_^A\A]A^A_]
0x1d0a12	0x1801d0a12	.text	ascii	fffff.
0x1d0a25	0x1801d0a25	.text	ascii	UAWAVAUATVWSH
0x1d0a3e	0x1801d0a3e	.text	ascii	)t$ H
0x1d0a4d	0x1801d0a4d	.text	ascii	(t$ H
0x1d0a54	0x1801d0a54	.text	ascii	8[_^A\A]A^A_]
0x1d0a62	0x1801d0a62	.text	ascii	fffff.
0x1d0a75	0x1801d0a75	.text	ascii	UAWAVAUATVWSH
0x1d0a8e	0x1801d0a8e	.text	ascii	)t$ H
0x1d0a9d	0x1801d0a9d	.text	ascii	(t$ H
0x1d0aa4	0x1801d0aa4	.text	ascii	8[_^A\A]A^A_]
0x1d0ab2	0x1801d0ab2	.text	ascii	fffff.
0x1d0ac5	0x1801d0ac5	.text	ascii	UAWAVAUATVWSH
0x1d0ade	0x1801d0ade	.text	ascii	)t$ H
0x1d0aed	0x1801d0aed	.text	ascii	(t$ H
0x1d0af4	0x1801d0af4	.text	ascii	8[_^A\A]A^A_]
0x1d0b02	0x1801d0b02	.text	ascii	fffff.
0x1d0b15	0x1801d0b15	.text	ascii	UAWAVAUATVWSH
0x1d0b2e	0x1801d0b2e	.text	ascii	)t$ H
0x1d0b3f	0x1801d0b3f	.text	ascii	(t$ H
0x1d0b46	0x1801d0b46	.text	ascii	8[_^A\A]A^A_]
0x1d0b65	0x1801d0b65	.text	ascii	UAWAVAUATVWSH
0x1d0b7e	0x1801d0b7e	.text	ascii	)t$ H
0x1d0b90	0x1801d0b90	.text	ascii	(t$ H
0x1d0b97	0x1801d0b97	.text	ascii	8[_^A\A]A^A_]
0x1d0bb5	0x1801d0bb5	.text	ascii	UAWAVAUATVWSH
0x1d0bce	0x1801d0bce	.text	ascii	)t$ H
0x1d0be0	0x1801d0be0	.text	ascii	(t$ H
0x1d0be7	0x1801d0be7	.text	ascii	8[_^A\A]A^A_]
0x1d0c05	0x1801d0c05	.text	ascii	UAWAVAUATVWSH
0x1d0c1e	0x1801d0c1e	.text	ascii	)t$ H
0x1d0c30	0x1801d0c30	.text	ascii	(t$ H
0x1d0c37	0x1801d0c37	.text	ascii	8[_^A\A]A^A_]
0x1d0c55	0x1801d0c55	.text	ascii	UAWAVAUATVWSH
0x1d0c6e	0x1801d0c6e	.text	ascii	)t$ H
0x1d0c7d	0x1801d0c7d	.text	ascii	(t$ H
0x1d0c84	0x1801d0c84	.text	ascii	8[_^A\A]A^A_]
0x1d0c92	0x1801d0c92	.text	ascii	fffff.
0x1d0ca5	0x1801d0ca5	.text	ascii	UAWAVAUATVWSH
0x1d0cbe	0x1801d0cbe	.text	ascii	)t$ H
0x1d0cd0	0x1801d0cd0	.text	ascii	(t$ H
0x1d0cd7	0x1801d0cd7	.text	ascii	8[_^A\A]A^A_]
0x1d0cf5	0x1801d0cf5	.text	ascii	UAWAVAUATVWSH
0x1d0d0e	0x1801d0d0e	.text	ascii	)t$ H
0x1d0d20	0x1801d0d20	.text	ascii	(t$ H
0x1d0d27	0x1801d0d27	.text	ascii	8[_^A\A]A^A_]
0x1d0d45	0x1801d0d45	.text	ascii	UAWAVAUATVWSH
0x1d0d5e	0x1801d0d5e	.text	ascii	)t$ H
0x1d0d70	0x1801d0d70	.text	ascii	(t$ H
0x1d0d77	0x1801d0d77	.text	ascii	8[_^A\A]A^A_]
0x1d0d95	0x1801d0d95	.text	ascii	UAWAVAUATVWSH
0x1d0dae	0x1801d0dae	.text	ascii	)t$ H
0x1d0dbf	0x1801d0dbf	.text	ascii	(t$ H
0x1d0dc6	0x1801d0dc6	.text	ascii	8[_^A\A]A^A_]
0x1d0de5	0x1801d0de5	.text	ascii	UAWAVAUATVWSH
0x1d0dfe	0x1801d0dfe	.text	ascii	)t$ H
0x1d0e0d	0x1801d0e0d	.text	ascii	(t$ H
0x1d0e14	0x1801d0e14	.text	ascii	8[_^A\A]A^A_]
0x1d0e22	0x1801d0e22	.text	ascii	fffff.
0x1d0e35	0x1801d0e35	.text	ascii	UAWAVAUATVWSH
0x1d0e4e	0x1801d0e4e	.text	ascii	)t$ H
0x1d0e60	0x1801d0e60	.text	ascii	(t$ H
0x1d0e67	0x1801d0e67	.text	ascii	8[_^A\A]A^A_]
0x1d0e85	0x1801d0e85	.text	ascii	UAWAVAUATVWSH
0x1d0e9e	0x1801d0e9e	.text	ascii	)t$ H
0x1d0eb0	0x1801d0eb0	.text	ascii	(t$ H
0x1d0eb7	0x1801d0eb7	.text	ascii	8[_^A\A]A^A_]
0x1d0ed5	0x1801d0ed5	.text	ascii	UAWAVAUATVWSH
0x1d0eee	0x1801d0eee	.text	ascii	)t$ H
0x1d0efd	0x1801d0efd	.text	ascii	(t$ H
0x1d0f04	0x1801d0f04	.text	ascii	8[_^A\A]A^A_]
0x1d0f12	0x1801d0f12	.text	ascii	fffff.
0x1d0f25	0x1801d0f25	.text	ascii	UAWAVAUATVWSH
0x1d0f3e	0x1801d0f3e	.text	ascii	)t$ H
0x1d0f4f	0x1801d0f4f	.text	ascii	(t$ H
0x1d0f56	0x1801d0f56	.text	ascii	8[_^A\A]A^A_]
0x1d0f75	0x1801d0f75	.text	ascii	UAWAVAUATVWSH
0x1d0f8e	0x1801d0f8e	.text	ascii	)t$ H
0x1d0f9d	0x1801d0f9d	.text	ascii	(t$ H
0x1d0fa4	0x1801d0fa4	.text	ascii	8[_^A\A]A^A_]
0x1d0fb2	0x1801d0fb2	.text	ascii	fffff.
0x1d0fc5	0x1801d0fc5	.text	ascii	UAWAVAUATVWSH
0x1d0fde	0x1801d0fde	.text	ascii	)t$ H
0x1d0fed	0x1801d0fed	.text	ascii	(t$ H
0x1d0ff4	0x1801d0ff4	.text	ascii	8[_^A\A]A^A_]
0x1d1002	0x1801d1002	.text	ascii	fffff.
0x1d1015	0x1801d1015	.text	ascii	UAWAVAUATVWSH
0x1d102e	0x1801d102e	.text	ascii	)t$ H
0x1d103f	0x1801d103f	.text	ascii	(t$ H
0x1d1046	0x1801d1046	.text	ascii	8[_^A\A]A^A_]
0x1d1065	0x1801d1065	.text	ascii	UAWAVAUATVWSH
0x1d107e	0x1801d107e	.text	ascii	)t$ H
0x1d1090	0x1801d1090	.text	ascii	(t$ H
0x1d1097	0x1801d1097	.text	ascii	8[_^A\A]A^A_]
0x1d10b5	0x1801d10b5	.text	ascii	UAWAVAUATVWSH
0x1d10ce	0x1801d10ce	.text	ascii	)t$ H
0x1d10df	0x1801d10df	.text	ascii	(t$ H
0x1d10e6	0x1801d10e6	.text	ascii	8[_^A\A]A^A_]
0x1d1105	0x1801d1105	.text	ascii	UAWAVAUATVWSH
0x1d111e	0x1801d111e	.text	ascii	)t$ H
0x1d1130	0x1801d1130	.text	ascii	(t$ H
0x1d1137	0x1801d1137	.text	ascii	8[_^A\A]A^A_]
0x1d1155	0x1801d1155	.text	ascii	UAWAVAUATVWSH
0x1d116e	0x1801d116e	.text	ascii	)t$ H
0x1d1180	0x1801d1180	.text	ascii	(t$ H
0x1d1187	0x1801d1187	.text	ascii	8[_^A\A]A^A_]
0x1d11a5	0x1801d11a5	.text	ascii	UAWAVAUATVWSH
0x1d11be	0x1801d11be	.text	ascii	)t$ H
0x1d11cd	0x1801d11cd	.text	ascii	(t$ H
0x1d11d4	0x1801d11d4	.text	ascii	8[_^A\A]A^A_]
0x1d11e2	0x1801d11e2	.text	ascii	fffff.
0x1d11f5	0x1801d11f5	.text	ascii	UAWAVAUATVWSH
0x1d120e	0x1801d120e	.text	ascii	)t$ H
0x1d121d	0x1801d121d	.text	ascii	(t$ H
0x1d1224	0x1801d1224	.text	ascii	8[_^A\A]A^A_]
0x1d1232	0x1801d1232	.text	ascii	fffff.
0x1d1245	0x1801d1245	.text	ascii	UAWAVAUATVWSH
0x1d125e	0x1801d125e	.text	ascii	)t$ H
0x1d126d	0x1801d126d	.text	ascii	(t$ H
0x1d1274	0x1801d1274	.text	ascii	8[_^A\A]A^A_]
0x1d1282	0x1801d1282	.text	ascii	fffff.
0x1d1295	0x1801d1295	.text	ascii	UAWAVAUATVWSH
0x1d12ae	0x1801d12ae	.text	ascii	)t$ H
0x1d12bd	0x1801d12bd	.text	ascii	(t$ H
0x1d12c4	0x1801d12c4	.text	ascii	8[_^A\A]A^A_]
0x1d12d2	0x1801d12d2	.text	ascii	fffff.
0x1d12e5	0x1801d12e5	.text	ascii	UAWAVAUATVWSH
0x1d12fe	0x1801d12fe	.text	ascii	)t$ H
0x1d1310	0x1801d1310	.text	ascii	(t$ H
0x1d1317	0x1801d1317	.text	ascii	8[_^A\A]A^A_]
0x1d1335	0x1801d1335	.text	ascii	UAWAVAUATVWSH
0x1d134e	0x1801d134e	.text	ascii	)t$ H
0x1d1360	0x1801d1360	.text	ascii	(t$ H
0x1d1367	0x1801d1367	.text	ascii	8[_^A\A]A^A_]
0x1d1385	0x1801d1385	.text	ascii	UAWAVAUATVWSH
0x1d139e	0x1801d139e	.text	ascii	)t$ H
0x1d13ac	0x1801d13ac	.text	ascii	(t$ H
0x1d13b3	0x1801d13b3	.text	ascii	8[_^A\A]A^A_]
0x1d13d0	0x1801d13d0	.text	ascii	AWAVAUATVWUSH
0x1d149d	0x1801d149d	.text	ascii	L$ L9
0x1d14f9	0x1801d14f9	.text	ascii	H;D$xH
0x1d1574	0x1801d1574	.text	ascii	D$xH+D$@H;D$PH
0x1d1587	0x1801d1587	.text	ascii	p.w7H
0x1d15b2	0x1801d15b2	.text	ascii	fffff.
0x1d16d3	0x1801d16d3	.text	ascii	H;D$8
0x1d18e9	0x1801d18e9	.text	ascii	H+D$PH9D$@H
0x1d1961	0x1801d1961	.text	ascii	H;L$8v
0x1d1976	0x1801d1976	.text	ascii	H;L$8v
0x1d19be	0x1801d19be	.text	ascii	a=y[H
0x1d19f7	0x1801d19f7	.text	ascii	H;D$8v
0x1d1a21	0x1801d1a21	.text	ascii	H;D$8v
0x1d1b0e	0x1801d1b0e	.text	ascii	AdGH9
0x1d1b31	0x1801d1b31	.text	ascii	[]_^A\A]A^A_
0x1d1b50	0x1801d1b50	.text	ascii	AWAVAUATVWUSH
0x1d1be3	0x1801d1be3	.text	ascii	ffff.
0x1d1c0d	0x1801d1c0d	.text	ascii	L$0L9
0x1d1c56	0x1801d1c56	.text	ascii	F8H;D$H
0x1d1cb5	0x1801d1cb5	.text	ascii	Wb:L$/t
0x1d1d03	0x1801d1d03	.text	ascii	F8H;D$H
0x1d1da6	0x1801d1da6	.text	ascii	#:T$/t
0x1d1e4c	0x1801d1e4c	.text	ascii	;D$DA
0x1d1f56	0x1801d1f56	.text	ascii	[]_^A\A]A^A_
0x1d1f63	0x1801d1f63	.text	ascii	AWAVAUATVWUSH
0x1d1f89	0x1801d1f89	.text	ascii	"=^fH
0x1d2106	0x1801d2106	.text	ascii	HcT$$
0x1d2110	0x1801d2110	.text	ascii	;T$ I
0x1d220d	0x1801d220d	.text	ascii	0[]_^A\A]A^A_
0x1d221b	0x1801d221b	.text	ascii	AWAVAUATVWUSH
0x1d22ef	0x1801d22ef	.text	ascii	HcT$,f
0x1d22fa	0x1801d22fa	.text	ascii	;T$(I
0x1d241b	0x1801d241b	.text	ascii	T$0Mc
0x1d24de	0x1801d24de	.text	ascii	8[]_^A\A]A^A_
0x1d24f0	0x1801d24f0	.text	ascii	AWAVAUATVWUSH
0x1d28b2	0x1801d28b2	.text	ascii	L$(H9
0x1d28d3	0x1801d28d3	.text	ascii	Afff.
0x1d2918	0x1801d2918	.text	ascii	8[]_^A\A]A^A_
0x1d2930	0x1801d2930	.text	ascii	AWAVAUATVWUSH
0x1d295f	0x1801d295f	.text	ascii	+AbDH
0x1d2cbd	0x1801d2cbd	.text	ascii	L$(H9
0x1d2d18	0x1801d2d18	.text	ascii	8[]_^A\A]A^A_
0x1d2d30	0x1801d2d30	.text	ascii	AWAVAUATVWUSH
0x1d2e51	0x1801d2e51	.text	ascii	L$8L9
0x1d2e92	0x1801d2e92	.text	ascii	fffff.
0x1d2eb3	0x1801d2eb3	.text	ascii	D$L;t$LH
0x1d2efe	0x1801d2efe	.text	ascii	X[]_^A\A]A^A_
0x1d2f10	0x1801d2f10	.text	ascii	AWAVAUATVWUSH
0x1d2fe2	0x1801d2fe2	.text	ascii	D$0ff.
0x1d300d	0x1801d300d	.text	ascii	L$0L9
0x1d30a3	0x1801d30a3	.text	ascii	ffff.
0x1d32ee	0x1801d32ee	.text	ascii	;D$,H
0x1d33b3	0x1801d33b3	.text	ascii	L$0H1
0x1d33cc	0x1801d33cc	.text	ascii	L$0H1
0x1d3401	0x1801d3401	.text	ascii	ffffff.
0x1d3491	0x1801d3491	.text	ascii	ffffff.
0x1d3530	0x1801d3530	.text	ascii	AWAVAUATVWUSH
0x1d3674	0x1801d3674	.text	ascii	D$0H1
0x1d368b	0x1801d368b	.text	ascii	8[]_^A\A]A^A_
0x1d369b	0x1801d369b	.text	ascii	L$0H1
0x1d36b0	0x1801d36b0	.text	ascii	AWAVVWUSH
0x1d3770	0x1801d3770	.text	ascii	D$`H1
0x1d378b	0x1801d378b	.text	ascii	h[]_^A^A_
0x1d3934	0x1801d3934	.text	ascii	L$`H1
0x1d3940	0x1801d3940	.text	ascii	AWAVAUATVWUSH
0x1d39d0	0x1801d39d0	.text	ascii	J;<9t
0x1d3acb	0x1801d3acb	.text	ascii	L$@H1
0x1d3ae4	0x1801d3ae4	.text	ascii	H[]_^A\A]A^A_
0x1d3c32	0x1801d3c32	.text	ascii	L$@H1
0x1d3c40	0x1801d3c40	.text	ascii	AWAVAUATVWUSH
0x1d3dbe	0x1801d3dbe	.text	ascii	D$0Hk
0x1d3f23	0x1801d3f23	.text	ascii	ffff.
0x1d3fe2	0x1801d3fe2	.text	ascii	fffff.
0x1d405a	0x1801d405a	.text	ascii	[]_^A\A]A^A_
0x1d4080	0x1801d4080	.text	ascii	AWAVVWSH
0x1d4184	0x1801d4184	.text	ascii	L$(H1
0x1d4199	0x1801d4199	.text	ascii	0[_^A^A_
0x1d41a4	0x1801d41a4	.text	ascii	L$(H1
0x1d41c0	0x1801d41c0	.text	ascii	AWAVAUATVWUSH
0x1d4340	0x1801d4340	.text	ascii	L$0H1
0x1d4355	0x1801d4355	.text	ascii	8[]_^A\A]A^A_
0x1d4365	0x1801d4365	.text	ascii	L$0H1
0x1d4400	0x1801d4400	.text	ascii	AWAVAUATVWUSH
0x1d4525	0x1801d4525	.text	ascii	\$XH)
0x1d455c	0x1801d455c	.text	ascii	|$PI9
0x1d49ea	0x1801d49ea	.text	ascii	[]_^A\A]A^A_
0x1d4abb	0x1801d4abb	.text	ascii	T$PH1
0x1d4ad9	0x1801d4ad9	.text	ascii	L$PH1
0x1d4af0	0x1801d4af0	.text	ascii	AWAVAUATVWUSH
0x1d4b20	0x1801d4b20	.text	ascii	)D$pH
0x1d4b3e	0x1801d4b3e	.text	ascii	)D$PH
0x1d4b9e	0x1801d4b9e	.text	ascii	t$`L;d$ 
0x1d4bb1	0x1801d4bb1	.text	ascii	ffffff.
0x1d4c2b	0x1801d4c2b	.text	ascii	L;d$ 
0x1d4c4f	0x1801d4c4f	.text	ascii	D$+HcL$@H
0x1d4c6c	0x1801d4c6c	.text	ascii	t$pL;d$ 
0x1d4ca1	0x1801d4ca1	.text	ascii	L$@HcL$@I
0x1d4cd0	0x1801d4cd0	.text	ascii	D$ I9
0x1d4cdc	0x1801d4cdc	.text	ascii	D$ E1
0x1d4ce5	0x1801d4ce5	.text	ascii	L;d$ 
0x1d4d3c	0x1801d4d3c	.text	ascii	t$@LcL$@E
0x1d4d6a	0x1801d4d6a	.text	ascii	L$ L9
0x1d4d76	0x1801d4d76	.text	ascii	L$ E1
0x1d4d7f	0x1801d4d7f	.text	ascii	L;d$ rz
0x1d4d8d	0x1801d4d8d	.text	ascii	L$fL;d$ A
0x1d4daa	0x1801d4daa	.text	ascii	L;d$ A
0x1d4db9	0x1801d4db9	.text	ascii	L;d$ r@
0x1d4def	0x1801d4def	.text	ascii	t$PL;d$ s
0x1d4f03	0x1801d4f03	.text	ascii	[]_^A\A]A^A_
0x1d4fd0	0x1801d4fd0	.text	ascii	AWAVAUATVWUSPH
0x1d60d6	0x1801d60d6	.text	ascii	[]_^A\A]A^A_
0x1d6720	0x1801d6720	.text	ascii	|$ AVH
0x1d68c2	0x1801d68c2	.text	ascii	VWAVH
0x1d69d2	0x1801d69d2	.text	ascii	@A^_^
0x1d6bd6	0x1801d6bd6	.text	ascii	\$ WH
0x1d6c44	0x1801d6c44	.text	ascii	@SVWH
0x1d6d68	0x1801d6d68	.text	ascii	t$ WH
0x1d75a0	0x1801d75a0	.text	ascii	@USVWAVH
0x1d778e	0x1801d778e	.text	ascii	A^_^[]
0x1d77a0	0x1801d77a0	.text	ascii	@SUWAVAWH
0x1d77ad	0x1801d77ad	.text	ascii	)t$@H
0x1d77ee	0x1801d77ee	.text	ascii	ot$ I;
0x1d7879	0x1801d7879	.text	ascii	ot$ A
0x1d7909	0x1801d7909	.text	ascii	oL$ E
0x1d795d	0x1801d795d	.text	ascii	L$0H3
0x1d7969	0x1801d7969	.text	ascii	(t$@H
0x1d7970	0x1801d7970	.text	ascii	`A_A^_][
0x1d8063	0x1801d8063	.text	ascii	(|$PE
0x1d80a2	0x1801d80a2	.text	ascii	)t$@H+
0x1d80aa	0x1801d80aa	.text	ascii	)|$0H
0x1d80b4	0x1801d80b4	.text	ascii	)D$ H;
0x1d81cb	0x1801d81cb	.text	ascii	(t$@I
0x1d81d3	0x1801d81d3	.text	ascii	(|$0D
0x1d81d9	0x1801d81d9	.text	ascii	(D$ D
0x1d83e3	0x1801d83e3	.text	ascii	(|$PE
0x1d8422	0x1801d8422	.text	ascii	)t$@H+
0x1d842a	0x1801d842a	.text	ascii	)|$0H
0x1d8434	0x1801d8434	.text	ascii	)D$ H;
0x1d854a	0x1801d854a	.text	ascii	(t$@I
0x1d8552	0x1801d8552	.text	ascii	(|$0D
0x1d8558	0x1801d8558	.text	ascii	(D$ D
0x1d8570	0x1801d8570	.text	ascii	@SWAVH
0x1d85c6	0x1801d85c6	.text	ascii	)t$@H;
0x1d860d	0x1801d860d	.text	ascii	ot$ M
0x1d86ef	0x1801d86ef	.text	ascii	(t$@H
0x1d86f5	0x1801d86f5	.text	ascii	L$0H3
0x1d8703	0x1801d8703	.text	ascii	`A^_[
0x1d8760	0x1801d8760	.text	ascii	@SVWAVH
0x1d8789	0x1801d8789	.text	ascii	A^_^[
0x1d87f1	0x1801d87f1	.text	ascii	A^_^[
0x1d9183	0x1801d9183	.text	ascii	WAVAWH
0x1d91e5	0x1801d91e5	.text	ascii	D$@tL
0x1d92ab	0x1801d92ab	.text	ascii	A_A^_
0x1d92c5	0x1801d92c5	.text	ascii	x AVH
0x1d94c1	0x1801d94c1	.text	ascii	UVWAVAWH
0x1d97af	0x1801d97af	.text	ascii	A_A^_^]
0x1d98f8	0x1801d98f8	.text	ascii	|$ UH
0x1da06f	0x1801da06f	.text	ascii	l$ VWAVH
0x1da1a1	0x1801da1a1	.text	ascii	@A^_^
0x1da29c	0x1801da29c	.text	ascii	t$ WH
0x1da2f0	0x1801da2f0	.text	ascii	sH9.tgH
0x1da31c	0x1801da31c	.text	ascii	D$ H;
0x1da329	0x1801da329	.text	ascii	9D$(}LH
0x1da331	0x1801da331	.text	ascii	sH9.t&H
0x1da349	0x1801da349	.text	ascii	sH9.t
0x1da3a1	0x1801da3a1	.text	ascii	L$0H3
0x1da425	0x1801da425	.text	ascii	x AVH
0x1da556	0x1801da556	.text	ascii	UWAVH
0x1da6fb	0x1801da6fb	.text	ascii	WAVAWH
0x1da7b4	0x1801da7b4	.text	ascii	0A_A^_
0x1da7cb	0x1801da7cb	.text	ascii	WATAUAVAWH
0x1da7f1	0x1801da7f1	.text	ascii	l$ E3
0x1da833	0x1801da833	.text	ascii	A_A^A]A\_
0x1da8b8	0x1801da8b8	.text	ascii	L$ E3
0x1da8ce	0x1801da8ce	.text	ascii	D9l$0~
0x1da8f1	0x1801da8f1	.text	ascii	UVWAVAWH
0x1daa4a	0x1801daa4a	.text	ascii	@A_A^_^]
0x1daa5e	0x1801daa5e	.text	ascii	WAVAWH
0x1dab65	0x1801dab65	.text	ascii	 A_A^_
0x1dab78	0x1801dab78	.text	ascii	t$ WAVAWH
0x1dacc9	0x1801dacc9	.text	ascii	@A_A^_
0x1db01d	0x1801db01d	.text	ascii	H9{ t#H9>v
0x1db06f	0x1801db06f	.text	ascii	l$ VWAVH
0x1db0cd	0x1801db0cd	.text	ascii	 A^_^
0x1db183	0x1801db183	.text	ascii	WAVAWH
0x1db262	0x1801db262	.text	ascii	t$ E3
0x1db2bb	0x1801db2bb	.text	ascii	@A_A^_
0x1db2ce	0x1801db2ce	.text	ascii	UWATAVAWH
0x1db34a	0x1801db34a	.text	ascii	(t$PI
0x1db351	0x1801db351	.text	ascii	A_A^A\_]
0x1db3c4	0x1801db3c4	.text	ascii	D9}H~
0x1db3fd	0x1801db3fd	.text	ascii	D9}H~
0x1db446	0x1801db446	.text	ascii	D9}H~
0x1db488	0x1801db488	.text	ascii	D9}H~
0x1db504	0x1801db504	.text	ascii	D9}H~
0x1db559	0x1801db559	.text	ascii	D9}H~
0x1db684	0x1801db684	.text	ascii	@USVWATAUAVAWH
0x1db76a	0x1801db76a	.text	ascii	9}H~%
0x1db8bf	0x1801db8bf	.text	ascii	HcMPHcEXH;
0x1db9ac	0x1801db9ac	.text	ascii	 t#H9;v
0x1dba9f	0x1801dba9f	.text	ascii	tfH9{
0x1dbacf	0x1801dbacf	.text	ascii	H9{ t%H9{
0x1dbb4d	0x1801dbb4d	.text	ascii	I9<$t(L
0x1dbb7b	0x1801dbb7b	.text	ascii	H9{ t%H9{
0x1dbbf4	0x1801dbbf4	.text	ascii	H9{ t%H9{
0x1dbc2f	0x1801dbc2f	.text	ascii	HA_A^A]A\_^[]
0x1dbc63	0x1801dbc63	.text	ascii	(D$ H
0x1dbcbe	0x1801dbcbe	.text	ascii	f#D$@H
0x1dbe16	0x1801dbe16	.text	ascii	T$`A9r
0x1dbfe4	0x1801dbfe4	.text	ascii	@UAVAWH
0x1dc134	0x1801dc134	.text	ascii	A_A^]
0x1dc586	0x1801dc586	.text	ascii	8T$(ua
0x1dc710	0x1801dc710	.text	ascii	t$ WATAUAVAWH
0x1dc75f	0x1801dc75f	.text	ascii	~ND;t;
0x1dc76e	0x1801dc76e	.text	ascii	T$PE3
0x1dc7de	0x1801dc7de	.text	ascii	 A_A^A]A\_
0x1dc81f	0x1801dc81f	.text	ascii	WATAUAVAWH
0x1dc923	0x1801dc923	.text	ascii	A_A^A]A\_
0x1dc959	0x1801dc959	.text	ascii	x ATAVAWH
0x1dc984	0x1801dc984	.text	ascii	(t$ H
0x1dc9d8	0x1801dc9d8	.text	ascii	(t$ A
0x1dcac1	0x1801dcac1	.text	ascii	A_A^A\
0x1dcb67	0x1801dcb67	.text	ascii	HcE_H
0x1dcc68	0x1801dcc68	.text	ascii	HcE_L
0x1dcc90	0x1801dcc90	.text	ascii	HcEgH
0x1dcee9	0x1801dcee9	.text	ascii	H;XXs
0x1dcf26	0x1801dcf26	.text	ascii	H;xXu5
0x1dd117	0x1801dd117	.text	ascii	t$ WH
0x1dd296	0x1801dd296	.text	ascii	t7HcP
0x1dd3af	0x1801dd3af	.text	ascii	WATAUAVAWH
0x1dd5ad	0x1801dd5ad	.text	ascii	A_A^A]A\_
0x1dd94f	0x1801dd94f	.text	ascii	L$@;|
0x1dd984	0x1801dd984	.text	ascii	tRLcY
0x1ddac7	0x1801ddac7	.text	ascii	|$(A^
0x1ddadf	0x1801ddadf	.text	ascii	AUAVAWH
0x1ddc13	0x1801ddc13	.text	ascii	u4I9}(
0x1ddc48	0x1801ddc48	.text	ascii	9I9}(tgH
0x1ddc52	0x1801ddc52	.text	ascii	tbIc^
0x1ddc9a	0x1801ddc9a	.text	ascii	0A_A^A]
0x1ddcd3	0x1801ddcd3	.text	ascii	AUAVAWH
0x1dde0a	0x1801dde0a	.text	ascii	u4I9}(
0x1dde3f	0x1801dde3f	.text	ascii	9I9}(tgH
0x1dde49	0x1801dde49	.text	ascii	tbIc^
0x1dde91	0x1801dde91	.text	ascii	0A_A^A]
0x1de04b	0x1801de04b	.text	ascii	UVWATAUAVAWH
0x1de109	0x1801de109	.text	ascii	`A_A^A]A\_^]
0x1de123	0x1801de123	.text	ascii	UVWATAUAVAWH
0x1de1e1	0x1801de1e1	.text	ascii	`A_A^A]A\_^]
0x1de1f0	0x1801de1f0	.text	ascii	@USVWATAUAVAWH
0x1de46c	0x1801de46c	.text	ascii	G0HcX
0x1de484	0x1801de484	.text	ascii	L$pHcX
0x1de49b	0x1801de49b	.text	ascii	D$pHc
0x1de685	0x1801de685	.text	ascii	A_A^A]A\_^[]
0x1de6e0	0x1801de6e0	.text	ascii	@USVWATAUAVAWH
0x1de796	0x1801de796	.text	ascii	t,IcO
0x1de9df	0x1801de9df	.text	ascii	G0HcX
0x1dea2c	0x1801dea2c	.text	ascii	D$h;D$x
0x1deb3b	0x1801deb3b	.text	ascii	K$D;e
0x1debbd	0x1801debbd	.text	ascii	A_A^A]A\_^[]
0x1dec27	0x1801dec27	.text	ascii	UVWATAUAVAWH
0x1ded33	0x1801ded33	.text	ascii	\$xfI
0x1dee67	0x1801dee67	.text	ascii	A_A^A]A\_^]
0x1dee7c	0x1801dee7c	.text	ascii	@USVWATAUAVAWH
0x1def93	0x1801def93	.text	ascii	L$x;E
0x1defaa	0x1801defaa	.text	ascii	D$`fI
0x1defbe	0x1801defbe	.text	ascii	D$xA;
0x1df150	0x1801df150	.text	ascii	L$`;M
0x1df16f	0x1801df16f	.text	ascii	A_A^A]A\_^[]
0x1df193	0x1801df193	.text	ascii	WAVAWH
0x1df218	0x1801df218	.text	ascii	t7Hc^
0x1df29c	0x1801df29c	.text	ascii	 A_A^_
0x1df2b5	0x1801df2b5	.text	ascii	x ATAVAWH
0x1df342	0x1801df342	.text	ascii	t;Hc^
0x1df3db	0x1801df3db	.text	ascii	 A_A^A\
0x1df3f3	0x1801df3f3	.text	ascii	WAVAWH
0x1df48e	0x1801df48e	.text	ascii	 t^D9
0x1df55c	0x1801df55c	.text	ascii	G0Hch
0x1df605	0x1801df605	.text	ascii	A_A^_
0x1df625	0x1801df625	.text	ascii	x ATAVAWH
0x1df669	0x1801df669	.text	ascii	9h@u(D93t#D9
0x1df71c	0x1801df71c	.text	ascii	t,HcW
0x1df7d6	0x1801df7d6	.text	ascii	9l$Pu
0x1df7e5	0x1801df7e5	.text	ascii	D93ui
0x1df7fb	0x1801df7fb	.text	ascii	C0Lcp
0x1df8ac	0x1801df8ac	.text	ascii	A_A^A\
0x1df940	0x1801df940	.text	ascii	tEHcR
0x1dfad8	0x1801dfad8	.text	ascii	@SVWATAUAVAWH
0x1dfb8d	0x1801dfb8d	.text	ascii	D$8L9
0x1dfc9f	0x1801dfc9f	.text	ascii	D$0HcH
0x1dfcb7	0x1801dfcb7	.text	ascii	pA_A^A]A\_^[
0x1dfcc4	0x1801dfcc4	.text	ascii	@SVWATAUAVAWH
0x1dfd8e	0x1801dfd8e	.text	ascii	D$@L9
0x1dfeef	0x1801dfeef	.text	ascii	A_A^A]A\_^[
0x1e002b	0x1801e002b	.text	ascii	< u\A
0x1e00cb	0x1801e00cb	.text	ascii	B(I9A(u
0x1e0163	0x1801e0163	.text	ascii	SVWATAUAVAWH
0x1e01de	0x1801e01de	.text	ascii	|$ Hc^
0x1e02c4	0x1801e02c4	.text	ascii	0A_A^A]A\_^[
0x1e02e3	0x1801e02e3	.text	ascii	SVWATAUAVAWH
0x1e03b1	0x1801e03b1	.text	ascii	t>HcS
0x1e0460	0x1801e0460	.text	ascii	|$8L;
0x1e046c	0x1801e046c	.text	ascii	L;|$X
0x1e049d	0x1801e049d	.text	ascii	(D$0f
0x1e05da	0x1801e05da	.text	ascii	A_A^A]A\_^[
0x1e068e	0x1801e068e	.text	ascii	UVWATAUAVAWH
0x1e06bb	0x1801e06bb	.text	ascii	F0Hcx
0x1e06d3	0x1801e06d3	.text	ascii	|$hHcX
0x1e0758	0x1801e0758	.text	ascii	 A_A^A]A\_^]
0x1e0785	0x1801e0785	.text	ascii	9)~P3
0x1e08bf	0x1801e08bf	.text	ascii	UVWATAUAVAWH
0x1e08ee	0x1801e08ee	.text	ascii	99~CE
0x1e0971	0x1801e0971	.text	ascii	 A_A^A]A\_^]
0x1e09a4	0x1801e09a4	.text	ascii	wwH9Q
0x1e09c5	0x1801e09c5	.text	ascii	D$ I;R
0x1e09f4	0x1801e09f4	.text	ascii	D$ I9P
0x1e0b5b	0x1801e0b5b	.text	ascii	WATAUAVAWH
0x1e0c52	0x1801e0c52	.text	ascii	 A_A^A]A\_
0x1e0fe3	0x1801e0fe3	.text	ascii	D$0@8{
0x1e1082	0x1801e1082	.text	ascii	UWAVH
0x1e1893	0x1801e1893	.text	ascii	t%fff
0x1e1b6b	0x1801e1b6b	.text	ascii	L$ WH
0x1e1ccc	0x1801e1ccc	.text	ascii	t$ WATAUAVAWH
0x1e1d04	0x1801e1d04	.text	ascii	D$(E3
0x1e1d38	0x1801e1d38	.text	ascii	0A_A^A]A\_
0x1e1d57	0x1801e1d57	.text	ascii	D$(H!L$ E3
0x1e1e6c	0x1801e1e6c	.text	ascii	;D$hsL
0x1e2145	0x1801e2145	.text	ascii	x AVH
0x1e280f	0x1801e280f	.text	ascii	L$ UVWATAUAVAWH
0x1e285b	0x1801e285b	.text	ascii	 A_A^A]A\_^]
0x1e2955	0x1801e2955	.text	ascii	L$pD)s
0x1e2aa5	0x1801e2aa5	.text	ascii	p AWH
0x1e2c8e	0x1801e2c8e	.text	ascii	8|{A8t
0x1e2cb1	0x1801e2cb1	.text	ascii	xYHcC
0x1e2d31	0x1801e2d31	.text	ascii	x AVH
0x1e2f7f	0x1801e2f7f	.text	ascii	L$ WH
0x1e30a0	0x1801e30a0	.text	ascii	@USWH
0x1e30fd	0x1801e30fd	.text	ascii	D$(E3
0x1e31df	0x1801e31df	.text	ascii	L$ WH
0x1e327b	0x1801e327b	.text	ascii	L$ VWAVH
0x1e32a8	0x1801e32a8	.text	ascii	\$8I;
0x1e334f	0x1801e334f	.text	ascii	`A^_^
0x1e335f	0x1801e335f	.text	ascii	L$ WH
0x1e35cf	0x1801e35cf	.text	ascii	L$ WH
0x1e3608	0x1801e3608	.text	ascii	@USVWATAVAWH
0x1e3654	0x1801e3654	.text	ascii	D$(E3
0x1e3686	0x1801e3686	.text	ascii	d$IfD
0x1e3739	0x1801e3739	.text	ascii	D$@H;
0x1e3761	0x1801e3761	.text	ascii	D$@H;
0x1e3791	0x1801e3791	.text	ascii	A_A^A\_^[]
0x1e37a3	0x1801e37a3	.text	ascii	D$@H;
0x1e386f	0x1801e386f	.text	ascii	WATAUAVAWH
0x1e3b09	0x1801e3b09	.text	ascii	0A_A^A]A\_
0x1e3b25	0x1801e3b25	.text	ascii	x AVH
0x1e3c9f	0x1801e3c9f	.text	ascii	S(HcS0
0x1e3d29	0x1801e3d29	.text	ascii	x AVH
0x1e3ea3	0x1801e3ea3	.text	ascii	S(HcS0
0x1e3f2d	0x1801e3f2d	.text	ascii	x AVH
0x1e40a7	0x1801e40a7	.text	ascii	S(HcS0
0x1e4224	0x1801e4224	.text	ascii	E+A@I
0x1e43ca	0x1801e43ca	.text	ascii	E+A@I
0x1e4471	0x1801e4471	.text	ascii	x UAVAWH
0x1e457a	0x1801e457a	.text	ascii	A_A^]
0x1e464f	0x1801e464f	.text	ascii	D$@H;F
0x1e468d	0x1801e468d	.text	ascii	x AVH
0x1e48a0	0x1801e48a0	.text	ascii	sL@8w(u
0x1e49e1	0x1801e49e1	.text	ascii	D$(E3
0x1e49e9	0x1801e49e9	.text	ascii	t$ E3
0x1e4a11	0x1801e4a11	.text	ascii	x AVH
0x1e4a55	0x1801e4a55	.text	ascii	L$(E3
0x1e4a5d	0x1801e4a5d	.text	ascii	t$ E3
0x1e4c04	0x1801e4c04	.text	ascii	sL@8w(u
0x1e4d79	0x1801e4d79	.text	ascii	x AVH
0x1e4dc0	0x1801e4dc0	.text	ascii	L$(E3
0x1e4dc8	0x1801e4dc8	.text	ascii	t$ E3
0x1e4f7a	0x1801e4f7a	.text	ascii	sL@8w(u
0x1e50dd	0x1801e50dd	.text	ascii	A9<Fu
0x1e515c	0x1801e515c	.text	ascii	<htl<jt\<lt4<tt$<wt
0x1e523b	0x1801e523b	.text	ascii	,X< w
0x1e5265	0x1801e5265	.text	ascii	A9<Fu
0x1e52e4	0x1801e52e4	.text	ascii	<htl<jt\<lt4<tt$<wt
0x1e53c3	0x1801e53c3	.text	ascii	,X< w
0x1e53eb	0x1801e53eb	.text	ascii	UATAUAVAWH
0x1e55d6	0x1801e55d6	.text	ascii	{,D+{HD+
0x1e5703	0x1801e5703	.text	ascii	D8o(u
0x1e5884	0x1801e5884	.text	ascii	D9k |j
0x1e5916	0x1801e5916	.text	ascii	A_A^A]A\]
0x1e5923	0x1801e5923	.text	ascii	UWATAVAWH
0x1e5c23	0x1801e5c23	.text	ascii	uVL!}
0x1e5c6e	0x1801e5c6e	.text	ascii	D;{Hu
0x1e5ccf	0x1801e5ccf	.text	ascii	D;{Hu
0x1e5d84	0x1801e5d84	.text	ascii	A_A^A\_]
0x1e5e2a	0x1801e5e2a	.text	ascii	A9,A$
0x1e6025	0x1801e6025	.text	ascii	,I<%w
0x1e61d3	0x1801e61d3	.text	ascii	HcC H
0x1e63be	0x1801e63be	.text	ascii	x AVH
0x1e6457	0x1801e6457	.text	ascii	WAVAWH
0x1e64b3	0x1801e64b3	.text	ascii	~,*u?I
0x1e6510	0x1801e6510	.text	ascii	 A_A^_
0x1e6518	0x1801e6518	.text	ascii	@USWH
0x1e6584	0x1801e6584	.text	ascii	D$(E3
0x1e663c	0x1801e663c	.text	ascii	@USVWATAVAWH
0x1e66c6	0x1801e66c6	.text	ascii	D$(E3
0x1e66fc	0x1801e66fc	.text	ascii	d$IfD
0x1e67bc	0x1801e67bc	.text	ascii	D$@H;
0x1e67e4	0x1801e67e4	.text	ascii	D$@H;
0x1e67fa	0x1801e67fa	.text	ascii	D$@H;
0x1e6852	0x1801e6852	.text	ascii	X D8e
0x1e6882	0x1801e6882	.text	ascii	A_A^A\_^[]
0x1e6934	0x1801e6934	.text	ascii	D$(E3
0x1e6972	0x1801e6972	.text	ascii	X @8u
0x1e6b4a	0x1801e6b4a	.text	ascii	UVWATAUAVAWH
0x1e6b9b	0x1801e6b9b	.text	ascii	L$(E3
0x1e6be5	0x1801e6be5	.text	ascii	D8i(u
0x1e6df3	0x1801e6df3	.text	ascii	L$0f;
0x1e6dff	0x1801e6dff	.text	ascii	f;\$4
0x1e6e0b	0x1801e6e0b	.text	ascii	L$8f;
0x1e6e17	0x1801e6e17	.text	ascii	f;\$<
0x1e6e23	0x1801e6e23	.text	ascii	L$@f;
0x1e6e2f	0x1801e6e2f	.text	ascii	f;\$D
0x1e6e3b	0x1801e6e3b	.text	ascii	L$Hf;
0x1e6e47	0x1801e6e47	.text	ascii	f;\$L
0x1e6e53	0x1801e6e53	.text	ascii	L$Pf;
0x1e6e5f	0x1801e6e5f	.text	ascii	f;\$T
0x1e6e6b	0x1801e6e6b	.text	ascii	L$Xf;
0x1e6e77	0x1801e6e77	.text	ascii	f;\$\
0x1e6e83	0x1801e6e83	.text	ascii	L$`f;
0x1e6e89	0x1801e6e89	.text	ascii	rsf;\$d
0x1e6e97	0x1801e6e97	.text	ascii	L$hf;
0x1e6e9d	0x1801e6e9d	.text	ascii	r_f;\$l
0x1e6eab	0x1801e6eab	.text	ascii	L$pf;
0x1e6eb1	0x1801e6eb1	.text	ascii	rKf;\$t
0x1e6ebf	0x1801e6ebf	.text	ascii	L$xf;
0x1e6ec5	0x1801e6ec5	.text	ascii	r7f;\$|
0x1e7078	0x1801e7078	.text	ascii	D$0f;
0x1e7084	0x1801e7084	.text	ascii	f;\$4r
0x1e708c	0x1801e708c	.text	ascii	D$8f;
0x1e7098	0x1801e7098	.text	ascii	f;\$<r
0x1e70a0	0x1801e70a0	.text	ascii	D$@f;
0x1e70ac	0x1801e70ac	.text	ascii	f;\$Dr
0x1e70b4	0x1801e70b4	.text	ascii	D$Hf;
0x1e70c0	0x1801e70c0	.text	ascii	f;\$L
0x1e70cc	0x1801e70cc	.text	ascii	D$Pf;
0x1e70d8	0x1801e70d8	.text	ascii	f;\$T
0x1e70e4	0x1801e70e4	.text	ascii	D$Xf;
0x1e70f0	0x1801e70f0	.text	ascii	f;\$\
0x1e70fc	0x1801e70fc	.text	ascii	D$`f;
0x1e7102	0x1801e7102	.text	ascii	rvf;\$d
0x1e7110	0x1801e7110	.text	ascii	D$hf;
0x1e7116	0x1801e7116	.text	ascii	rbf;\$l
0x1e7124	0x1801e7124	.text	ascii	D$pf;
0x1e712a	0x1801e712a	.text	ascii	rNf;\$t
0x1e7138	0x1801e7138	.text	ascii	D$xf;
0x1e713e	0x1801e713e	.text	ascii	r:f;\$|
0x1e72ce	0x1801e72ce	.text	ascii	A_A^A]A\_^]
0x1e72eb	0x1801e72eb	.text	ascii	WATAUAVAWH
0x1e7378	0x1801e7378	.text	ascii	@8i(u
0x1e75ac	0x1801e75ac	.text	ascii	0A_A^A]A\_
0x1e78f6	0x1801e78f6	.text	ascii	\$ WH
0x1e79a3	0x1801e79a3	.text	ascii	WATAUAVAWH
0x1e7dff	0x1801e7dff	.text	ascii	D$`A+
0x1e7e4d	0x1801e7e4d	.text	ascii	 A_A^A]A\_
0x1e7e69	0x1801e7e69	.text	ascii	p AWH
0x1e850d	0x1801e850d	.text	ascii	UVWATAUAVAWH
0x1e88ad	0x1801e88ad	.text	ascii	0A_A^A]A\_^]
0x1e88c8	0x1801e88c8	.text	ascii	t$ WATAUAVAWH
0x1e8a0a	0x1801e8a0a	.text	ascii	t$HA_A^A]A\_
0x1e8a21	0x1801e8a21	.text	ascii	UVWATAUAVAWH
0x1e8abe	0x1801e8abe	.text	ascii	D$hA+
0x1e8ac5	0x1801e8ac5	.text	ascii	D$0M;
0x1e8fc7	0x1801e8fc7	.text	ascii	D+d$8
0x1e9671	0x1801e9671	.text	ascii	L$<;L$H
0x1e9ba6	0x1801e9ba6	.text	ascii	D$8+D$@
0x1e9d44	0x1801e9d44	.text	ascii	D$P90}
0x1ea186	0x1801ea186	.text	ascii	D+d$@
0x1ea542	0x1801ea542	.text	ascii	sv+E3
0x1ea5f3	0x1801ea5f3	.text	ascii	|$<E3
0x1ea710	0x1801ea710	.text	ascii	A_A^A]A\_^]
0x1ea7d5	0x1801ea7d5	.text	ascii	SUVWATAVAWH
0x1eac51	0x1801eac51	.text	ascii	A_A^A\_^][
0x1ead8b	0x1801ead8b	.text	ascii	|$ UH
0x1eadfe	0x1801eadfe	.text	ascii	f9<H}
0x1eaf35	0x1801eaf35	.text	ascii	(t$ H
0x1eaf49	0x1801eaf49	.text	ascii	(t$ 3
0x1eb0f7	0x1801eb0f7	.text	ascii	o|$0f
0x1eb0fd	0x1801eb0fd	.text	ascii	ot$ H
0x1eb2c3	0x1801eb2c3	.text	ascii	o|$0f
0x1eb2c9	0x1801eb2c9	.text	ascii	ot$ H
0x1eb2d2	0x1801eb2d2	.text	ascii	ffffff
0x1eb3a4	0x1801eb3a4	.text	ascii	o|$0f
0x1eb3aa	0x1801eb3aa	.text	ascii	ot$ H
0x1eb3b3	0x1801eb3b3	.text	ascii	fffff
0x1eb441	0x1801eb441	.text	ascii	o|$0f
0x1eb447	0x1801eb447	.text	ascii	ot$ H
0x1eb49c	0x1801eb49c	.text	ascii	o|$0f
0x1eb4a2	0x1801eb4a2	.text	ascii	ot$ H
0x1eb4c7	0x1801eb4c7	.text	ascii	o|$0f
0x1eb4cd	0x1801eb4cd	.text	ascii	ot$ H
0x1eb50a	0x1801eb50a	.text	ascii	o|$0f
0x1eb510	0x1801eb510	.text	ascii	ot$ H
0x1eb53e	0x1801eb53e	.text	ascii	o|$0f
0x1eb544	0x1801eb544	.text	ascii	ot$ H
0x1eb55b	0x1801eb55b	.text	ascii	o|$0f
0x1eb561	0x1801eb561	.text	ascii	ot$ H
0x1eb57b	0x1801eb57b	.text	ascii	o|$0f
0x1eb581	0x1801eb581	.text	ascii	ot$ H
0x1eb596	0x1801eb596	.text	ascii	o|$0f
0x1eb59c	0x1801eb59c	.text	ascii	ot$ H
0x1eb5bb	0x1801eb5bb	.text	ascii	o|$0f
0x1eb5c1	0x1801eb5c1	.text	ascii	ot$ H
0x1eb5ec	0x1801eb5ec	.text	ascii	o|$0f
0x1eb5f2	0x1801eb5f2	.text	ascii	ot$ H
0x1eb61b	0x1801eb61b	.text	ascii	o|$0f
0x1eb621	0x1801eb621	.text	ascii	ot$ H
0x1eb655	0x1801eb655	.text	ascii	o|$0f
0x1eb65b	0x1801eb65b	.text	ascii	ot$ H
0x1eb67f	0x1801eb67f	.text	ascii	o|$0f
0x1eb685	0x1801eb685	.text	ascii	ot$ H
0x1eb6a5	0x1801eb6a5	.text	ascii	o|$0f
0x1eb6ab	0x1801eb6ab	.text	ascii	ot$ H
0x1eb6da	0x1801eb6da	.text	ascii	o|$0f
0x1eb6e0	0x1801eb6e0	.text	ascii	ot$ H
0x1eb707	0x1801eb707	.text	ascii	o|$0f
0x1eb70d	0x1801eb70d	.text	ascii	ot$ H
0x1eb872	0x1801eb872	.text	ascii	ffffff
0x1eb89e	0x1801eb89e	.text	ascii	ot$ H
0x1eba08	0x1801eba08	.text	ascii	ot$ H
0x1eba11	0x1801eba11	.text	ascii	fffffff
0x1ebab5	0x1801ebab5	.text	ascii	ot$ H
0x1ebb21	0x1801ebb21	.text	ascii	ot$ H
0x1ebb52	0x1801ebb52	.text	ascii	ffffff
0x1ebb85	0x1801ebb85	.text	ascii	ot$ H
0x1ebbaa	0x1801ebbaa	.text	ascii	o|$0f
0x1ebbb0	0x1801ebbb0	.text	ascii	ot$ H
0x1ebbf0	0x1801ebbf0	.text	ascii	ot$ H
0x1ebc24	0x1801ebc24	.text	ascii	ot$ H
0x1ebc41	0x1801ebc41	.text	ascii	ot$ H
0x1ebc61	0x1801ebc61	.text	ascii	ot$ H
0x1ebc7c	0x1801ebc7c	.text	ascii	ot$ H
0x1ebca1	0x1801ebca1	.text	ascii	ot$ H
0x1ebcbc	0x1801ebcbc	.text	ascii	ot$ H
0x1ebcf2	0x1801ebcf2	.text	ascii	ot$ H
0x1ebd21	0x1801ebd21	.text	ascii	ot$ H
0x1ebd5b	0x1801ebd5b	.text	ascii	ot$ H
0x1ebd85	0x1801ebd85	.text	ascii	ot$ H
0x1ebdac	0x1801ebdac	.text	ascii	ot$ H
0x1ebde1	0x1801ebde1	.text	ascii	ot$ H
0x1ebe0d	0x1801ebe0d	.text	ascii	ot$ H
0x1ec0b9	0x1801ec0b9	.text	ascii	/D$pf
0x1ec613	0x1801ec613	.text	ascii	fffff
0x1ec761	0x1801ec761	.text	ascii	fffffff
0x1ec92c	0x1801ec92c	.text	ascii	D$0fH
0x1ecb61	0x1801ecb61	.text	ascii	fffffff
0x1ecc56	0x1801ecc56	.text	ascii	|(tEM
0x1ecc71	0x1801ecc71	.text	ascii	-ffffff
0x1ece83	0x1801ece83	.text	ascii	fffff
0x1ecec1	0x1801ecec1	.text	ascii	fffffff
0x1ecfd1	0x1801ecfd1	.text	ascii	fffffff
0x1ed022	0x1801ed022	.text	ascii	ffffff
0x1ed0d1	0x1801ed0d1	.text	ascii	fffffff
0x1ed28e	0x1801ed28e	.text	ascii	| t=M
0x1ed57c	0x1801ed57c	.text	ascii	|"t?M
0x1ed668	0x1801ed668	.text	ascii	|$ AVH
0x1ed6af	0x1801ed6af	.text	ascii	fD92t
0x1ed6b5	0x1801ed6b5	.text	ascii	fD91u
0x1ed8b8	0x1801ed8b8	.text	ascii	(t$0H
0x1ed94a	0x1801ed94a	.text	ascii	(t$0H
0x1ed966	0x1801ed966	.text	ascii	(t$0H
0x1eda02	0x1801eda02	.text	ascii	(t$0H
0x1eda4a	0x1801eda4a	.text	ascii	(t$0H
0x1edac3	0x1801edac3	.text	ascii	u+fff
0x1edaf5	0x1801edaf5	.text	ascii	L$ H3
0x1edb17	0x1801edb17	.text	ascii	t$ WH
0x1ee040	0x1801ee040	.text	ascii	|$ UATAUAVAWH
0x1ee417	0x1801ee417	.text	ascii	wGHcN
0x1ee518	0x1801ee518	.text	ascii	9^ t"H
0x1eef06	0x1801eef06	.text	ascii	A_A^A]A\]
0x1eef21	0x1801eef21	.text	ascii	x AVD
0x1eef28	0x1801eef28	.text	ascii	\$0E3
0x1eef4d	0x1801eef4d	.text	ascii	gfffM
0x1eefd3	0x1801eefd3	.text	ascii	|$(A^
0x1ef02e	0x1801ef02e	.text	ascii	gfffA
0x1ef060	0x1801ef060	.text	ascii	@UVWATAUAVAWH
0x1ef276	0x1801ef276	.text	ascii	e0A_A^A]A\_^]
0x1ef573	0x1801ef573	.text	ascii	WATAUAVAWH
0x1efac7	0x1801efac7	.text	ascii	f9,Au
0x1efb20	0x1801efb20	.text	ascii	f9,Au
0x1efb79	0x1801efb79	.text	ascii	f9,Au
0x1efbce	0x1801efbce	.text	ascii	f9,Au
0x1efbe9	0x1801efbe9	.text	ascii	@8l$Ht
0x1efc13	0x1801efc13	.text	ascii	A_A^A]A\_
0x1efc29	0x1801efc29	.text	ascii	l$ E3
0x1efc66	0x1801efc66	.text	ascii	UWATAVAWH
0x1efd62	0x1801efd62	.text	ascii	E0t H
0x1efd7f	0x1801efd7f	.text	ascii	!H+}0
0x1efdc6	0x1801efdc6	.text	ascii	A_A^A\_]
0x1efdf9	0x1801efdf9	.text	ascii	x AVH
0x1efe10	0x1801efe10	.text	ascii	u$D8r(t
0x1efe36	0x1801efe36	.text	ascii	D81u`L9r
0x1efe3f	0x1801efe3f	.text	ascii	uPD8r(t
0x1efede	0x1801efede	.text	ascii	vWD8s(t
0x1effac	0x1801effac	.text	ascii	@8j(t
0x1effc7	0x1801effc7	.text	ascii	f9)u4H9j
0x1effd0	0x1801effd0	.text	ascii	u%@8j(t
0x1f0049	0x1801f0049	.text	ascii	@8k(t
0x1f00d9	0x1801f00d9	.text	ascii	x UATAUAVAWH
0x1f022b	0x1801f022b	.text	ascii	A_A^A]A\]
0x1f0397	0x1801f0397	.text	ascii	98t H
0x1f04cf	0x1801f04cf	.text	ascii	L$ WH
0x1f05fa	0x1801f05fa	.text	ascii	u3HcH<H
0x1f0775	0x1801f0775	.text	ascii	x ATAVAWH
0x1f08a3	0x1801f08a3	.text	ascii	< t;<
0x1f0919	0x1801f0919	.text	ascii	 A_A^A\
0x1f0989	0x1801f0989	.text	ascii	UVWAVAWH
0x1f0a07	0x1801f0a07	.text	ascii	D$ E3
0x1f0af8	0x1801f0af8	.text	ascii	0A_A^_^]
0x1f0bf9	0x1801f0bf9	.text	ascii	x AVH
0x1f0d0b	0x1801f0d0b	.text	ascii	WAVAWH
0x1f0d3a	0x1801f0d3a	.text	ascii	fA9,@u
0x1f0d7e	0x1801f0d7e	.text	ascii	fA9,vu
0x1f0dec	0x1801f0dec	.text	ascii	0A_A^_
0x1f0e0c	0x1801f0e0c	.text	ascii	l$ E3
0x1f0fe3	0x1801f0fe3	.text	ascii	L$ WH
0x1f101f	0x1801f101f	.text	ascii	L$ WH
0x1f1063	0x1801f1063	.text	ascii	WAVAWH
0x1f11fb	0x1801f11fb	.text	ascii	 A_A^_
0x1f1213	0x1801f1213	.text	ascii	WAVAWH
0x1f1312	0x1801f1312	.text	ascii	 A_A^_
0x1f1627	0x1801f1627	.text	ascii	L$ WH
0x1f1667	0x1801f1667	.text	ascii	t$ UWAUAVAWH
0x1f16fe	0x1801f16fe	.text	ascii	A_A^A]_]
0x1f1ad1	0x1801f1ad1	.text	ascii	s WATAUAVAWH
0x1f1bce	0x1801f1bce	.text	ascii	H9\$P
0x1f1c60	0x1801f1c60	.text	ascii	L$v8\$vt*8Y
0x1f1d4c	0x1801f1d4c	.text	ascii	d$XfA
0x1f1dce	0x1801f1dce	.text	ascii	T$v8\$vt?8Z
0x1f20fe	0x1801f20fe	.text	ascii	A_A^A]A\_
0x1f23bb	0x1801f23bb	.text	ascii	L$ WH
0x1f23fb	0x1801f23fb	.text	ascii	L$ WH
0x1f243b	0x1801f243b	.text	ascii	L$ WH
0x1f2483	0x1801f2483	.text	ascii	L$ WH
0x1f29fb	0x1801f29fb	.text	ascii	L$ WH
0x1f2b3c	0x1801f2b3c	.text	ascii	L$ WH
0x1f2ba2	0x1801f2ba2	.text	ascii	L$ SH
0x1f2bce	0x1801f2bce	.text	ascii	\$ WH
0x1f2e26	0x1801f2e26	.text	ascii	l$ E3
0x1f2e47	0x1801f2e47	.text	ascii	WAVAWH
0x1f2e66	0x1801f2e66	.text	ascii	fD9;u
0x1f2e75	0x1801f2e75	.text	ascii	;.u1L
0x1f2e7d	0x1801f2e7d	.text	ascii	fE98t'
0x1f2f80	0x1801f2f80	.text	ascii	0A_A^_
0x1f2f8c	0x1801f2f8c	.text	ascii	|$ E3
0x1f305c	0x1801f305c	.text	ascii	@USVWATAUAVAWH
0x1f30d7	0x1801f30d7	.text	ascii	A_A^A]A\_^[]
0x1f30e6	0x1801f30e6	.text	ascii	9Cu,fD9y
0x1f342a	0x1801f342a	.text	ascii	fD9,xu
0x1f344d	0x1801f344d	.text	ascii	t$XfD9+t#
0x1f347b	0x1801f347b	.text	ascii	D$8fD
0x1f3486	0x1801f3486	.text	ascii	t$0E3
0x1f34b8	0x1801f34b8	.text	ascii	l$ E3
0x1f34cd	0x1801f34cd	.text	ascii	l$ E3
0x1f34ee	0x1801f34ee	.text	ascii	H SUVWH
0x1f352c	0x1801f352c	.text	ascii	H_^][
0x1f35fb	0x1801f35fb	.text	ascii	WATAUAVAWH
0x1f3637	0x1801f3637	.text	ascii	0A_A^A]A\_
0x1f37c6	0x1801f37c6	.text	ascii	d$ E3
0x1f37da	0x1801f37da	.text	ascii	\$ UVWATAUAVAWH
0x1f38bf	0x1801f38bf	.text	ascii	fD9,Au
0x1f3939	0x1801f3939	.text	ascii	D$@fD
0x1f399f	0x1801f399f	.text	ascii	A_A^A]A\_^]
0x1f39f7	0x1801f39f7	.text	ascii	D$@H+
0x1f3a5d	0x1801f3a5d	.text	ascii	l$ E3
0x1f3a72	0x1801f3a72	.text	ascii	\$ UVWATAUAVAWH
0x1f3b34	0x1801f3b34	.text	ascii	fD9,pu
0x1f3b90	0x1801f3b90	.text	ascii	|$`CI
0x1f3b9f	0x1801f3b9f	.text	ascii	f9t$bu
0x1f3d31	0x1801f3d31	.text	ascii	A_A^A]A\_^]
0x1f3d44	0x1801f3d44	.text	ascii	H9D$HtTH
0x1f3dc6	0x1801f3dc6	.text	ascii	t$ E3
0x1f3ddd	0x1801f3ddd	.text	ascii	UVWATAUAVAWH
0x1f3e4e	0x1801f3e4e	.text	ascii	fE9,Fu
0x1f3fc7	0x1801f3fc7	.text	ascii	A_A^A]A\_^]
0x1f40b2	0x1801f40b2	.text	ascii	VWAVH
0x1f417f	0x1801f417f	.text	ascii	0A^_^
0x1f4238	0x1801f4238	.text	ascii	|$ AVH
0x1f45bb	0x1801f45bb	.text	ascii	UVWATAUAVAWH
0x1f4646	0x1801f4646	.text	ascii	A8z(u
0x1f486d	0x1801f486d	.text	ascii	fB9<I}1L
0x1f4a3f	0x1801f4a3f	.text	ascii	A_A^A]A\_^]
0x1f4ab6	0x1801f4ab6	.text	ascii	\$@H;
0x1f4bc2	0x1801f4bc2	.text	ascii	\$@H;
0x1f4c0a	0x1801f4c0a	.text	ascii	L$0H+
0x1f4c7a	0x1801f4c7a	.text	ascii	VWATAVAW
0x1f4ce5	0x1801f4ce5	.text	ascii	L$PI;
0x1f4d2c	0x1801f4d2c	.text	ascii	D$PL+
0x1f4ddb	0x1801f4ddb	.text	ascii	A_A^A\_^
0x1f4e8a	0x1801f4e8a	.text	ascii	VATAUAVAWH
0x1f4ec7	0x1801f4ec7	.text	ascii	0A_A^A]A\^
0x1f4f9c	0x1801f4f9c	.text	ascii	@USVWATAUAVAWH
0x1f5203	0x1801f5203	.text	ascii	H!D$ E
0x1f52bd	0x1801f52bd	.text	ascii	hA_A^A]A\_^[]
0x1f5437	0x1801f5437	.text	ascii	D$0H9D$8
0x1f5673	0x1801f5673	.text	ascii	L$ WH
0x1f5990	0x1801f5990	.text	ascii	t$ WH
0x1f5acf	0x1801f5acf	.text	ascii	L$ WH
0x1f5b68	0x1801f5b68	.text	ascii	t$ WATAUAVAWH
0x1f5cd0	0x1801f5cd0	.text	ascii	 A_A^A]A\_
0x1f6759	0x1801f6759	.text	ascii	x AVH
0x1f6781	0x1801f6781	.text	ascii	fD9t$b
0x1f6859	0x1801f6859	.text	ascii	x AVH
0x1f6ba6	0x1801f6ba6	.text	ascii	\$ UVWATAUAVAWH
0x1f6c36	0x1801f6c36	.text	ascii	s/fD9
0x1f6cbf	0x1801f6cbf	.text	ascii	D$pf;
0x1f6d1b	0x1801f6d1b	.text	ascii	_f9l$pu
0x1f6d3b	0x1801f6d3b	.text	ascii	f9l$pt<f
0x1f6d92	0x1801f6d92	.text	ascii	0A_A^A]A\_^]
0x1f6da5	0x1801f6da5	.text	ascii	UVWATAUAVAWH
0x1f6fbe	0x1801f6fbe	.text	ascii	8HtjH
0x1f70c2	0x1801f70c2	.text	ascii	0A_A^A]A\_^]
0x1f70e2	0x1801f70e2	.text	ascii	AUAVAWH
0x1f7122	0x1801f7122	.text	ascii	 A_A^A]
0x1f71fa	0x1801f71fa	.text	ascii	UVWATAUAVAWH
0x1f723b	0x1801f723b	.text	ascii	D;->/
0x1f73a1	0x1801f73a1	.text	ascii	8HtyB
0x1f7550	0x1801f7550	.text	ascii	@8t$HtzL
0x1f7588	0x1801f7588	.text	ascii	fA90u
0x1f7642	0x1801f7642	.text	ascii	`A_A^A]A\_^]
0x1f781b	0x1801f781b	.text	ascii	UVWATAUAVAWH
0x1f78ce	0x1801f78ce	.text	ascii	L$xE3
0x1f790a	0x1801f790a	.text	ascii	HcS H
0x1f795a	0x1801f795a	.text	ascii	 A_A^A]A\_^]
0x1f796d	0x1801f796d	.text	ascii	UVWATAUAVAW
0x1f7a58	0x1801f7a58	.text	ascii	D$0H;
0x1f7ab3	0x1801f7ab3	.text	ascii	D$@H+
0x1f7ae2	0x1801f7ae2	.text	ascii	A_A^A]A\_^]
0x1f7bfa	0x1801f7bfa	.text	ascii	VATAUAVAWH
0x1f7c38	0x1801f7c38	.text	ascii	0A_A^A]A\^
0x1f7f0b	0x1801f7f0b	.text	ascii	L$ WH
0x1f809c	0x1801f809c	.text	ascii	t$ WATAUAVAWH
0x1f80e3	0x1801f80e3	.text	ascii	L$(E3
0x1f821c	0x1801f821c	.text	ascii	D8[(u
0x1f83d0	0x1801f83d0	.text	ascii	gfffffffH
0x1f8419	0x1801f8419	.text	ascii	A_A^A]A\_
0x1f8435	0x1801f8435	.text	ascii	{ AVH
0x1f848c	0x1801f848c	.text	ascii	|$@-D
0x1f8539	0x1801f8539	.text	ascii	{ AUAVAWH
0x1f85a8	0x1801f85a8	.text	ascii	0A_A^A]
0x1f85ba	0x1801f85ba	.text	ascii	t$xt*3
0x1f8676	0x1801f8676	.text	ascii	80tWD
0x1f86b3	0x1801f86b3	.text	ascii	gfffA
0x1f8758	0x1801f8758	.text	ascii	D$DE3
0x1f875f	0x1801f875f	.text	ascii	|$@-D
0x1f87f3	0x1801f87f3	.text	ascii	WAVAWH
0x1f892a	0x1801f892a	.text	ascii	 A_A^_
0x1f8945	0x1801f8945	.text	ascii	s AWH
0x1f8983	0x1801f8983	.text	ascii	|$DE3
0x1f898a	0x1801f898a	.text	ascii	|$@-D
0x1f8a99	0x1801f8a99	.text	ascii	x ATAVAWH
0x1f8b96	0x1801f8b96	.text	ascii	 A_A^A\
0x1f8e95	0x1801f8e95	.text	ascii	L$ VWAVH
0x1f8f83	0x1801f8f83	.text	ascii	@A^_^
0x1f8fd5	0x1801f8fd5	.text	ascii	9\$hu
0x1f9019	0x1801f9019	.text	ascii	|$(E3
0x1f9049	0x1801f9049	.text	ascii	x AVH
0x1f9089	0x1801f9089	.text	ascii	E8q(u
0x1f90f2	0x1801f90f2	.text	ascii	fD94H}aD
0x1f91e8	0x1801f91e8	.text	ascii	@SUVWATAVAWH
0x1f938b	0x1801f938b	.text	ascii	L$0H3
0x1f9399	0x1801f9399	.text	ascii	@A_A^A\_^][
0x1f94a0	0x1801f94a0	.text	ascii	t$ WATAUAVAWH
0x1f963e	0x1801f963e	.text	ascii	0A_A^A]A\_
0x1f96fc	0x1801f96fc	.text	ascii	|$ AVH
0x1f9800	0x1801f9800	.text	ascii	@USVAVH
0x1f992d	0x1801f992d	.text	ascii	A^^[]
0x1f9940	0x1801f9940	.text	ascii	@USVAVH
0x1f9a7a	0x1801f9a7a	.text	ascii	A^^[]
0x1f9ad8	0x1801f9ad8	.text	ascii	@UATAUAVAWH
0x1f9b05	0x1801f9b05	.text	ascii	Hc}`I
0x1f9dff	0x1801f9dff	.text	ascii	A_A^A]A\]
0x1fa9ca	0x1801fa9ca	.text	ascii	L$8E3
0x1faa1b	0x1801faa1b	.text	ascii	(t$`H
0x1faad1	0x1801faad1	.text	ascii	(t$`H
0x1fae0b	0x1801fae0b	.text	ascii	|#tAM
0x1fb2e2	0x1801fb2e2	.text	ascii	ffffff
0x1fb321	0x1801fb321	.text	ascii	@ffffff
0x1fb458	0x1801fb458	.text	ascii	(t$PH
0x1fb475	0x1801fb475	.text	ascii	x AVH
0x1fb65b	0x1801fb65b	.text	ascii	fD97t
0x1fb6b6	0x1801fb6b6	.text	ascii	fD97t
0x1fb797	0x1801fb797	.text	ascii	D$08X
0x1fba71	0x1801fba71	.text	ascii	tqfA;
0x1fbaab	0x1801fbaab	.text	ascii	t7fA;
0x1fbc95	0x1801fbc95	.text	ascii	8D$Xt
0x1fbd10	0x1801fbd10	.text	ascii	@USVWATAVAWH
0x1fbd98	0x1801fbd98	.text	ascii	fD9$Ou
0x1fbdbe	0x1801fbdbe	.text	ascii	0A_A^A\_^[]
0x1fbde0	0x1801fbde0	.text	ascii	fD9$wu
0x1fbe56	0x1801fbe56	.text	ascii	fD9't
0x1fbf39	0x1801fbf39	.text	ascii	}HfD9#A
0x1fbf7e	0x1801fbf7e	.text	ascii	d$ E3
0x1fbf92	0x1801fbf92	.text	ascii	\$ UVWH
0x1fc108	0x1801fc108	.text	ascii	\$ E3
0x1fc2a2	0x1801fc2a2	.text	ascii	L$ E3
0x1fc4ed	0x1801fc4ed	.text	ascii	x AVH
0x1fc504	0x1801fc504	.text	ascii	u$D8r(t
0x1fc52a	0x1801fc52a	.text	ascii	fD91u_L9r
0x1fc534	0x1801fc534	.text	ascii	uPD8r(t
0x1fc5da	0x1801fc5da	.text	ascii	vVD8s(t
0x1fc68d	0x1801fc68d	.text	ascii	UVWATAUAVAWH
0x1fc6de	0x1801fc6de	.text	ascii	EH*?H
0x1fc89f	0x1801fc89f	.text	ascii	PA_A^A]A\_^]
0x1fc8d3	0x1801fc8d3	.text	ascii	WATAUAVAWH
0x1fc8f5	0x1801fc8f5	.text	ascii	@8<)u
0x1fc923	0x1801fc923	.text	ascii	0A_A^A]A\_
0x1fc98d	0x1801fc98d	.text	ascii	H9>u+A
0x1fc9bc	0x1801fc9bc	.text	ascii	]L+6H
0x1fca38	0x1801fca38	.text	ascii	|$ E3
0x1fca48	0x1801fca48	.text	ascii	@USVWATAUAVH
0x1fca8a	0x1801fca8a	.text	ascii	,/<-w
0x1fcbea	0x1801fcbea	.text	ascii	D8t$ht
0x1fcc07	0x1801fcc07	.text	ascii	I+4$H
0x1fcd45	0x1801fcd45	.text	ascii	D8t$ht
0x1fcd9b	0x1801fcd9b	.text	ascii	A^A]A\_^[]
0x1fce66	0x1801fce66	.text	ascii	8D$@t
0x1fcedb	0x1801fcedb	.text	ascii	L$ WH
0x1fd3c7	0x1801fd3c7	.text	ascii	UWAVH
0x1fd66e	0x1801fd66e	.text	ascii	\$0H;
0x1fd690	0x1801fd690	.text	ascii	L$0H;
0x1fd75f	0x1801fd75f	.text	ascii	l$ VWATAVAWH
0x1fd84d	0x1801fd84d	.text	ascii	L$&8\$&t,8Y
0x1fd9fc	0x1801fd9fc	.text	ascii	L$8H3
0x1fda17	0x1801fda17	.text	ascii	A_A^A\_^
0x1fdae1	0x1801fdae1	.text	ascii	x AVH
0x1fdb27	0x1801fdb27	.text	ascii	t$8H+
0x1fdc13	0x1801fdc13	.text	ascii	f9,Fu
0x1fdc8b	0x1801fdc8b	.text	ascii	WATAUAVAWH
0x1fde04	0x1801fde04	.text	ascii	ht?fB94ht8H
0x1fde27	0x1801fde27	.text	ascii	xaI96t\I
0x1fdf00	0x1801fdf00	.text	ascii	fC94wu
0x1fdfc0	0x1801fdfc0	.text	ascii	0A_A^A]A\_
0x1fdfd0	0x1801fdfd0	.text	ascii	t$ E3
0x1fdff1	0x1801fdff1	.text	ascii	x AVH
0x1fe061	0x1801fe061	.text	ascii	f9,pu
0x1fe0b9	0x1801fe0b9	.text	ascii	l$ E3
0x1fe2bb	0x1801fe2bb	.text	ascii	L$ WH
0x1fe353	0x1801fe353	.text	ascii	t$ WATAUAVAWH
0x1fe368	0x1801fe368	.text	ascii	D!|$xA
0x1fe3f3	0x1801fe3f3	.text	ascii	A_A^A]A\_
0x1fe509	0x1801fe509	.text	ascii	D$(H;
0x1fe61f	0x1801fe61f	.text	ascii	WATAVH
0x1fe665	0x1801fe665	.text	ascii	\$ E3
0x1fe68d	0x1801fe68d	.text	ascii	|$xL;
0x1fe728	0x1801fe728	.text	ascii	0A^A\_
0x1fe737	0x1801fe737	.text	ascii	VWAVH
0x1fe78c	0x1801fe78c	.text	ascii	t$ E3
0x1fe7a5	0x1801fe7a5	.text	ascii	E8q(u
0x1fe87a	0x1801fe87a	.text	ascii	E81t"A
0x1fe88a	0x1801fe88a	.text	ascii	fD94Q}
0x1fe8d6	0x1801fe8d6	.text	ascii	D84:u
0x1fe922	0x1801fe922	.text	ascii	@A^_^
0x1fe9df	0x1801fe9df	.text	ascii	WATAVH
0x1fea14	0x1801fea14	.text	ascii	|$xL;
0x1fea4e	0x1801fea4e	.text	ascii	\$ E3
0x1feadc	0x1801feadc	.text	ascii	0A^A\_
0x1feae4	0x1801feae4	.text	ascii	@USVWATAUAVAWH
0x1feb60	0x1801feb60	.text	ascii	E8a(u
0x1fec16	0x1801fec16	.text	ascii	fD9 t
0x1fee15	0x1801fee15	.text	ascii	xA_A^A]A\_^[]
0x1feedc	0x1801feedc	.text	ascii	@UAVAWH
0x1ff04f	0x1801ff04f	.text	ascii	e0A_A^]
0x1ff058	0x1801ff058	.text	ascii	@SUVWATAVAWH
0x1ff200	0x1801ff200	.text	ascii	A_A^A\_^][
0x1ff210	0x1801ff210	.text	ascii	|$ E3
0x1ff220	0x1801ff220	.text	ascii	@UATAUAVAWH
0x1ff3a3	0x1801ff3a3	.text	ascii	e0A_A^A]A\]
0x1ff953	0x1801ff953	.text	ascii	UATAUAVAWH
0x1ffe55	0x1801ffe55	.text	ascii	A_A^A]A\]
0x1ffedb	0x1801ffedb	.text	ascii	WATAUAVAWH
0x2001a9	0x1802001a9	.text	ascii	A_A^A]A\_
0x2001f7	0x1802001f7	.text	ascii	UATAUAVAWH
0x20051c	0x18020051c	.text	ascii	A_A^A]A\]
0x200a2f	0x180200a2f	.text	ascii	t$8H+
0x200af3	0x180200af3	.text	ascii	fB9<Hu
0x200b3d	0x180200b3d	.text	ascii	|$ E3
0x200b6c	0x180200b6c	.text	ascii	f9<Ju
0x200b85	0x180200b85	.text	ascii	fB9<@u
0x200c39	0x180200c39	.text	ascii	fB9<Bu
0x200cc4	0x180200cc4	.text	ascii	|$ AVH
0x200d91	0x180200d91	.text	ascii	fF9tM
0x200d9e	0x180200d9e	.text	ascii	urD9s
0x200da4	0x180200da4	.text	ascii	t)LcC
0x200dc5	0x180200dc5	.text	ascii	fF9tM
0x200deb	0x180200deb	.text	ascii	fF9tM
0x200e92	0x180200e92	.text	ascii	fD9t}
0x200eb2	0x180200eb2	.text	ascii	fD94Ju
0x200f01	0x180200f01	.text	ascii	fD94Au
0x200f19	0x180200f19	.text	ascii	fD91u H
0x200f22	0x180200f22	.text	ascii	fD9t}
0x200f82	0x180200f82	.text	ascii	fD91u
0x200f8b	0x180200f8b	.text	ascii	fD9t}
0x200f9a	0x180200f9a	.text	ascii	t$ E3
0x20102b	0x18020102b	.text	ascii	fB94Ou
0x201086	0x180201086	.text	ascii	t$ E3
0x2010b6	0x1802010b6	.text	ascii	t}f91txH
0x2011ac	0x1802011ac	.text	ascii	L$8H3
0x2011d5	0x1802011d5	.text	ascii	x ATAVAWH
0x201255	0x180201255	.text	ascii	 A_A^A\
0x20126f	0x18020126f	.text	ascii	WATAUAVAWH
0x2012be	0x1802012be	.text	ascii	fE9(t
0x2012dd	0x1802012dd	.text	ascii	fD9(tPH
0x2012e6	0x1802012e6	.text	ascii	fD9(t
0x20131f	0x18020131f	.text	ascii	fD9(t
0x20134a	0x18020134a	.text	ascii	fD9/u
0x2013c3	0x1802013c3	.text	ascii	fG9,Lu
0x2014b9	0x1802014b9	.text	ascii	0A_A^A]A\_
0x2014c9	0x1802014c9	.text	ascii	l$ E3
0x2014e8	0x1802014e8	.text	ascii	t$ WH
0x2015ec	0x1802015ec	.text	ascii	fB9<Hu
0x201606	0x180201606	.text	ascii	fB9<@u
0x2016b9	0x1802016b9	.text	ascii	fB9<Bu
0x201736	0x180201736	.text	ascii	VWAVH
0x201812	0x180201812	.text	ascii	u`D9v
0x201818	0x180201818	.text	ascii	t5LcF
0x20183e	0x18020183e	.text	ascii	fD94Au
0x2018e6	0x1802018e6	.text	ascii	fD94iu
0x2018fd	0x1802018fd	.text	ascii	u4D9v
0x201ae6	0x180201ae6	.text	ascii	tSf91tNH
0x201bc3	0x180201bc3	.text	ascii	tZ;|$0tM
0x201c47	0x180201c47	.text	ascii	WAVAWH
0x201ca8	0x180201ca8	.text	ascii	 A_A^_
0x201cc0	0x180201cc0	.text	ascii	@USVWATAVAWH
0x201d2a	0x180201d2a	.text	ascii	fD9 t
0x201d56	0x180201d56	.text	ascii	tzfD9 ttH
0x201d66	0x180201d66	.text	ascii	fD9 t
0x201db6	0x180201db6	.text	ascii	fD9 t
0x201dd8	0x180201dd8	.text	ascii	tQfD9 tK
0x201df6	0x180201df6	.text	ascii	fD9$Hu
0x201f34	0x180201f34	.text	ascii	@A_A^A\_^[]
0x2021b5	0x1802021b5	.text	ascii	x AVH
0x20229b	0x18020229b	.text	ascii	ATAVAWH
0x20231e	0x18020231e	.text	ascii	t$(I;
0x2023c2	0x1802023c2	.text	ascii	0A_A^A\
0x202637	0x180202637	.text	ascii	WAVAWH
0x2026a7	0x1802026a7	.text	ascii	 A_A^_
0x2027c6	0x1802027c6	.text	ascii	D$pE3
0x2027ce	0x1802027ce	.text	ascii	D$(E3
0x2028b3	0x1802028b3	.text	ascii	USVWATAVAWH
0x202eb9	0x180202eb9	.text	ascii	+t$03
0x203b0e	0x180203b0e	.text	ascii	A_A^A\_^[]
0x203e7b	0x180203e7b	.text	ascii	\$ %?
0x204080	0x180204080	.text	ascii	@SUAVH
0x2040af	0x1802040af	.text	ascii	@A^][
0x2040c4	0x1802040c4	.text	ascii	@A^][
0x204255	0x180204255	.text	ascii	@A^][
0x20432d	0x18020432d	.text	ascii	s WAVAWH
0x2044d3	0x1802044d3	.text	ascii	9D$Pu
0x204550	0x180204550	.text	ascii	T$PD+
0x204584	0x180204584	.text	ascii	0A_A^_
0x204590	0x180204590	.text	ascii	\$ E3
0x2045aa	0x1802045aa	.text	ascii	VWAVH
0x20471d	0x18020471d	.text	ascii	u~9t$Xt
0x204797	0x180204797	.text	ascii	0A^_^
0x20488b	0x18020488b	.text	ascii	UATAUAVAWH
0x204c81	0x180204c81	.text	ascii	A_A^A]A\]
0x204dee	0x180204dee	.text	ascii	f9,^u
0x204e00	0x180204e00	.text	ascii	f9,Hu
0x204e65	0x180204e65	.text	ascii	p AWH
0x204f37	0x180204f37	.text	ascii	\$ E3
0x204f60	0x180204f60	.text	ascii	ATAUAVAWH
0x20525d	0x18020525d	.text	ascii	L$ |+L;
0x205279	0x180205279	.text	ascii	L$ I;
0x2052a4	0x1802052a4	.text	ascii	L$ L;
0x2052ef	0x1802052ef	.text	ascii	A_A^A]A\
0x205383	0x180205383	.text	ascii	u+fff
0x2054a5	0x1802054a5	.text	ascii	L$ H3
0x2054ba	0x1802054ba	.text	ascii	L$ H3
0x205b2d	0x180205b2d	.text	ascii	UVWATAUAVAWH
0x205bd8	0x180205bd8	.text	ascii	D$ L+
0x205c58	0x180205c58	.text	ascii	L$8H3
0x205c6e	0x180205c6e	.text	ascii	@A_A^A]A\_^]
0x205c8b	0x180205c8b	.text	ascii	WAVAWH
0x205ca6	0x180205ca6	.text	ascii	D8|$`t
0x205d48	0x180205d48	.text	ascii	 A_A^_
0x20601a	0x18020601a	.text	ascii	L$49K
0x2062f9	0x1802062f9	.text	ascii	ot$ H
0x206302	0x180206302	.text	ascii	ffffff
0x2063ce	0x1802063ce	.text	ascii	ot$ H
0x206472	0x180206472	.text	ascii	ot$ H
0x2065b6	0x1802065b6	.text	ascii	ot$ H
0x206660	0x180206660	.text	ascii	ot$ H
0x2066b8	0x1802066b8	.text	ascii	ot$ H
0x2066c1	0x1802066c1	.text	ascii	fffffff
0x2066e6	0x1802066e6	.text	ascii	ot$ H
0x206722	0x180206722	.text	ascii	ot$ H
0x206911	0x180206911	.text	ascii	x ATAVAWH
0x2069d0	0x1802069d0	.text	ascii	 @8~8t
0x2069e8	0x1802069e8	.text	ascii	@8~0t
0x2069fa	0x1802069fa	.text	ascii	dybE3
0x206a11	0x180206a11	.text	ascii	@8~0tH
0x206a4f	0x180206a4f	.text	ascii	@8~0t
0x206a86	0x180206a86	.text	ascii	 A_A^A\
0x206b41	0x180206b41	.text	ascii	x AVH
0x206fc0	0x180206fc0	.text	ascii	(t$PH
0x207075	0x180207075	.text	ascii	x AVH
0x207180	0x180207180	.text	ascii	LcA<E3
0x20722a	0x18020722a	.text	ascii	HcQ<H
0x20725d	0x18020725d	.text	ascii	x AVH
0x2072e5	0x1802072e5	.text	ascii	x AVH
0x20754b	0x18020754b	.text	ascii	t'fE9
0x207671	0x180207671	.text	ascii	fffffff
0x207732	0x180207732	.text	ascii	ffffff
0x2077f3	0x1802077f3	.text	ascii	fffff
0x2078f1	0x1802078f1	.text	ascii	vKfffff
0x207b93	0x180207b93	.text	ascii	fffff
0x207e01	0x180207e01	.text	ascii	fffffff
0x207fa1	0x180207fa1	.text	ascii	fffffff
0x2083c8	0x1802083c8	.text	ascii	@SUWH
0x20846f	0x18020846f	.text	ascii	@SUWH
0x209870	0x180209870	.rdata	ascii	0123456789abcdefghijklmnopqrstuvwxyz
0x2098a0	0x1802098a0	.rdata	ascii	00010203040506070809101112131415161718192021222324252627282930313233343536373839404142434445464748495051525354555657585960616263646566676869707172737475767778798081828384858687888990919293949596979899
0x209978	0x180209978	.rdata	ascii	gffffff
0x209de8	0x180209de8	.rdata	ascii	ffffff
0x20c1b7	0x18020c1b7	.rdata	ascii	 7 2 
0x20c410	0x18020c410	.rdata	ascii	=Qe5Xs
0x20c5c9	0x18020c5c9	.rdata	ascii	s>O{o
0x20c63f	0x18020c63f	.rdata	ascii	C\H%D
0x20c8d2	0x18020c8d2	.rdata	ascii	he8wt
0x20cb47	0x18020cb47	.rdata	ascii	^ydud
0x20cb74	0x18020cb74	.rdata	ascii	6 ::]
0x20cbc7	0x18020cbc7	.rdata	ascii	*)b6eO
0x20cdb3	0x18020cdb3	.rdata	ascii	T`LVH
0x20cf7b	0x18020cf7b	.rdata	ascii	k8`9VJup
0x20d022	0x18020d022	.rdata	ascii	nMh!4
0x20d178	0x18020d178	.rdata	ascii	l$V y
0x20d1b4	0x18020d1b4	.rdata	ascii	gG8Xp
0x20d3b8	0x18020d3b8	.rdata	ascii	Iq#+:
0x20d439	0x18020d439	.rdata	ascii	_&lY\
0x20d4f5	0x18020d4f5	.rdata	ascii	&Z,"xA
0x20d976	0x18020d976	.rdata	ascii	tbGPQ
0x20da64	0x18020da64	.rdata	ascii	"15:78
0x20dc98	0x18020dc98	.rdata	ascii	htP,k
0x20e2ad	0x18020e2ad	.rdata	ascii	lhduI\
0x20eb28	0x18020eb28	.rdata	ascii	000102030405060708091011121314151617181920212223242526272829303132333435363738394041424344454647484950515253545556575859606162636465666768697071727374757677787980818283848586878889909192939495969798990001020304050607080910111213141516171819202122232425262728293031323334353637383940414243444546474849505152535455565758596061626364656667686970717273747576777879808182838485868788899091929394959697989900010203040506070809101112131415161718192021222324252627282930313233343536373839404142434445464748495051525354555657585960616263646566676869707172737475767778798081828384858687888990919293949596979899
0x20edc2	0x18020edc2	.rdata	ascii	U1(\Q
0x20ef11	0x18020ef11	.rdata	ascii	~)p$w
0x20ef61	0x18020ef61	.rdata	ascii	11eU%
0x20f2e8	0x18020f2e8	.rdata	ascii	3333333
0x20f3d6	0x18020f3d6	.rdata	ascii	6Pipb
0x20f3de	0x18020f3de	.rdata	ascii	0$?k5L
0x20f46d	0x18020f46d	.rdata	ascii	}Pt.k
0x20f51f	0x18020f51f	.rdata	ascii	'{+C#
0x20f88a	0x18020f88a	.rdata	ascii	,vSh]
0x20f95a	0x18020f95a	.rdata	ascii	'QvNu
0x20f97f	0x18020f97f	.rdata	ascii	)f4=f|
0x20fc5d	0x18020fc5d	.rdata	ascii	ws?`y
0x20fe22	0x18020fe22	.rdata	ascii	%91gg
0x20ff6f	0x18020ff6f	.rdata	ascii	U'%KHl?
0x210198	0x180210198	.rdata	ascii	<v9(Lp
0x2101a8	0x1802101a8	.rdata	ascii	eBIu'
0x2104ba	0x1802104ba	.rdata	ascii	Zx[CDR
0x210700	0x180210700	.rdata	ascii	D|-E*w
0x210769	0x180210769	.rdata	ascii	,LeG,,
0x210827	0x180210827	.rdata	ascii	~YKv~`
0x210949	0x180210949	.rdata	ascii	Vg#P4
0x210a7d	0x180210a7d	.rdata	ascii	eB.7C
0x210b00	0x180210b00	.rdata	ascii	<i5u&
0x210b86	0x180210b86	.rdata	ascii	!Qw{6(
0x210bde	0x180210bde	.rdata	ascii	9hec+
0x210c3d	0x180210c3d	.rdata	ascii	Z>r58
0x210dde	0x180210dde	.rdata	ascii	o~zZd
0x210e22	0x180210e22	.rdata	ascii	Shqnwm*
0x2111f8	0x1802111f8	.rdata	ascii	_>fFqH'
0x2113d0	0x1802113d0	.rdata	ascii	0F'%>
0x211576	0x180211576	.rdata	ascii	u26MV
0x211687	0x180211687	.rdata	ascii	dY-0^
0x2116d5	0x1802116d5	.rdata	ascii	y[AdcI
0x2116dd	0x1802116dd	.rdata	ascii	,wzPq
0x21188a	0x18021188a	.rdata	ascii	:$2XM
0x2118f3	0x1802118f3	.rdata	ascii	jx:$4
0x211a06	0x180211a06	.rdata	ascii	BMWu]&U
0x211b86	0x180211b86	.rdata	ascii	D|PD`
0x211c82	0x180211c82	.rdata	ascii	~0IB(
0x211cc5	0x180211cc5	.rdata	ascii	`NJ%l
0x211d39	0x180211d39	.rdata	ascii	YlrW6v5a
0x211e21	0x180211e21	.rdata	ascii	gy/{Y
0x211eb0	0x180211eb0	.rdata	ascii	CqT1}1
0x211f2c	0x180211f2c	.rdata	ascii	ag!er
0x212055	0x180212055	.rdata	ascii	I^*d(
0x21220a	0x18021220a	.rdata	ascii	WYX:x
0x21222a	0x18021222a	.rdata	ascii	)|D}8:
0x21238b	0x18021238b	.rdata	ascii	Q*bRn
0x212488	0x180212488	.rdata	ascii	% !h{
0x2126c6	0x1802126c6	.rdata	ascii	=sqq?
0x2126d7	0x1802126d7	.rdata	ascii	af$o1
0x2127a8	0x1802127a8	.rdata	ascii	!/nbx
0x212bee	0x180212bee	.rdata	ascii	:5WwMN!=
0x212c9f	0x180212c9f	.rdata	ascii	r,.2L
0x212cd9	0x180212cd9	.rdata	ascii	;iI@u
0x212d4e	0x180212d4e	.rdata	ascii	Ifa/?
0x212dcd	0x180212dcd	.rdata	ascii	Vpe/|
0x212e60	0x180212e60	.rdata	ascii	,?&ab
0x212e90	0x180212e90	.rdata	ascii	>YliOC
0x213009	0x180213009	.rdata	ascii	0VRvG
0x21313f	0x18021313f	.rdata	ascii	S{'uf
0x2135b3	0x1802135b3	.rdata	ascii	IF8o$HW
0x213baf	0x180213baf	.rdata	ascii	27JZY
0x213c87	0x180213c87	.rdata	ascii	`dvz2
0x213ca7	0x180213ca7	.rdata	ascii	E~:7/
0x213cc0	0x180213cc0	.rdata	ascii	,(m$w6b
0x213d58	0x180213d58	.rdata	ascii	;;A#s
0x213d78	0x180213d78	.rdata	ascii	nh!uz
0x213d9d	0x180213d9d	.rdata	ascii	($K@qw
0x2142b2	0x1802142b2	.rdata	ascii	@Aff&A
0x21440b	0x18021440b	.rdata	ascii	?33s?
0x2147f1	0x1802147f1	.rdata	ascii	)El]Q
0x214810	0x180214810	.rdata	ascii	y{}xA
0x21483a	0x18021483a	.rdata	ascii	Av.]AVf
0x2148f7	0x1802148f7	.rdata	ascii	6\vB]
0x214a22	0x180214a22	.rdata	ascii	f)yg5QG
0x214ab8	0x180214ab8	.rdata	ascii	Q;o/P
0x214d14	0x180214d14	.rdata	ascii	Gem,{
0x214da7	0x180214da7	.rdata	ascii	)7bE7
0x214e4b	0x180214e4b	.rdata	ascii	TdF1=
0x215252	0x180215252	.rdata	ascii	SwB=hD
0x2152eb	0x1802152eb	.rdata	ascii	)=5v2|Z
0x2153b5	0x1802153b5	.rdata	ascii	zI:/v"
0x215451	0x180215451	.rdata	ascii	'k:;[V
0x215478	0x180215478	.rdata	ascii	y-^~^
0x2155f0	0x1802155f0	.rdata	ascii	}z.[O
0x21562a	0x18021562a	.rdata	ascii	%n?nZN
0x2156ff	0x1802156ff	.rdata	ascii	YG}@1
0x2158b4	0x1802158b4	.rdata	ascii	(1Kqdrxt
0x215925	0x180215925	.rdata	ascii	[uN)8
0x215973	0x180215973	.rdata	ascii	i,JG=U
0x2159b5	0x1802159b5	.rdata	ascii	,9R"Uwh
0x2159ea	0x1802159ea	.rdata	ascii	$L]cZ"
0x215a27	0x180215a27	.rdata	ascii	STMQ?6
0x215b0c	0x180215b0c	.rdata	ascii	>oW4O
0x215b3a	0x180215b3a	.rdata	ascii	"ZeQ>
0x215b4d	0x180215b4d	.rdata	ascii	Y02j1
0x215b91	0x180215b91	.rdata	ascii	)QTFL
0x215ca4	0x180215ca4	.rdata	ascii	781##7\L
0x215e04	0x180215e04	.rdata	ascii	t;L\_
0x215e8f	0x180215e8f	.rdata	ascii	6>V{,Z
0x215fda	0x180215fda	.rdata	ascii	5B#/0
0x215fea	0x180215fea	.rdata	ascii	 :_[w
0x215ff8	0x180215ff8	.rdata	ascii	Yo-FN
0x21603d	0x18021603d	.rdata	ascii	MinecraftGame::update
0x216053	0x180216053	.rdata	ascii	LocalPlayer::normalTick
0x21606b	0x18021606b	.rdata	ascii	InGamePlayScreen::render
0x216084	0x180216084	.rdata	ascii	ClientInstance::onTick
0x21609b	0x18021609b	.rdata	ascii	GameMode::attack
0x2160ac	0x1802160ac	.rdata	ascii	LoopbackPacketSender::send
0x2160c7	0x1802160c7	.rdata	ascii	ClientInstance::leaveGame
0x2160e1	0x1802160e1	.rdata	ascii	MinecraftGame::updateGraphics
0x2160ff	0x1802160ff	.rdata	ascii	{}: null target, skipped
0x21611d	0x18021611d	.rdata	ascii	{}: MinHook rejected target {:#x}
0x21613f	0x18021613f	.rdata	ascii	teardown
0x216148	0x180216148	.rdata	ascii	input poll
0x216153	0x180216153	.rdata	ascii	deferred grab
0x216161	0x180216161	.rdata	ascii	menu cursor
0x21616d	0x18021616d	.rdata	ascii	cursor heal
0x216179	0x180216179	.rdata	ascii	WorldJoinEvent
0x216188	0x180216188	.rdata	ascii	TickEvent
0x216192	0x180216192	.rdata	ascii	GameTickEvent
0x2161a0	0x1802161a0	.rdata	ascii	AttackEvent
0x2161ac	0x1802161ac	.rdata	ascii	PacketSendEvent
0x2161bc	0x1802161bc	.rdata	ascii	Present intercepted but no frames came out of it
0x2161ed	0x1802161ed	.rdata	ascii	Render2DEvent
0x2162a9	0x1802162a9	.rdata	ascii	,OQU@Z
0x216549	0x180216549	.rdata	ascii	;eYls
0x216659	0x180216659	.rdata	ascii	Ip=az
0x2169a1	0x1802169a1	.rdata	ascii	%"pw`
0x216a5b	0x180216a5b	.rdata	ascii	W.2"LH
0x216b9d	0x180216b9d	.rdata	ascii	posed
0x216c1e	0x180216c1e	.rdata	ascii	M;f"!
0x216e17	0x180216e17	.rdata	ascii	gStability
0x216e22	0x180216e22	.rdata	ascii	TextRunBuilder::appendElement
0x217068	0x180217068	.rdata	ascii	Zw]jg
0x217113	0x180217113	.rdata	ascii	oe*qI
0x21711f	0x18021711f	.rdata	ascii	an~Rk
0x21713f	0x18021713f	.rdata	ascii	Ue0o+
0x2179ab	0x1802179ab	.rdata	ascii	YB'+]n
0x217dce	0x180217dce	.rdata	ascii	'.=X3
0x217e5a	0x180217e5a	.rdata	ascii	@R%`vp
0x217f02	0x180217f02	.rdata	ascii	 *u,Vj
0x217f80	0x180217f80	.rdata	ascii	 $%@$
0x2180d8	0x1802180d8	.rdata	ascii	Il2_0
0x218297	0x180218297	.rdata	ascii	%{,|uV
0x218356	0x180218356	.rdata	ascii	4!=nAj
0x218388	0x180218388	.rdata	ascii	VS#Y)wT=_ws
0x2183a8	0x1802183a8	.rdata	ascii	\'@T&? 
0x218800	0x180218800	.rdata	ascii	G}G_D
0x218908	0x180218908	.rdata	ascii	{VK&s
0x21897c	0x18021897c	.rdata	ascii	pw7:d
0x218ac7	0x180218ac7	.rdata	ascii	;OT-a
0x218d8f	0x180218d8f	.rdata	ascii	qcI^y
0x218def	0x180218def	.rdata	ascii	[k%W<
0x218e97	0x180218e97	.rdata	ascii	y/i|5wL
0x218ef3	0x180218ef3	.rdata	ascii	3|)D8
0x219173	0x180219173	.rdata	ascii	KS;5U_
0x219196	0x180219196	.rdata	ascii	S#&?l
0x219433	0x180219433	.rdata	ascii	?;Y"|
0x2194c0	0x1802194c0	.rdata	ascii	nc0TGk\
0x219570	0x180219570	.rdata	ascii	0F B6 41 ? 40 32
0x2197a1	0x1802197a1	.rdata	ascii	|[|<.
0x219b8a	0x180219b8a	.rdata	ascii	*HV95
0x219ba4	0x180219ba4	.rdata	ascii	NS_:6
0x219bc7	0x180219bc7	.rdata	ascii	AZqN=
0x219bf0	0x180219bf0	.rdata	ascii	d}jB 
0x219cd3	0x180219cd3	.rdata	ascii	MB496#?
0x21a1cd	0x18021a1cd	.rdata	ascii	CuI3Isz
0x21a1e7	0x18021a1e7	.rdata	ascii	xf`qv
0x21a6b8	0x18021a6b8	.rdata	ascii	m[X_7
0x21a8a1	0x18021a8a1	.rdata	ascii	6@`Ge
0x21a8d2	0x18021a8d2	.rdata	ascii	YfZq(3
0x21a996	0x18021a996	.rdata	ascii	0)NwG
0x21ac3f	0x18021ac3f	.rdata	ascii	#DI`/j
0x21ac68	0x18021ac68	.rdata	ascii	}?-Lcx
0x21adaf	0x18021adaf	.rdata	ascii	op[#kS
0x21adc1	0x18021adc1	.rdata	ascii	LE'$&0
0x21ae01	0x18021ae01	.rdata	ascii	wm!iJj
0x21ae1c	0x18021ae1c	.rdata	ascii	wQ}G2
0x21aed3	0x18021aed3	.rdata	ascii	&t+)_]
0x21b079	0x18021b079	.rdata	ascii	kB~'=
0x21b0d5	0x18021b0d5	.rdata	ascii	J O.X}
0x21b280	0x18021b280	.rdata	ascii	G@).7
0x21b485	0x18021b485	.rdata	ascii	"j'~1
0x21b5a1	0x18021b5a1	.rdata	ascii	I3m(&"
0x21b638	0x18021b638	.rdata	ascii	FTwAJ
0x21b790	0x18021b790	.rdata	ascii	-Z%[0
0x21bd1d	0x18021bd1d	.rdata	ascii	<Bop'
0x21bf8f	0x18021bf8f	.rdata	ascii	yt*?R
0x21bfd2	0x18021bfd2	.rdata	ascii	<\q1*>
0x21c0d9	0x18021c0d9	.rdata	ascii	9u-#a
0x21c6be	0x18021c6be	.rdata	ascii	$|Q%(
0x21c844	0x18021c844	.rdata	ascii	+%srt
0x21ccf5	0x18021ccf5	.rdata	ascii	sw?eB
0x21ce45	0x18021ce45	.rdata	ascii	<5_k[
0x21cec3	0x18021cec3	.rdata	ascii	Zsarf
0x21cefb	0x18021cefb	.rdata	ascii	FnB\Wr
0x21d04e	0x18021d04e	.rdata	ascii	%51P3
0x21d07a	0x18021d07a	.rdata	ascii	(tEh*f 
0x21d099	0x18021d099	.rdata	ascii	hM3vE
0x21d5bb	0x18021d5bb	.rdata	ascii	S?X;-
0x21d6c2	0x18021d6c2	.rdata	ascii	&Zg+b
0x21d992	0x18021d992	.rdata	ascii	.I`{=
0x21dc43	0x18021dc43	.rdata	ascii	n;;UGdK
0x21dd93	0x18021dd93	.rdata	ascii	?vs_4_0
0x21dd9b	0x18021dd9b	.rdata	ascii	vs_main
0x21dda3	0x18021dda3	.rdata	ascii	ps_4_0
0x21ddaa	0x18021ddaa	.rdata	ascii	ps_main
0x21ddb2	0x18021ddb2	.rdata	ascii	gvs_main
0x21ddbb	0x18021ddbb	.rdata	ascii	gps_main
0x21ddc4	0x18021ddc4	.rdata	ascii	POSITION
0x21ddcd	0x18021ddcd	.rdata	ascii	COLOR
0x21de21	0x18021de21	.rdata	ascii	cbuffer Params : register(b0) {
0x21de41	0x18021de41	.rdata	ascii	    float4 uScreen;
0x21de55	0x18021de55	.rdata	ascii	    float4 uRect;
0x21de67	0x18021de67	.rdata	ascii	    float4 uColorA;
0x21de7b	0x18021de7b	.rdata	ascii	    float4 uColorB;
0x21de8f	0x18021de8f	.rdata	ascii	    float4 uP;    // radius, thickness, mode, gradient
0x21dec6	0x18021dec6	.rdata	ascii	    float4 uP2;   // aa
0x21dee2	0x18021dee2	.rdata	ascii	Texture2D    tex : register(t0);
0x21df03	0x18021df03	.rdata	ascii	SamplerState smp : register(s0);
0x21df25	0x18021df25	.rdata	ascii	struct VSOut { float4 pos : SV_POSITION; float2 px : TEXCOORD0; float2 uv : TEXCOORD1; };
0x21df80	0x18021df80	.rdata	ascii	VSOut vs_main(uint id : SV_VertexID) {
0x21dfa7	0x18021dfa7	.rdata	ascii	    float2 c  = float2(id & 1, (id >> 1) & 1);
0x21dfd6	0x18021dfd6	.rdata	ascii	    float2 mn = uRect.xy;
0x21dff0	0x18021dff0	.rdata	ascii	    float2 mx = uRect.zw;
0x21e00a	0x18021e00a	.rdata	ascii	    float expand = (uP.z < 0.5) ? uP2.x : 0.0;
0x21e039	0x18021e039	.rdata	ascii	    float2 p = lerp(mn - expand, mx + expand, c);
0x21e06b	0x18021e06b	.rdata	ascii	    VSOut o;
0x21e078	0x18021e078	.rdata	ascii	    o.px  = p;
0x21e087	0x18021e087	.rdata	ascii	    o.uv  = c;
0x21e096	0x18021e096	.rdata	ascii	    o.pos = float4(p / uScreen.xy * float2(2.0, -2.0) + float2(-1.0, 1.0), 0.0, 1.0);
0x21e0ec	0x18021e0ec	.rdata	ascii	    return o;
0x21e0fd	0x18021e0fd	.rdata	ascii	float sdRound(float2 p, float2 h, float r) {
0x21e12a	0x18021e12a	.rdata	ascii	    float2 q = abs(p) - h + r;
0x21e149	0x18021e149	.rdata	ascii	    return min(max(q.x, q.y), 0.0) + length(max(q, 0.0)) - r;
0x21e18a	0x18021e18a	.rdata	ascii	float4 ps_main(VSOut i) : SV_TARGET {
0x21e1b0	0x18021e1b0	.rdata	ascii	    float mode = uP.z;
0x21e1c7	0x18021e1c7	.rdata	ascii	    if (mode > 1.5) {
0x21e1dd	0x18021e1dd	.rdata	ascii	        float2 auv = lerp(uColorB.xy, uColorB.zw, i.uv);
0x21e216	0x18021e216	.rdata	ascii	        float cov = tex.Sample(smp, auv).r;
0x21e242	0x18021e242	.rdata	ascii	        return float4(uColorA.rgb, uColorA.a * cov);
0x21e277	0x18021e277	.rdata	ascii	    }
0x21e27d	0x18021e27d	.rdata	ascii	    if (mode > 0.5) {
0x21e293	0x18021e293	.rdata	ascii	        float4 t = tex.Sample(smp, i.uv);
0x21e2bd	0x18021e2bd	.rdata	ascii	        return t * uColorA;
0x21e2d9	0x18021e2d9	.rdata	ascii	    }
0x21e2df	0x18021e2df	.rdata	ascii	    float2 mn = uRect.xy;
0x21e2f9	0x18021e2f9	.rdata	ascii	    float2 mx = uRect.zw;
0x21e313	0x18021e313	.rdata	ascii	    float2 center = (mn + mx) * 0.5;
0x21e338	0x18021e338	.rdata	ascii	    float2 half = (mx - mn) * 0.5;
0x21e35b	0x18021e35b	.rdata	ascii	    float r = min(uP.x, min(half.x, half.y));
0x21e389	0x18021e389	.rdata	ascii	    float d = sdRound(i.px - center, half, r);
0x21e3b8	0x18021e3b8	.rdata	ascii	    float aa = max(uP2.x, 0.001);
0x21e3da	0x18021e3da	.rdata	ascii	    float cov;
0x21e3e9	0x18021e3e9	.rdata	ascii	    if (uP.y > 0.0)
0x21e3fd	0x18021e3fd	.rdata	ascii	        cov = 1.0 - smoothstep(0.0, aa, abs(d) - uP.y * 0.5);
0x21e43b	0x18021e43b	.rdata	ascii	    else
0x21e444	0x18021e444	.rdata	ascii	        cov = 1.0 - smoothstep(-aa, 0.0, d);
0x21e471	0x18021e471	.rdata	ascii	    float4 col = uColorA;
0x21e48b	0x18021e48b	.rdata	ascii	    if (uP.w > 0.5) {
0x21e4a1	0x18021e4a1	.rdata	ascii	        float t = (uP.w < 1.5) ? saturate((i.px.y - mn.y) / max(mx.y - mn.y, 0.001))
0x21e4f6	0x18021e4f6	.rdata	ascii	                               : saturate((i.px.x - mn.x) / max(mx.x - mn.x, 0.001));
0x21e54c	0x18021e54c	.rdata	ascii	        col = lerp(uColorA, uColorB, t);
0x21e575	0x18021e575	.rdata	ascii	    }
0x21e57b	0x18021e57b	.rdata	ascii	    return float4(col.rgb, col.a * cov);
0x21e5a7	0x18021e5a7	.rdata	ascii	struct GVSIn  { float2 pos : POSITION; float4 col : COLOR; };
0x21e5e5	0x18021e5e5	.rdata	ascii	struct GVSOut { float4 pos : SV_POSITION; float4 col : COLOR; };
0x21e627	0x18021e627	.rdata	ascii	GVSOut gvs_main(GVSIn i) {
0x21e642	0x18021e642	.rdata	ascii	    GVSOut o;
0x21e650	0x18021e650	.rdata	ascii	    o.pos = float4(i.pos / uScreen.xy * float2(2.0, -2.0) + float2(-1.0, 1.0), 0.0, 1.0);
0x21e6aa	0x18021e6aa	.rdata	ascii	    o.col = i.col;
0x21e6bd	0x18021e6bd	.rdata	ascii	    return o;
0x21e6ce	0x18021e6ce	.rdata	ascii	float4 gps_main(GVSOut i) : SV_TARGET { return i.col; }
0x21e709	0x18021e709	.rdata	ascii	{} failed: {}
0x21e71b	0x18021e71b	.rdata	ascii	vector too long
0x21e74f	0x18021e74f	.rdata	ascii	Hunordered_map/set too long
0x21e76b	0x18021e76b	.rdata	ascii	invalid hash bucket count
0x21e800	0x18021e800	.rdata	ascii	resource {} not found in the DLL
0x21e821	0x18021e821	.rdata	ascii	Images
0x21e828	0x18021e828	.rdata	ascii	resource {} failed to decode ({:#x})
0x21e84d	0x18021e84d	.rdata	ascii	resource {} texture creation failed
0x21e887	0x18021e887	.rdata	ascii	pWIC is unavailable
0x21e8d5	0x18021e8d5	.rdata	ascii	waiting for a frame
0x21e900	0x18021e900	.rdata	ascii	the swap chain is multisampled
0x21e91f	0x18021e91f	.rdata	ascii	could not create the frame buffers
0x21e942	0x18021e942	.rdata	ascii	could not view the back buffer
0x21e977	0x18021e977	.rdata	ascii	@the swap chain has no D3D11 device
0x21e99b	0x18021e99b	.rdata	ascii	the blur pipeline could not be built
0x21e9c0	0x18021e9c0	.rdata	ascii	running
0x21e9d1	0x18021e9d1	.rdata	ascii	struct VSOut { float4 pos : SV_POSITION; float2 uv : TEXCOORD0; };
0x21ea15	0x18021ea15	.rdata	ascii	VSOut vs_main(uint id : SV_VertexID) {
0x21ea3c	0x18021ea3c	.rdata	ascii	    VSOut output;
0x21ea4e	0x18021ea4e	.rdata	ascii	    output.uv  = float2((id << 1) & 2, id & 2);
0x21ea7e	0x18021ea7e	.rdata	ascii	    output.pos = float4(output.uv * float2(2.0, -2.0) + float2(-1.0, 1.0), 0.0, 1.0);
0x21ead4	0x18021ead4	.rdata	ascii	    return output;
0x21eaea	0x18021eaea	.rdata	ascii	cbuffer Params : register(b0) {
0x21eb0a	0x18021eb0a	.rdata	ascii	    float blend;
0x21eb1b	0x18021eb1b	.rdata	ascii	    float opacity;
0x21eb2e	0x18021eb2e	.rdata	ascii	    float2 padding;
0x21eb46	0x18021eb46	.rdata	ascii	Texture2D    sceneTexture   : register(t0);
0x21eb72	0x18021eb72	.rdata	ascii	Texture2D    historyTexture : register(t1);
0x21eb9e	0x18021eb9e	.rdata	ascii	SamplerState linearClamp    : register(s0);
0x21ebcb	0x18021ebcb	.rdata	ascii	float4 ps_accumulate(VSOut input) : SV_TARGET {
0x21ebfb	0x18021ebfb	.rdata	ascii	    return float4(sceneTexture.Sample(linearClamp, input.uv).rgb, blend);
0x21ec48	0x18021ec48	.rdata	ascii	float4 ps_present(VSOut input) : SV_TARGET {
0x21ec75	0x18021ec75	.rdata	ascii	    return float4(historyTexture.Sample(linearClamp, input.uv).rgb, opacity);
0x21ecc6	0x18021ecc6	.rdata	ascii	vertex shader failed to compile: {}
0x21ecea	0x18021ecea	.rdata	ascii	MotionBlur
0x21ecf5	0x18021ecf5	.rdata	ascii	ps_accumulate
0x21ed03	0x18021ed03	.rdata	ascii	ps_present
0x21ed0e	0x18021ed0e	.rdata	ascii	{} failed to compile: {}
0x21ed38	0x18021ed38	.rdata	ascii	CreateDXGIFactory1 failed
0x21ed55	0x18021ed55	.rdata	ascii	D3D11CreateDevice failed
0x21ed6e	0x18021ed6e	.rdata	ascii	{} ({:#x})
0x21ed79	0x18021ed79	.rdata	ascii	CreateSwapChainForComposition failed
0x21ed9e	0x18021ed9e	.rdata	ascii	IDXGISwapChain::Present
0x21edb6	0x18021edb6	.rdata	ascii	IDXGISwapChain1::Present1
0x21edd0	0x18021edd0	.rdata	ascii	IDXGISwapChain::ResizeBuffers
0x21edee	0x18021edee	.rdata	ascii	could not detour Present
0x21ee07	0x18021ee07	.rdata	ascii	waiting for the first frame
0x21ee23	0x18021ee23	.rdata	ascii	renderer setup failed
0x21ee39	0x18021ee39	.rdata	ascii	ready
0x21ee3f	0x18021ee3f	.rdata	ascii	shut down
0x21ee49	0x18021ee49	.rdata	ascii	not installed
0x21ee57	0x18021ee57	.rdata	ascii	motion blur
0x21ee63	0x18021ee63	.rdata	ascii	overlay present
0x21ee73	0x18021ee73	.rdata	ascii	overlay present1
0x21eeb6	0x18021eeb6	.rdata	ascii	HDnot loaded
0x21eec3	0x18021eec3	.rdata	ascii	waiting for the game's texture group
0x21efc8	0x18021efc8	.rdata	ascii	textures/environment/overworld_cubemap/cubemap_
0x21f015	0x18021f015	.rdata	ascii	XFM<unmapped>
0x21f220	0x18021f220	.rdata	ascii	w0S;z,t
0x21f24b	0x18021f24b	.rdata	ascii	"*hm%
0x21f2ec	0x18021f2ec	.rdata	ascii	'0&-}
0x21f31f	0x18021f31f	.rdata	ascii	S2=}g>
0x21f3a8	0x18021f3a8	.rdata	ascii	qHG|:
0x21f3e7	0x18021f3e7	.rdata	ascii	Qk&W5
0x21f467	0x18021f467	.rdata	ascii	Zb8e\
0x21f4b9	0x18021f4b9	.rdata	ascii	.g;3|K
0x21f6f6	0x18021f6f6	.rdata	ascii	F]C3e
0x21f7b3	0x18021f7b3	.rdata	ascii	JG%$"
0x21fd8b	0x18021fd8b	.rdata	ascii	_,weST
0x22060d	0x18022060d	.rdata	ascii	-5X|/:
0x2208ac	0x1802208ac	.rdata	ascii	Mk!wd
0x2209c7	0x1802209c7	.rdata	ascii	c;y;B
0x220ab0	0x180220ab0	.rdata	ascii	_5.F\a;Q
0x220ae1	0x180220ae1	.rdata	ascii	qZ<_.
0x220c49	0x180220c49	.rdata	ascii	0::%4
0x220d3d	0x180220d3d	.rdata	ascii	 x(^=_o
0x220d46	0x180220d46	.rdata	ascii	\Svd'@
0x220e22	0x180220e22	.rdata	ascii	l"gUC"Z?
0x220e2e	0x180220e2e	.rdata	ascii	zt&$%XOH
0x2210d6	0x1802210d6	.rdata	ascii	WKC4p`7E/f
0x221118	0x180221118	.rdata	ascii	wAF]z
0x221137	0x180221137	.rdata	ascii	 o-M)
0x221300	0x180221300	.rdata	ascii	Bxx: 
0x221342	0x180221342	.rdata	ascii	}'Zwe
0x22136e	0x18022136e	.rdata	ascii	+MRMg!C
0x221637	0x180221637	.rdata	ascii	yN'Zw
0x221dd0	0x180221dd0	.rdata	ascii	}*W_XB
0x221e68	0x180221e68	.rdata	ascii	] |&Z
0x221f40	0x180221f40	.rdata	ascii	CkKYlJaQ
0x222154	0x180222154	.rdata	ascii	ZQP<_uY
0x222217	0x180222217	.rdata	ascii	UlX8s
0x22223c	0x18022223c	.rdata	ascii	pudv--`-p
0x22239b	0x18022239b	.rdata	ascii	az9C{EA
0x2223df	0x1802223df	.rdata	ascii	B6X.7
0x2224a0	0x1802224a0	.rdata	ascii	                
0x2224d0	0x1802224d0	.rdata	ascii	        
0x2225f5	0x1802225f5	.rdata	ascii	Q= /8
0x222678	0x180222678	.rdata	ascii	AP%bK
0x222736	0x180222736	.rdata	ascii	9O+]*
0x222746	0x180222746	.rdata	ascii	a!RQL
0x222773	0x180222773	.rdata	ascii	yJg6~
0x222889	0x180222889	.rdata	ascii	C^h<T
0x2228bb	0x1802228bb	.rdata	ascii	<^&"f/
0x222b43	0x180222b43	.rdata	ascii	|&Gz@
0x222d0a	0x180222d0a	.rdata	ascii	F\-d{
0x222d88	0x180222d88	.rdata	ascii	MH_UNKNOWN
0x222d93	0x180222d93	.rdata	ascii	MH_OK
0x222d99	0x180222d99	.rdata	ascii	MH_ERROR_ALREADY_INITIALIZED
0x222db6	0x180222db6	.rdata	ascii	MH_ERROR_NOT_INITIALIZED
0x222dcf	0x180222dcf	.rdata	ascii	MH_ERROR_ALREADY_CREATED
0x222de8	0x180222de8	.rdata	ascii	MH_ERROR_NOT_CREATED
0x222dfd	0x180222dfd	.rdata	ascii	MH_ERROR_ENABLED
0x222e0e	0x180222e0e	.rdata	ascii	MH_ERROR_DISABLED
0x222e20	0x180222e20	.rdata	ascii	MH_ERROR_NOT_EXECUTABLE
0x222e38	0x180222e38	.rdata	ascii	MH_ERROR_UNSUPPORTED_FUNCTION
0x222e56	0x180222e56	.rdata	ascii	MH_ERROR_MEMORY_ALLOC
0x222e6c	0x180222e6c	.rdata	ascii	MH_ERROR_MEMORY_PROTECT
0x222e84	0x180222e84	.rdata	ascii	MH_ERROR_MODULE_NOT_FOUND
0x222e9e	0x180222e9e	.rdata	ascii	MH_ERROR_FUNCTION_NOT_FOUND
0x222eba	0x180222eba	.rdata	ascii	(unknown)
0x22400a	0x18022400a	.rdata	ascii	}1$_=C
0x224098	0x180224098	.rdata	ascii	bad allocation
0x2240c0	0x1802240c0	.rdata	ascii	bad array new length
0x2240f0	0x1802240f0	.rdata	ascii	bad function call
0x226730	0x180226730	.rdata	ascii	433333333333333
0x226806	0x180226806	.rdata	ascii	N=`s%
0x2268e4	0x1802268e4	.rdata	ascii	u*/6(
0x226990	0x180226990	.rdata	ascii	!4(x]
0x226a54	0x180226a54	.rdata	ascii	Haz[~i
0x226b42	0x180226b42	.rdata	ascii	1w`;l
0x226b94	0x180226b94	.rdata	ascii	!q^}M)R
0x226ce2	0x180226ce2	.rdata	ascii	=@53-;
0x226d24	0x180226d24	.rdata	ascii	,oGlN
0x226f45	0x180226f45	.rdata	ascii	4*?r^
0x227173	0x180227173	.rdata	ascii	l%mDX=XG^
0x227203	0x180227203	.rdata	ascii	Y(=B*
0x227346	0x180227346	.rdata	ascii	%J\eH
0x2275b8	0x1802275b8	.rdata	ascii	,$,TPu
0x227620	0x180227620	.rdata	ascii	* Bj*y
0x2277d9	0x1802277d9	.rdata	ascii	V{dfK
0x227852	0x180227852	.rdata	ascii	}?G4g*
0x227b08	0x180227b08	.rdata	ascii	K3 sK
0x227d28	0x180227d28	.rdata	ascii	D4/LN
0x227df9	0x180227df9	.rdata	ascii	II]':j
0x227e24	0x180227e24	.rdata	ascii	JKvP[
0x2281c5	0x1802281c5	.rdata	ascii	31:viN<
0x228290	0x180228290	.rdata	ascii	zo!T7
0x2282b0	0x1802282b0	.rdata	ascii	/>tsF
0x2283c0	0x1802283c0	.rdata	ascii	\!4O5
0x2283d4	0x1802283d4	.rdata	ascii	BW6H;
0x2283f4	0x1802283f4	.rdata	ascii	,tjPV
0x228458	0x180228458	.rdata	ascii	e,<O7tC
0x228703	0x180228703	.rdata	ascii	$19;@)2
0x228726	0x180228726	.rdata	ascii	\t`>.
0x2289b4	0x1802289b4	.rdata	ascii	Rv87e
0x228d42	0x180228d42	.rdata	ascii	 Ejs%
0x229b10	0x180229b10	.rdata	ascii	$89=E
0x229c32	0x180229c32	.rdata	ascii	#89=E
0x229d6c	0x180229d6c	.rdata	ascii	#89=E
0x229ebe	0x180229ebe	.rdata	ascii	#89=E
0x22a010	0x18022a010	.rdata	ascii	#89=E
0x22a17a	0x18022a17a	.rdata	ascii	#89=E
0x22a2e4	0x18022a2e4	.rdata	ascii	#89=E
0x22a3ef	0x18022a3ef	.rdata	ascii	H#@Ow&
0x22aac7	0x18022aac7	.rdata	ascii	Z`>X5,
0x22ab48	0x18022ab48	.rdata	ascii	$;6m89
0x22acfa	0x18022acfa	.rdata	ascii	#;6m89
0x22ae79	0x18022ae79	.rdata	ascii	3Sfr(
0x22aec4	0x18022aec4	.rdata	ascii	#;6m89
0x22b043	0x18022b043	.rdata	ascii	3Sfr(
0x22b08e	0x18022b08e	.rdata	ascii	#;6m89
0x22b225	0x18022b225	.rdata	ascii	3Sfr(
0x22b270	0x18022b270	.rdata	ascii	#;6m89
0x22b407	0x18022b407	.rdata	ascii	3Sfr(
0x22b452	0x18022b452	.rdata	ascii	#;6m89
0x22b601	0x18022b601	.rdata	ascii	3Sfr(
0x22b64c	0x18022b64c	.rdata	ascii	#;6m89P
0x22b697	0x18022b697	.rdata	ascii	,Z%CR
0x22b813	0x18022b813	.rdata	ascii	3Sfr(
0x22b85e	0x18022b85e	.rdata	ascii	#;6m:
0x22ba25	0x18022ba25	.rdata	ascii	3Sfr(
0x22bff6	0x18022bff6	.rdata	ascii	R:\2"
0x22c0b8	0x18022c0b8	.rdata	ascii	_5eh6
0x22c21e	0x18022c21e	.rdata	ascii	a9>7QL
0x22c2b8	0x18022c2b8	.rdata	ascii	$_.!@
0x22c512	0x18022c512	.rdata	ascii	#_.!@
0x22c5b0	0x18022c5b0	.rdata	ascii	Hahx'
0x22c76c	0x18022c76c	.rdata	ascii	#_.!@
0x22c9de	0x18022c9de	.rdata	ascii	#_.!@
0x22ca98	0x18022ca98	.rdata	ascii	atQl3
0x22cc50	0x18022cc50	.rdata	ascii	#_.!@
0x22cca8	0x18022cca8	.rdata	ascii	qo`Q49
0x22cd0a	0x18022cd0a	.rdata	ascii	`tQl3
0x22ceda	0x18022ceda	.rdata	ascii	#_.!@
0x22cf32	0x18022cf32	.rdata	ascii	po`Q49
0x22cf94	0x18022cf94	.rdata	ascii	`tQl3
0x22d164	0x18022d164	.rdata	ascii	#_.!@
0x22d1bc	0x18022d1bc	.rdata	ascii	po`Q49
0x22d21e	0x18022d21e	.rdata	ascii	`tQl3
0x22d2d8	0x18022d2d8	.rdata	ascii	hmjpP
0x22d406	0x18022d406	.rdata	ascii	#_.!x
0x22d45e	0x18022d45e	.rdata	ascii	po`Q49
0x22d4c0	0x18022d4c0	.rdata	ascii	`tQl3
0x22d579	0x18022d579	.rdata	ascii	^gmjpP
0x22d718	0x18022d718	.rdata	ascii	po`Q49
0x22d77a	0x18022d77a	.rdata	ascii	`tQl3
0x22d833	0x18022d833	.rdata	ascii	^gmjpP
0x22d9d2	0x18022d9d2	.rdata	ascii	po`Q49
0x22da34	0x18022da34	.rdata	ascii	`tQl3
0x22daed	0x18022daed	.rdata	ascii	^gmjpP
0x22dca4	0x18022dca4	.rdata	ascii	po`Q49
0x22ddbf	0x18022ddbf	.rdata	ascii	^gmjpP
0x22e091	0x18022e091	.rdata	ascii	^gmjpP
0x22e260	0x18022e260	.rdata	ascii	po\N"
0x22e280	0x18022e280	.rdata	ascii	gfkM=
0x22e2a6	0x18022e2a6	.rdata	ascii	L&-\jA
0x22e37b	0x18022e37b	.rdata	ascii	^gmjpP
0x22e3e8	0x18022e3e8	.rdata	ascii	EwZhN"
0x22e56a	0x18022e56a	.rdata	ascii	ffkM=
0x22e665	0x18022e665	.rdata	ascii	^gmjp*
0x22e6d2	0x18022e6d2	.rdata	ascii	DwZhN"
0x22e86c	0x18022e86c	.rdata	ascii	ffkM=
0x22e967	0x18022e967	.rdata	ascii	^gm$x,
0x22e9a1	0x18022e9a1	.rdata	ascii	V?AgP
0x22e9d4	0x18022e9d4	.rdata	ascii	DwZhN"
0x22ea70	0x18022ea70	.rdata	ascii	eVt{!
0x22eb6e	0x18022eb6e	.rdata	ascii	ffkM=
0x22eca3	0x18022eca3	.rdata	ascii	V?AgP
0x22ecd6	0x18022ecd6	.rdata	ascii	DwZhN"
0x22ee88	0x18022ee88	.rdata	ascii	ffkM=
0x22efbd	0x18022efbd	.rdata	ascii	V?AgP
0x22eff0	0x18022eff0	.rdata	ascii	DwZhN"
0x22f1a2	0x18022f1a2	.rdata	ascii	ffkM=
0x22f27f	0x18022f27f	.rdata	ascii	Jqt@1
0x22f2d7	0x18022f2d7	.rdata	ascii	V?AgP
0x22f30a	0x18022f30a	.rdata	ascii	DwZhN"
0x22f4d4	0x18022f4d4	.rdata	ascii	ffkM=
0x22f609	0x18022f609	.rdata	ascii	V?AgP
0x22f63c	0x18022f63c	.rdata	ascii	DwZhN"
0x22f806	0x18022f806	.rdata	ascii	ffkM_
0x22f93b	0x18022f93b	.rdata	ascii	V?AgP
0x22fc85	0x18022fc85	.rdata	ascii	V?AgPhU
0x22fe50	0x18022fe50	.rdata	ascii	E7RK(
0x22ffcf	0x18022ffcf	.rdata	ascii	V?AUE
0x230796	0x180230796	.rdata	ascii	&+y|O{
0x230a65	0x180230a65	.rdata	ascii	/_![G
0x230be3	0x180230be3	.rdata	ascii	/_![GJ
0x230d91	0x180230d91	.rdata	ascii	/_![GJ
0x230f16	0x180230f16	.rdata	ascii	{'e4|
0x230f57	0x180230f57	.rdata	ascii	/_![GJ
0x2310c6	0x1802310c6	.rdata	ascii	6:m&+
0x231135	0x180231135	.rdata	ascii	/_![GJ
0x23122f	0x18023122f	.rdata	ascii	jA+cT
0x2312bc	0x1802312bc	.rdata	ascii	6:m&+
0x23132b	0x18023132b	.rdata	ascii	/_![GJ
0x2313dc	0x1802313dc	.rdata	ascii	~~ZP&
0x2314e2	0x1802314e2	.rdata	ascii	6:m&+
0x231551	0x180231551	.rdata	ascii	/_![GJ
0x231602	0x180231602	.rdata	ascii	~~ZP&
0x231720	0x180231720	.rdata	ascii	6:m&+
0x231790	0x180231790	.rdata	ascii	_![GJ
0x231840	0x180231840	.rdata	ascii	~~ZP&
0x231976	0x180231976	.rdata	ascii	6:m&+
0x231a96	0x180231a96	.rdata	ascii	~~ZP&
0x231be4	0x180231be4	.rdata	ascii	6:m&+
0x231d04	0x180231d04	.rdata	ascii	~~ZP&
0x231e82	0x180231e82	.rdata	ascii	6:m&+
0x231fa2	0x180231fa2	.rdata	ascii	~~ZP&
0x231fc4	0x180231fc4	.rdata	ascii	R-Np/
0x232258	0x180232258	.rdata	ascii	~~ZP&
0x23227a	0x18023227a	.rdata	ascii	R-Np/
0x232280	0x180232280	.rdata	ascii	k_Hv5
0x2323b6	0x1802323b6	.rdata	ascii	[NVJfx'
0x2323e7	0x1802323e7	.rdata	ascii	R5qhi5
0x232560	0x180232560	.rdata	ascii	R-Np/
0x23269c	0x18023269c	.rdata	ascii	[NVJ2
0x232846	0x180232846	.rdata	ascii	R-Np/
0x2328ac	0x1802328ac	.rdata	ascii	j+"Mw^
0x232982	0x180232982	.rdata	ascii	[NVJ2
0x232ad5	0x180232ad5	.rdata	ascii	v<L/{Q
0x232b44	0x180232b44	.rdata	ascii	R-Np/
0x232baa	0x180232baa	.rdata	ascii	j+"Mw^r
0x232c80	0x180232c80	.rdata	ascii	[NVJ2
0x232d2f	0x180232d2f	.rdata	ascii	,c>qI3
0x232e03	0x180232e03	.rdata	ascii	v<L/{
0x232e4c	0x180232e4c	.rdata	ascii	eLK(w
0x232e72	0x180232e72	.rdata	ascii	R-Np/
0x232e95	0x180232e95	.rdata	ascii	29|8(
0x232ed8	0x180232ed8	.rdata	ascii	j+"Mw^r
0x232fae	0x180232fae	.rdata	ascii	[NVJ2
0x233149	0x180233149	.rdata	ascii	v<L/{
0x233192	0x180233192	.rdata	ascii	eLK(w
0x2331b8	0x1802331b8	.rdata	ascii	R-Np/
0x2331db	0x1802331db	.rdata	ascii	29|8(
0x23321e	0x18023321e	.rdata	ascii	j+"Mw^r
0x2332f4	0x1802332f4	.rdata	ascii	[NVJ2
0x233318	0x180233318	.rdata	ascii	=(:S(
0x2334a7	0x1802334a7	.rdata	ascii	v<L/{
0x2334f0	0x1802334f0	.rdata	ascii	eLK(w
0x233539	0x180233539	.rdata	ascii	29|8(
0x233555	0x180233555	.rdata	ascii	{Xb4z:
0x23357c	0x18023357c	.rdata	ascii	j+"Mw^r
0x233652	0x180233652	.rdata	ascii	[NVJ2
0x23381d	0x18023381d	.rdata	ascii	v<L/{
0x233866	0x180233866	.rdata	ascii	eLK(w
0x2338af	0x1802338af	.rdata	ascii	29|8(
0x2338cb	0x1802338cb	.rdata	ascii	{Xb4z
0x2338f2	0x1802338f2	.rdata	ascii	j+"Mw^r
0x2339c8	0x1802339c8	.rdata	ascii	[NVJ2
0x233bc3	0x180233bc3	.rdata	ascii	v<L/{
0x233c0c	0x180233c0c	.rdata	ascii	eLK(w
0x233c55	0x180233c55	.rdata	ascii	29|8(
0x233c71	0x180233c71	.rdata	ascii	{Xb4z
0x233c98	0x180233c98	.rdata	ascii	j+"Mw^r
0x233f81	0x180233f81	.rdata	ascii	v<L/{
0x233fca	0x180233fca	.rdata	ascii	eLK(w
0x234013	0x180234013	.rdata	ascii	29|8(
0x23402f	0x18023402f	.rdata	ascii	{Xb4z
0x234058	0x180234058	.rdata	ascii	"Mw^r
0x2343b8	0x1802343b8	.rdata	ascii	eLK(w
0x234401	0x180234401	.rdata	ascii	29|8(
0x23441d	0x18023441d	.rdata	ascii	{Xb4z
0x23480b	0x18023480b	.rdata	ascii	{Xb4z
0x234c29	0x180234c29	.rdata	ascii	{Xb4z
0x235b1c	0x180235b1c	.rdata	ascii	Nl!C5
0x235c86	0x180235c86	.rdata	ascii	~yjS$
0x235fb2	0x180235fb2	.rdata	ascii	Nl!C5
0x235fd0	0x180235fd0	.rdata	ascii	E$E?(
0x236108	0x180236108	.rdata	ascii	EDBH$
0x23611c	0x18023611c	.rdata	ascii	~yjS6/
0x2363bf	0x1802363bf	.rdata	ascii	w33H$
0x236460	0x180236460	.rdata	ascii	Nl!C5
0x2365ca	0x1802365ca	.rdata	ascii	~yjS6/1
0x236858	0x180236858	.rdata	ascii	fe?,7
0x236926	0x180236926	.rdata	ascii	Nl!C5
0x236a90	0x180236a90	.rdata	ascii	~yjS6/1
0x236e1c	0x180236e1c	.rdata	ascii	Nl!C5
0x236f86	0x180236f86	.rdata	ascii	~yjS6/1
0x237312	0x180237312	.rdata	ascii	Nl!C5
0x23747c	0x18023747c	.rdata	ascii	~yjS6/1
0x237838	0x180237838	.rdata	ascii	Nl!C5
0x2379a2	0x1802379a2	.rdata	ascii	~yjS6/1
0x237ee0	0x180237ee0	.rdata	ascii	~yjS6/1
0x238450	0x180238450	.rdata	ascii	jS6/1
0x23890e	0x18023890e	.rdata	ascii	BXwxZH+
0x238925	0x180238925	.rdata	ascii	dSp^z
0x238d5e	0x180238d5e	.rdata	ascii	f>):oB"
0x238df0	0x180238df0	.rdata	ascii	E\vi(
0x238ec3	0x180238ec3	.rdata	ascii	dSp^z0hS 6
0x239479	0x180239479	.rdata	ascii	dSp^z0h
0x2396be	0x1802396be	.rdata	ascii	 P>GkD
0x239a5f	0x180239a5f	.rdata	ascii	dSp^z0h
0x239ca4	0x180239ca4	.rdata	ascii	 P>Gg
0x239f18	0x180239f18	.rdata	ascii	?h$2,
0x23a05d	0x18023a05d	.rdata	ascii	dSp^z0h
0x23a1cc	0x18023a1cc	.rdata	ascii	\%Fd"U
0x23a2a2	0x18023a2a2	.rdata	ascii	 P>Gg
0x23a673	0x18023a673	.rdata	ascii	dSp^z0h
0x23a7e2	0x18023a7e2	.rdata	ascii	\%Fd"U
0x23a8b8	0x18023a8b8	.rdata	ascii	 P>Gg
0x23aca1	0x18023aca1	.rdata	ascii	dSp^z0h
0x23ae10	0x18023ae10	.rdata	ascii	\%Fd"U
0x23aee6	0x18023aee6	.rdata	ascii	 P>Gg
0x23b2e8	0x18023b2e8	.rdata	ascii	Sp^z0h
0x23b2f8	0x18023b2f8	.rdata	ascii	d=.h$
0x23b456	0x18023b456	.rdata	ascii	\%Fd"U
0x23b52c	0x18023b52c	.rdata	ascii	 P>Gg
0x23bacc	0x18023bacc	.rdata	ascii	\%Fd"U
0x23bba2	0x18023bba2	.rdata	ascii	 P>Gg
0x23c142	0x18023c142	.rdata	ascii	\%Fd"U
0x23c218	0x18023c218	.rdata	ascii	 P>Gg
0x23c720	0x18023c720	.rdata	ascii	bY't&
0x23c7e8	0x18023c7e8	.rdata	ascii	\%Fd"U
0x23cfbf	0x18023cfbf	.rdata	ascii	hFr?m
0x23d275	0x18023d275	.rdata	ascii	|1T8x
0x23d4b5	0x18023d4b5	.rdata	ascii	P?tb(
0x23d97b	0x18023d97b	.rdata	ascii	|1T8xBO`
0x23dbbb	0x18023dbbb	.rdata	ascii	P?tb(
0x23dc1d	0x18023dc1d	.rdata	ascii	4*REmv
0x23dc4d	0x18023dc4d	.rdata	ascii	"P3gy
0x23dd70	0x18023dd70	.rdata	ascii	`u"Z2
0x23ddb8	0x18023ddb8	.rdata	ascii	}Nws/
0x23de75	0x18023de75	.rdata	ascii	(ytR>u
0x23df04	0x18023df04	.rdata	ascii	}m9hR'>M.
0x23e099	0x18023e099	.rdata	ascii	|1T8xBO
0x23e175	0x18023e175	.rdata	ascii	J_7`3
0x23e21d	0x18023e21d	.rdata	ascii	kqu]h
0x23e2d9	0x18023e2d9	.rdata	ascii	P?tb(
0x23e33b	0x18023e33b	.rdata	ascii	4*REm
0x23e36b	0x18023e36b	.rdata	ascii	"P3gy
0x23e593	0x18023e593	.rdata	ascii	(ytR>
0x23e622	0x18023e622	.rdata	ascii	}m9hR'
0x23e7cf	0x18023e7cf	.rdata	ascii	|1T8xBO
0x23e8ab	0x18023e8ab	.rdata	ascii	J_7`3
0x23e953	0x18023e953	.rdata	ascii	kqu]h
0x23ea0f	0x18023ea0f	.rdata	ascii	P?tb(
0x23ea71	0x18023ea71	.rdata	ascii	4*REm
0x23eaa1	0x18023eaa1	.rdata	ascii	"P3gy
0x23ead8	0x18023ead8	.rdata	ascii	:jW~1
0x23ecc9	0x18023ecc9	.rdata	ascii	(ytR>
0x23ed58	0x18023ed58	.rdata	ascii	}m9hR'
0x23ef35	0x18023ef35	.rdata	ascii	|1T8xBO
0x23f011	0x18023f011	.rdata	ascii	J_7`3
0x23f0b9	0x18023f0b9	.rdata	ascii	kqu]h
0x23f11d	0x18023f11d	.rdata	ascii	rF!Ff
0x23f175	0x18023f175	.rdata	ascii	P?tb(
0x23f1d7	0x18023f1d7	.rdata	ascii	4*REm
0x23f207	0x18023f207	.rdata	ascii	"P3gy
0x23f42f	0x18023f42f	.rdata	ascii	(ytR>
0x23f44e	0x18023f44e	.rdata	ascii	rH6v6u
0x23f4be	0x18023f4be	.rdata	ascii	}m9hR'
0x23f6b3	0x18023f6b3	.rdata	ascii	|1T8xBO
0x23f78f	0x18023f78f	.rdata	ascii	J_7`3
0x23f837	0x18023f837	.rdata	ascii	kqu]h
0x23f89b	0x18023f89b	.rdata	ascii	rF!Ff
0x23f8f3	0x18023f8f3	.rdata	ascii	P?tb(
0x23f917	0x18023f917	.rdata	ascii	z3\Gc0
0x23f955	0x18023f955	.rdata	ascii	4*REm
0x23f985	0x18023f985	.rdata	ascii	"P3gy
0x23fbad	0x18023fbad	.rdata	ascii	(ytR>
0x23fbcc	0x18023fbcc	.rdata	ascii	rH6v>
0x23fc3c	0x18023fc3c	.rdata	ascii	}m9hR'
0x23fe49	0x18023fe49	.rdata	ascii	|1T8xBO
0x23fed0	0x18023fed0	.rdata	ascii	)BEI/
0x23ff25	0x18023ff25	.rdata	ascii	J_7`3
0x23ffcd	0x18023ffcd	.rdata	ascii	kqu]h
0x240031	0x180240031	.rdata	ascii	rF!Ff
0x240089	0x180240089	.rdata	ascii	P?tb(
0x2400eb	0x1802400eb	.rdata	ascii	4*REm
0x24011b	0x18024011b	.rdata	ascii	"P3gy
0x240218	0x180240218	.rdata	ascii	zX:[2
0x240307	0x180240307	.rdata	ascii	VHNzu
0x240343	0x180240343	.rdata	ascii	(ytR>
0x240362	0x180240362	.rdata	ascii	rH6v>
0x2403d2	0x1802403d2	.rdata	ascii	}m9hR'
0x2405f8	0x1802405f8	.rdata	ascii	1T8xBO
0x240668	0x180240668	.rdata	ascii	t<{i$
0x2406d3	0x1802406d3	.rdata	ascii	J_7`3
0x24077b	0x18024077b	.rdata	ascii	kqu]h
0x2407df	0x1802407df	.rdata	ascii	rF!Ff
0x240899	0x180240899	.rdata	ascii	4*REm
0x2408c9	0x1802408c9	.rdata	ascii	"P3gy
0x2409c6	0x1802409c6	.rdata	ascii	zXP4;
0x240af1	0x180240af1	.rdata	ascii	(ytR>
0x240b10	0x180240b10	.rdata	ascii	rH6v>
0x240b80	0x180240b80	.rdata	ascii	}m9hR'
0x240eb1	0x180240eb1	.rdata	ascii	J_7`3
0x240f59	0x180240f59	.rdata	ascii	kqu]h
0x240fbd	0x180240fbd	.rdata	ascii	rF!Ff
0x2412ee	0x1802412ee	.rdata	ascii	rH6v>
0x24145e	0x18024145e	.rdata	ascii	3']t2+1
0x24148e	0x18024148e	.rdata	ascii	x`.+eh%
0x241568	0x180241568	.rdata	ascii	daZ+ 
0x241717	0x180241717	.rdata	ascii	'wnGz$
0x2417b3	0x1802417b3	.rdata	ascii	rF!Ff
0x241a18	0x180241a18	.rdata	ascii	\Xw^(
0x241ae4	0x180241ae4	.rdata	ascii	rH6v>
0x241c54	0x180241c54	.rdata	ascii	3']t"
0x241c84	0x180241c84	.rdata	ascii	x`.+WV+
0x241fc1	0x180241fc1	.rdata	ascii	rF!Ff
0x2422a0	0x1802422a0	.rdata	ascii	xxj81
0x2422f2	0x1802422f2	.rdata	ascii	rH6v>
0x242462	0x180242462	.rdata	ascii	3']t"
0x242492	0x180242492	.rdata	ascii	x`.+WV
0x24268f	0x18024268f	.rdata	ascii	=33s?
0x2427b3	0x1802427b3	.rdata	ascii	L'knN
0x24283a	0x18024283a	.rdata	ascii	1w-!O?
0x24284f	0x18024284f	.rdata	ascii	?ffffff
0x24286c	0x18024286c	.rdata	ascii	UMP?7
0x242887	0x180242887	.rdata	ascii	?fffff
0x24292b	0x18024292b	.rdata	ascii	tHbP?
0x242947	0x180242947	.rdata	ascii	?8EGr
0x24297b	0x18024297b	.rdata	ascii	IMbP?i
0x2429b7	0x1802429b7	.rdata	ascii	@3333
0x242a34	0x180242a34	.rdata	ascii	MbP?}F
0x242a7e	0x180242a7e	.rdata	ascii	.Afff
0x242a9c	0x180242a9c	.rdata	ascii	MbP?{
0x242c04	0x180242c04	.rdata	ascii	MbP?8
0x242c8c	0x180242c8c	.rdata	ascii	MbP?Z
0x242cfc	0x180242cfc	.rdata	ascii	vH7Bf
0x242d1c	0x180242d1c	.rdata	ascii	MbP?^
0x242db4	0x180242db4	.rdata	ascii	MbP?w
0x242e5c	0x180242e5c	.rdata	ascii	MbP?z
0x242f63	0x180242f63	.rdata	ascii	9Y>)F$
0x242f8b	0x180242f8b	.rdata	ascii	raB3G
0x24310d	0x18024310d	.rdata	ascii	[*QlU
0x24313b	0x18024313b	.rdata	ascii	mr"iR
0x243165	0x180243165	.rdata	ascii	-sSN\
0x243237	0x180243237	.rdata	ascii	X4AHx
0x243277	0x180243277	.rdata	ascii	Z~$|7
0x24337d	0x18024337d	.rdata	ascii	s\ax}?
0x2433eb	0x1802433eb	.rdata	ascii	tC7Ddw
0x243427	0x180243427	.rdata	ascii	eax~Z
0x24348d	0x18024348d	.rdata	ascii	ekhHD
0x24350f	0x18024350f	.rdata	ascii	k*do^
0x243543	0x180243543	.rdata	ascii	:V!2m
0x2436a5	0x1802436a5	.rdata	ascii	STv.N
0x2436ff	0x1802436ff	.rdata	ascii	xg^Jp5|
0x243746	0x180243746	.rdata	ascii	{zel#|67
0x243840	0x180243840	.rdata	ascii	GetTempPath2W
0x244120	0x180244120	.rdata	ascii	success
0x244128	0x180244128	.rdata	ascii	address family not supported
0x244148	0x180244148	.rdata	ascii	address in use
0x244158	0x180244158	.rdata	ascii	address not available
0x244170	0x180244170	.rdata	ascii	already connected
0x244188	0x180244188	.rdata	ascii	argument list too long
0x2441a0	0x1802441a0	.rdata	ascii	argument out of domain
0x2441b8	0x1802441b8	.rdata	ascii	bad address
0x2441c8	0x1802441c8	.rdata	ascii	bad file descriptor
0x2441e0	0x1802441e0	.rdata	ascii	bad message
0x2441f0	0x1802441f0	.rdata	ascii	broken pipe
0x244200	0x180244200	.rdata	ascii	connection aborted
0x244218	0x180244218	.rdata	ascii	connection already in progress
0x244238	0x180244238	.rdata	ascii	connection refused
0x244250	0x180244250	.rdata	ascii	connection reset
0x244268	0x180244268	.rdata	ascii	cross device link
0x244280	0x180244280	.rdata	ascii	destination address required
0x2442a0	0x1802442a0	.rdata	ascii	device or resource busy
0x2442b8	0x1802442b8	.rdata	ascii	directory not empty
0x2442d0	0x1802442d0	.rdata	ascii	executable format error
0x2442e8	0x1802442e8	.rdata	ascii	file exists
0x2442f8	0x1802442f8	.rdata	ascii	file too large
0x244308	0x180244308	.rdata	ascii	filename too long
0x244320	0x180244320	.rdata	ascii	function not supported
0x244338	0x180244338	.rdata	ascii	host unreachable
0x244350	0x180244350	.rdata	ascii	identifier removed
0x244368	0x180244368	.rdata	ascii	illegal byte sequence
0x244380	0x180244380	.rdata	ascii	inappropriate io control operation
0x2443a8	0x1802443a8	.rdata	ascii	interrupted
0x2443b8	0x1802443b8	.rdata	ascii	invalid argument
0x2443d0	0x1802443d0	.rdata	ascii	invalid seek
0x2443e0	0x1802443e0	.rdata	ascii	io error
0x2443f0	0x1802443f0	.rdata	ascii	is a directory
0x244400	0x180244400	.rdata	ascii	message size
0x244410	0x180244410	.rdata	ascii	network down
0x244420	0x180244420	.rdata	ascii	network reset
0x244430	0x180244430	.rdata	ascii	network unreachable
0x244448	0x180244448	.rdata	ascii	no buffer space
0x244458	0x180244458	.rdata	ascii	no child process
0x244470	0x180244470	.rdata	ascii	no link
0x244478	0x180244478	.rdata	ascii	no lock available
0x244490	0x180244490	.rdata	ascii	no message available
0x2444a8	0x1802444a8	.rdata	ascii	no message
0x2444b8	0x1802444b8	.rdata	ascii	no protocol option
0x2444d0	0x1802444d0	.rdata	ascii	no space on device
0x2444e8	0x1802444e8	.rdata	ascii	no stream resources
0x244500	0x180244500	.rdata	ascii	no such device or address
0x244520	0x180244520	.rdata	ascii	no such device
0x244530	0x180244530	.rdata	ascii	no such file or directory
0x244550	0x180244550	.rdata	ascii	no such process
0x244560	0x180244560	.rdata	ascii	not a directory
0x244570	0x180244570	.rdata	ascii	not a socket
0x244580	0x180244580	.rdata	ascii	not a stream
0x244590	0x180244590	.rdata	ascii	not connected
0x2445a0	0x1802445a0	.rdata	ascii	not enough memory
0x2445b8	0x1802445b8	.rdata	ascii	not supported
0x2445c8	0x1802445c8	.rdata	ascii	operation canceled
0x2445e0	0x1802445e0	.rdata	ascii	operation in progress
0x2445f8	0x1802445f8	.rdata	ascii	operation not permitted
0x244610	0x180244610	.rdata	ascii	operation not supported
0x244628	0x180244628	.rdata	ascii	operation would block
0x244640	0x180244640	.rdata	ascii	owner dead
0x244650	0x180244650	.rdata	ascii	permission denied
0x244668	0x180244668	.rdata	ascii	protocol error
0x244678	0x180244678	.rdata	ascii	protocol not supported
0x244690	0x180244690	.rdata	ascii	read only file system
0x2446a8	0x1802446a8	.rdata	ascii	resource deadlock would occur
0x2446c8	0x1802446c8	.rdata	ascii	resource unavailable try again
0x2446e8	0x1802446e8	.rdata	ascii	result out of range
0x244700	0x180244700	.rdata	ascii	state not recoverable
0x244718	0x180244718	.rdata	ascii	stream timeout
0x244728	0x180244728	.rdata	ascii	text file busy
0x244738	0x180244738	.rdata	ascii	timed out
0x244748	0x180244748	.rdata	ascii	too many files open in system
0x244768	0x180244768	.rdata	ascii	too many files open
0x244780	0x180244780	.rdata	ascii	too many links
0x244790	0x180244790	.rdata	ascii	too many symbolic link levels
0x2447b0	0x1802447b0	.rdata	ascii	value too large
0x2447c0	0x1802447c0	.rdata	ascii	wrong protocol type
0x2447d8	0x1802447d8	.rdata	ascii	unknown error
0x2449e8	0x1802449e8	.rdata	ascii	ucal_close
0x2449f8	0x1802449f8	.rdata	ascii	ucal_get
0x244a08	0x180244a08	.rdata	ascii	ucal_getCanonicalTimeZoneID
0x244a28	0x180244a28	.rdata	ascii	ucal_getDefaultTimeZone
0x244a40	0x180244a40	.rdata	ascii	ucal_getTimeZoneDisplayName
0x244a60	0x180244a60	.rdata	ascii	ucal_getTimeZoneTransitionDate
0x244a80	0x180244a80	.rdata	ascii	ucal_getTZDataVersion
0x244a98	0x180244a98	.rdata	ascii	ucal_inDaylightTime
0x244ab0	0x180244ab0	.rdata	ascii	ucal_open
0x244ac0	0x180244ac0	.rdata	ascii	ucal_openTimeZoneIDEnumeration
0x244ae0	0x180244ae0	.rdata	ascii	ucal_setMillis
0x244af0	0x180244af0	.rdata	ascii	uenum_close
0x244b00	0x180244b00	.rdata	ascii	uenum_count
0x244b10	0x180244b10	.rdata	ascii	uenum_unext
0x244d68	0x180244d68	.rdata	ascii	GetSystemTimePreciseAsFileTime
0x244eb8	0x180244eb8	.rdata	ascii	0123456789abcdefghijklmnopqrstuvwxyz
0x244f08	0x180244f08	.rdata	ascii	0123456789abcdefghijklmnopqrstuvwxyz
0x2450d8	0x1802450d8	.rdata	ascii	bad exception
0x245800	0x180245800	.rdata	ascii	__based(
0x245810	0x180245810	.rdata	ascii	__cdecl
0x245818	0x180245818	.rdata	ascii	__stdcall
0x245828	0x180245828	.rdata	ascii	__thiscall
0x245838	0x180245838	.rdata	ascii	__fastcall
0x245848	0x180245848	.rdata	ascii	__vectorcall
0x245858	0x180245858	.rdata	ascii	__preserve_none
0x245868	0x180245868	.rdata	ascii	__clrcall
0x245874	0x180245874	.rdata	ascii	__eabi
0x245880	0x180245880	.rdata	ascii	__swift_1
0x245890	0x180245890	.rdata	ascii	__swift_2
0x2458a0	0x1802458a0	.rdata	ascii	__swift_3
0x2458b0	0x1802458b0	.rdata	ascii	__ptr64
0x2458b8	0x1802458b8	.rdata	ascii	__restrict
0x2458c8	0x1802458c8	.rdata	ascii	__unaligned
0x2458d8	0x1802458d8	.rdata	ascii	restrict(
0x2458f0	0x1802458f0	.rdata	ascii	 delete
0x245918	0x180245918	.rdata	ascii	operator
0x245998	0x180245998	.rdata	ascii	`vftable'
0x2459a8	0x1802459a8	.rdata	ascii	`vbtable'
0x2459b8	0x1802459b8	.rdata	ascii	`vcall'
0x2459c0	0x1802459c0	.rdata	ascii	`typeof'
0x2459d0	0x1802459d0	.rdata	ascii	`local static guard'
0x2459e8	0x1802459e8	.rdata	ascii	`string'
0x2459f8	0x1802459f8	.rdata	ascii	`vbase destructor'
0x245a10	0x180245a10	.rdata	ascii	`vector deleting destructor'
0x245a30	0x180245a30	.rdata	ascii	`default constructor closure'
0x245a50	0x180245a50	.rdata	ascii	`scalar deleting destructor'
0x245a70	0x180245a70	.rdata	ascii	`vector constructor iterator'
0x245a90	0x180245a90	.rdata	ascii	`vector destructor iterator'
0x245ab0	0x180245ab0	.rdata	ascii	`vector vbase constructor iterator'
0x245ad8	0x180245ad8	.rdata	ascii	`virtual displacement map'
0x245af8	0x180245af8	.rdata	ascii	`eh vector constructor iterator'
0x245b20	0x180245b20	.rdata	ascii	`eh vector destructor iterator'
0x245b40	0x180245b40	.rdata	ascii	`eh vector vbase constructor iterator'
0x245b68	0x180245b68	.rdata	ascii	`copy constructor closure'
0x245b88	0x180245b88	.rdata	ascii	`udt returning'
0x245b9c	0x180245b9c	.rdata	ascii	`RTTI
0x245ba8	0x180245ba8	.rdata	ascii	`local vftable'
0x245bb8	0x180245bb8	.rdata	ascii	`local vftable constructor closure'
0x245bdc	0x180245bdc	.rdata	ascii	 new[]
0x245be8	0x180245be8	.rdata	ascii	 delete[]
0x245bf8	0x180245bf8	.rdata	ascii	`omni callsig'
0x245c08	0x180245c08	.rdata	ascii	`placement delete closure'
0x245c28	0x180245c28	.rdata	ascii	`placement delete[] closure'
0x245c48	0x180245c48	.rdata	ascii	`managed vector constructor iterator'
0x245c70	0x180245c70	.rdata	ascii	`managed vector destructor iterator'
0x245c98	0x180245c98	.rdata	ascii	`eh vector copy constructor iterator'
0x245cc0	0x180245cc0	.rdata	ascii	`eh vector vbase copy constructor iterator'
0x245cf0	0x180245cf0	.rdata	ascii	`dynamic initializer for '
0x245d10	0x180245d10	.rdata	ascii	`dynamic atexit destructor for '
0x245d38	0x180245d38	.rdata	ascii	`vector copy constructor iterator'
0x245d60	0x180245d60	.rdata	ascii	`vector vbase copy constructor iterator'
0x245d90	0x180245d90	.rdata	ascii	`managed vector copy constructor iterator'
0x245dc0	0x180245dc0	.rdata	ascii	`local static thread guard'
0x245de0	0x180245de0	.rdata	ascii	operator "" 
0x245df0	0x180245df0	.rdata	ascii	operator co_await
0x245e08	0x180245e08	.rdata	ascii	operator<=>
0x245e18	0x180245e18	.rdata	ascii	 Type Descriptor'
0x245e30	0x180245e30	.rdata	ascii	 Base Class Descriptor at (
0x245e50	0x180245e50	.rdata	ascii	 Base Class Array'
0x245e68	0x180245e68	.rdata	ascii	 Class Hierarchy Descriptor'
0x245e88	0x180245e88	.rdata	ascii	 Complete Object Locator'
0x245ea8	0x180245ea8	.rdata	ascii	`anonymous namespace'
0x245f88	0x180245f88	.rdata	ascii	FlsAlloc
0x245fa0	0x180245fa0	.rdata	ascii	FlsFree
0x245fb0	0x180245fb0	.rdata	ascii	FlsGetValue
0x245fc8	0x180245fc8	.rdata	ascii	FlsSetValue
0x245fe0	0x180245fe0	.rdata	ascii	InitializeCriticalSectionEx
0x246260	0x180246260	.rdata	ascii	(null)
0x24652c	0x18024652c	.rdata	ascii	[aOni*{
0x246603	0x180246603	.rdata	ascii	eLK(w
0x24670d	0x18024670d	.rdata	ascii	~ $s%r
0x24671c	0x18024671c	.rdata	ascii	@b;zO]
0x246834	0x180246834	.rdata	ascii	iu+-,
0x2468a5	0x1802468a5	.rdata	ascii	obwQ4
0x246af7	0x180246af7	.rdata	ascii	v2!L.2
0x246c7a	0x180246c7a	.rdata	ascii	^<V7w
0x246f20	0x180246f20	.rdata	ascii	INITY
0x246f28	0x180246f28	.rdata	ascii	inity
0x246f38	0x180246f38	.rdata	ascii	SNAN)
0x246f40	0x180246f40	.rdata	ascii	snan)
0x246f48	0x180246f48	.rdata	ascii	IND)ind)
0x246f84	0x180246f84	.rdata	ascii	UUUUUU
0x246fab	0x180246fab	.rdata	ascii	?UUUUUU
0x246ff1	0x180246ff1	.rdata	ascii	TUUUU
0x247287	0x180247287	.rdata	ascii	?7{KV
0x24728f	0x18024728f	.rdata	ascii	?+>^m
0x24747f	0x18024747f	.rdata	ascii	?kxG2)
0x247507	0x180247507	.rdata	ascii	?TY,>5
0x2475bf	0x1802475bf	.rdata	ascii	?!5WOo
0x247607	0x180247607	.rdata	ascii	?E=$% B
0x247677	0x180247677	.rdata	ascii	?49HoKC
0x247857	0x180247857	.rdata	ascii	?fmodf
0x2478a0	0x1802478a0	.rdata	ascii	UUUUUU
0x2479ff	0x1802479ff	.rdata	ascii	?UUUUUU
0x247a07	0x180247a07	.rdata	ascii	?UUUUUU
0x247b10	0x180247b10	.rdata	ascii	UUUUUU
0x247bd7	0x180247bd7	.rdata	ascii	AUUUUUU
0x247dd0	0x180247dd0	.rdata	ascii	CorExitProcess
0x2482d0	0x1802482d0	.rdata	ascii	 !"#$%&'()*+,-./0123456789:;<=>?@abcdefghijklmnopqrstuvwxyz[\]^_`abcdefghijklmnopqrstuvwxyz{|}~
0x248450	0x180248450	.rdata	ascii	 !"#$%&'()*+,-./0123456789:;<=>?@ABCDEFGHIJKLMNOPQRSTUVWXYZ[\]^_`ABCDEFGHIJKLMNOPQRSTUVWXYZ{|}~
0x24875f	0x18024875f	.rdata	ascii	 !"#$%&'()*+,-./0123456789:;<=>?@ABCDEFGHIJKLMNOPQRSTUVWXYZ[\]^_`abcdefghijklmnopqrstuvwxyz{|}~
0x248bdc	0x180248bdc	.rdata	ascii	Sunday
0x248be4	0x180248be4	.rdata	ascii	Monday
0x248bf0	0x180248bf0	.rdata	ascii	Tuesday
0x248bf8	0x180248bf8	.rdata	ascii	Wednesday
0x248c08	0x180248c08	.rdata	ascii	Thursday
0x248c14	0x180248c14	.rdata	ascii	Friday
0x248c20	0x180248c20	.rdata	ascii	Saturday
0x248c60	0x180248c60	.rdata	ascii	January
0x248c68	0x180248c68	.rdata	ascii	February
0x248c74	0x180248c74	.rdata	ascii	March
0x248c7c	0x180248c7c	.rdata	ascii	April
0x248c94	0x180248c94	.rdata	ascii	August
0x248ca0	0x180248ca0	.rdata	ascii	September
0x248cb0	0x180248cb0	.rdata	ascii	October
0x248cb8	0x180248cb8	.rdata	ascii	November
0x248cc8	0x180248cc8	.rdata	ascii	December
0x248ce0	0x180248ce0	.rdata	ascii	MM/dd/yy
0x248cf0	0x180248cf0	.rdata	ascii	dddd, MMMM dd, yyyy
0x248d08	0x180248d08	.rdata	ascii	HH:mm:ss
0x2495a0	0x1802495a0	.rdata	ascii	AreFileApisANSI
0x2495b8	0x1802495b8	.rdata	ascii	CompareStringEx
0x2495d0	0x1802495d0	.rdata	ascii	EnumSystemLocalesEx
0x2495f0	0x1802495f0	.rdata	ascii	FlsGetValue2
0x249608	0x180249608	.rdata	ascii	GetDateFormatEx
0x249620	0x180249620	.rdata	ascii	GetLocaleInfoEx
0x249638	0x180249638	.rdata	ascii	GetTimeFormatEx
0x249650	0x180249650	.rdata	ascii	GetUserDefaultLocaleName
0x249678	0x180249678	.rdata	ascii	IsValidLocaleName
0x249698	0x180249698	.rdata	ascii	LCMapStringEx
0x2496b0	0x1802496b0	.rdata	ascii	LCIDToLocaleName
0x2496d0	0x1802496d0	.rdata	ascii	LocaleNameToLCID
0x2496e8	0x1802496e8	.rdata	ascii	AppPolicyGetProcessTerminationMethod
0x2497a0	0x1802497a0	.rdata	ascii	NAN(SNAN)
0x2497b0	0x1802497b0	.rdata	ascii	nan(snan)
0x2497c0	0x1802497c0	.rdata	ascii	NAN(IND)
0x2497d0	0x1802497d0	.rdata	ascii	nan(ind)
0x2497dc	0x1802497dc	.rdata	ascii	e+000
0x249a0c	0x180249a0c	.rdata	ascii	log10
0x249a44	0x180249a44	.rdata	ascii	atan2
0x249a68	0x180249a68	.rdata	ascii	floor
0x249a80	0x180249a80	.rdata	ascii	ldexp
0x249a88	0x180249a88	.rdata	ascii	_cabs
0x249a90	0x180249a90	.rdata	ascii	_hypot
0x249aa0	0x180249aa0	.rdata	ascii	frexp
0x249ab4	0x180249ab4	.rdata	ascii	_logb
0x249ac0	0x180249ac0	.rdata	ascii	_nextafter
0x249b0f	0x180249b0f	.rdata	ascii	?{Q}<
0x249b2f	0x180249b2f	.rdata	ascii	?8bunz8
0x249cbf	0x180249cbf	.rdata	ascii	?@En[vP
0x24a0bf	0x18024a0bf	.rdata	ascii	?:kP<
0x24a0cf	0x18024a0cf	.rdata	ascii	?UUUUUU
0x24a157	0x18024a157	.rdata	ascii	?f`Y4
0x24a187	0x18024a187	.rdata	ascii	?QY^&
0x24a4b7	0x18024a4b7	.rdata	ascii	?7zQ6$
0x24a65e	0x18024a65e	.rdata	ascii	8Csinf
0x24a688	0x18024a688	.rdata	ascii	UUUUUU
0x24a6b0	0x18024a6b0	.rdata	ascii	UUUUUU
0x24a6d5	0x18024a6d5	.rdata	ascii	X!t5~
0x24a785	0x18024a785	.rdata	ascii	X!t5~
0x24ebc8	0x18024ebc8	.rdata	ascii	1#INF
0x24ebd0	0x18024ebd0	.rdata	ascii	1#QNAN
0x24ebd8	0x18024ebd8	.rdata	ascii	1#SNAN
0x24ebe0	0x18024ebe0	.rdata	ascii	1#IND
0x24ed40	0x18024ed40	.rdata	ascii	UUUUUU
0x24ed70	0x18024ed70	.rdata	ascii	UUUUUU
0x24edf1	0x18024edf1	.rdata	ascii	TUUUU
0x24f67f	0x18024f67f	.rdata	ascii	=imb;D
0x24f82e	0x18024f82e	.rdata	ascii	/>58d%
0x24f866	0x18024f866	.rdata	ascii	!>6'Y
0x24f877	0x18024f877	.rdata	ascii	>jtm}S
0x24f8ce	0x18024f8ce	.rdata	ascii	)>6{1n
0x24f8dc	0x18024f8dc	.rdata	ascii	Vr.>T
0x24f8ec	0x18024f8ec	.rdata	ascii	+f)>0'
0x24f93b	0x18024f93b	.rdata	ascii	Lj[;>
0x24f95e	0x18024f95e	.rdata	ascii	3>fvw
0x24f96c	0x18024f96c	.rdata	ascii	;H9>&X
0x24f992	0x18024f992	.rdata	ascii	*StO9>T
0x24f9dc	0x18024f9dc	.rdata	ascii	n03>Pu
0x24fab2	0x18024fab2	.rdata	ascii	K~Je#>!
0x24faeb	0x18024faeb	.rdata	ascii	+M<7>
0x24fb35	0x18024fb35	.rdata	ascii	c(>\,
0x24fb8b	0x18024fb8b	.rdata	ascii	bp(=>?g
0x24fc4c	0x18024fc4c	.rdata	ascii	BC?>6t9^
0x24fca5	0x18024fca5	.rdata	ascii	BF>^G
0x24fcb5	0x18024fcb5	.rdata	ascii	K&>.yC
0x24fcc4	0x18024fcc4	.rdata	ascii	 'L>[
0x24fccc	0x18024fccc	.rdata	ascii	.xJ>Hf
0x24fcd3	0x18024fcd3	.rdata	ascii	y\PD>!
0x24fce2	0x18024fce2	.rdata	ascii	|b=})>
0x24fcf3	0x18024fcf3	.rdata	ascii	c [1>H'
0x24fd32	0x18024fd32	.rdata	ascii	uzKs@>
0x24fd4e	0x18024fd4e	.rdata	ascii	3>N;kU
0x24fd7d	0x18024fd7d	.rdata	ascii	kE>fvw
0x24fdbe	0x18024fdbe	.rdata	ascii	A>pP&
0x24fdc4	0x18024fdc4	.rdata	ascii	V6E>`"(5
0x24fe3c	0x18024fe3c	.rdata	ascii	0iN>/
0x24fe4c	0x18024fe4c	.rdata	ascii	+h->|
0x24fe5e	0x18024fe5e	.rdata	ascii	@>%>b
0x25138c	0x18025138c	.rdata	ascii	.text
0x25139c	0x18025139c	.rdata	ascii	.text$di
0x2513b0	0x1802513b0	.rdata	ascii	.text$mn
0x2513c4	0x1802513c4	.rdata	ascii	.text$mn$00
0x2513d8	0x1802513d8	.rdata	ascii	.text$mn$21
0x2513ec	0x1802513ec	.rdata	ascii	.text$x
0x2513fc	0x1802513fc	.rdata	ascii	.text$yd
0x251410	0x180251410	.rdata	ascii	.idata$5
0x251424	0x180251424	.rdata	ascii	.00cfg
0x251434	0x180251434	.rdata	ascii	.CRT$XCA
0x251448	0x180251448	.rdata	ascii	.CRT$XCC
0x25145c	0x18025145c	.rdata	ascii	.CRT$XCL
0x251470	0x180251470	.rdata	ascii	.CRT$XCU
0x251484	0x180251484	.rdata	ascii	.CRT$XCZ
0x251498	0x180251498	.rdata	ascii	.CRT$XIA
0x2514ac	0x1802514ac	.rdata	ascii	.CRT$XIC
0x2514c0	0x1802514c0	.rdata	ascii	.CRT$XIZ
0x2514d4	0x1802514d4	.rdata	ascii	.CRT$XLA
0x2514e8	0x1802514e8	.rdata	ascii	.CRT$XLZ
0x2514fc	0x1802514fc	.rdata	ascii	.CRT$XPA
0x251510	0x180251510	.rdata	ascii	.CRT$XPX
0x251524	0x180251524	.rdata	ascii	.CRT$XPXA
0x251538	0x180251538	.rdata	ascii	.CRT$XPZ
0x25154c	0x18025154c	.rdata	ascii	.CRT$XTA
0x251560	0x180251560	.rdata	ascii	.CRT$XTZ
0x251574	0x180251574	.rdata	ascii	.rdata
0x251584	0x180251584	.rdata	ascii	.rdata$00
0x251598	0x180251598	.rdata	ascii	.rdata$T
0x2515ac	0x1802515ac	.rdata	ascii	.rdata$r
0x2515c0	0x1802515c0	.rdata	ascii	.rdata$voltmd
0x2515d8	0x1802515d8	.rdata	ascii	.rdata$zzzdbg
0x2515f0	0x1802515f0	.rdata	ascii	.rtc$IAA
0x251604	0x180251604	.rdata	ascii	.rtc$IZZ
0x251618	0x180251618	.rdata	ascii	.rtc$TAA
0x25162c	0x18025162c	.rdata	ascii	.rtc$TZZ
0x251650	0x180251650	.rdata	ascii	.tls$
0x251660	0x180251660	.rdata	ascii	.tls$ZZZ
0x251674	0x180251674	.rdata	ascii	.xdata
0x251684	0x180251684	.rdata	ascii	.xdata$x
0x251698	0x180251698	.rdata	ascii	.idata$2
0x2516ac	0x1802516ac	.rdata	ascii	.idata$3
0x2516c0	0x1802516c0	.rdata	ascii	.idata$4
0x2516d4	0x1802516d4	.rdata	ascii	.idata$6
0x2516e8	0x1802516e8	.rdata	ascii	.data
0x2516f8	0x1802516f8	.rdata	ascii	.data$r
0x251708	0x180251708	.rdata	ascii	.data$rs
0x25172c	0x18025172c	.rdata	ascii	.pdata
0x25173c	0x18025173c	.rdata	ascii	.fptable
0x251750	0x180251750	.rdata	ascii	.rsrc$01
0x251764	0x180251764	.rdata	ascii	.rsrc$02
0x26e98a	0x18026e98a	.rdata	ascii	MessageBoxW
0x26e998	0x18026e998	.rdata	ascii	GetSystemMetrics
0x26e9ac	0x18026e9ac	.rdata	ascii	GetClientRect
0x26e9bc	0x18026e9bc	.rdata	ascii	SetWindowsHookExW
0x26e9d0	0x18026e9d0	.rdata	ascii	CallNextHookEx
0x26e9e2	0x18026e9e2	.rdata	ascii	UnhookWindowsHookEx
0x26e9f8	0x18026e9f8	.rdata	ascii	GetAsyncKeyState
0x26ea0c	0x18026ea0c	.rdata	ascii	GetKeyboardState
0x26ea20	0x18026ea20	.rdata	ascii	GetCursorPos
0x26ea30	0x18026ea30	.rdata	ascii	MapVirtualKeyExW
0x26ea44	0x18026ea44	.rdata	ascii	ToUnicodeEx
0x26ea52	0x18026ea52	.rdata	ascii	GetKeyState
0x26ea60	0x18026ea60	.rdata	ascii	GetKeyboardLayout
0x26ea74	0x18026ea74	.rdata	ascii	MapVirtualKeyW
0x26ea86	0x18026ea86	.rdata	ascii	GetKeyNameTextW
0x26ea98	0x18026ea98	.rdata	ascii	IsWindow
0x26eaa4	0x18026eaa4	.rdata	ascii	EnumWindows
0x26eab2	0x18026eab2	.rdata	ascii	GetClassNameW
0x26eac2	0x18026eac2	.rdata	ascii	IsWindowVisible
0x26ead4	0x18026ead4	.rdata	ascii	EnumChildWindows
0x26eae8	0x18026eae8	.rdata	ascii	GetWindowThreadProcessId
0x26eb04	0x18026eb04	.rdata	ascii	GetForegroundWindow
0x26eb1a	0x18026eb1a	.rdata	ascii	AttachThreadInput
0x26eb2e	0x18026eb2e	.rdata	ascii	ScreenToClient
0x26eb40	0x18026eb40	.rdata	ascii	wsprintfW
0x26eb4a	0x18026eb4a	.rdata	ascii	USER32.dll
0x26eb58	0x18026eb58	.rdata	ascii	SHGetKnownFolderPath
0x26eb6e	0x18026eb6e	.rdata	ascii	SHELL32.dll
0x26eb7c	0x18026eb7c	.rdata	ascii	CoTaskMemFree
0x26eb8c	0x18026eb8c	.rdata	ascii	CoInitializeEx
0x26eb9e	0x18026eb9e	.rdata	ascii	CoCreateInstance
0x26ebb0	0x18026ebb0	.rdata	ascii	ole32.dll
0x26ebbc	0x18026ebbc	.rdata	ascii	PlaySoundW
0x26ebc8	0x18026ebc8	.rdata	ascii	WINMM.dll
0x26ebd4	0x18026ebd4	.rdata	ascii	DWriteCreateFactory
0x26ebe8	0x18026ebe8	.rdata	ascii	DWrite.dll
0x26ebf6	0x18026ebf6	.rdata	ascii	D3D11CreateDevice
0x26ec08	0x18026ec08	.rdata	ascii	d3d11.dll
0x26ec14	0x18026ec14	.rdata	ascii	CreateDXGIFactory1
0x26ec28	0x18026ec28	.rdata	ascii	dxgi.dll
0x26ec34	0x18026ec34	.rdata	ascii	D3DCompile
0x26ec40	0x18026ec40	.rdata	ascii	D3DCOMPILER_47.dll
0x26ec56	0x18026ec56	.rdata	ascii	GetModuleFileNameW
0x26ec6c	0x18026ec6c	.rdata	ascii	Sleep
0x26ec74	0x18026ec74	.rdata	ascii	GetCurrentProcessId
0x26ec8a	0x18026ec8a	.rdata	ascii	Thread32First
0x26ec9a	0x18026ec9a	.rdata	ascii	Thread32Next
0x26ecaa	0x18026ecaa	.rdata	ascii	CloseHandle
0x26ecb8	0x18026ecb8	.rdata	ascii	GetTickCount64
0x26ecca	0x18026ecca	.rdata	ascii	CreateToolhelp32Snapshot
0x26ece6	0x18026ece6	.rdata	ascii	GetCurrentThreadId
0x26ecfc	0x18026ecfc	.rdata	ascii	WideCharToMultiByte
0x26ed12	0x18026ed12	.rdata	ascii	GetSystemInfo
0x26ed22	0x18026ed22	.rdata	ascii	VirtualAlloc
0x26ed32	0x18026ed32	.rdata	ascii	GetModuleHandleExW
0x26ed48	0x18026ed48	.rdata	ascii	FindResourceW
0x26ed58	0x18026ed58	.rdata	ascii	SizeofResource
0x26ed6a	0x18026ed6a	.rdata	ascii	LoadResource
0x26ed7a	0x18026ed7a	.rdata	ascii	LockResource
0x26ed8a	0x18026ed8a	.rdata	ascii	QueryPerformanceCounter
0x26eda4	0x18026eda4	.rdata	ascii	QueryPerformanceFrequency
0x26edc0	0x18026edc0	.rdata	ascii	AddVectoredExceptionHandler
0x26edde	0x18026edde	.rdata	ascii	RtlCaptureStackBackTrace
0x26edfa	0x18026edfa	.rdata	ascii	RemoveVectoredExceptionHandler
0x26ee1c	0x18026ee1c	.rdata	ascii	OutputDebugStringA
0x26ee32	0x18026ee32	.rdata	ascii	VirtualQuery
0x26ee42	0x18026ee42	.rdata	ascii	VirtualProtect
0x26ee54	0x18026ee54	.rdata	ascii	GetCurrentProcess
0x26ee68	0x18026ee68	.rdata	ascii	FlushInstructionCache
0x26ee80	0x18026ee80	.rdata	ascii	GetModuleHandleW
0x26ee94	0x18026ee94	.rdata	ascii	K32GetModuleInformation
0x26eeae	0x18026eeae	.rdata	ascii	GetProcAddress
0x26eec0	0x18026eec0	.rdata	ascii	GetEnvironmentVariableW
0x26eeda	0x18026eeda	.rdata	ascii	FindFirstFileW
0x26eeec	0x18026eeec	.rdata	ascii	FindNextFileW
0x26eefc	0x18026eefc	.rdata	ascii	GetFileAttributesW
0x26ef12	0x18026ef12	.rdata	ascii	FindClose
0x26ef1e	0x18026ef1e	.rdata	ascii	CreateFileW
0x26ef2c	0x18026ef2c	.rdata	ascii	GetFileSizeEx
0x26ef3c	0x18026ef3c	.rdata	ascii	ReadFile
0x26ef48	0x18026ef48	.rdata	ascii	DisableThreadLibraryCalls
0x26ef64	0x18026ef64	.rdata	ascii	CreateThread
0x26ef74	0x18026ef74	.rdata	ascii	ExitThread
0x26ef82	0x18026ef82	.rdata	ascii	FreeLibraryAndExitThread
0x26ef9e	0x18026ef9e	.rdata	ascii	HeapCreate
0x26efac	0x18026efac	.rdata	ascii	HeapFree
0x26efb8	0x18026efb8	.rdata	ascii	HeapDestroy
0x26efc6	0x18026efc6	.rdata	ascii	OpenThread
0x26efd4	0x18026efd4	.rdata	ascii	ResumeThread
0x26efe4	0x18026efe4	.rdata	ascii	HeapReAlloc
0x26eff2	0x18026eff2	.rdata	ascii	HeapAlloc
0x26effe	0x18026effe	.rdata	ascii	GetLastError
0x26f00e	0x18026f00e	.rdata	ascii	SuspendThread
0x26f01e	0x18026f01e	.rdata	ascii	GetThreadContext
0x26f032	0x18026f032	.rdata	ascii	SetThreadContext
0x26f046	0x18026f046	.rdata	ascii	VirtualFree
0x26f052	0x18026f052	.rdata	ascii	KERNEL32.dll
0x26f062	0x18026f062	.rdata	ascii	ReleaseSRWLockExclusive
0x26f07c	0x18026f07c	.rdata	ascii	AcquireSRWLockExclusive
0x26f096	0x18026f096	.rdata	ascii	WakeAllConditionVariable
0x26f0b2	0x18026f0b2	.rdata	ascii	SleepConditionVariableSRW
0x26f0ce	0x18026f0ce	.rdata	ascii	RtlCaptureContext
0x26f0e2	0x18026f0e2	.rdata	ascii	RtlLookupFunctionEntry
0x26f0fc	0x18026f0fc	.rdata	ascii	RtlVirtualUnwind
0x26f110	0x18026f110	.rdata	ascii	UnhandledExceptionFilter
0x26f12c	0x18026f12c	.rdata	ascii	SetUnhandledExceptionFilter
0x26f14a	0x18026f14a	.rdata	ascii	TerminateProcess
0x26f15e	0x18026f15e	.rdata	ascii	IsProcessorFeaturePresent
0x26f17a	0x18026f17a	.rdata	ascii	IsDebuggerPresent
0x26f18e	0x18026f18e	.rdata	ascii	GetStartupInfoW
0x26f1a0	0x18026f1a0	.rdata	ascii	GetSystemTimeAsFileTime
0x26f1ba	0x18026f1ba	.rdata	ascii	InitializeSListHead
0x26f1d0	0x18026f1d0	.rdata	ascii	CreateDirectoryW
0x26f1e4	0x18026f1e4	.rdata	ascii	FindFirstFileExW
0x26f1f8	0x18026f1f8	.rdata	ascii	GetFileAttributesExW
0x26f210	0x18026f210	.rdata	ascii	SetFileInformationByHandle
0x26f22e	0x18026f22e	.rdata	ascii	GetTempPathW
0x26f23e	0x18026f23e	.rdata	ascii	AreFileApisANSI
0x26f250	0x18026f250	.rdata	ascii	GetFileInformationByHandleEx
0x26f270	0x18026f270	.rdata	ascii	MultiByteToWideChar
0x26f286	0x18026f286	.rdata	ascii	LocalFree
0x26f292	0x18026f292	.rdata	ascii	FormatMessageA
0x26f2a4	0x18026f2a4	.rdata	ascii	GetLocaleInfoEx
0x26f2b6	0x18026f2b6	.rdata	ascii	TryAcquireSRWLockExclusive
0x26f2d4	0x18026f2d4	.rdata	ascii	ReleaseSRWLockShared
0x26f2ec	0x18026f2ec	.rdata	ascii	AcquireSRWLockShared
0x26f304	0x18026f304	.rdata	ascii	SetLastError
0x26f314	0x18026f314	.rdata	ascii	LoadLibraryExW
0x26f326	0x18026f326	.rdata	ascii	GetStringTypeW
0x26f338	0x18026f338	.rdata	ascii	EncodePointer
0x26f348	0x18026f348	.rdata	ascii	DecodePointer
0x26f358	0x18026f358	.rdata	ascii	EnterCriticalSection
0x26f370	0x18026f370	.rdata	ascii	LeaveCriticalSection
0x26f388	0x18026f388	.rdata	ascii	InitializeCriticalSectionEx
0x26f3a6	0x18026f3a6	.rdata	ascii	DeleteCriticalSection
0x26f3be	0x18026f3be	.rdata	ascii	LCMapStringEx
0x26f3ce	0x18026f3ce	.rdata	ascii	GetCPInfo
0x26f3da	0x18026f3da	.rdata	ascii	RtlUnwindEx
0x26f3e8	0x18026f3e8	.rdata	ascii	RtlPcToFileHeader
0x26f3fc	0x18026f3fc	.rdata	ascii	RaiseException
0x26f40e	0x18026f40e	.rdata	ascii	InterlockedFlushSList
0x26f426	0x18026f426	.rdata	ascii	InitializeCriticalSectionAndSpinCount
0x26f44e	0x18026f44e	.rdata	ascii	TlsAlloc
0x26f45a	0x18026f45a	.rdata	ascii	TlsGetValue
0x26f468	0x18026f468	.rdata	ascii	TlsSetValue
0x26f476	0x18026f476	.rdata	ascii	TlsFree
0x26f480	0x18026f480	.rdata	ascii	FreeLibrary
0x26f48e	0x18026f48e	.rdata	ascii	ExitProcess
0x26f49c	0x18026f49c	.rdata	ascii	WriteFile
0x26f4a8	0x18026f4a8	.rdata	ascii	GetConsoleOutputCP
0x26f4be	0x18026f4be	.rdata	ascii	GetConsoleMode
0x26f4d0	0x18026f4d0	.rdata	ascii	SetFilePointerEx
0x26f4e4	0x18026f4e4	.rdata	ascii	FlsAlloc
0x26f4f0	0x18026f4f0	.rdata	ascii	FlsGetValue
0x26f4fe	0x18026f4fe	.rdata	ascii	FlsSetValue
0x26f50c	0x18026f50c	.rdata	ascii	FlsFree
0x26f516	0x18026f516	.rdata	ascii	GetDateFormatW
0x26f528	0x18026f528	.rdata	ascii	GetTimeFormatW
0x26f53a	0x18026f53a	.rdata	ascii	CompareStringW
0x26f54c	0x18026f54c	.rdata	ascii	LCMapStringW
0x26f55c	0x18026f55c	.rdata	ascii	GetLocaleInfoW
0x26f56e	0x18026f56e	.rdata	ascii	IsValidLocale
0x26f57e	0x18026f57e	.rdata	ascii	GetUserDefaultLCID
0x26f594	0x18026f594	.rdata	ascii	EnumSystemLocalesW
0x26f5aa	0x18026f5aa	.rdata	ascii	GetStdHandle
0x26f5ba	0x18026f5ba	.rdata	ascii	GetFileType
0x26f5c8	0x18026f5c8	.rdata	ascii	ReadConsoleW
0x26f5d8	0x18026f5d8	.rdata	ascii	FlushFileBuffers
0x26f5ec	0x18026f5ec	.rdata	ascii	GetTimeZoneInformation
0x26f606	0x18026f606	.rdata	ascii	IsValidCodePage
0x26f618	0x18026f618	.rdata	ascii	GetACP
0x26f622	0x18026f622	.rdata	ascii	GetOEMCP
0x26f62e	0x18026f62e	.rdata	ascii	GetCommandLineA
0x26f640	0x18026f640	.rdata	ascii	GetCommandLineW
0x26f652	0x18026f652	.rdata	ascii	GetEnvironmentStringsW
0x26f66c	0x18026f66c	.rdata	ascii	FreeEnvironmentStringsW
0x26f686	0x18026f686	.rdata	ascii	SetEnvironmentVariableW
0x26f6a0	0x18026f6a0	.rdata	ascii	GetProcessHeap
0x26f6b2	0x18026f6b2	.rdata	ascii	SetStdHandle
0x26f6c2	0x18026f6c2	.rdata	ascii	HeapSize
0x26f6ce	0x18026f6ce	.rdata	ascii	WriteConsoleW
0x26f6de	0x18026f6de	.rdata	ascii	SetEndOfFile
0x26f6ee	0x18026f6ee	.rdata	ascii	RegCloseKey
0x26f6fc	0x18026f6fc	.rdata	ascii	RegOpenKeyExW
0x26f70c	0x18026f70c	.rdata	ascii	RegQueryValueExW
0x26f71e	0x18026f71e	.rdata	ascii	ADVAPI32.dll
0x26f72e	0x18026f72e	.rdata	ascii	RtlUnwind
0x270010	0x180270010	.data	ascii	.?AVbad_array_new_length@std@@
0x270040	0x180270040	.data	ascii	.?AVbad_alloc@std@@
0x270070	0x180270070	.data	ascii	.?AVexception@std@@
0x2700a0	0x1802700a0	.data	ascii	.?AVformat_error@std@@
0x2700d0	0x1802700d0	.data	ascii	.?AVruntime_error@std@@
0x270100	0x180270100	.data	ascii	.?AVbad_cast@std@@
0x270159	0x180270159	.data	ascii	!*/{r)#
0x270176	0x180270176	.data	ascii	*1"od?
0x270184	0x180270184	.data	ascii	173zd?
0x270232	0x180270232	.data	ascii	xx71-C}
0x2703fd	0x1802703fd	.data	ascii	"Ly85
0x27040f	0x18027040f	.data	ascii	x}<;1
0x270449	0x180270449	.data	ascii	!ps$"*
0x270481	0x180270481	.data	ascii	<:B~,
0x270487	0x180270487	.data	ascii	,%Wq,#Us
0x2704a7	0x1802704a7	.data	ascii	"T"sw"
0x270512	0x180270512	.data	ascii	*(426{
0x270522	0x180270522	.data	ascii	 1*Rl
0x27055e	0x18027055e	.data	ascii	2*2{y*
0x2705b7	0x1802705b7	.data	ascii	001(_
0x270638	0x180270638	.data	ascii	\mh=o
0x270675	0x180270675	.data	ascii	5VTsu
0x2706f1	0x1802706f1	.data	ascii	mv#lq
0x27079d	0x18027079d	.data	ascii	0Dn(-r
0x2709a2	0x1802709a2	.data	ascii	[0Lq"
0x2709ac	0x1802709ac	.data	ascii	"(4wy'
0x270a04	0x180270a04	.data	ascii	8(mv#lk
0x270a0c	0x180270a0c	.data	ascii	!M}4/e
0x270a4c	0x180270a4c	.data	ascii	[0qq"
0x270a65	0x180270a65	.data	ascii	*"3Ak
0x270b97	0x180270b97	.data	ascii	!$('lq
0x270b9f	0x180270b9f	.data	ascii	-($3|
0x270bad	0x180270bad	.data	ascii	(m~,&#
0x270bc2	0x180270bc2	.data	ascii	i^CHb
0x270bf2	0x180270bf2	.data	ascii	!M}4/7
0x270c2b	0x180270c2b	.data	ascii	?2'#wv#lq"
0x270c86	0x180270c86	.data	ascii	^%HZI
0x270cb3	0x180270cb3	.data	ascii	(73##
0x270cf9	0x180270cf9	.data	ascii	3##'"qq
0x270d08	0x180270d08	.data	ascii	#6{y*
0x270d12	0x180270d12	.data	ascii	#Q~,&#
0x270d4a	0x180270d4a	.data	ascii	P$yQ>
0x270d64	0x180270d64	.data	ascii	"qv#l
0x270d6c	0x180270d6c	.data	ascii	k~0qv
0x270da9	0x180270da9	.data	ascii	L37*" 
0x270dfb	0x180270dfb	.data	ascii	73003;
0x270e1b	0x180270e1b	.data	ascii	cstFg
0x270e96	0x180270e96	.data	ascii	(2*2{o
0x270ee8	0x180270ee8	.data	ascii	(2*2Bo
0x270f8c	0x180270f8c	.data	ascii	2*2{o
0x270fa5	0x180270fa5	.data	ascii	my-$/
0x270fab	0x180270fab	.data	ascii	"(*kb
0x27107c	0x18027107c	.data	ascii	h]#/*qr
0x27108f	0x18027108f	.data	ascii	!$('Q~
0x27109c	0x18027109c	.data	ascii	*-&"3|o
0x2710ed	0x1802710ed	.data	ascii	pr#,2
0x2710f3	0x1802710f3	.data	ascii	01(mm
0x271104	0x180271104	.data	ascii	,$"#*
0x27110a	0x18027110a	.data	ascii	&"3|p
0x271121	0x180271121	.data	ascii	*"'"q
0x271164	0x180271164	.data	ascii	&3&,2s
0x27117d	0x18027117d	.data	ascii	q|46,
0x2711ca	0x1802711ca	.data	ascii	oO]Qf`
0x271211	0x180271211	.data	ascii	MG`gj2
0x2712b1	0x1802712b1	.data	ascii	<:{s$-
0x2712fb	0x1802712fb	.data	ascii	:{|;+
0x271308	0x180271308	.data	ascii	default
0x271340	0x180271340	.data	ascii	.?AVexception@detail@json_abi_v3_11_3@nlohmann@@
0x271390	0x180271390	.data	ascii	.?AVfilesystem_error@filesystem@std@@
0x2713d0	0x1802713d0	.data	ascii	.?AVsystem_error@std@@
0x271400	0x180271400	.data	ascii	.?AV_System_error@std@@
0x271430	0x180271430	.data	ascii	.?AVtype_error@detail@json_abi_v3_11_3@nlohmann@@
0x271480	0x180271480	.data	ascii	.?AVinvalid_iterator@detail@json_abi_v3_11_3@nlohmann@@
0x2714d0	0x1802714d0	.data	ascii	.?AVfailure@ios_base@std@@
0x271500	0x180271500	.data	ascii	.?AVout_of_range@detail@json_abi_v3_11_3@nlohmann@@
0x271550	0x180271550	.data	ascii	.?AVparse_error@detail@json_abi_v3_11_3@nlohmann@@
0x271698	0x180271698	.data	ascii	L,mPy
0x2716c6	0x1802716c6	.data	ascii	:jl;78
0x271854	0x180271854	.data	ascii	bv#lq"
0x2718e3	0x1802718e3	.data	ascii	,%Wq,#Us
0x271972	0x180271972	.data	ascii	$(*xo 
0x271979	0x180271979	.data	ascii	#""'"
0x2719b0	0x1802719b0	.data	ascii	0<2$(H(
0x271a63	0x180271a63	.data	ascii	,,($3
0x271b2d	0x180271b2d	.data	ascii	TNE\C
0x271bad	0x180271bad	.data	ascii	2$(7(
0x271bfd	0x180271bfd	.data	ascii	:Bs$-
0x271c05	0x180271c05	.data	ascii	zq01-c&n0
0x271cba	0x180271cba	.data	ascii	!]<wj
0x271cde	0x180271cde	.data	ascii	$8><;1l
0x271d83	0x180271d83	.data	ascii	"cl"$
0x271de9	0x180271de9	.data	ascii	.307(
0x271f0c	0x180271f0c	.data	ascii	qGd>Z\`
0x271f4a	0x180271f4a	.data	ascii	 [(L0
0x271f62	0x180271f62	.data	ascii	Ntn(50
0x271f6e	0x180271f6e	.data	ascii	k|*(9*&zp.307
0x271f80	0x180271f80	.data	ascii	#rv((""52*
0x271f8c	0x180271f8c	.data	ascii	(ms*#
0x271fd7	0x180271fd7	.data	ascii	 *(,*
0x272028	0x180272028	.data	ascii	M:?oU
0x27203a	0x18027203a	.data	ascii	&kk#!ps
0x2720f5	0x1802720f5	.data	ascii	R}8z}.
0x2721cd	0x1802721cd	.data	ascii	k|-#".,(z
0x2721df	0x1802721df	.data	ascii	lp*y{20
0x2721f1	0x1802721f1	.data	ascii	*5(,(
0x272210	0x180272210	.data	ascii	W('41C)P
0x27222b	0x18027222b	.data	ascii	2U2<7"&
0x2722ca	0x1802722ca	.data	ascii	}I#.s
0x2722df	0x1802722df	.data	ascii	R><+'`
0x272324	0x180272324	.data	ascii	5*14"kl'
0x272365	0x180272365	.data	ascii	`+*74
0x2723ed	0x1802723ed	.data	ascii	(91rl
0x2723f4	0x1802723f4	.data	ascii	(91rz(
0x27244d	0x18027244d	.data	ascii	"#w~~l
0x272456	0x180272456	.data	ascii	(*x~,
0x272495	0x180272495	.data	ascii	<$1*(4
0x2724a8	0x1802724a8	.data	ascii	 1*Rl
0x2724ed	0x1802724ed	.data	ascii	2*2{y
0x272548	0x180272548	.data	ascii	73001(_,
0x272599	0x180272599	.data	ascii	 1*kl
0x272705	0x180272705	.data	ascii	+wrV71
0x27276b	0x18027276b	.data	ascii	t~_*}*m?
0x27293f	0x18027293f	.data	ascii	*"3Av
0x2729a0	0x1802729a0	.data	ascii	~lnv6@}8
0x2729d9	0x1802729d9	.data	ascii	*"3|k
0x272a2a	0x180272a2a	.data	ascii	(2*2{y0*
0x272a50	0x180272a50	.data	ascii	1*O'61
0x272a6d	0x180272a6d	.data	ascii	2*2By0*'s
0x272aae	0x180272aae	.data	ascii	@-B[Y
0x272ac0	0x180272ac0	.data	ascii	*73001
0x272ad5	0x180272ad5	.data	ascii	($3A~,&#
0x272b24	0x180272b24	.data	ascii	1(mm(
0x272b78	0x180272b78	.data	ascii	8(mv#Qk
0x272b80	0x180272b80	.data	ascii	!p}4/j
0x272bbb	0x180272bbb	.data	ascii	2'#wv#lq"
0x272bcd	0x180272bcd	.data	ascii	33(_,R
0x272bf2	0x180272bf2	.data	ascii	Mmvqy
0x272c10	0x180272c10	.data	ascii	2'#i,
0x272c58	0x180272c58	.data	ascii	3##'"Ll
0x272c64	0x180272c64	.data	ascii	01(_,
0x272c97	0x180272c97	.data	ascii	#X"Lq"
0x272d51	0x180272d51	.data	ascii	##'"c
0x272d8a	0x180272d8a	.data	ascii	(2*2Bk
0x272dd3	0x180272dd3	.data	ascii	2*2Bo
0x272e33	0x180272e33	.data	ascii	*"'"q
0x272eeb	0x180272eeb	.data	ascii	MP,D:
0x272f05	0x180272f05	.data	ascii	osbvv
0x272f10	0x180272f10	.data	ascii	2*2Bo
0x272f72	0x180272f72	.data	ascii	2*2{o
0x272f7d	0x180272f7d	.data	ascii	**"'"q
0x272fa3	0x180272fa3	.data	ascii	lpMuvp
0x272fbc	0x180272fbc	.data	ascii	F.@&|
0x272fc6	0x180272fc6	.data	ascii	2*2{o
0x272fd2	0x180272fd2	.data	ascii	*"'"qk
0x27301a	0x18027301a	.data	ascii	*Lr#,20
0x27302d	0x18027302d	.data	ascii	l~0q~
0x273038	0x180273038	.data	ascii	&"3Ao
0x273081	0x180273081	.data	ascii	01(Pm()
0x27308d	0x18027308d	.data	ascii	l~0L~,$
0x2730d8	0x1802730d8	.data	ascii	GVH\7
0x2730e9	0x1802730e9	.data	ascii	,2s|;0#"
0x2730fc	0x1802730fc	.data	ascii	{v(L|46,
0x27323d	0x18027323d	.data	ascii	cUrudr
0x273295	0x180273295	.data	ascii	KS`O5%
0x2732bf	0x1802732bf	.data	ascii	cc24MT
0x273486	0x180273486	.data	ascii	*r|O{
0x2734d1	0x1802734d1	.data	ascii	,)66]
0x27354c	0x18027354c	.data	ascii	q:v?'
0x2735c7	0x1802735c7	.data	ascii	*kv(-
0x2735fe	0x1802735fe	.data	ascii	#"#.&&z
0x273645	0x180273645	.data	ascii	^97LR
0x273654	0x180273654	.data	ascii	.$335
0x27373a	0x18027373a	.data	ascii	<K;$@
0x273762	0x180273762	.data	ascii	2*2Bs
0x273768	0x180273768	.data	ascii	"&(,2
0x273800	0x180273800	.data	ascii	2*2B|
0x2738b1	0x1802738b1	.data	ascii	2*2{l
0x2738d0	0x1802738d0	.data	ascii	#6{}$f
0x273916	0x180273916	.data	ascii	(2*2Bl
0x273928	0x180273928	.data	ascii	)7*&z
0x27398a	0x18027398a	.data	ascii	(2*2Bl
0x27399c	0x18027399c	.data	ascii	)7*&z
0x2739f7	0x1802739f7	.data	ascii	2*2Bl
0x273a09	0x180273a09	.data	ascii	76,L|46,,;(
0x273a1f	0x180273a1f	.data	ascii	;1! 2+$f
0x273a8e	0x180273a8e	.data	ascii	.*6Bk
0x273b1f	0x180273b1f	.data	ascii	>B{{$
0x273b42	0x180273b42	.data	ascii	2*2{l
0x273b53	0x180273b53	.data	ascii	!$J|46,,
0x273baa	0x180273baa	.data	ascii	Sp<`S;
0x273bba	0x180273bba	.data	ascii	2*2Bl
0x273bcc	0x180273bcc	.data	ascii	$J|46,,
0x273c41	0x180273c41	.data	ascii	$J|46,,
0x273c61	0x180273c61	.data	ascii	zz');.*
0x273cd8	0x180273cd8	.data	ascii	zz');
0x273d24	0x180273d24	.data	ascii	(2*2Bl
0x273d37	0x180273d37	.data	ascii	$s|46
0x273d54	0x180273d54	.data	ascii	R}8zz'
0x273db6	0x180273db6	.data	ascii	6,,;(
0x273dcf	0x180273dcf	.data	ascii	R}8zz'
0x273eaf	0x180273eaf	.data	ascii	$s|46
0x273eb5	0x180273eb5	.data	ascii	,;(&(m
0x273ecb	0x180273ecb	.data	ascii	k}8zz'
0x273ed2	0x180273ed2	.data	ascii	;.*6{k
0x273f1e	0x180273f1e	.data	ascii	(2*2{l
0x273f32	0x180273f32	.data	ascii	s|46,,;
0x273f4f	0x180273f4f	.data	ascii	8Cz');.*6Bk
0x273f93	0x180273f93	.data	ascii	(2*2Bl
0x273fa6	0x180273fa6	.data	ascii	$s|46,,
0x273fc8	0x180273fc8	.data	ascii	);.*6{k
0x273fe6	0x180273fe6	.data	ascii	]Y4}L3
0x274024	0x180274024	.data	ascii	,;(&(m
0x27411c	0x18027411c	.data	ascii	,;(&(m
0x274134	0x180274134	.data	ascii	8Cz')D.
0x274193	0x180274193	.data	ascii	$s|46,,;
0x2741af	0x1802741af	.data	ascii	k}8zz
0x27421d	0x18027421d	.data	ascii	,;(&(m
0x274234	0x180274234	.data	ascii	k}8Cz
0x27423a	0x18027423a	.data	ascii	);.*6{
0x274280	0x180274280	.data	ascii	(2*2Bl
0x274293	0x180274293	.data	ascii	$s|46,
0x2742f4	0x1802742f4	.data	ascii	2*2Bl
0x274323	0x180274323	.data	ascii	k}8zz');.
0x274357	0x180274357	.data	ascii	)D<SsZ
0x274396	0x180274396	.data	ascii	k}8zz')
0x27439e	0x18027439e	.data	ascii	.*6Bk
0x2743dc	0x1802743dc	.data	ascii	2*2{l
0x2743ee	0x1802743ee	.data	ascii	$s|46,,;
0x27440b	0x18027440b	.data	ascii	k}8zz'
0x274412	0x180274412	.data	ascii	;.*6{k
0x274459	0x180274459	.data	ascii	2*2Bl
0x27448b	0x18027448b	.data	ascii	zz');.*6{
0x2744db	0x1802744db	.data	ascii	(2*2{l
0x2744ee	0x1802744ee	.data	ascii	$s|46,,;
0x27450b	0x18027450b	.data	ascii	k}8zz');
0x27455a	0x18027455a	.data	ascii	(2*2Bl
0x27456d	0x18027456d	.data	ascii	$s|46,,;(
0x2745d1	0x1802745d1	.data	ascii	2*2{l
0x2745e4	0x1802745e4	.data	ascii	s|46,
0x2745ea	0x1802745ea	.data	ascii	;(&(m
0x27463c	0x18027463c	.data	ascii	(2*2{l
0x27464f	0x18027464f	.data	ascii	$s|46
0x27466b	0x18027466b	.data	ascii	k}8Cz');.*6{k
0x2746cd	0x1802746cd	.data	ascii	!$J|4
0x274727	0x180274727	.data	ascii	(2*2Bl
0x27473f	0x18027473f	.data	ascii	,,;(&(m
0x27475c	0x18027475c	.data	ascii	');.*6{k
0x274791	0x180274791	.data	ascii	:xkn*
0x2747a1	0x1802747a1	.data	ascii	(2*2{l
0x2747b5	0x1802747b5	.data	ascii	s|46,,;(&(m
0x2747d0	0x1802747d0	.data	ascii	k}8zz
0x2747d6	0x1802747d6	.data	ascii	);.*6{k
0x274816	0x180274816	.data	ascii	(2*2Bl
0x27482d	0x18027482d	.data	ascii	6,,;(&(P
0x274847	0x180274847	.data	ascii	8zz');.
0x274899	0x180274899	.data	ascii	W2*2Bl
0x2748ac	0x1802748ac	.data	ascii	$s|46
0x2748ca	0x1802748ca	.data	ascii	8zz')
0x2748e7	0x1802748e7	.data	ascii	W/=a.:
0x274911	0x180274911	.data	ascii	(2*2Bl
0x274924	0x180274924	.data	ascii	$s|46
0x27498b	0x18027498b	.data	ascii	v*'fl*
0x2749c9	0x1802749c9	.data	ascii	(2*2Bq
0x2749d9	0x1802749d9	.data	ascii	*7(&6{{
0x2749e1	0x1802749e1	.data	ascii	//"R~8%
0x274a38	0x180274a38	.data	ascii	7(&6{{2//"R~
0x274a82	0x180274a82	.data	ascii	2*2Bq
0x274a91	0x180274a91	.data	ascii	*7(&6B
0x274aa7	0x180274aa7	.data	ascii	/"k~8%
0x274b05	0x180274b05	.data	ascii	/"k~8
0x274b0b	0x180274b0b	.data	ascii	&(mz"
0x274b7b	0x180274b7b	.data	ascii	Qa.!$,
0x274b8f	0x180274b8f	.data	ascii	-J{5F
0x274be6	0x180274be6	.data	ascii	+/jLU`iE}
0x274c69	0x180274c69	.data	ascii	CC0IN
0x274c95	0x180274c95	.data	ascii	'C~0q
0x274cab	0x180274cab	.data	ascii	1Ik#6
0x274d1e	0x180274d1e	.data	ascii	# $Cp
0x274d24	0x180274d24	.data	ascii	307(k
0x274db1	0x180274db1	.data	ascii	Ry0"R|'
0x274dfd	0x180274dfd	.data	ascii	kp*Dm
0x274e6a	0x180274e6a	.data	ascii	FsFbm
0x274e82	0x180274e82	.data	ascii	# $C~
0x274ec9	0x180274ec9	.data	ascii	.,e'zz
0x274f8a	0x180274f8a	.data	ascii	~*Rs*(,z
0x274ffc	0x180274ffc	.data	ascii	 .*.zo
0x275062	0x180275062	.data	ascii	IC>q\
0x27511e	0x18027511e	.data	ascii	(((""52*
0x27521d	0x18027521d	.data	ascii	$(*xs*"&
0x27524f	0x18027524f	.data	ascii	8(ms*"&(,
0x275270	0x180275270	.data	ascii	>CH4C!
0x2752b5	0x1802752b5	.data	ascii	$+1{^
0x2753e6	0x1802753e6	.data	ascii	,-{p*y
0x275474	0x180275474	.data	ascii	__![hr9
0x2754f6	0x1802754f6	.data	ascii	<:B~,
0x2754fc	0x1802754fc	.data	ascii	,%fq,#Us.,*$#
0x275581	0x180275581	.data	ascii	.`]'&Rk
0x2755c3	0x1802755c3	.data	ascii	2*2{w
0x275605	0x180275605	.data	ascii	fMAto
0x27566e	0x18027566e	.data	ascii	er]TF.
0x2756ba	0x1802756ba	.data	ascii	,;(&(pz_
0x2757f8	0x1802757f8	.data	ascii	-b/*"wQ
0x2758b2	0x1802758b2	.data	ascii	$rc2{&
0x2758de	0x1802758de	.data	ascii	I|xUQ]
0x275900	0x180275900	.data	ascii	(&(mp
0x275973	0x180275973	.data	ascii	#.(*Ew2(
0x27599b	0x18027599b	.data	ascii	duWI+c~
0x2759bd	0x1802759bd	.data	ascii	.Cr1*(4
0x2759c5	0x1802759c5	.data	ascii	'lk#6
0x275ab4	0x180275ab4	.data	ascii	Q~?t/!w
0x275ae9	0x180275ae9	.data	ascii	0*31tk
0x275afa	0x180275afa	.data	ascii	$/0#^
0x275b00	0x180275b00	.data	ascii	0*31tk
0x275b07	0x180275b07	.data	ascii	p|0.9
0x275b69	0x180275b69	.data	ascii	56F.X
0x275b7d	0x180275b7d	.data	ascii	xq01-
0x275bed	0x180275bed	.data	ascii	+($6{
0x275bf3	0x180275bf3	.data	ascii	-"+0/
0x275cc1	0x180275cc1	.data	ascii	&Cv"kh
0x275d52	0x180275d52	.data	ascii	..&&z
0x275d93	0x180275d93	.data	ascii	(9*&6{
0x275dd2	0x180275dd2	.data	ascii	&(P~~q01-z
0x275e23	0x180275e23	.data	ascii	01-Cv#lk*
0x275e3c	0x180275e3c	.data	ascii	Q.yz~
0x275e6a	0x180275e6a	.data	ascii	MHV]'
0x275f6b	0x180275f6b	.data	ascii	r$8v*V
0x275fcd	0x180275fcd	.data	ascii	#Us.,
0x27600d	0x18027600d	.data	ascii	"'"lfJ
0x27602a	0x18027602a	.data	ascii	.-q/k
0x276050	0x180276050	.data	ascii	*eC6+
0x2760e6	0x1802760e6	.data	ascii	eIBJ_
0x2760f0	0x1802760f0	.data	ascii	(2*2{l
0x276128	0x180276128	.data	ascii	U^gB:
0x27614f	0x18027614f	.data	ascii	(*j,8K
0x276176	0x180276176	.data	ascii	evQ0<
0x27618d	0x18027618d	.data	ascii	2*2{y*
0x27622b	0x18027622b	.data	ascii	$(*j,<
0x276313	0x180276313	.data	ascii	&(mv#Qq
0x276360	0x180276360	.data	ascii	DaNmc
0x276446	0x180276446	.data	ascii	.Ox9S
0x276622	0x180276622	.data	ascii	!p}4/e
0x2766ae	0x1802766ae	.data	ascii	2{y0*
0x2766b4	0x1802766b4	.data	ascii	s|46,
0x2766f5	0x1802766f5	.data	ascii	2*2By0*
0x276701	0x180276701	.data	ascii	!Ms$"*o
0x276740	0x180276740	.data	ascii	 1*kl
0x27675a	0x18027675a	.data	ascii	-($3|~
0x27679e	0x18027679e	.data	ascii	1(mm(
0x276802	0x180276802	.data	ascii	!p}4/j
0x27683a	0x18027683a	.data	ascii	k~0Lv
0x276841	0x180276841	.data	ascii	&33(B
0x276886	0x180276886	.data	ascii	2'#i,
0x2768ab	0x1802768ab	.data	ascii	}Mg@O
0x27690a	0x18027690a	.data	ascii	#'"qq
0x276911	0x180276911	.data	ascii	k~2'$
0x276917	0x180276917	.data	ascii	#6By*
0x276921	0x180276921	.data	ascii	#l~,&
0x276973	0x180276973	.data	ascii	k~0qv
0x27698f	0x18027698f	.data	ascii	QC8#&
0x2769ec	0x1802769ec	.data	ascii	(2*2{k
0x2769fd	0x1802769fd	.data	ascii	3;*"'"c
0x276a3c	0x180276a3c	.data	ascii	(2*2Bo
0x276a57	0x180276a57	.data	ascii	3001(p
0x276aa2	0x180276aa2	.data	ascii	**"'"q
0x276aed	0x180276aed	.data	ascii	**"'"Lk
0x276afb	0x180276afb	.data	ascii	m|46,
0x276b30	0x180276b30	.data	ascii	(2*2{o
0x276b72	0x180276b72	.data	ascii	pi1XX
0x276b81	0x180276b81	.data	ascii	2*2Bo
0x276b8c	0x180276b8c	.data	ascii	**"'"qk
0x276b9d	0x180276b9d	.data	ascii	$/*"(*kb '(
0x276c2b	0x180276c2b	.data	ascii	-hYU`
0x276c3d	0x180276c3d	.data	ascii	2*2{o
0x276c9e	0x180276c9e	.data	ascii	!$('Q~
0x276cc9	0x180276cc9	.data	ascii	j&:LYc
0x276cf9	0x180276cf9	.data	ascii	pr#,2001(mm()
0x276d0b	0x180276d0b	.data	ascii	l~0q~,$"#*-&"3|
0x276d6c	0x180276d6c	.data	ascii	3&,2s|;0#"
0x276d7f	0x180276d7f	.data	ascii	(6{v(q|46,pi;
0x276dfb	0x180276dfb	.data	ascii	z!t4s
0x276e95	0x180276e95	.data	ascii	-;2.z
0x276ed1	0x180276ed1	.data	ascii	<:{|;+
0x276f03	0x180276f03	.data	ascii	((6<31.`]
0x276f11	0x180276f11	.data	ascii	!Ms$"*
0x276f73	0x180276f73	.data	ascii	>fff?
0x277088	0x180277088	.data	ascii	VgAwe
0x2770c0	0x1802770c0	.data	ascii	&.'*#'
0x277101	0x180277101	.data	ascii	sk*,&3&_
0x277182	0x180277182	.data	ascii	(IH!%Im(0
0x277194	0x180277194	.data	ascii	&3&kdJ
0x27721e	0x18027721e	.data	ascii	,%Wq,#hs
0x277292	0x180277292	.data	ascii	*(426{
0x2774f1	0x1802774f1	.data	ascii	8P/\_
0x27758a	0x18027758a	.data	ascii	-COx2
0x277765	0x180277765	.data	ascii	*"3|v
0x2777a2	0x1802777a2	.data	ascii	mv#lk
0x2777f3	0x1802777f3	.data	ascii	#1*"3Ak
0x277801	0x180277801	.data	ascii	2Jv(-
0x277878	0x180277878	.data	ascii	(2*2{y0*
0x277885	0x180277885	.data	ascii	!ps$"*o
0x2778dd	0x1802778dd	.data	ascii	!$('lq
0x2778e8	0x1802778e8	.data	ascii	3A~,&
0x277962	0x180277962	.data	ascii	7k<kU
0x277999	0x180277999	.data	ascii	08(mv#lk
0x2779dd	0x1802779dd	.data	ascii	?2'#wv#l
0x277b02	0x180277b02	.data	ascii	(73##'"qv#lq"
0x277b17	0x180277b17	.data	ascii	&33(_
0x277b51	0x180277b51	.data	ascii	(73##'
0x277b92	0x180277b92	.data	ascii	(2*2{k
0x277b9e	0x180277b9e	.data	ascii	*73003;*"'"c
0x277bdb	0x180277bdb	.data	ascii	2*2Bo
0x277bf7	0x180277bf7	.data	ascii	01(p>>
0x277c2d	0x180277c2d	.data	ascii	(2*2{o
0x277c47	0x180277c47	.data	ascii	m}.!$j
0x277c99	0x180277c99	.data	ascii	m|46,
0x277cdc	0x180277cdc	.data	ascii	(2*2Bo
0x277d3a	0x180277d3a	.data	ascii	2*2{o
0x277d46	0x180277d46	.data	ascii	*"'"q
0x277d56	0x180277d56	.data	ascii	$/*"(*k
0x277da3	0x180277da3	.data	ascii	*"'"qk
0x277de2	0x180277de2	.data	ascii	(2*2{o
0x277e2e	0x180277e2e	.data	ascii	#/*qr#,
0x277e40	0x180277e40	.data	ascii	$('l~0q
0x277e4e	0x180277e4e	.data	ascii	&"3Ao
0x277e80	0x180277e80	.data	ascii	5nK^!
0x277ea3	0x180277ea3	.data	ascii	01(mm
0x277eab	0x180277eab	.data	ascii	!$('l
0x277f05	0x180277f05	.data	ascii	,2s|;0#
0x277f18	0x180277f18	.data	ascii	{v(q|46
0x278043	0x180278043	.data	ascii	<:{s$-
0x278163	0x180278163	.data	ascii	GNb_N
0x27819d	0x18027819d	.data	ascii	sk*,&
0x27821a	0x18027821a	.data	ascii	I($H!%tm(007
0x2782a2	0x1802782a2	.data	ascii	,%fq,#hs.,
0x278375	0x180278375	.data	ascii	2*2{y*
0x278383	0x180278383	.data	ascii	$(*j,
0x2783c8	0x1802783c8	.data	ascii	*73001(_,
0x27841a	0x18027841a	.data	ascii	$(*j,
0x2784af	0x1802784af	.data	ascii	ZYBu^
0x2784ec	0x1802784ec	.data	ascii	$(*xo '(
0x27857d	0x18027857d	.data	ascii	L+dD#
0x27859d	0x18027859d	.data	ascii	00in(-5
0x2786d4	0x1802786d4	.data	ascii	\,L-L
0x2787bd	0x1802787bd	.data	ascii	[0Lq"
0x2787ce	0x1802787ce	.data	ascii	#Kr10
0x27882d	0x18027882d	.data	ascii	mv#lk
0x2788d1	0x1802788d1	.data	ascii	2*2{y
0x278900	0x180278900	.data	ascii	'|4LY
0x278916	0x180278916	.data	ascii	2*2{y0*'s
0x27896f	0x18027896f	.data	ascii	!$('l
0x2789c2	0x1802789c2	.data	ascii	*73001
0x2789ce	0x1802789ce	.data	ascii	!$('lq
0x2789e3	0x1802789e3	.data	ascii	&(m~,&#
0x278a2b	0x180278a2b	.data	ascii	08(mv#Qk
0x278ab1	0x180278ab1	.data	ascii	2'#i,
0x278aea	0x180278aea	.data	ascii	#(*xo
0x278afa	0x180278afa	.data	ascii	*7300
0x278ba5	0x180278ba5	.data	ascii	#'"Lv
0x278c05	0x180278c05	.data	ascii	73##'
0x278c41	0x180278c41	.data	ascii	(2*2Bk
0x278c52	0x180278c52	.data	ascii	3;*"'"c,
0x278c99	0x180278c99	.data	ascii	(2*2{o
0x278cb2	0x180278cb2	.data	ascii	*73001(
0x278d1b	0x180278d1b	.data	ascii	~(Giz
0x278d33	0x180278d33	.data	ascii	q: 8p
0x278d3e	0x180278d3e	.data	ascii	(2*2Bo
0x278d4b	0x180278d4b	.data	ascii	*"'"qk
0x278d8f	0x180278d8f	.data	ascii	(2*2Bo
0x278dad	0x180278dad	.data	ascii	&33(p
0x278e46	0x180278e46	.data	ascii	**"'"Lk
0x278e93	0x180278e93	.data	ascii	*"'"q
0x278eca	0x180278eca	.data	ascii	,c&Aa8M
0x278ee2	0x180278ee2	.data	ascii	#/*Lr#,
0x278f20	0x180278f20	.data	ascii	_`?|+
0x278f53	0x180278f53	.data	ascii	2001(mm
0x278f61	0x180278f61	.data	ascii	l~0L~,$
0x278fa0	0x180278fa0	.data	ascii	eF#'W
0x278fca	0x180278fca	.data	ascii	Y3&,2s|;
0x278fdf	0x180278fdf	.data	ascii	6Bv(q
0x279039	0x180279039	.data	ascii	o%gz5zx
0x27916d	0x18027916d	.data	ascii	:{|;+
0x279410	0x180279410	.data	ascii	.?AV<lambda_0>@?0??install@?A0x2969A550@hooks@aerial@@YA_NXZ@
0x27950c	0x18027950c	.data	ascii	fZo>%
0x279580	0x180279580	.data	ascii	ps$"*
0x2795bb	0x1802795bb	.data	ascii	$1*(426{
0x2795d5	0x1802795d5	.data	ascii	(Uj,L
0x27965e	0x18027965e	.data	ascii	*73001(_
0x279766	0x180279766	.data	ascii	G Oo[j
0x279772	0x180279772	.data	ascii	xo '(
0x27977a	0x18027977a	.data	ascii	mv#Qq
0x27981d	0x18027981d	.data	ascii	0Dn(-9
0x279860	0x180279860	.data	ascii	|}n|h_S@
0x279a4e	0x180279a4e	.data	ascii	#1*"3Av
0x279a99	0x180279a99	.data	ascii	!p}4/e
0x279aec	0x180279aec	.data	ascii	)2sv(-
0x279b2c	0x180279b2c	.data	ascii	2*2{y
0x279bda	0x180279bda	.data	ascii	($3A~
0x279c1f	0x180279c1f	.data	ascii	 1*kl
0x279c26	0x180279c26	.data	ascii	73001(m
0x279c31	0x180279c31	.data	ascii	!$('lq
0x279c39	0x180279c39	.data	ascii	-($3|p
0x279c90	0x180279c90	.data	ascii	mv#lk
0x279cd0	0x180279cd0	.data	ascii	2'#wv
0x279d25	0x180279d25	.data	ascii	2'#i,
0x279d65	0x180279d65	.data	ascii	#'"ql
0x279daf	0x180279daf	.data	ascii	k~2'$
0x279e0b	0x180279e0b	.data	ascii	#'"qv#lq"
0x279e15	0x180279e15	.data	ascii	k~0qv
0x279e1c	0x180279e1c	.data	ascii	&33(B
0x279e68	0x180279e68	.data	ascii	##'"c,2b
0x279e95	0x180279e95	.data	ascii	(2*2Bk
0x279ea6	0x180279ea6	.data	ascii	3;*"'"c,
0x279edf	0x180279edf	.data	ascii	(2*2{o
0x279ef8	0x180279ef8	.data	ascii	*73001(pmJ
0x279f50	0x180279f50	.data	ascii	m}.!$j
0x279f8d	0x180279f8d	.data	ascii	(2*2Bo
0x279f9a	0x180279f9a	.data	ascii	*"'"qk
0x279fa7	0x180279fa7	.data	ascii	m|46,p0
0x27a0a1	0x18027a0a1	.data	ascii	**"'"qk
0x27a0ee	0x18027a0ee	.data	ascii	(2*2Bo
0x27a0fa	0x18027a0fa	.data	ascii	**"'"q
0x27a1c1	0x18027a1c1	.data	ascii	(Pm()
0x27a1cb	0x18027a1cb	.data	ascii	l~0q~
0x27a1d6	0x18027a1d6	.data	ascii	&"3Ap
0x27a2be	0x18027a2be	.data	ascii	L[6Wr/
0x27a37f	0x18027a37f	.data	ascii	-;2.zq01-
0x27a3b2	0x18027a3b2	.data	ascii	:{|;+
0x27a80e	0x18027a80e	.data	ascii	h'VV$ 37)
0x27a869	0x18027a869	.data	ascii	!*/Z[(
0x27a892	0x18027a892	.data	ascii	5V-g}
0x27a8e4	0x18027a8e4	.data	ascii	%/W1-)
0x27a932	0x18027a932	.data	ascii	(5,)M"
0x27a972	0x18027a972	.data	ascii	B&HI*(
0x27a9ba	0x18027a9ba	.data	ascii	*5(,(!I*(
0x27aa1e	0x18027aa1e	.data	ascii	(,(:I*(
0x27aa33	0x18027aa33	.data	ascii	^L&HM$'.7
0x27aa3f	0x18027aa3f	.data	ascii	"HH-6
0x27aa4d	0x18027aa4d	.data	ascii	6[_(4
0x27aa73	0x18027aa73	.data	ascii	'sk*,&3&_
0x27aaf5	0x18027aaf5	.data	ascii	007(&6Bk
0x27aafe	0x18027aafe	.data	ascii	,&3&k
0x27ab46	0x18027ab46	.data	ascii	ps$"*e
0x27ab68	0x18027ab68	.data	ascii	  RAR
0x27ab82	0x18027ab82	.data	ascii	<:B~,
0x27ab88	0x18027ab88	.data	ascii	,%Wq,#Us
0x27abd8	0x18027abd8	.data	ascii	"'"l7
0x27ac10	0x18027ac10	.data	ascii	<$1*(426B
0x27ac23	0x18027ac23	.data	ascii	 1*Rl
0x27ac58	0x18027ac58	.data	ascii	(2*2{y*
0x27acb3	0x18027acb3	.data	ascii	73001(_
0x27acfb	0x18027acfb	.data	ascii	 1*kl
0x27ae3b	0x18027ae3b	.data	ascii	$ik66//
0x27ae7a	0x18027ae7a	.data	ascii	c|GQ/E
0x27ae9e	0x18027ae9e	.data	ascii	00in(-9
0x27b0b6	0x18027b0b6	.data	ascii	#Kr10
0x27b0ca	0x18027b0ca	.data	ascii	3|v(-6"
0x27b108	0x18027b108	.data	ascii	mv#lk
0x27b157	0x18027b157	.data	ascii	"(4wy'
0x27b171	0x18027b171	.data	ascii	)2sv(-6
0x27b1b2	0x18027b1b2	.data	ascii	2By0*
0x27b200	0x18027b200	.data	ascii	2By0*
0x27b20a	0x18027b20a	.data	ascii	!Ms$"*o
0x27b251	0x18027b251	.data	ascii	$('lq
0x27b25b	0x18027b25b	.data	ascii	3A~,&
0x27b2a8	0x18027b2a8	.data	ascii	1(mm(
0x27b2b7	0x18027b2b7	.data	ascii	-($3|p
0x27b2be	0x18027b2be	.data	ascii	mo '(
0x27b2c6	0x18027b2c6	.data	ascii	m~,&#"-
0x27b300	0x18027b300	.data	ascii	mv#lk
0x27b336	0x18027b336	.data	ascii	?2'#Fv#lq"
0x27b412	0x18027b412	.data	ascii	R~2'$
0x27b418	0x18027b418	.data	ascii	#6{y*
0x27b440	0x18027b440	.data	ascii	vv*6i
0x27b46a	0x18027b46a	.data	ascii	"qv#l
0x27b472	0x18027b472	.data	ascii	k~0qv
0x27b4b7	0x18027b4b7	.data	ascii	##'"c
0x27b4cb	0x18027b4cb	.data	ascii	98YU~
0x27b4ef	0x18027b4ef	.data	ascii	2*2{k
0x27b4fd	0x18027b4fd	.data	ascii	003;*"'">
0x27b53f	0x18027b53f	.data	ascii	2*2Bo
0x27b591	0x18027b591	.data	ascii	*"'"Lk
0x27b5bc	0x18027b5bc	.data	ascii	On#:t
0x27b67b	0x18027b67b	.data	ascii	2*2Bo
0x27b686	0x18027b686	.data	ascii	**"'"qk
0x27b698	0x18027b698	.data	ascii	/*"(*kb 
0x27b6dc	0x18027b6dc	.data	ascii	(2*2{o
0x27b71b	0x18027b71b	.data	ascii	l9]QMC
0x27b744	0x18027b744	.data	ascii	*"'"qk
0x27b784	0x18027b784	.data	ascii	h]#/*qr#,
0x27b78e	0x18027b78e	.data	ascii	001(mm(
0x27b797	0x18027b797	.data	ascii	!$('l~0q
0x27b7a0	0x18027b7a0	.data	ascii	,$"#*-&
0x27b7b2	0x18027b7b2	.data	ascii	*"'"qk
0x27b800	0x18027b800	.data	ascii	#,2001(Pm()
0x27b80e	0x18027b80e	.data	ascii	('l~0q~,$
0x27b821	0x18027b821	.data	ascii	mo '(
0x27b831	0x18027b831	.data	ascii	**"'"Lk
0x27b87a	0x18027b87a	.data	ascii	R}8zl
0x27b9e9	0x18027b9e9	.data	ascii	<:B|;+
0x27ba19	0x18027ba19	.data	ascii	7("'"2201
0x27ba80	0x18027ba80	.data	ascii	.?AV<lambda_0>@?0??install@?A0x7A6FC3FF@hooks@aerial@@YA_NXZ@
0x27bafe	0x18027bafe	.data	ascii	-l]:t2
0x27bb2b	0x18027bb2b	.data	ascii	C2*%*
0x27bb34	0x18027bb34	.data	ascii	^3&8I*
0x27bb3b	0x18027bb3b	.data	ascii	5,:?2'#f?
0x27bb73	0x18027bb73	.data	ascii	'sk*,&
0x27bb9b	0x18027bb9b	.data	ascii	~B!:q
0x27bbe8	0x18027bbe8	.data	ascii	bFsOE2
0x27bbf7	0x18027bbf7	.data	ascii	(IH!%Im
0x27bc01	0x18027bc01	.data	ascii	7(&6{
0x27bc45	0x18027bc45	.data	ascii	$(*xk
0x27bc4b	0x18027bc4b	.data	ascii	!ps$"*
0x27bc56	0x18027bc56	.data	ascii	(HV)Q\
0x27bc92	0x18027bc92	.data	ascii	%fq,#Us
0x27bd65	0x18027bd65	.data	ascii	(2*2By*
0x27bd9b	0x18027bd9b	.data	ascii	C/">dfS
0x27bdb7	0x18027bdb7	.data	ascii	001(_
0x27be2a	0x18027be2a	.data	ascii	z;)j,
0x27be98	0x18027be98	.data	ascii	upj)p&
0x27bef9	0x18027bef9	.data	ascii	&(mv#lq
0x27bf03	0x18027bf03	.data	ascii	e,P:z
0x27bfc5	0x18027bfc5	.data	ascii	++>#j
0x27c1a3	0x18027c1a3	.data	ascii	[0qq"
0x27c1b4	0x18027c1b4	.data	ascii	#Kr10
0x27c1ba	0x18027c1ba	.data	ascii	)2sk#p~)
0x27c20b	0x18027c20b	.data	ascii	mv#Qk
0x27c258	0x18027c258	.data	ascii	#1*"3|
0x27c266	0x18027c266	.data	ascii	2Jv(-6"
0x27c2a8	0x18027c2a8	.data	ascii	2{y0*
0x27c2b4	0x18027c2b4	.data	ascii	;(&(P
0x27c2ff	0x18027c2ff	.data	ascii	2*2{y0*'s
0x27c406	0x18027c406	.data	ascii	mv#lk
0x27c418	0x18027c418	.data	ascii	AS4R^])
0x27c44b	0x18027c44b	.data	ascii	&33(_,
0x27c480	0x18027c480	.data	ascii	L37*" $zh
0x27c4ca	0x18027c4ca	.data	ascii	#'"Ll
0x27c4ff	0x18027c4ff	.data	ascii	(73##'"Lq"
0x27c561	0x18027c561	.data	ascii	=(73##
0x27c570	0x18027c570	.data	ascii	k~0qv
0x27c5b9	0x18027c5b9	.data	ascii	37*" 
0x27c5d3	0x18027c5d3	.data	ascii	Qv!f$
0x27c5f0	0x18027c5f0	.data	ascii	(2*2{k
0x27c5fd	0x18027c5fd	.data	ascii	73003;*"'">
0x27c628	0x18027c628	.data	ascii	P^Q:V
0x27c634	0x18027c634	.data	ascii	2*2Bo
0x27c63f	0x18027c63f	.data	ascii	**"'"q
0x27c64c	0x18027c64c	.data	ascii	*73001(
0x27c689	0x18027c689	.data	ascii	2*2Bo
0x27c6a2	0x18027c6a2	.data	ascii	m}.!$
0x27c6e2	0x18027c6e2	.data	ascii	2*2{o
0x27c6fb	0x18027c6fb	.data	ascii	P|46,p\WZ x
0x27c799	0x18027c799	.data	ascii	*"'"q
0x27c7a6	0x18027c7a6	.data	ascii	my-$/*"
0x27c7ae	0x18027c7ae	.data	ascii	*<b '(
0x27c7f1	0x18027c7f1	.data	ascii	*"'"qk
0x27c857	0x18027c857	.data	ascii	Po '(
0x27c898	0x18027c898	.data	ascii	,2001
0x27c8a9	0x18027c8a9	.data	ascii	0L~,$
0x27c8af	0x18027c8af	.data	ascii	#*-&"
0x27c8fd	0x18027c8fd	.data	ascii	#,200
0x27c903	0x18027c903	.data	ascii	(Pm()
0x27c909	0x18027c909	.data	ascii	!$('l
0x27c90f	0x18027c90f	.data	ascii	0q~,$"#*-&
0x27c92e	0x18027c92e	.data	ascii	**"'"qk
0x27c93e	0x18027c93e	.data	ascii	Cypv'H
0x27c97d	0x18027c97d	.data	ascii	k}8zl
0x27c986	0x18027c986	.data	ascii	6{v(q|
0x27caaa	0x18027caaa	.data	ascii	:Bs$-;2
0x27cc1a	0x18027cc1a	.data	ascii	%DW1-`
0x27cc35	0x18027cc35	.data	ascii	1!IT60*36b
0x27cc67	0x18027cc67	.data	ascii	$$.AH,-
0x27cc71	0x18027cc71	.data	ascii	(J[1-
0x27cc7c	0x18027cc7c	.data	ascii	+:*&D
0x27ccd2	0x18027ccd2	.data	ascii	#$/:GF"
0x27ccf1	0x18027ccf1	.data	ascii	 ,AcY
0x27cd7c	0x18027cd7c	.data	ascii	I(IH!%tm(007(&6{k*,&3&kdJ
0x27ce0a	0x18027ce0a	.data	ascii	<:{~,
0x27ce10	0x18027ce10	.data	ascii	,%fq,#Us
0x27ceac	0x18027ceac	.data	ascii	v(qy*
0x27cef2	0x18027cef2	.data	ascii	(2*2{y
0x27cefa	0x18027cefa	.data	ascii	 1*kl
0x27cf3c	0x18027cf3c	.data	ascii	 1*kl
0x27cf47	0x18027cf47	.data	ascii	1(_,j
0x27cf8a	0x18027cf8a	.data	ascii	v(qy*
0x27cf90	0x18027cf90	.data	ascii	 1*Rl
0x27d137	0x18027d137	.data	ascii	00in(-r
0x27d265	0x18027d265	.data	ascii	r8Ji}
0x27d350	0x18027d350	.data	ascii	#Kr10
0x27d362	0x18027d362	.data	ascii	*"3Av(-6"
0x27d3a7	0x18027d3a7	.data	ascii	mv#Qk
0x27d3ad	0x18027d3ad	.data	ascii	!M}4/e
0x27d3ed	0x18027d3ed	.data	ascii	(4wy'
0x27d407	0x18027d407	.data	ascii	2Jv(-6"
0x27d444	0x18027d444	.data	ascii	2{y0*'s|46,,;(&(m
0x27d48b	0x18027d48b	.data	ascii	2{y0*
0x27d4d8	0x18027d4d8	.data	ascii	1(mm()
0x27d509	0x18027d509	.data	ascii	gr(P{C
0x27d521	0x18027d521	.data	ascii	*73001
0x27d542	0x18027d542	.data	ascii	&(m~,
0x27d582	0x18027d582	.data	ascii	mv#lk
0x27d5d1	0x18027d5d1	.data	ascii	k~0qv
0x27d612	0x18027d612	.data	ascii	L37*" 
0x27d65a	0x18027d65a	.data	ascii	3##'"Ll
0x27d662	0x18027d662	.data	ascii	*73001
0x27d69b	0x18027d69b	.data	ascii	=(73##'"Lq"
0x27d6ad	0x18027d6ad	.data	ascii	#6{y*
0x27d6ec	0x18027d6ec	.data	ascii	T(hGS5
0x27d701	0x18027d701	.data	ascii	#'"qv
0x27d712	0x18027d712	.data	ascii	&33(B
0x27d754	0x18027d754	.data	ascii	*" $zo
0x27d75b	0x18027d75b	.data	ascii	(73##'
0x27d798	0x18027d798	.data	ascii	(2*2{k
0x27d7a7	0x18027d7a7	.data	ascii	003;*"'">
0x27d7cc	0x18027d7cc	.data	ascii	B^viiP
0x27d7db	0x18027d7db	.data	ascii	2*2{o
0x27d7f5	0x18027d7f5	.data	ascii	3001(p
0x27d838	0x18027d838	.data	ascii	2*2{o
0x27d88b	0x18027d88b	.data	ascii	2*2{o
0x27d899	0x18027d899	.data	ascii	'"qkm
0x27d8d5	0x18027d8d5	.data	ascii	(2*2{o
0x27d916	0x18027d916	.data	ascii	KU4(C
0x27d92b	0x18027d92b	.data	ascii	(2*2{o
0x27d945	0x18027d945	.data	ascii	my-$/*
0x27d94c	0x18027d94c	.data	ascii	(*kb '(
0x27d9fb	0x18027d9fb	.data	ascii	V>)1}
0x27da26	0x18027da26	.data	ascii	h]#/*qr#,20
0x27da32	0x18027da32	.data	ascii	1(mm(
0x27da3f	0x18027da3f	.data	ascii	0q~,$"#*-&"
0x27da8a	0x18027da8a	.data	ascii	pr#,2
0x27da90	0x18027da90	.data	ascii	01(mm
0x27da9a	0x18027da9a	.data	ascii	('l~0q~
0x27daa2	0x18027daa2	.data	ascii	$"#*-
0x27daad	0x18027daad	.data	ascii	mo '(
0x27dabe	0x18027dabe	.data	ascii	*"'"qk
0x27db0c	0x18027db0c	.data	ascii	6{v(q|
0x27dc1f	0x18027dc1f	.data	ascii	<:{s$-
0x27dc5b	0x18027dc5b	.data	ascii	<:B|;+
0x27e0d0	0x18027e0d0	.data	ascii	+N@=S9T
0x27e0e6	0x18027e0e6	.data	ascii	D+4K 
0x27e182	0x18027e182	.data	ascii	-u4[Wb-
0x27e18a	0x18027e18a	.data	ascii	42).d
0x27e27b	0x18027e27b	.data	ascii	+.4a-
0x27e312	0x18027e312	.data	ascii	0GJm9
0x27e564	0x18027e564	.data	ascii	,%fq,#hs
0x27e5f6	0x18027e5f6	.data	ascii	)6((6<31.O]
0x27e640	0x18027e640	.data	ascii	2*2{w
0x27e671	0x18027e671	.data	ascii	bgf:NQ
0x27e71a	0x18027e71a	.data	ascii	h_bT+h
0x27e789	0x18027e789	.data	ascii	FNZJD
0x27e88f	0x18027e88f	.data	ascii	'Qk#.#l
0x27e8d1	0x18027e8d1	.data	ascii	!$4(-b
0x27e911	0x18027e911	.data	ascii	ps$"*e
0x27e94d	0x18027e94d	.data	ascii	#Us.,
0x27ea40	0x18027ea40	.data	ascii	.?AV<lambda_1>@?0???$listen@URender2DEvent@aerial@@VAliases@modules@2@@Module@aerial@@IEAAXP8Aliases@modules@2@EAAXAEAURender2DEvent@2@@ZH@Z@
0x27eb25	0x18027eb25	.data	ascii	}~H6=
0x27eb32	0x18027eb32	.data	ascii	"'Q~?|-#%10-{f
0x27eb72	0x18027eb72	.data	ascii	#60-b4
0x27ebae	0x18027ebae	.data	ascii	6bMSQ
0x27ebef	0x18027ebef	.data	ascii	10-Bp
0x27ebf7	0x18027ebf7	.data	ascii	#2zs.4%_
0x27ec0b	0x18027ec0b	.data	ascii	-Bp"qk#2zm$
0x27ec48	0x18027ec48	.data	ascii	az4pk
0x27ec52	0x18027ec52	.data	ascii	.'qs`!6
0x27ec85	0x18027ec85	.data	ascii	9:{~~
0x27ec91	0x18027ec91	.data	ascii	3||-#
0x27ec9c	0x18027ec9c	.data	ascii	*3yk#
0x27eca8	0x18027eca8	.data	ascii	/,){~
0x27ecb3	0x18027ecb3	.data	ascii	"kh#(
0x27ed3c	0x18027ed3c	.data	ascii	(5,+C,6
0x27ed4c	0x18027ed4c	.data	ascii	&WM#%10-b
0x27ed91	0x18027ed91	.data	ascii	*,&3&F
0x27edc4	0x18027edc4	.data	ascii	{avEU
0x27ee07	0x18027ee07	.data	ascii	%tm(0
0x27ee3c	0x18027ee3c	.data	ascii	yM!@#
0x27ee58	0x18027ee58	.data	ascii	ps$"*ei
0x27ee83	0x18027ee83	.data	ascii	<:{~,
0x27ee8e	0x18027ee8e	.data	ascii	#Us.,*$
0x27ef04	0x18027ef04	.data	ascii	*(426B
0x27ef0e	0x18027ef0e	.data	ascii	v(qy*
0x27ef14	0x18027ef14	.data	ascii	 1*Rl
0x27ef54	0x18027ef54	.data	ascii	2*2{y*
0x27f075	0x18027f075	.data	ascii	D_mMr
0x27f0d0	0x18027f0d0	.data	ascii	(*xo '(
0x27f0f2	0x18027f0f2	.data	ascii	O|h62
0x27f147	0x18027f147	.data	ascii	j-?>Qm
0x27f154	0x18027f154	.data	ascii	^;kid
0x27f17f	0x18027f17f	.data	ascii	0Dn(-=
0x27f18a	0x18027f18a	.data	ascii	t'V"#{
0x27f38c	0x18027f38c	.data	ascii	(4wy'
0x27f3a2	0x18027f3a2	.data	ascii	#1*"3Av
0x27f411	0x18027f411	.data	ascii	v@&.J
0x27f41c	0x18027f41c	.data	ascii	[0Lq]
0x27f433	0x18027f433	.data	ascii	#1*"3|k
0x27f47e	0x18027f47e	.data	ascii	(2*2By0*'s|46,,;
0x27f4c4	0x18027f4c4	.data	ascii	2{y0*
0x27f511	0x18027f511	.data	ascii	73001
0x27f51d	0x18027f51d	.data	ascii	$('lq
0x27f524	0x18027f524	.data	ascii	-($3|
0x27f567	0x18027f567	.data	ascii	 1*kl
0x27f572	0x18027f572	.data	ascii	1(mm(
0x27f57a	0x18027f57a	.data	ascii	$('lq
0x27f582	0x18027f582	.data	ascii	($3Ap
0x27f58e	0x18027f58e	.data	ascii	&(m~,&#
0x27f5d0	0x18027f5d0	.data	ascii	mv#Qk
0x27f5d6	0x18027f5d6	.data	ascii	!M}4/j
0x27f603	0x18027f603	.data	ascii	]a(^d/s
0x27f61f	0x18027f61f	.data	ascii	k~0Lv(
0x27f652	0x18027f652	.data	ascii	_7AGh
0x27f6a0	0x18027f6a0	.data	ascii	#(*Eo
0x27f6a6	0x18027f6a6	.data	ascii	(73##'"Ll
0x27f6eb	0x18027f6eb	.data	ascii	3##'"Lq"
0x27f6f4	0x18027f6f4	.data	ascii	k~2'$
0x27f702	0x18027f702	.data	ascii	#.#l~,&#
0x27f751	0x18027f751	.data	ascii	#'"Lv#lq"
0x27f792	0x18027f792	.data	ascii	S71/Ir(
0x27f7e7	0x18027f7e7	.data	ascii	(2*2Bk
0x27f7f4	0x18027f7f4	.data	ascii	73003
0x27f810	0x18027f810	.data	ascii	L7c0'1H
0x27f825	0x18027f825	.data	ascii	.VQycB{M
0x27f832	0x18027f832	.data	ascii	(2*2{o
0x27f84c	0x18027f84c	.data	ascii	73001(
0x27f884	0x18027f884	.data	ascii	2*2Bo
0x27f88f	0x18027f88f	.data	ascii	**"'"qk
0x27f8b4	0x18027f8b4	.data	ascii	etV(a
0x27f8df	0x18027f8df	.data	ascii	(2*2{o
0x27f8ec	0x18027f8ec	.data	ascii	*"'"qk
0x27f8f9	0x18027f8f9	.data	ascii	m|46,
0x27f94c	0x18027f94c	.data	ascii	&33(p
0x27f981	0x18027f981	.data	ascii	2*2{o
0x27f98c	0x18027f98c	.data	ascii	**"'"qk
0x27f99f	0x18027f99f	.data	ascii	*"(*kb '(
0x27f9d8	0x18027f9d8	.data	ascii	2*2Bo
0x27fa12	0x18027fa12	.data	ascii	fe4XXs
0x27fa3c	0x18027fa3c	.data	ascii	*"'"q
0x27fa49	0x18027fa49	.data	ascii	Po '(
0x27fa94	0x18027fa94	.data	ascii	$('Q~
0x27faa2	0x18027faa2	.data	ascii	&"3Ao
0x27faf9	0x18027faf9	.data	ascii	pr#,200
0x27fb07	0x18027fb07	.data	ascii	!$('l
0x27fb11	0x18027fb11	.data	ascii	$"#*-
0x27fb72	0x18027fb72	.data	ascii	,2s|;
0x27fb88	0x18027fb88	.data	ascii	q|46,p
0x27fba8	0x18027fba8	.data	ascii	K6vmG
0x27fbed	0x18027fbed	.data	ascii	L#1Q]
0x27fcc6	0x18027fcc6	.data	ascii	<:Bs$-
0x27fccd	0x18027fccd	.data	ascii	2.zq01-
0x27fcfb	0x18027fcfb	.data	ascii	:{|;+
0x27fd34	0x18027fd34	.data	ascii	gh+21
0x27fd5b	0x18027fd5b	.data	ascii	(2*2Bl
0x27fd90	0x18027fd90	.data	ascii	.?AV<lambda_1>@?0???$listen@URender2DEvent@aerial@@VArrayList@modules@2@@Module@aerial@@IEAAXP8ArrayList@modules@2@EAAXAEAURender2DEvent@2@@ZH@Z@
0x27ff52	0x18027ff52	.data	ascii	)6($(*
0x28001a	0x18028001a	.data	ascii	mx)+'q^|R
0x280067	0x180280067	.data	ascii	sLWtk
0x280112	0x180280112	.data	ascii	~o.0,.s}8
0x2801e8	0x1802801e8	.data	ascii	K^]r$
0x280329	0x180280329	.data	ascii	)6((6<3
0x28033e	0x18028033e	.data	ascii	*e^<G
0x280373	0x180280373	.data	ascii	(2*2{w6+$w
0x28037e	0x18028037e	.data	ascii	('1/&k|
0x2803f0	0x1802803f0	.data	ascii	.?AV<lambda_1>@?0???$listen@UTickEvent@aerial@@VAspectRatio@modules@2@@Module@aerial@@IEAAXP8AspectRatio@modules@2@EAAXAEAUTickEvent@2@@ZH@Z@
0x2804be	0x1802804be	.data	ascii	9L*"'m
0x2804e6	0x1802804e6	.data	ascii	1iML`
0x2804ef	0x1802804ef	.data	ascii	(&(42'lk#2Ci
0x280507	0x180280507	.data	ascii	$22(*x
0x280516	0x180280516	.data	ascii	(km,*"'
0x28056e	0x18028056e	.data	ascii	#Velh
0x28057a	0x18028057a	.data	ascii	cj21/0
0x2805c4	0x1802805c4	.data	ascii	{(~:4O
0x28063f	0x18028063f	.data	ascii	sk*,&
0x280683	0x180280683	.data	ascii	g-=(7
0x2806b8	0x1802806b8	.data	ascii	&6{k*,&
0x28070a	0x18028070a	.data	ascii	!ps$"*e
0x28076f	0x18028076f	.data	ascii	R@PUM
0x2807ab	0x1802807ab	.data	ascii	s Veu~
0x2807d8	0x1802807d8	.data	ascii	(*j,q
0x280810	0x180280810	.data	ascii	2*2By
0x28086b	0x18028086b	.data	ascii	001(_
0x280897	0x180280897	.data	ascii	C)=]T;
0x2808b7	0x1802808b7	.data	ascii	 1*kl
0x2808bf	0x1802808bf	.data	ascii	(*j,#D
0x280a5f	0x180280a5f	.data	ascii	)@aw;hrAB(49
0x280b80	0x180280b80	.data	ascii	f] '+
0x280c86	0x180280c86	.data	ascii	#1*"3Av
0x280cce	0x180280cce	.data	ascii	mv#lk
0x280cd4	0x180280cd4	.data	ascii	!M}4/e
0x280d1e	0x180280d1e	.data	ascii	#1*"3|k
0x280d2c	0x180280d2c	.data	ascii	2sv(-
0x280d44	0x180280d44	.data	ascii	B"}R^p
0x280d69	0x180280d69	.data	ascii	2By0*'s
0x280db6	0x180280db6	.data	ascii	2By0*
0x280dc0	0x180280dc0	.data	ascii	!ps$"*o
0x280e5a	0x180280e5a	.data	ascii	*73001
0x280e7b	0x180280e7b	.data	ascii	&(m~,
0x280ebb	0x180280ebb	.data	ascii	08(mv#Qk
0x280f47	0x180280f47	.data	ascii	*" $zh
0x280f81	0x180280f81	.data	ascii	#(*xo
0x280f91	0x180280f91	.data	ascii	*7300
0x280fc3	0x180280fc3	.data	ascii	I)DjB
0x281029	0x180281029	.data	ascii	(73##'"qv
0x28103e	0x18028103e	.data	ascii	&33(B
0x2810b4	0x1802810b4	.data	ascii	2*2Bk
0x28110d	0x18028110d	.data	ascii	*7300
0x281144	0x180281144	.data	ascii	2*2Bo
0x281166	0x180281166	.data	ascii	W'oyK
0x281198	0x180281198	.data	ascii	**"'"qk
0x2811a6	0x1802811a6	.data	ascii	m|46,p
0x281245	0x180281245	.data	ascii	my-$/*
0x281299	0x180281299	.data	ascii	$(*e 
0x2812da	0x1802812da	.data	ascii	**"'"qk-
0x2812e8	0x1802812e8	.data	ascii	mo '(
0x28131c	0x18028131c	.data	ascii	+$h]#/*Lr
0x281331	0x180281331	.data	ascii	!$('l
0x281337	0x180281337	.data	ascii	0L~,$
0x281393	0x180281393	.data	ascii	01(Pm()
0x28139b	0x18028139b	.data	ascii	!$('l~0q
0x2813a4	0x1802813a4	.data	ascii	,$"#*
0x2813b0	0x1802813b0	.data	ascii	mo '(
0x281480	0x180281480	.data	ascii	pa/ID
0x281534	0x180281534	.data	ascii	:Bs$-;2
0x281571	0x180281571	.data	ascii	<:B|;+
0x281660	0x180281660	.data	ascii	.?AV<lambda_1>@?0???$listen@URender2DEvent@aerial@@VChunkBorder@modules@2@@Module@aerial@@IEAAXP8ChunkBorder@modules@2@EAAXAEAURender2DEvent@2@@ZH@Z@
0x281729	0x180281729	.data	ascii	Qk#2z}.
0x281732	0x180281732	.data	ascii	-:,$1'lp
0x28173d	0x18028173d	.data	ascii	#2z|4"
0x281749	0x180281749	.data	ascii	j~,(Cl
0x281750	0x180281750	.data	ascii	*0-2(*xv(
0x2817c3	0x1802817c3	.data	ascii	$-1!l
0x2817cc	0x1802817cc	.data	ascii	#5,qk#
0x2817d3	0x1802817d3	.data	ascii	zv(#,
0x2817db	0x1802817db	.data	ascii	&$2{s*(
0x28185a	0x18028185a	.data	ascii	$-1!l}8
0x281863	0x180281863	.data	ascii	#5,qk#2z
0x281874	0x180281874	.data	ascii	2sm$(*%q9x:h)ck
0x2818b3	0x1802818b3	.data	ascii	.;3(*
0x2818ee	0x1802818ee	.data	ascii	&Felp
0x281973	0x180281973	.data	ascii	2(*E|4"
0x2819dd	0x1802819dd	.data	ascii	ntx)re
0x281a35	0x180281a35	.data	ascii	5yOm#
0x281a81	0x180281a81	.data	ascii	Lz"$7*
0x281aa0	0x180281aa0	.data	ascii	.?AV<lambda_0>@?0???0ClickGuiModule@modules@aerial@@QEAA@XZ@
0x281af0	0x180281af0	.data	ascii	.?AV<lambda_1>@?0???$listenAlways@URender2DEvent@aerial@@VClickGuiModule@modules@2@@Module@aerial@@IEAAXP8ClickGuiModule@modules@2@EAAXAEAURender2DEvent@2@@ZH@Z@
0x281bb0	0x180281bb0	.data	ascii	.?AV<lambda_1>@?0???$listenAlways@UMouseEvent@aerial@@VClickGuiModule@modules@2@@Module@aerial@@IEAAXP8ClickGuiModule@modules@2@EAAXAEAUMouseEvent@2@@ZH@Z@
0x281c60	0x180281c60	.data	ascii	.?AV<lambda_1>@?0???$listenAlways@UKeyEvent@aerial@@VClickGuiModule@modules@2@@Module@aerial@@IEAAXP8ClickGuiModule@modules@2@EAAXAEAUKeyEvent@2@@ZH@Z@
0x281d10	0x180281d10	.data	ascii	.?AV<lambda_1>@?0???$listenAlways@UCharEvent@aerial@@VClickGuiModule@modules@2@@Module@aerial@@IEAAXP8ClickGuiModule@modules@2@EAAXAEAUCharEvent@2@@ZH@Z@
0x281de5	0x180281de5	.data	ascii	2Cl'&
0x281ded	0x180281ded	.data	ascii	*%lv(
0x281e00	0x180281e00	.data	ascii	{Hyo#Q
0x281e7c	0x180281e7c	.data	ascii	BJS-T
0x281eaf	0x180281eaf	.data	ascii	01?~Dj
0x281ec1	0x180281ec1	.data	ascii	"I}82.(
0x281ec9	0x180281ec9	.data	ascii	{k#2zr#,&
0x281f0b	0x180281f0b	.data	ascii	6,,;(
0x281f39	0x180281f39	.data	ascii	D<x"P
0x281f4a	0x180281f4a	.data	ascii	fk#2z~,
0x281f7f	0x180281f7f	.data	ascii	oD?.'<
0x281f8d	0x180281f8d	.data	ascii	(&(mp
0x281fab	0x180281fab	.data	ascii	2JX}R
0x28206e	0x18028206e	.data	ascii	,5/0#ky
0x282171	0x180282171	.data	ascii	9H40*'
0x2821ab	0x1802821ab	.data	ascii	D.0%En
0x2821b8	0x1802821b8	.data	ascii	(Pl $
0x28221f	0x18028221f	.data	ascii	 .*.z
0x2822a9	0x1802822a9	.data	ascii	(,(:I
0x2822af	0x1802822af	.data	ascii	(5,-M
0x282370	0x180282370	.data	ascii	(IH!%Im(0
0x28237a	0x18028237a	.data	ascii	7(&6{
0x2823cf	0x1802823cf	.data	ascii	ps$"*eV
0x28247e	0x18028247e	.data	ascii	$1*(4
0x2824d1	0x1802824d1	.data	ascii	(2*2By
0x282554	0x180282554	.data	ascii	au>J0
0x282588	0x180282588	.data	ascii	f.+4?;
0x282685	0x180282685	.data	ascii	;dNg_
0x2826f5	0x1802826f5	.data	ascii	0Dn(-r
0x2828df	0x1802828df	.data	ascii	[0Lq"
0x28298c	0x18028298c	.data	ascii	[0Lq"
0x2829a3	0x1802829a3	.data	ascii	#1*"3Ak
0x2829b1	0x1802829b1	.data	ascii	2Jv(-
0x2829d9	0x1802829d9	.data	ascii	U2*"a
0x2829fd	0x1802829fd	.data	ascii	;(&(m
0x282a2f	0x180282a2f	.data	ascii	(2*2By0*
0x282a3c	0x180282a3c	.data	ascii	!ps$"*o
0x282a79	0x180282a79	.data	ascii	 1*kl
0x282a7f	0x180282a7f	.data	ascii	*73001(m
0x282a8b	0x180282a8b	.data	ascii	!$('lq
0x282a97	0x180282a97	.data	ascii	|~,&#
0x282ad5	0x180282ad5	.data	ascii	*73001(m
0x282ae1	0x180282ae1	.data	ascii	!$('lq
0x282ae9	0x180282ae9	.data	ascii	-($3|p
0x282af0	0x180282af0	.data	ascii	mo '(
0x282af7	0x180282af7	.data	ascii	(P~,&#
0x282b14	0x180282b14	.data	ascii	36-cvO$8
0x282b39	0x180282b39	.data	ascii	08(mv#Qk
0x282b42	0x180282b42	.data	ascii	!M}4/7
0x282b7b	0x180282b7b	.data	ascii	2'#Fv#lq"
0x282c07	0x180282c07	.data	ascii	(73##
0x282c11	0x180282c11	.data	ascii	*73001
0x282c5b	0x180282c5b	.data	ascii	#'"qq"
0x282c62	0x180282c62	.data	ascii	R~2'$
0x282c71	0x180282c71	.data	ascii	.#l~,
0x282c9d	0x180282c9d	.data	ascii	#+#Sze
0x282cb8	0x180282cb8	.data	ascii	#'"Lv#lq"
0x282cc2	0x180282cc2	.data	ascii	k~0qv(
0x282cc9	0x180282cc9	.data	ascii	&33(B
0x282d0a	0x180282d0a	.data	ascii	##'"c
0x282d43	0x180282d43	.data	ascii	(2*2{k
0x282d5f	0x180282d5f	.data	ascii	">0F{9xk
0x282d83	0x180282d83	.data	ascii	(2*2Bo
0x282d9f	0x180282d9f	.data	ascii	001(p
0x282e2e	0x180282e2e	.data	ascii	(2*2Bo
0x282e81	0x180282e81	.data	ascii	2*2Bo
0x282e9f	0x180282e9f	.data	ascii	33(piwg\
0x282ee0	0x180282ee0	.data	ascii	2*2Bo
0x282eff	0x180282eff	.data	ascii	"(*8b
0x282f3a	0x180282f3a	.data	ascii	(2*2{o
0x282f47	0x180282f47	.data	ascii	*"'"qk
0x282f8c	0x180282f8c	.data	ascii	**"'"q
0x282f9a	0x180282f9a	.data	ascii	Po '(
0x283055	0x180283055	.data	ascii	01(mm()
0x28305d	0x18028305d	.data	ascii	!$('l~
0x28306a	0x18028306a	.data	ascii	*-&"3|p
0x283072	0x180283072	.data	ascii	mo '(
0x2830c1	0x1802830c1	.data	ascii	3&,2s
0x2830d4	0x1802830d4	.data	ascii	(6{v(q|46
0x283110	0x180283110	.data	ascii	3}?)E@
0x28318a	0x18028318a	.data	ascii	,-{64gq
0x2831fb	0x1802831fb	.data	ascii	:Bs$-
0x283201	0x180283201	.data	ascii	2.zq01-
0x2832a0	0x1802832a0	.data	ascii	.?AV<lambda_0>@?0???0FogColor@modules@aerial@@QEAA@XZ@
0x2832f0	0x1802832f0	.data	ascii	.?AV<lambda_1>@?0???0FogColor@modules@aerial@@QEAA@XZ@
0x283340	0x180283340	.data	ascii	.?AV<lambda_2>@?0???0FogColor@modules@aerial@@QEAA@XZ@
0x283390	0x180283390	.data	ascii	.?AV<lambda_1>@?0???$listen@URender2DEvent@aerial@@VFogColor@modules@2@@Module@aerial@@IEAAXP8FogColor@modules@2@EAAXAEAURender2DEvent@2@@ZH@Z@
0x283492	0x180283492	.data	ascii	Qk#2Ch
0x28349a	0x18028349a	.data	ascii	!/?eQy
0x2834c4	0x1802834c4	.data	ascii	F31t~~
0x2834e1	0x1802834e1	.data	ascii	'Ck#2zo&3
0x283588	0x180283588	.data	ascii	E}@zH;0;?
0x2835ba	0x1802835ba	.data	ascii	.Ck#%
0x2835c2	0x1802835c2	.data	ascii	0Fk#2Cw"%
0x283640	0x180283640	.data	ascii	(5'Qp
0x283646	0x180283646	.data	ascii	yw"%z
0x283673	0x180283673	.data	ascii	HL?T j
0x2836d8	0x1802836d8	.data	ascii	_{E,c
0x2836ee	0x1802836ee	.data	ascii	N$$.AH
0x2836f9	0x1802836f9	.data	ascii	(1[1-(,%
0x283738	0x180283738	.data	ascii	sk*,&3&_
0x2837a8	0x1802837a8	.data	ascii	%tm(0
0x2837b4	0x1802837b4	.data	ascii	*,&3&k
0x283835	0x180283835	.data	ascii	#hs.,*$
0x283851	0x180283851	.data	ascii	kq+IR
0x283870	0x180283870	.data	ascii	qz"$7*
0x2838b0	0x1802838b0	.data	ascii	v(qy*
0x2838b6	0x1802838b6	.data	ascii	 1*kl
0x2838bd	0x1802838bd	.data	ascii	$(*j,
0x283981	0x180283981	.data	ascii	 1*kl
0x2839ab	0x1802839ab	.data	ascii	f$bDZ!K
0x2839f1	0x1802839f1	.data	ascii	aTv=|
0x283a32	0x180283a32	.data	ascii	82 'c
0x283a66	0x180283a66	.data	ascii	$(*xo 
0x283b0a	0x180283b0a	.data	ascii	0+#{%
0x283d33	0x180283d33	.data	ascii	(4wy'
0x283d4d	0x180283d4d	.data	ascii	3|v(-6"
0x283d8e	0x180283d8e	.data	ascii	#Qk#!p}
0x283dd0	0x180283dd0	.data	ascii	[0qq"
0x283df4	0x180283df4	.data	ascii	)2Jv(-
0x283e2d	0x180283e2d	.data	ascii	2By0*'s|46,
0x283e39	0x180283e39	.data	ascii	;(&(m
0x283e73	0x180283e73	.data	ascii	(2*2By0*
0x283ecc	0x180283ecc	.data	ascii	1(mm(
0x283ed3	0x180283ed3	.data	ascii	!$('l
0x283edb	0x180283edb	.data	ascii	-($3|~,
0x283f29	0x180283f29	.data	ascii	*73001
0x283f35	0x180283f35	.data	ascii	!$('Qq
0x283f3e	0x180283f3e	.data	ascii	($3|p
0x283f97	0x180283f97	.data	ascii	!M}4/7
0x283fce	0x180283fce	.data	ascii	#Fv#lq"
0x284057	0x180284057	.data	ascii	(73##'"Ll
0x284061	0x180284061	.data	ascii	*73001(_
0x2840aa	0x1802840aa	.data	ascii	#'"Lq
0x2840b1	0x1802840b1	.data	ascii	R~2'$
0x2840b7	0x1802840b7	.data	ascii	\6{y*
0x284109	0x180284109	.data	ascii	(73##
0x28410f	0x18028410f	.data	ascii	"Lv#l
0x284117	0x180284117	.data	ascii	k~0qv
0x28415a	0x18028415a	.data	ascii	(73##'
0x28419b	0x18028419b	.data	ascii	(2*2Bk
0x2841ea	0x1802841ea	.data	ascii	2U2{o
0x284203	0x180284203	.data	ascii	73001
0x284296	0x180284296	.data	ascii	2*2Bo
0x2842af	0x1802842af	.data	ascii	m|46,p
0x2842c1	0x1802842c1	.data	ascii	.e5aF
0x2842e1	0x1802842e1	.data	ascii	(2*2{o
0x2842ed	0x1802842ed	.data	ascii	**"'"qk
0x284311	0x180284311	.data	ascii	[4J'UV9Za
0x284339	0x180284339	.data	ascii	(2*2{o
0x284353	0x180284353	.data	ascii	my-$/*"
0x28435b	0x18028435b	.data	ascii	*kb '
0x2843ea	0x1802843ea	.data	ascii	2*2Bo
0x284412	0x180284412	.data	ascii	L+0"1
0x28443b	0x18028443b	.data	ascii	V+$h]#/*qr#,
0x284454	0x180284454	.data	ascii	'l~0q~,$"#*-&
0x2844a6	0x1802844a6	.data	ascii	pr#,2001(mm
0x2844b6	0x1802844b6	.data	ascii	('l~0q~,$"#*-&"3|
0x2844fc	0x1802844fc	.data	ascii	0eSnU
0x28451c	0x18028451c	.data	ascii	,2s|;0#
0x284525	0x180284525	.data	ascii	R}8zl
0x28452f	0x18028452f	.data	ascii	{v(L|46,
0x284682	0x180284682	.data	ascii	:{s$-
0x284731	0x180284731	.data	ascii	Q$!,bi"v}%w
0x284753	0x180284753	.data	ascii	/\wtyR/
0x2847f3	0x1802847f3	.data	ascii	#|SA@
0x284813	0x180284813	.data	ascii	H>v{4
0x28482b	0x18028482b	.data	ascii	'.x.;P
0x2848e0	0x1802848e0	.data	ascii	.?AV<lambda_1>@?0???$listen@URender2DEvent@aerial@@VFreeLook@modules@2@@Module@aerial@@IEAAXP8FreeLook@modules@2@EAAXAEAURender2DEvent@2@@ZH@Z@
0x2849d2	0x1802849d2	.data	ascii	;42'lk#2z
0x2849e8	0x1802849e8	.data	ascii	j|;0q
0x2849ee	0x1802849ee	.data	ascii	$!%t~,
0x284a0d	0x180284a0d	.data	ascii	m}.,"
0x284a4b	0x180284a4b	.data	ascii	.*.Ck
0x284a67	0x180284a67	.data	ascii	{p*Dk
0x284ae2	0x180284ae2	.data	ascii	.$){o*(
0x284bab	0x180284bab	.data	ascii	4(-bru&!
0x284c26	0x180284c26	.data	ascii	(((=C2%!(S
0x284c38	0x180284c38	.data	ascii	-(,J<@C2%!(
0x284cfd	0x180284cfd	.data	ascii	&6{k*
0x284d49	0x180284d49	.data	ascii	$(*xk
0x284e34	0x180284e34	.data	ascii	3XFvw
0x284e6d	0x180284e6d	.data	ascii	2*2{y
0x284e97	0x180284e97	.data	ascii	pd55j
0x284f0a	0x180284f0a	.data	ascii	 1*Rl
0x285003	0x180285003	.data	ascii	$(*xo '(
0x28500c	0x18028500c	.data	ascii	&(mv#lq
0x285048	0x180285048	.data	ascii	0ltXb
0x28509f	0x18028509f	.data	ascii	0in(-r
0x285293	0x180285293	.data	ascii	jU7=}
0x2852bb	0x1802852bb	.data	ascii	(4wy'
0x2852c1	0x1802852c1	.data	ascii	#rr10
0x2852d4	0x1802852d4	.data	ascii	"3|v(
0x285311	0x180285311	.data	ascii	mv#lk
0x285317	0x180285317	.data	ascii	!p}4/e
0x285356	0x180285356	.data	ascii	[0qq"
0x28536d	0x18028536d	.data	ascii	#1*"3|k
0x28540d	0x18028540d	.data	ascii	!ps$"*o
0x285461	0x180285461	.data	ascii	-($L|
0x2854b6	0x1802854b6	.data	ascii	!$('l
0x2854be	0x1802854be	.data	ascii	-($3|p
0x2854cc	0x1802854cc	.data	ascii	(m~,&#
0x2854db	0x1802854db	.data	ascii	')I)N
0x2854ff	0x1802854ff	.data	ascii	08(mv#lk
0x285556	0x180285556	.data	ascii	k~0qv(
0x28555d	0x18028555d	.data	ascii	&33(_
0x285568	0x180285568	.data	ascii	t/=Um
0x28559f	0x18028559f	.data	ascii	*" $zh
0x2855a6	0x1802855a6	.data	ascii	2'#i,
0x2855d7	0x1802855d7	.data	ascii	#(*Eo
0x2855df	0x1802855df	.data	ascii	3##'"Ll
0x2855e7	0x1802855e7	.data	ascii	*7300
0x28569a	0x18028569a	.data	ascii	k~0Lv(
0x2856df	0x1802856df	.data	ascii	*" $z
0x285723	0x180285723	.data	ascii	2*2Bk
0x28576e	0x18028576e	.data	ascii	*"'"qk
0x285787	0x180285787	.data	ascii	@rSif
0x2857b4	0x1802857b4	.data	ascii	(%8/3
0x2857bd	0x1802857bd	.data	ascii	2*2{o
0x2857d6	0x1802857d6	.data	ascii	P}.!$
0x2857f2	0x1802857f2	.data	ascii	Tb,B4dUfe-#
0x28580a	0x18028580a	.data	ascii	(2*2{o
0x28585b	0x18028585b	.data	ascii	2*2Bo
0x28590c	0x18028590c	.data	ascii	(2*2Bo
0x285969	0x180285969	.data	ascii	**"'"qk
0x285a20	0x180285a20	.data	ascii	#,2001(mm()
0x285a38	0x180285a38	.data	ascii	#*-&"3|p
0x285a41	0x180285a41	.data	ascii	mo '(
0x285a51	0x180285a51	.data	ascii	**"'"qk
0x285a85	0x180285a85	.data	ascii	3&,2s|;
0x285a98	0x180285a98	.data	ascii	(6{v(q|
0x285b14	0x180285b14	.data	ascii	%W%^Wh(
0x285b1e	0x180285b1e	.data	ascii	Fwx9W
0x285bfe	0x180285bfe	.data	ascii	:Bs$-
0x285c04	0x180285c04	.data	ascii	2.zq0
0x285c40	0x180285c40	.data	ascii	<:{|;+
0x285ce0	0x180285ce0	.data	ascii	.?AV<lambda_1>@?0???$listen@URender2DEvent@aerial@@VFullBright@modules@2@@Module@aerial@@IEAAXP8FullBright@modules@2@EAAXAEAURender2DEvent@2@@ZH@Z@
0x285dac	0x180285dac	.data	ascii	Kx{m$
0x285df5	0x180285df5	.data	ascii	N|;($'l~0-Bq(/
0x285e36	0x180285e36	.data	ascii	W1%1?k
0x285f65	0x180285f65	.data	ascii	W8]jP[
0x285f86	0x180285f86	.data	ascii	007(&6Bk
0x285fc8	0x180285fc8	.data	ascii	ps$"*
0x285ff8	0x180285ff8	.data	ascii	oas)"
0x28600b	0x18028600b	.data	ascii	%Wq,#hs.,*$
0x286024	0x180286024	.data	ascii	V!CY=
0x286086	0x180286086	.data	ascii	*(426B
0x2860f4	0x1802860f4	.data	ascii	(n<@/
0x28610a	0x18028610a	.data	ascii	l 7$8#
0x286158	0x180286158	.data	ascii	v(qy*
0x28615e	0x18028615e	.data	ascii	 1*Rl
0x286193	0x180286193	.data	ascii	jtXqJY[
0x2861af	0x1802861af	.data	ascii	m,1BZ
0x286269	0x180286269	.data	ascii	mv#Qq
0x2862bf	0x1802862bf	.data	ascii	tWK_~
0x28643c	0x18028643c	.data	ascii	q&]e<@
0x286501	0x180286501	.data	ascii	-Nvc}
0x286518	0x180286518	.data	ascii	[0Lq"
0x286529	0x180286529	.data	ascii	#rr10
0x28657a	0x18028657a	.data	ascii	!p}4/e
0x286605	0x180286605	.data	ascii	2*2By0*
0x28660f	0x18028660f	.data	ascii	46,,;
0x28664a	0x18028664a	.data	ascii	2By0*
0x286654	0x180286654	.data	ascii	!ps$"
0x28668a	0x18028668a	.data	ascii	*73001
0x28669e	0x18028669e	.data	ascii	-($3|
0x2866f4	0x1802866f4	.data	ascii	!$('lq
0x286709	0x180286709	.data	ascii	&(m~,&#
0x286786	0x180286786	.data	ascii	#Fv#lq"
0x286795	0x180286795	.data	ascii	&3L(B
0x28681b	0x18028681b	.data	ascii	#(*xo
0x286825	0x180286825	.data	ascii	#'"Ll
0x286859	0x180286859	.data	ascii	3##'"Lq
0x28689a	0x18028689a	.data	ascii	+:)ir
0x2868b8	0x1802868b8	.data	ascii	#'"Lv
0x28690c	0x18028690c	.data	ascii	(73##'
0x28698d	0x18028698d	.data	ascii	(2*2{o
0x286999	0x180286999	.data	ascii	**"'"qk
0x2869a8	0x1802869a8	.data	ascii	3001(
0x2869e0	0x1802869e0	.data	ascii	2*2Bo
0x2869f9	0x1802869f9	.data	ascii	m}.!$j
0x286a2f	0x180286a2f	.data	ascii	2*2Bo
0x286a48	0x180286a48	.data	ascii	m|46,
0x286ad2	0x180286ad2	.data	ascii	(2*2Bo
0x286aef	0x180286aef	.data	ascii	$/*"(
0x286b2d	0x180286b2d	.data	ascii	2*2Bo
0x286b7a	0x180286b7a	.data	ascii	(2*2Bo
0x286bc8	0x180286bc8	.data	ascii	h]#/*qr#,
0x286bd2	0x180286bd2	.data	ascii	0O1(mm
0x286bdb	0x180286bdb	.data	ascii	!$('l~0q~
0x286c41	0x180286c41	.data	ascii	01(Pm()
0x286c49	0x180286c49	.data	ascii	!$('l
0x286c4f	0x180286c4f	.data	ascii	0L~,$"#*-
0x286c6f	0x180286c6f	.data	ascii	*"'"qk
0x286cb2	0x180286cb2	.data	ascii	,2s|;
0x286cc3	0x180286cc3	.data	ascii	(6{v(q|4
0x286dd6	0x180286dd6	.data	ascii	]_HSP
0x286dec	0x180286dec	.data	ascii	-;2.zq01-c
0x286e19	0x180286e19	.data	ascii	<:B|;+
0x286e90	0x180286e90	.data	ascii	.?AV<lambda_1>@?0???$listen@URender2DEvent@aerial@@VHurtColor@modules@2@@Module@aerial@@IEAAXP8HurtColor@modules@2@EAAXAEAURender2DEvent@2@@ZH@Z@
0x286fa7	0x180286fa7	.data	ascii	lk#2zy
0x286fb6	0x180286fb6	.data	ascii	""1'll$(
0x286fc4	0x180286fc4	.data	ascii	qk#2!Wk*3/z{:1173c
0x287010	0x180287010	.data	ascii	+$w|-$$
0x287019	0x180287019	.data	ascii	m~0-Bv(
0x287035	0x180287035	.data	ascii	fO9LG
0x287089	0x180287089	.data	ascii	,8q3z
0x2870b0	0x1802870b0	.data	ascii	!2%8M$$
0x28716d	0x18028716d	.data	ascii	(IH!%tm
0x287175	0x180287175	.data	ascii	007(&6{k
0x28717e	0x18028717e	.data	ascii	,&3&kdJ
0x287199	0x180287199	.data	ascii	KVTE/
0x287206	0x180287206	.data	ascii	,wOM+
0x28723d	0x18028723d	.data	ascii	Lz"$7*
0x28728d	0x18028728d	.data	ascii	 1*Rl
0x287294	0x180287294	.data	ascii	$(*j,+b
0x2872d7	0x1802872d7	.data	ascii	 1*kl
0x287323	0x180287323	.data	ascii	73001(_
0x28735c	0x18028735c	.data	ascii	v(qy*
0x287362	0x180287362	.data	ascii	 1*kl
0x2876ff	0x1802876ff	.data	ascii	1xq] 
0x287708	0x180287708	.data	ascii	[0qq"
0x287719	0x180287719	.data	ascii	#rr10
0x28772c	0x18028772c	.data	ascii	"3|v(-6"
0x287789	0x180287789	.data	ascii	'An=4
0x2877b5	0x1802877b5	.data	ascii	[0Lq"
0x287822	0x180287822	.data	ascii	2*2By0*'s|46,,;
0x28786f	0x18028786f	.data	ascii	(2*2{y0*
0x28787c	0x18028787c	.data	ascii	!Ms$"*o
0x28788c	0x18028788c	.data	ascii	|ea)LP
0x2878b8	0x1802878b8	.data	ascii	 1*kl
0x2878d2	0x1802878d2	.data	ascii	-($3A~
0x287951	0x180287951	.data	ascii	%Kfg0P
0x28796c	0x18028796c	.data	ascii	mv#lk
0x28799f	0x18028799f	.data	ascii	$[~h&
0x2879aa	0x1802879aa	.data	ascii	?2'#Fv#lq"
0x2879b5	0x1802879b5	.data	ascii	k~0qv(
0x287a28	0x180287a28	.data	ascii	#(*Eo
0x287a2e	0x180287a2e	.data	ascii	(73##'"ql
0x287a66	0x180287a66	.data	ascii	E2CM=
0x287a77	0x180287a77	.data	ascii	#'"qq
0x287a8a	0x180287a8a	.data	ascii	mk#.#Q~
0x287ad5	0x180287ad5	.data	ascii	=(73##'"qv
0x287c06	0x180287c06	.data	ascii	2*2Bo
0x287c6a	0x180287c6a	.data	ascii	**"'"qk
0x287cae	0x180287cae	.data	ascii	x-|}E
0x287cb8	0x180287cb8	.data	ascii	2*2{o
0x287d0c	0x180287d0c	.data	ascii	2*2{o
0x287d25	0x180287d25	.data	ascii	my-$/*"
0x287d2d	0x180287d2d	.data	ascii	*8b '
0x287d63	0x180287d63	.data	ascii	2*2{o
0x287d6e	0x180287d6e	.data	ascii	**]'"qk
0x287dba	0x180287dba	.data	ascii	(2*2Bo
0x287e12	0x180287e12	.data	ascii	V+$h]#
0x287e19	0x180287e19	.data	ascii	*qr#,
0x287e28	0x180287e28	.data	ascii	!$('l~0q~,$"#*
0x287e37	0x180287e37	.data	ascii	&"3|o
0x287e42	0x180287e42	.data	ascii	**"'"qk
0x287e87	0x180287e87	.data	ascii	pr#,2001(Pm
0x287ef9	0x180287ef9	.data	ascii	,2s|;
0x287f0a	0x180287f0a	.data	ascii	(6Bv(L|46
0x287f3b	0x180287f3b	.data	ascii	!~;!d
0x287fea	0x180287fea	.data	ascii	-mRT;
0x288029	0x180288029	.data	ascii	7-d|j
0x2880bb	0x1802880bb	.data	ascii	'lk#2C
0x2880c7	0x1802880c7	.data	ascii	l{6.2
0x2880f2	0x1802880f2	.data	ascii	#H%,@e
0x288110	0x180288110	.data	ascii	.2%1P
0x288151	0x180288151	.data	ascii	qz"$7*
0x2882e0	0x1802882e0	.data	ascii	.?AV<lambda_1>@?0???$listen@URender2DEvent@aerial@@VItemPhysics@modules@2@@Module@aerial@@IEAAXP8ItemPhysics@modules@2@EAAXAEAURender2DEvent@2@@ZH@Z@
0x288393	0x180288393	.data	ascii	VX:> 
0x2883ab	0x1802883ab	.data	ascii	B&-BG
0x2883e1	0x1802883e1	.data	ascii	6Bv"&-
0x2883f8	0x1802883f8	.data	ascii	2's~0
0x28840d	0x18028840d	.data	ascii	2!fs2
0x28844e	0x18028844e	.data	ascii	3&(5'lo*(Pl'7
0x2884f8	0x1802884f8	.data	ascii	%a2X6
0x288560	0x180288560	.data	ascii	q""?p
0x28858b	0x18028858b	.data	ascii	!QERkV
0x2885fa	0x1802885fa	.data	ascii	.@l$6:,
0x288606	0x180288606	.data	ascii	6(m{)
0x28866c	0x18028866c	.data	ascii	yK[k(
0x288689	0x180288689	.data	ascii	%R~2$
0x28868f	0x18028868f	.data	ascii	*Ek#2Cv"&
0x28871f	0x18028871f	.data	ascii	Mk#2zm('
0x28872a	0x18028872a	.data	ascii	*x~0*,
0x288736	0x180288736	.data	ascii	&9:{p*Dl
0x288784	0x180288784	.data	ascii	#ws20-2(
0x2887b9	0x1802887b9	.data	ascii	9($zz
0x2887bf	0x1802887bf	.data	ascii	;4wv"Y-K~*kv
0x2887d1	0x1802887d1	.data	ascii	L~0*,.Cv
0x2887df	0x1802887df	.data	ascii	{p*y~
0x2887e5	0x1802887e5	.data	ascii	*/*((
0x288820	0x180288820	.data	ascii	O5*o~0*,.
0x288854	0x180288854	.data	ascii	#2zy82'
0x288862	0x180288862	.data	ascii	(L~0-{{),
0x28886c	0x18028886c	.data	ascii	hz$$(
0x288874	0x180288874	.data	ascii	"&-rm('
0x2888b8	0x1802888b8	.data	ascii	ly-2*r
0x28891b	0x18028891b	.data	ascii	w &7[
0x288945	0x180288945	.data	ascii	S(,-6
0x2889b0	0x1802889b0	.data	ascii	^3&#D
0x2889b9	0x1802889b9	.data	ascii	#L:2!
0x2889eb	0x1802889eb	.data	ascii	Ztd]!
0x288a73	0x180288a73	.data	ascii	I(IH!%Im(0
0x288a82	0x180288a82	.data	ascii	{k*,&3&kdJ
0x288abc	0x180288abc	.data	ascii	$(*xk
0x288ae6	0x180288ae6	.data	ascii	Ja54=
0x288afe	0x180288afe	.data	ascii	,%fq,#hs.,*
0x288b72	0x180288b72	.data	ascii	j:%g9
0x288b80	0x180288b80	.data	ascii	*(426{
0x288b8a	0x180288b8a	.data	ascii	v(qy*
0x288bb7	0x180288bb7	.data	ascii	C1H]HK
0x288bd4	0x180288bd4	.data	ascii	2*2By
0x288c20	0x180288c20	.data	ascii	*73001(_
0x288cc9	0x180288cc9	.data	ascii	"2bZ?B
0x288ce6	0x180288ce6	.data	ascii	7'{e4a
0x288d6c	0x180288d6c	.data	ascii	'e,$/b
0x288de0	0x180288de0	.data	ascii	ZkAM2W
0x288df5	0x180288df5	.data	ascii	rC,>z
0x288dfc	0x180288dfc	.data	ascii	0in(-5
0x289020	0x180289020	.data	ascii	#1*"3Av(-6"
0x28906b	0x18028906b	.data	ascii	!p}4/
0x2890b4	0x1802890b4	.data	ascii	\1*"3|k
0x2890fd	0x1802890fd	.data	ascii	2By0*'s
0x289105	0x180289105	.data	ascii	46,,;(&
0x289156	0x180289156	.data	ascii	2{y0*'s
0x289160	0x180289160	.data	ascii	!Ms$"*o
0x2891d8	0x1802891d8	.data	ascii	n@<CA
0x289265	0x180289265	.data	ascii	!M}K/7
0x289292	0x180289292	.data	ascii	?2'#Fv
0x28929d	0x18028929d	.data	ascii	k~0Lv(
0x2892a4	0x1802892a4	.data	ascii	&33(_
0x289323	0x180289323	.data	ascii	#(*xo
0x289329	0x180289329	.data	ascii	(73##
0x289383	0x180289383	.data	ascii	#Q~,&#
0x2893c3	0x1802893c3	.data	ascii	3##'"qv#lq"
0x2893d7	0x1802893d7	.data	ascii	33(_,
0x289405	0x180289405	.data	ascii	L37*" $zo
0x289410	0x180289410	.data	ascii	73##'
0x289450	0x180289450	.data	ascii	2*2Bk
0x289462	0x180289462	.data	ascii	*"'"c, 
0x2894a0	0x1802894a0	.data	ascii	2*2{o
0x2895ed	0x1802895ed	.data	ascii	(2*2{o
0x28960f	0x18028960f	.data	ascii	*Db_'(
0x289650	0x180289650	.data	ascii	*"'"qk
0x28969a	0x18028969a	.data	ascii	2*2{o
0x2896b3	0x1802896b3	.data	ascii	Po '(
0x2896fb	0x1802896fb	.data	ascii	*Lr#,20
0x28970d	0x18028970d	.data	ascii	'l~0q~,
0x289725	0x180289725	.data	ascii	*"'"q
0x28976a	0x18028976a	.data	ascii	#,2001(Pm()
0x28977a	0x18028977a	.data	ascii	l~0q~,
0x289781	0x180289781	.data	ascii	"#*-&"3Ap
0x2897d6	0x1802897d6	.data	ascii	s|;0#"
0x2897dd	0x1802897dd	.data	ascii	R}8zl
0x2897e6	0x1802897e6	.data	ascii	6{v(q|4I,
0x2898f5	0x1802898f5	.data	ascii	eFqaJ
0x289937	0x180289937	.data	ascii	<:Bs$-
0x289977	0x180289977	.data	ascii	:{|;+
0x2899b0	0x1802899b0	.data	ascii	((6<31.`]
0x2899d3	0x1802899d3	.data	ascii	UaMYJ
0x2899ff	0x1802899ff	.data	ascii	2{w6+
0x289a30	0x180289a30	.data	ascii	.?AV<lambda_1>@?0???$listen@URender2DEvent@aerial@@VJavaFov@modules@2@@Module@aerial@@IEAAXP8JavaFov@modules@2@EAAXAEAURender2DEvent@2@@ZH@Z@
0x289b04	0x180289b04	.data	ascii	/nc*l\ 1#h
0x289b8c	0x180289b8c	.data	ascii	1(mh 
0x289c1f	0x180289c1f	.data	ascii	kz9+''
0x289cc0	0x180289cc0	.data	ascii	.?AV<lambda_1>@?0???$listen@UKeyEvent@aerial@@VJavaHotkeys@modules@2@@Module@aerial@@IEAAXP8JavaHotkeys@modules@2@EAAXAEAUKeyEvent@2@@ZH@Z@
0x289d60	0x180289d60	.data	ascii	.?AV<lambda_1>@?0???$listen@UTickEvent@aerial@@VJavaHotkeys@modules@2@@Module@aerial@@IEAAXP8JavaHotkeys@modules@2@EAAXAEAUTickEvent@2@@ZH@Z@
0x289df6	0x180289df6	.data	ascii	8%QaY
0x289e46	0x180289e46	.data	ascii	"#wk#
0x289f0d	0x180289f0d	.data	ascii	!ps$"*eG
0x289f3e	0x180289f3e	.data	ascii	<:B~,
0x289f44	0x180289f44	.data	ascii	,%Wq,#Us.,*$#
0x289ff0	0x180289ff0	.data	ascii	.?AV<lambda_1>@?0???$listen@URender2DEvent@aerial@@VMotionBlur@modules@2@@Module@aerial@@IEAAXP8MotionBlur@modules@2@EAAXAEAURender2DEvent@2@@ZH@Z@
0x28a0c4	0x18028a0c4	.data	ascii	-(lk#2zy',1-zh
0x28a0d5	0x18028a0d5	.data	ascii	wk#2zp",'l}84*
0x28a0e4	0x18028a0e4	.data	ascii	(Cv"_
0x28a17a	0x18028a17a	.data	ascii	hs$"*x~~k
0x28a18d	0x18028a18d	.data	ascii	fy',1-zs.9($'l}82
0x28a218	0x18028a218	.data	ascii	(6{vV173C|
0x28a227	0x18028a227	.data	ascii	lk#2zy
0x28a2c5	0x18028a2c5	.data	ascii	$.{Bf
0x28a354	0x18028a354	.data	ascii	mi 1#hh 2
0x28a3a2	0x18028a3a2	.data	ascii	BM[1@H
0x28a3d1	0x18028a3d1	.data	ascii	Q3WF2
0x28a496	0x18028a496	.data	ascii	$/(Qk
0x28a49c	0x18028a49c	.data	ascii	2zy01./Bp
0x28a4a8	0x18028a4a8	.data	ascii	 1#U~
0x28a4c0	0x18028a4c0	.data	ascii	*&$$(ml
0x28a571	0x18028a571	.data	ascii	"%x)/
0x28a5d2	0x18028a5d2	.data	ascii	007(&
0x28a5dc	0x18028a5dc	.data	ascii	&3&kdJ
0x28a658	0x18028a658	.data	ascii	,%fq,#Us
0x28a6eb	0x18028a6eb	.data	ascii	 1*kl
0x28a771	0x18028a771	.data	ascii	*73001
0x28a7b2	0x18028a7b2	.data	ascii	v(qy*
0x28a83c	0x18028a83c	.data	ascii	PX%Zi
0x28a8b3	0x18028a8b3	.data	ascii	mv#lq
0x28a8cb	0x18028a8cb	.data	ascii	1kLf2P
0x28ab4c	0x18028ab4c	.data	ascii	W(._X3G
0x28ab81	0x18028ab81	.data	ascii	#Kr10
0x28aba6	0x18028aba6	.data	ascii	KPd*sN
0x28abf5	0x18028abf5	.data	ascii	"Es&q
0x28ac5f	0x18028ac5f	.data	ascii	(2*2By0*
0x28ac68	0x18028ac68	.data	ascii	s|46,
0x28acac	0x18028acac	.data	ascii	2*2{y0*'s
0x28acb8	0x18028acb8	.data	ascii	!ps$"*o
0x28acf2	0x18028acf2	.data	ascii	 1*kl
0x28acfd	0x18028acfd	.data	ascii	1(mm()
0x28ad04	0x18028ad04	.data	ascii	!$('lq
0x28ad0f	0x18028ad0f	.data	ascii	3|~,&#
0x28ad68	0x18028ad68	.data	ascii	!$('Qq
0x28ad7e	0x18028ad7e	.data	ascii	(m~,&#
0x28ae0b	0x18028ae0b	.data	ascii	k~0Lv(
0x28ae12	0x18028ae12	.data	ascii	&33(_
0x28ae48	0x18028ae48	.data	ascii	*" $zh
0x28ae87	0x18028ae87	.data	ascii	(73##
0x28ae94	0x18028ae94	.data	ascii	001(_
0x28af32	0x18028af32	.data	ascii	"qv#lq"
0x28af79	0x18028af79	.data	ascii	L37*" $z
0x28b009	0x18028b009	.data	ascii	(2*2{o
0x28b016	0x18028b016	.data	ascii	*"'"q
0x28b057	0x18028b057	.data	ascii	2*2{o
0x28b062	0x18028b062	.data	ascii	**"'"q
0x28b070	0x18028b070	.data	ascii	m}.!$
0x28b07a	0x18028b07a	.data	ascii	I\9Tm
0x28b0b5	0x18028b0b5	.data	ascii	**"'"qk
0x28b108	0x18028b108	.data	ascii	*"'"qk
0x28b176	0x18028b176	.data	ascii	*Db '(
0x28b21b	0x18028b21b	.data	ascii	mo '(
0x28b25e	0x18028b25e	.data	ascii	#/*Lr
0x28b264	0x18028b264	.data	ascii	,2001(mm()
0x28b273	0x18028b273	.data	ascii	l~0L~
0x28b279	0x18028b279	.data	ascii	$"#*-&"3|o
0x28b312	0x18028b312	.data	ascii	*fN{6
0x28b33e	0x18028b33e	.data	ascii	,2s|;
0x28b347	0x18028b347	.data	ascii	R}8zl
0x28b34f	0x18028b34f	.data	ascii	(6{v(L|
0x28b451	0x18028b451	.data	ascii	4;9fo
0x28b45a	0x18028b45a	.data	ascii	.KN:L[
0x28b48b	0x18028b48b	.data	ascii	-;2.z
0x28b50a	0x18028b50a	.data	ascii	1-(,~l$I3
0x28b522	0x18028b522	.data	ascii	3/z{:11
0x28b5d0	0x18028b5d0	.data	ascii	.?AV<lambda_1>@?0???$listenAlways@UTickEvent@aerial@@VNoRender@modules@2@@Module@aerial@@IEAAXP8NoRender@modules@2@EAAXAEAUTickEvent@2@@ZH@Z@
0x28b684	0x18028b684	.data	ascii	N26'Qh
0x28b695	0x18028b695	.data	ascii	(mk#6*Rx
0x28b6a2	0x18028b6a2	.data	ascii	(Lk#2Ch'%f{&
0x28b6da	0x18028b6da	.data	ascii	U4*-L
0x28b6f9	0x18028b6f9	.data	ascii	26zz,
0x28b702	0x18028b702	.data	ascii	Wq01-z
0x28b713	0x18028b713	.data	ascii	aRE[`|ZA
0x28b757	0x18028b757	.data	ascii	"RM#-
0x28b780	0x18028b780	.data	ascii	#2zy0$(zk#6
0x28b793	0x18028b793	.data	ascii	lk#2zl)
0x28b79b	0x18028b79b	.data	ascii	(5,qh .*.zf
0x28b825	0x18028b825	.data	ascii	.Cz4347(
0x28b85d	0x18028b85d	.data	ascii	0.'q$d?
0x28b897	0x18028b897	.data	ascii	qp"qo#
0x28b8a6	0x18028b8a6	.data	ascii	{r#.*
0x28b978	0x18028b978	.data	ascii	zq(/0#k
0x28b9ca	0x18028b9ca	.data	ascii	cDjgA 3
0x28ba21	0x18028ba21	.data	ascii	W:gwW8.
0x28ba68	0x18028ba68	.data	ascii	.`Q]ejU
0x28ba9a	0x18028ba9a	.data	ascii	\%{H)
0x28bab1	0x18028bab1	.data	ascii	<:{~,
0x28bb10	0x18028bb10	.data	ascii	.?AV<lambda_1>@?0???$listen@URender2DEvent@aerial@@VNoVSync@modules@2@@Module@aerial@@IEAAXP8NoVSync@modules@2@EAAXAEAURender2DEvent@2@@ZH@Z@
0x28bbec	0x18028bbec	.data	ascii	&C}$f
0x28bbf8	0x18028bbf8	.data	ascii	""(*x
0x28bca0	0x18028bca0	.data	ascii	.?AV<lambda_0>@?0???0Notifications@modules@aerial@@QEAA@XZ@
0x28bcf0	0x18028bcf0	.data	ascii	.?AV<lambda_1>@?0???$listenAlways@URender2DEvent@aerial@@VNotifications@modules@2@@Module@aerial@@IEAAXP8Notifications@modules@2@EAAXAEAURender2DEvent@2@@ZH@Z@
0x28bda0	0x18028bda0	.data	ascii	.?AV<lambda_1>@?0???$listenAlways@UModuleToggleEvent@aerial@@VNotifications@modules@2@@Module@aerial@@IEAAXP8Notifications@modules@2@EAAXAEAUModuleToggleEvent@2@@ZH@Z@
0x28be95	0x18028be95	.data	ascii	#w~~l
0x28bfc4	0x18028bfc4	.data	ascii	2=6>kQ
0x28c007	0x18028c007	.data	ascii	(l~~k
0x28c01b	0x18028c01b	.data	ascii	)*(5,l
0x28c061	0x18028c061	.data	ascii	lkcpl
0x28c112	0x18028c112	.data	ascii	< om$/
0x28c151	0x18028c151	.data	ascii	#rs.4%
0x28c190	0x18028c190	.data	ascii	@2((zk
0x28c19f	0x18028c19f	.data	ascii	*9,pW
0x28c204	0x18028c204	.data	ascii	,L~~r
0x28c20e	0x18028c20e	.data	ascii	zv#ll
0x28c22c	0x18028c22c	.data	ascii	>lS{y
0x28c258	0x18028c258	.data	ascii	)1,.'
0x28c288	0x18028c288	.data	ascii	z,0<1.6
0x28c2fb	0x18028c2fb	.data	ascii	$(*xk
0x28c301	0x18028c301	.data	ascii	!ps$"*eqL
0x28c323	0x18028c323	.data	ascii	]DX7r
0x28c336	0x18028c336	.data	ascii	<:B~,
0x28c33d	0x18028c33d	.data	ascii	%fq,#Us.,*$#
0x28c3f0	0x18028c3f0	.data	ascii	nJ'od{
0x28c42b	0x18028c42b	.data	ascii	#2z|0*1
0x28c43d	0x18028c43d	.data	ascii	,-6(((m
0x28c44b	0x18028c44b	.data	ascii	{p*Dk#2zx71
0x28c475	0x18028c475	.data	ascii	!D^^<
0x28c4e6	0x18028c4e6	.data	ascii	0((5*2<1.
0x28c529	0x18028c529	.data	ascii	ps$"*
0x28c5a5	0x18028c5a5	.data	ascii	0*3Cm
0x28c64c	0x18028c64c	.data	ascii	0((5*
0x28c69e	0x18028c69e	.data	ascii	.;1Is*#
0x28c70e	0x18028c70e	.data	ascii	X)K:S
0x28c720	0x18028c720	.data	ascii	%fq,#hs
0x28c74e	0x18028c74e	.data	ascii	`~U!h
0x28c78e	0x18028c78e	.data	ascii	2h.8m
0x28c79e	0x18028c79e	.data	ascii	<$1*W4
0x28c7b1	0x18028c7b1	.data	ascii	 1*Rl
0x28c7fe	0x18028c7fe	.data	ascii	(2*2{y
0x28c806	0x18028c806	.data	ascii	 1*kl
0x28c853	0x18028c853	.data	ascii	001(_
0x28c897	0x18028c897	.data	ascii	 1*kl
0x28c98a	0x18028c98a	.data	ascii	mv#Qq
0x28cb72	0x18028cb72	.data	ascii	hs6+9
0x28cc4c	0x18028cc4c	.data	ascii	#rr10
0x28cc60	0x18028cc60	.data	ascii	3Av(-6"
0x28ccb0	0x18028ccb0	.data	ascii	!M}4/e
0x28ccf0	0x18028ccf0	.data	ascii	[0qq"
0x28cd09	0x18028cd09	.data	ascii	*"3|k
0x28cd14	0x18028cd14	.data	ascii	)2Jv(-6"
0x28cd55	0x18028cd55	.data	ascii	2*2By
0x28cda2	0x18028cda2	.data	ascii	(2*2By
0x28cdaf	0x18028cdaf	.data	ascii	!Ms$"
0x28cdcd	0x18028cdcd	.data	ascii	_Qq``
0x28cdfb	0x18028cdfb	.data	ascii	!$('lq
0x28ce54	0x18028ce54	.data	ascii	1(mm()
0x28ce71	0x18028ce71	.data	ascii	(P~,&#
0x28ceb9	0x18028ceb9	.data	ascii	!M}4/j
0x28cec1	0x18028cec1	.data	ascii	9UrV[
0x28ceec	0x18028ceec	.data	ascii	#wv#l
0x28cf7e	0x18028cf7e	.data	ascii	#'"ql
0x28cf84	0x18028cf84	.data	ascii	*7300
0x28cfbf	0x18028cfbf	.data	ascii	#'"Lq"
0x28cfd4	0x18028cfd4	.data	ascii	#.#Q~,&#
0x28d014	0x18028d014	.data	ascii	3##'"Lv
0x28d069	0x18028d069	.data	ascii	*" $z
0x28d070	0x18028d070	.data	ascii	(73##'
0x28d089	0x18028d089	.data	ascii	)S=H2=2H
0x28d097	0x18028d097	.data	ascii	DlC3S[
0x28d0f8	0x18028d0f8	.data	ascii	(2*2{o
0x28d105	0x18028d105	.data	ascii	*"'"qk
0x28d111	0x18028d111	.data	ascii	*73001(
0x28d1a4	0x18028d1a4	.data	ascii	P|46,
0x28d1c3	0x18028d1c3	.data	ascii	&PIIs
0x28d207	0x18028d207	.data	ascii	33(p-
0x28d2f2	0x18028d2f2	.data	ascii	(2*2{o
0x28d2ff	0x18028d2ff	.data	ascii	*"'"qk
0x28d34c	0x18028d34c	.data	ascii	#/*qr#,2001
0x28d35f	0x18028d35f	.data	ascii	('l~0q~,$"#
0x28d36b	0x18028d36b	.data	ascii	-&"3Ao
0x28d377	0x18028d377	.data	ascii	**"'"q
0x28d3c2	0x18028d3c2	.data	ascii	2001(Pm
0x28d443	0x18028d443	.data	ascii	(6{v(q
0x28d44a	0x18028d44a	.data	ascii	46,p(
0x28d58a	0x18028d58a	.data	ascii	-;2.z
0x28d596	0x18028d596	.data	ascii	|?Hz~
0x28d5bf	0x18028d5bf	.data	ascii	<:B|;+
0x28d620	0x18028d620	.data	ascii	.?AV<lambda_1>@?0???$listen@UKeyEvent@aerial@@VQuickSlots@modules@2@@Module@aerial@@IEAAXP8QuickSlots@modules@2@EAAXAEAUKeyEvent@2@@ZH@Z@
0x28d72a	0x18028d72a	.data	ascii	"(4wk
0x28d742	0x18028d742	.data	ascii	)+'l{,
0x28d7dc	0x18028d7dc	.data	ascii	'sk*,&3&_
0x28d84e	0x18028d84e	.data	ascii	6($H!%Im(0
0x28d859	0x18028d859	.data	ascii	7(&6{
0x28d85f	0x18028d85f	.data	ascii	*,&3&Rd?
0x28d8e2	0x18028d8e2	.data	ascii	<:{~,
0x28d93c	0x18028d93c	.data	ascii	cu(O.(x(
0x28d94f	0x18028d94f	.data	ascii	$1*(426{
0x28d95b	0x18028d95b	.data	ascii	v(qy*
0x28d961	0x18028d961	.data	ascii	 1*kl
0x28d974	0x18028d974	.data	ascii	r-#Bli
0x28d9a0	0x18028d9a0	.data	ascii	(2*2{y
0x28d9a8	0x18028d9a8	.data	ascii	 1*kl
0x28d9f4	0x18028d9f4	.data	ascii	 1*kl
0x28da3a	0x18028da3a	.data	ascii	v(qy*
0x28da40	0x18028da40	.data	ascii	 1*Rl
0x28db2c	0x18028db2c	.data	ascii	xo '(
0x28dbd0	0x18028dbd0	.data	ascii	00Dn(-r
0x28dde4	0x18028dde4	.data	ascii	*"3Av(-6"
0x28de20	0x18028de20	.data	ascii	mv#Qk
0x28de26	0x18028de26	.data	ascii	!M}4/e(
0x28de82	0x18028de82	.data	ascii	)2sv(
0x28de8b	0x18028de8b	.data	ascii	(*eb`
0x28debc	0x18028debc	.data	ascii	2{y0*'s|46,,
0x28df12	0x18028df12	.data	ascii	!ps$"Uo
0x28df85	0x18028df85	.data	ascii	@2*oa
0x28dfb6	0x18028dfb6	.data	ascii	!$('Qq
0x28e015	0x18028e015	.data	ascii	!M}4/7
0x28e047	0x18028e047	.data	ascii	?2'#wv#lq"
0x28e052	0x18028e052	.data	ascii	k~0Lv
0x28e10a	0x18028e10a	.data	ascii	k~2'$
0x28e110	0x18028e110	.data	ascii	#6By*
0x28e15c	0x18028e15c	.data	ascii	#'"Lv
0x28e166	0x18028e166	.data	ascii	k~0Lv(
0x28e216	0x18028e216	.data	ascii	OJIXI&
0x28e223	0x18028e223	.data	ascii	2*2Bo
0x28e23f	0x18028e23f	.data	ascii	01(pL
0x28e27b	0x18028e27b	.data	ascii	(2*2{o
0x28e295	0x18028e295	.data	ascii	m}.!$j
0x28e2df	0x18028e2df	.data	ascii	**"'"q
0x28e377	0x18028e377	.data	ascii	2*2{o
0x28e3d5	0x18028e3d5	.data	ascii	(2*2{o
0x28e496	0x18028e496	.data	ascii	*qr#,
0x28e49e	0x18028e49e	.data	ascii	1(mm(
0x28e4f3	0x18028e4f3	.data	ascii	(iW(6
0x28e518	0x18028e518	.data	ascii	l~0q~,$
0x28e57c	0x18028e57c	.data	ascii	&3&,2s|;
0x28e588	0x18028e588	.data	ascii	R}8zl
0x28e590	0x18028e590	.data	ascii	(6{v(q|46,p
0x28e6a3	0x18028e6a3	.data	ascii	}7H~Cf
0x28e6ce	0x18028e6ce	.data	ascii	J6]3S
0x28e6da	0x18028e6da	.data	ascii	<:{s$-;2
0x28e7c0	0x18028e7c0	.data	ascii	.?AV<lambda_1>@?0???$listen@URender2DEvent@aerial@@VSelfNameTag@modules@2@@Module@aerial@@IEAAXP8SelfNameTag@modules@2@EAAXAEAURender2DEvent@2@@ZH@Z@
0x28e8dc	0x18028e8dc	.data	ascii	xv(qk
0x28e8e2	0x18028e8e2	.data	ascii	.$)Bo*(
0x28e921	0x18028e921	.data	ascii	),'Uv"k
0x28e929	0x18028e929	.data	ascii	 2,qk
0x28e92f	0x18028e92f	.data	ascii	2z|;1
0x28e9fb	0x18028e9fb	.data	ascii	q^*,&3&R|42
0x28ea14	0x18028ea14	.data	ascii	8zo.*(4
0x28ea58	0x18028ea58	.data	ascii	6(((S
0x28ea5e	0x18028ea5e	.data	ascii	S(,-6
0x28eaa2	0x18028eaa2	.data	ascii	"-4H,-6
0x28eaae	0x18028eaae	.data	ascii	f93&<
0x28eb66	0x18028eb66	.data	ascii	{k*,&3
0x28eb85	0x18028eb85	.data	ascii	Y;oP1D
0x28ecba	0x18028ecba	.data	ascii	2*2{y*
0x28ed02	0x18028ed02	.data	ascii	73001(_
0x28ed3c	0x18028ed3c	.data	ascii	v(qy*
0x28ee30	0x18028ee30	.data	ascii	$(*xo '(
0x28ee39	0x18028ee39	.data	ascii	&(mv#Qq
0x28ef57	0x18028ef57	.data	ascii	OnW2!
0x28f0dc	0x18028f0dc	.data	ascii	"(4wy'
0x28f0e3	0x18028f0e3	.data	ascii	#rrN0
0x28f0f7	0x18028f0f7	.data	ascii	3Av(-6"
0x28f109	0x18028f109	.data	ascii	Z&erK|
0x28f175	0x18028f175	.data	ascii	"(4wy'
0x28f18f	0x18028f18f	.data	ascii	)2sv(-6
0x28f1c9	0x18028f1c9	.data	ascii	2{y0*
0x28f1e0	0x18028f1e0	.data	ascii	RKr\jm}
0x28f20f	0x18028f20f	.data	ascii	2By0*'s
0x28f219	0x18028f219	.data	ascii	!Ms$"
0x28f24d	0x18028f24d	.data	ascii	QQ.j\7U
0x28f25a	0x18028f25a	.data	ascii	 1*kl
0x28f274	0x18028f274	.data	ascii	-($3|~
0x28f2bc	0x18028f2bc	.data	ascii	 1*kl
0x28f2d6	0x18028f2d6	.data	ascii	-($3|p
0x28f2e3	0x18028f2e3	.data	ascii	&(m~,&
0x28f33b	0x18028f33b	.data	ascii	PJ9Sj\`C
0x28f35a	0x18028f35a	.data	ascii	?2'#wv
0x28f365	0x18028f365	.data	ascii	k~0Lv(
0x28f36c	0x18028f36c	.data	ascii	&33(B
0x28f3b4	0x18028f3b4	.data	ascii	b/MEpN
0x28f3ef	0x18028f3ef	.data	ascii	#(*xo
0x28f42e	0x18028f42e	.data	ascii	=(73##
0x28f4ae	0x18028f4ae	.data	ascii	&33(B
0x28f4f9	0x18028f4f9	.data	ascii	73##'
0x28f530	0x18028f530	.data	ascii	(2*2Bk
0x28f541	0x18028f541	.data	ascii	3;*"'
0x28f60f	0x18028f60f	.data	ascii	(2*2Bo
0x28f629	0x18028f629	.data	ascii	P|46,
0x28f64e	0x18028f64e	.data	ascii	B5`_l `j
0x28f662	0x18028f662	.data	ascii	2*2{o
0x28f6ba	0x18028f6ba	.data	ascii	(2*2Bo
0x28f6c6	0x18028f6c6	.data	ascii	**"'"q
0x28f6d4	0x18028f6d4	.data	ascii	my-$/
0x28f6da	0x18028f6da	.data	ascii	"(*8b
0x28f718	0x18028f718	.data	ascii	2*2{o
0x28f724	0x18028f724	.data	ascii	*"'"qk
0x28f740	0x18028f740	.data	ascii	G_`\{&f
0x28f751	0x18028f751	.data	ascii	n!iwV6
0x28f768	0x18028f768	.data	ascii	(2*2{o
0x28f774	0x18028f774	.data	ascii	**"'"qk
0x28f782	0x18028f782	.data	ascii	Po '(
0x28f7ad	0x18028f7ad	.data	ascii	?cIv~
0x28f7c2	0x18028f7c2	.data	ascii	*Lr#,
0x28f7d7	0x18028f7d7	.data	ascii	0L~,$
0x28f827	0x18028f827	.data	ascii	01(mm()
0x28f83c	0x18028f83c	.data	ascii	*-&"3|p
0x28f8fb	0x18028f8fb	.data	ascii	3Ri\j
0x28f9ac	0x18028f9ac	.data	ascii	<:Bs$-
0x28f9f7	0x18028f9f7	.data	ascii	:B|;+
0x28fa60	0x18028fa60	.data	ascii	.?AV<lambda_1>@?0???$listenAlways@URender2DEvent@aerial@@VSensMultiplier@modules@2@@Module@aerial@@IEAAXP8SensMultiplier@modules@2@EAAXAEAURender2DEvent@2@@ZH@Z@
0x28fb42	0x18028fb42	.data	ascii	"&#*1(
0x28fb82	0x18028fb82	.data	ascii	ls$!%tl
0x28fb9a	0x18028fb9a	.data	ascii	{k#Mz
0x28fba0	0x18028fba0	.data	ascii	71-selp
0x28fbfd	0x18028fbfd	.data	ascii	"&#*16B}
0x28fc19	0x18028fc19	.data	ascii	+9R/m
0x28fc71	0x18028fc71	.data	ascii	;2.zr#
0x28fc79	0x18028fc79	.data	ascii	'C~0-Bt
0x28fc81	0x18028fc81	.data	ascii	!$./,){s$
0x28fcc8	0x18028fcc8	.data	ascii	!$./,
0x28fd0e	0x18028fd0e	.data	ascii	.C|-"
0x28fd8e	0x18028fd8e	.data	ascii	I;2.Ck
0x28fd96	0x18028fd96	.data	ascii	'4Fs$!%
0x28fe2f	0x18028fe2f	.data	ascii	'sk*,&
0x28fe9f	0x18028fe9f	.data	ascii	($H!%Im(007(&
0x28fead	0x18028fead	.data	ascii	{k*,&
0x28feec	0x18028feec	.data	ascii	$(*xk
0x28ff0c	0x18028ff0c	.data	ascii	E&$u!g
0x28ff26	0x18028ff26	.data	ascii	,%fq,#Us
0x28ff78	0x18028ff78	.data	ascii	"'"lM
0x28ffc4	0x18028ffc4	.data	ascii	v(qy*
0x28ffca	0x18028ffca	.data	ascii	 1*Rl
0x29006e	0x18029006e	.data	ascii	#"d5M
0x29007f	0x18029007f	.data	ascii	1S$=#
0x290189	0x180290189	.data	ascii	9~?"\
0x2902bc	0x1802902bc	.data	ascii	k\tvz
0x2902cc	0x1802902cc	.data	ascii	1M 'wgm
0x29045c	0x18029045c	.data	ascii	"(4wy'
0x2904f7	0x1802904f7	.data	ascii	[0Lq"
0x290501	0x180290501	.data	ascii	"(4wy'
0x29050e	0x18029050e	.data	ascii	#1*"3Ak
0x29051b	0x18029051b	.data	ascii	)2sv(-6"
0x290557	0x180290557	.data	ascii	2*2{y0*'s|46,,;
0x29059a	0x18029059a	.data	ascii	2*2By0*
0x2905b8	0x1802905b8	.data	ascii	&mo_r
0x290607	0x180290607	.data	ascii	-($3|
0x29061d	0x18029061d	.data	ascii	37> 5
0x290630	0x180290630	.data	ascii	 L\!/-T
0x290645	0x180290645	.data	ascii	 1*kl
0x29064e	0x18029064e	.data	ascii	001(mm()
0x29065f	0x18029065f	.data	ascii	-($3|p
0x290666	0x180290666	.data	ascii	Po '(
0x2906b3	0x1802906b3	.data	ascii	!p}4/j
0x2906d0	0x1802906d0	.data	ascii	qDh"`
0x2906ed	0x1802906ed	.data	ascii	#Fv#l
0x2906fd	0x1802906fd	.data	ascii	33(_,G
0x29072d	0x18029072d	.data	ascii	L37*" $zh
0x2907b5	0x1802907b5	.data	ascii	3##'"Lq"
0x2907cd	0x1802907cd	.data	ascii	.#l~,
0x290819	0x180290819	.data	ascii	"Lv#l
0x290821	0x180290821	.data	ascii	k~0qv(
0x290869	0x180290869	.data	ascii	##'"c,
0x2908a7	0x1802908a7	.data	ascii	3;*"'
0x2908e5	0x1802908e5	.data	ascii	2*2Bo
0x29090f	0x18029090f	.data	ascii	1Q}odL
0x29093a	0x18029093a	.data	ascii	**"'"qk
0x2909d4	0x1802909d4	.data	ascii	(2*2{o
0x290a33	0x180290a33	.data	ascii	(2*2Bo
0x290a52	0x180290a52	.data	ascii	*"(*kb '(
0x290a90	0x180290a90	.data	ascii	2*2Bo
0x290a9b	0x180290a9b	.data	ascii	**"'"qk
0x290ae8	0x180290ae8	.data	ascii	2*2Bo
0x290b42	0x180290b42	.data	ascii	h]#/*Lr#,2001(mm()
0x290b57	0x180290b57	.data	ascii	('l~0L~,$"#*-&"3|o
0x290c22	0x180290c22	.data	ascii	k}8zl
0x290d5f	0x180290d5f	.data	ascii	<:{s[-;2
0x290e00	0x180290e00	.data	ascii	.?AV<lambda_1>@?0???$listen@UTickEvent@aerial@@VSkybox@modules@2@@Module@aerial@@IEAAXP8Skybox@modules@2@EAAXAEAUTickEvent@2@@ZH@Z@
0x290efc	0x180290efc	.data	ascii	lk#2zl!
0x290f15	0x180290f15	.data	ascii	*7zo.;1t
0x290f2d	0x180290f2d	.data	ascii	(0(*'2~x&
0x290f6e	0x180290f6e	.data	ascii	'(8-1.n
0x290fa1	0x180290fa1	.data	ascii	fv(qo
0x290fe2	0x180290fe2	.data	ascii	,%Wq,#Us
0x291002	0x180291002	.data	ascii	I9nm3
0x2910ab	0x1802910ab	.data	ascii	(J[1-
0x2910ed	0x1802910ed	.data	ascii	sk*,&3&_
0x29114c	0x18029114c	.data	ascii	3Cwf$;;
0x2911ae	0x1802911ae	.data	ascii	$1*(4
0x291201	0x180291201	.data	ascii	2*2By*
0x291225	0x180291225	.data	ascii	-=Tt}
0x29128d	0x18029128d	.data	ascii	#&#(*x
0x29130d	0x18029130d	.data	ascii	4I;GX
0x29135b	0x18029135b	.data	ascii	IRl1>
0x291428	0x180291428	.data	ascii	0Dn(-r
0x2916de	0x1802916de	.data	ascii	[0Lq"
0x2916f5	0x1802916f5	.data	ascii	#1*"3Ak
0x291702	0x180291702	.data	ascii	)2Jv(-6"
0x29173f	0x18029173f	.data	ascii	2*2By
0x291749	0x180291749	.data	ascii	46,,;(
0x29175e	0x18029175e	.data	ascii	x88=+
0x291785	0x180291785	.data	ascii	2By0*
0x2917e0	0x1802917e0	.data	ascii	($3A~
0x291828	0x180291828	.data	ascii	73001
0x29183b	0x18029183b	.data	ascii	-($3|
0x291848	0x180291848	.data	ascii	&(m~,
0x2918d1	0x1802918d1	.data	ascii	2'#Fv#lq"
0x2918db	0x1802918db	.data	ascii	k~0qv
0x2918e2	0x1802918e2	.data	ascii	&33(B
0x291911	0x180291911	.data	ascii	L37*" 
0x291939	0x180291939	.data	ascii	LCS=tz
0x29195c	0x18029195c	.data	ascii	3##'"ql
0x2919a7	0x1802919a7	.data	ascii	k~2'$
0x2919b6	0x1802919b6	.data	ascii	.#l~,&#
0x2919fd	0x1802919fd	.data	ascii	3##'"qv
0x291a09	0x180291a09	.data	ascii	k~0qv
0x291a4d	0x180291a4d	.data	ascii	(73##'"c
0x291a7d	0x180291a7d	.data	ascii	G[cER
0x291a8c	0x180291a8c	.data	ascii	(2*2Bk
0x291ae6	0x180291ae6	.data	ascii	*"'"qk
0x291b38	0x180291b38	.data	ascii	**"'"qk
0x291b7d	0x180291b7d	.data	ascii	2*2Bo
0x291b88	0x180291b88	.data	ascii	**"'"qk
0x291b98	0x180291b98	.data	ascii	46,pW1
0x291c00	0x180291c00	.data	ascii	=PO;Czf6
0x291c26	0x180291c26	.data	ascii	2*2{o
0x291c3f	0x180291c3f	.data	ascii	Py-$/*"(
0x291c80	0x180291c80	.data	ascii	2*2Bo
0x291d2c	0x180291d2c	.data	ascii	V+$h]#/*qr#,2001
0x291d42	0x180291d42	.data	ascii	!$('l~0q~,$"#*
0x291d5c	0x180291d5c	.data	ascii	**"'"qk
0x291d65	0x180291d65	.data	ascii	*c.?\
0x291da5	0x180291da5	.data	ascii	2001(Pm
0x291e2a	0x180291e2a	.data	ascii	R}8zl
0x291e3f	0x180291e3f	.data	ascii	>UR'E~
0x291f75	0x180291f75	.data	ascii	:{s$-
0x291f7b	0x180291f7b	.data	ascii	2.zq0
0x292010	0x180292010	.data	ascii	.?AV<lambda_1>@?0???$listen@URender2DEvent@aerial@@VSwingAnimations@modules@2@@Module@aerial@@IEAAXP8SwingAnimations@modules@2@EAAXAEAURender2DEvent@2@@ZH@Z@
0x2920d4	0x1802920d4	.data	ascii	q3L':
0x2920e6	0x1802920e6	.data	ascii	)1*"'
0x292144	0x180292144	.data	ascii	.*'Qk
0x29214a	0x18029214a	.data	ascii	2zw60
0x29218f	0x18029218f	.data	ascii	(mk#2Cl
0x2921bd	0x1802921bd	.data	ascii	)R 3S
0x2921d4	0x1802921d4	.data	ascii	-I(vV
0x292221	0x180292221	.data	ascii	P~~|-"
0x2922bb	0x1802922bb	.data	ascii	v#li(0(*'2
0x292341	0x180292341	.data	ascii	^3&HG
0x292396	0x180292396	.data	ascii	sk*,&3&_
0x29240e	0x18029240e	.data	ascii	%tm(0
0x292416	0x180292416	.data	ascii	&6{k*,&
0x29242d	0x18029242d	.data	ascii	}:FL|\f
0x292493	0x180292493	.data	ascii	,%Wq,#hs
0x29249c	0x18029249c	.data	ascii	,*$#f
0x292528	0x180292528	.data	ascii	 1*Rl
0x292563	0x180292563	.data	ascii	(2*2By*
0x2925f8	0x1802925f8	.data	ascii	v(qy*
0x2925fe	0x1802925fe	.data	ascii	 1*kl
0x29260c	0x18029260c	.data	ascii	\Uw5-
0x29266b	0x18029266b	.data	ascii	Y8qK=
0x2926ae	0x1802926ae	.data	ascii	`}|jX
0x2926ef	0x1802926ef	.data	ascii	$(*xo 
0x29280b	0x18029280b	.data	ascii	{_[W01
0x292990	0x180292990	.data	ascii	"(4wy'
0x292997	0x180292997	.data	ascii	#rr10
0x2929a7	0x1802929a7	.data	ascii	#1*"3Av(-6"
0x292a27	0x180292a27	.data	ascii	[0Lq"
0x292a87	0x180292a87	.data	ascii	2{y0*'s
0x292a91	0x180292a91	.data	ascii	,,;(&(m
0x292ac9	0x180292ac9	.data	ascii	2{y0*'s
0x292b1a	0x180292b1a	.data	ascii	73001(m
0x292b25	0x180292b25	.data	ascii	!$('Qq
0x292b2d	0x180292b2d	.data	ascii	-($3A~
0x292b7e	0x180292b7e	.data	ascii	1(mm(
0x292b86	0x180292b86	.data	ascii	$('Qq
0x292b94	0x180292b94	.data	ascii	mo '(
0x292b9a	0x180292b9a	.data	ascii	&(m~,
0x292c28	0x180292c28	.data	ascii	k~0qv
0x292c6d	0x180292c6d	.data	ascii	37*" 
0x292c76	0x180292c76	.data	ascii	2'#i,
0x292ca9	0x180292ca9	.data	ascii	#(*Eo
0x292cb3	0x180292cb3	.data	ascii	#'"ql
0x292cf8	0x180292cf8	.data	ascii	k~2'$
0x292d08	0x180292d08	.data	ascii	#l~,&#
0x292d4c	0x180292d4c	.data	ascii	#'"qv#lq"
0x292d56	0x180292d56	.data	ascii	k~0Lv
0x292dcb	0x180292dcb	.data	ascii	@4t l
0x292dd5	0x180292dd5	.data	ascii	(2*2{k
0x292de1	0x180292de1	.data	ascii	*73003
0x292de8	0x180292de8	.data	ascii	*"'"c
0x292e27	0x180292e27	.data	ascii	2*2Bo
0x292e32	0x180292e32	.data	ascii	**"'"qk
0x292ed1	0x180292ed1	.data	ascii	2*2{o
0x292eea	0x180292eea	.data	ascii	P|46,
0x292f29	0x180292f29	.data	ascii	2*2{o
0x292f5c	0x180292f5c	.data	ascii	O=-l=_
0x292f7f	0x180292f7f	.data	ascii	**"'"Lk
0x292f8d	0x180292f8d	.data	ascii	my-$/*"(*k
0x292fcb	0x180292fcb	.data	ascii	2*2{o
0x292fd6	0x180292fd6	.data	ascii	U*"'"q
0x292fe8	0x180292fe8	.data	ascii	$(*euo
0x293042	0x180293042	.data	ascii	Po '(
0x29307d	0x18029307d	.data	ascii	#/*qr#,20
0x293087	0x180293087	.data	ascii	1(mm()
0x293092	0x180293092	.data	ascii	l~0q~,$"#
0x29309c	0x18029309c	.data	ascii	-&"3|o
0x2930a8	0x1802930a8	.data	ascii	**"'"qk
0x2930ee	0x1802930ee	.data	ascii	pr#,2001(mm()
0x2930fc	0x1802930fc	.data	ascii	!$('l~0q~,$
0x29310a	0x18029310a	.data	ascii	-&"3|p
0x293111	0x180293111	.data	ascii	mo '(
0x2931c5	0x1802931c5	.data	ascii	o &P+
0x2932a2	0x1802932a2	.data	ascii	<:{s$-;2.z
0x2932dc	0x1802932dc	.data	ascii	:B|;+
0x293357	0x180293357	.data	ascii	z[\j0
0x2933f0	0x1802933f0	.data	ascii	.?AV<lambda_1>@?0???$listenAlways@UTickEvent@aerial@@VViewModel@modules@2@@Module@aerial@@IEAAXP8ViewModel@modules@2@EAAXAEAUTickEvent@2@@ZH@Z@
0x2934b7	0x1802934b7	.data	ascii	;C,6.
0x293506	0x180293506	.data	ascii	-Kv(qf
0x293512	0x180293512	.data	ascii	0-Bs$!
0x293549	0x180293549	.data	ascii	*3'lk
0x293553	0x180293553	.data	ascii	1./Bp
0x29355b	0x18029355b	.data	ascii	 1#hp
0x293586	0x180293586	.data	ascii	~e-(dJ
0x2935ac	0x1802935ac	.data	ascii	'Qk#2zv
0x2935ba	0x1802935ba	.data	ascii	%G^$/0#
0x2935d3	0x1802935d3	.data	ascii	dv:wJv
0x2936be	0x1802936be	.data	ascii	',)b|!3
0x293739	0x180293739	.data	ascii	(4n'`
0x29379f	0x18029379f	.data	ascii	**&'l~,
0x29388a	0x18029388a	.data	ascii	;2.'lk#
0x293894	0x180293894	.data	ascii	"&-Kp
0x2938b2	0x1802938b2	.data	ascii	c**la7
0x29390c	0x18029390c	.data	ascii	.'lk#2z
0x29391a	0x18029391a	.data	ascii	qk#2z
0x293967	0x180293967	.data	ascii	7d"fg
0x2939a4	0x1802939a4	.data	ascii	.'lk#
0x293ae5	0x180293ae5	.data	ascii	I(IH!%Im
0x293af0	0x180293af0	.data	ascii	7(&6{k
0x293af7	0x180293af7	.data	ascii	,&3&kdJ
0x293b23	0x180293b23	.data	ascii	UD}W8
0x293b3a	0x180293b3a	.data	ascii	$(*xk
0x293b7b	0x180293b7b	.data	ascii	#Us.,*$#f5
0x293bbb	0x180293bbb	.data	ascii	qz"$7*
0x293bf1	0x180293bf1	.data	ascii	$1*(4
0x293c03	0x180293c03	.data	ascii	 1*Rl
0x293c40	0x180293c40	.data	ascii	(2*2{y
0x293cbc	0x180293cbc	.data	ascii	016*e
0x293cf4	0x180293cf4	.data	ascii	 1*Rl
0x293daa	0x180293daa	.data	ascii	82 'c
0x293db6	0x180293db6	.data	ascii	+uh_Ry
0x293de9	0x180293de9	.data	ascii	mv#Qq
0x293e03	0x180293e03	.data	ascii	9J,8J"&
0x293e45	0x180293e45	.data	ascii	"' z6
0x293e96	0x180293e96	.data	ascii	pI]G)
0x293eac	0x180293eac	.data	ascii	X2\MmF0j
0x294093	0x180294093	.data	ascii	#rr10
0x2940a3	0x1802940a3	.data	ascii	#1*"3Av(-6"
0x2940e2	0x1802940e2	.data	ascii	!p}4/e
0x294114	0x180294114	.data	ascii	[0qq"
0x29412b	0x18029412b	.data	ascii	#1*"3Ak
0x294185	0x180294185	.data	ascii	2By0*
0x2941c7	0x1802941c7	.data	ascii	(2*2By
0x294211	0x180294211	.data	ascii	1(mm()
0x294219	0x180294219	.data	ascii	$('Qq
0x294223	0x180294223	.data	ascii	3A~,&#
0x294250	0x180294250	.data	ascii	7_G6Z
0x294273	0x180294273	.data	ascii	73001(mm(
0x29427e	0x18029427e	.data	ascii	!$('lq
0x294286	0x180294286	.data	ascii	-($3|
0x294293	0x180294293	.data	ascii	&(m~,&
0x2942cb	0x1802942cb	.data	ascii	mv#Qk
0x2942e2	0x1802942e2	.data	ascii	/DD)1c
0x294301	0x180294301	.data	ascii	?2'#Fv#l
0x294393	0x180294393	.data	ascii	#(*xo
0x29439d	0x18029439d	.data	ascii	#'"ql
0x2943a3	0x1802943a3	.data	ascii	*73001(_
0x2943cf	0x1802943cf	.data	ascii	(73##
0x2943e6	0x1802943e6	.data	ascii	mk#.#l
0x294438	0x180294438	.data	ascii	"Lv#lq"
0x294440	0x180294440	.data	ascii	k~0qv(
0x294447	0x180294447	.data	ascii	&33(_
0x2944d5	0x1802944d5	.data	ascii	*"'"c,
0x29455d	0x18029455d	.data	ascii	(2*2{o
0x294569	0x180294569	.data	ascii	**"'"qk
0x2945ee	0x1802945ee	.data	ascii	(2*2{o
0x29466e	0x18029466e	.data	ascii	*8b '(
0x294688	0x180294688	.data	ascii	RX$0j
0x2946af	0x1802946af	.data	ascii	(2*2Bo
0x294708	0x180294708	.data	ascii	2*2Bo
0x294713	0x180294713	.data	ascii	**"'"q
0x294767	0x180294767	.data	ascii	$('Q~
0x2947c1	0x1802947c1	.data	ascii	2001(mm()
0x2947e0	0x1802947e0	.data	ascii	mo '(
0x2948ce	0x1802948ce	.data	ascii	3aUWD(>q
0x2948fe	0x1802948fe	.data	ascii	PRg8=
0x29493d	0x18029493d	.data	ascii	Q,M}7
0x29499c	0x18029499c	.data	ascii	<:{s$-;2.zq01-
0x2949d2	0x1802949d2	.data	ascii	<:B|;+
0x2949de	0x1802949de	.data	ascii	pB0@"
0x2949f0	0x1802949f0	.data	ascii	.?AV<lambda_0>@?0???0Watermark@modules@aerial@@QEAA@XZ@
0x294a40	0x180294a40	.data	ascii	.?AV<lambda_1>@?0???$listen@URender2DEvent@aerial@@VWatermark@modules@2@@Module@aerial@@IEAAXP8Watermark@modules@2@EAAXAEAURender2DEvent@2@@ZH@Z@
0x294b10	0x180294b10	.data	ascii	)Mv(q
0x294b27	0x180294b27	.data	ascii	,BCz_uk
0x294bf2	0x180294bf2	.data	ascii	G*&( 1
0x294c36	0x180294c36	.data	ascii	.c$;6
0x294c74	0x180294c74	.data	ascii	,-{k#Mz
0x294cbc	0x180294cbc	.data	ascii	z_!3x
0x294cf4	0x180294cf4	.data	ascii	.Ck#2C~
0x294d00	0x180294d00	.data	ascii	k|-$$
0x294e45	0x180294e45	.data	ascii	#O=7|
0x294e85	0x180294e85	.data	ascii	)+wC9
0x294eab	0x180294eab	.data	ascii	%fq,#Us.,*
0x294ec6	0x180294ec6	.data	ascii	mALgCcg|4
0x294f92	0x180294f92	.data	ascii	2*2By*
0x294fdb	0x180294fdb	.data	ascii	73001(_
0x29501c	0x18029501c	.data	ascii	 1*Rl
0x295023	0x180295023	.data	ascii	$(*j,P
0x29512a	0x18029512a	.data	ascii	)VY~~_
0x2951b1	0x1802951b1	.data	ascii	00in(-r
0x29522b	0x18029522b	.data	ascii	j(SDb
0x2953a6	0x1802953a6	.data	ascii	[0Lq"
0x2953b7	0x1802953b7	.data	ascii	#rr10
0x2953ca	0x1802953ca	.data	ascii	"3|v(-6"
0x29540d	0x18029540d	.data	ascii	8(mv#Qk
0x29547c	0x18029547c	.data	ascii	2Jv(-
0x2954be	0x1802954be	.data	ascii	2{y0*'s
0x29550b	0x18029550b	.data	ascii	(2*2By
0x29556d	0x18029556d	.data	ascii	!$('lq
0x29561b	0x18029561b	.data	ascii	!M}4/7
0x295632	0x180295632	.data	ascii	=}b%-H@
0x295653	0x180295653	.data	ascii	?2'#wv#lq"
0x29565e	0x18029565e	.data	ascii	k~0Lv(
0x295665	0x180295665	.data	ascii	&33(_
0x295683	0x180295683	.data	ascii	jzuykl
0x2956d2	0x1802956d2	.data	ascii	#(*Eo
0x2956d8	0x1802956d8	.data	ascii	(73##
0x295716	0x180295716	.data	ascii	=(73##
0x295761	0x180295761	.data	ascii	~W/G1
0x2957c8	0x1802957c8	.data	ascii	(73##'"c,k
0x295819	0x180295819	.data	ascii	3;*"'
0x295856	0x180295856	.data	ascii	(2*2{o
0x295873	0x180295873	.data	ascii	01(p6
0x2958b3	0x1802958b3	.data	ascii	*"'"qk
0x2958f5	0x1802958f5	.data	ascii	2*2{o
0x29590e	0x18029590e	.data	ascii	m|46,
0x29594b	0x18029594b	.data	ascii	(2*2{o
0x295969	0x180295969	.data	ascii	&33(p0
0x295996	0x180295996	.data	ascii	(2*2Bo
0x2959a3	0x1802959a3	.data	ascii	*"'"qk
0x2959b3	0x1802959b3	.data	ascii	$/*"(*k
0x2959f9	0x1802959f9	.data	ascii	(2*2Bo
0x295a49	0x180295a49	.data	ascii	(2*2{o
0x295a9f	0x180295a9f	.data	ascii	#/*Lr#,
0x295aa9	0x180295aa9	.data	ascii	1(mm()
0x295ab0	0x180295ab0	.data	ascii	!$('Q~
0x295b11	0x180295b11	.data	ascii	#,2001(mm
0x295b1d	0x180295b1d	.data	ascii	!$('l~0q~,
0x295b28	0x180295b28	.data	ascii	"#*-&"3|p
0x295b32	0x180295b32	.data	ascii	mo '(
0x295b42	0x180295b42	.data	ascii	**"'"q
0x295b88	0x180295b88	.data	ascii	k}8zl
0x295c09	0x180295c09	.data	ascii	@Z<0r
0x295cff	0x180295cff	.data	ascii	:B|;+
0x295d20	0x180295d20	.data	ascii	.?AV<lambda_0>@?0???0Zoom@modules@aerial@@QEAA@XZ@
0x295d70	0x180295d70	.data	ascii	.?AV<lambda_1>@?0???$listen@URender2DEvent@aerial@@VZoom@modules@2@@Module@aerial@@IEAAXP8Zoom@modules@2@EAAXAEAURender2DEvent@2@@ZH@Z@
0x295e3c	0x180295e3c	.data	ascii	1./Bp
0x295e46	0x180295e46	.data	ascii	#Uh .*.zk
0x295e9d	0x180295e9d	.data	ascii	qv"Rx
0x295f07	0x180295f07	.data	ascii	!#rh .*
0x295f13	0x180295f13	.data	ascii	z}4(-{v#l{,
0x295f2e	0x180295f2e	.data	ascii	)1,*(*xk#2Cr#,&
0x295f7d	0x180295f7d	.data	ascii	zv(q~0-Bp
0x295f8f	0x180295f8f	.data	ascii	:{p*y
0x295f9f	0x180295f9f	.data	ascii	|tIq<
0x296014	0x180296014	.data	ascii	Wv"kz9+'
0x296021	0x180296021	.data	ascii	A8n0-F
0x296031	0x180296031	.data	ascii	n&4:K
0x29606c	0x18029606c	.data	ascii	JI&w[Ak
0x2960e4	0x1802960e4	.data	ascii	E<p;^
0x296169	0x180296169	.data	ascii	)^Us?
0x2961af	0x1802961af	.data	ascii	kW L(q
0x29621f	0x18029621f	.data	ascii	#Us.,
0x29624d	0x18029624d	.data	ascii	<&&"&
0x296289	0x180296289	.data	ascii	$1*(426{
0x29633d	0x18029633d	.data	ascii	73001(_,
0x296383	0x180296383	.data	ascii	v(qy*
0x296389	0x180296389	.data	ascii	 1*kl
0x296467	0x180296467	.data	ascii	xo '(
0x29646f	0x18029646f	.data	ascii	mv#lq
0x29652f	0x18029652f	.data	ascii	L(3\|
0x296714	0x180296714	.data	ascii	[0qq"
0x296725	0x180296725	.data	ascii	#rr10
0x296735	0x180296735	.data	ascii	#1*"3|v(-
0x296783	0x180296783	.data	ascii	!p}4/eT/
0x2967b7	0x1802967b7	.data	ascii	[0Lq"
0x29680e	0x18029680e	.data	ascii	(2*2By0*
0x296817	0x180296817	.data	ascii	s|46,,;(&(m
0x296863	0x180296863	.data	ascii	2*2{y0*
0x29686f	0x18029686f	.data	ascii	!ps$"
0x2968b4	0x1802968b4	.data	ascii	73001(mm(
0x2968bf	0x1802968bf	.data	ascii	!$('Qq
0x2968c7	0x1802968c7	.data	ascii	-($3A~,&
0x296932	0x180296932	.data	ascii	m~,&#
0x296960	0x180296960	.data	ascii	B\#]M
0x296977	0x180296977	.data	ascii	8(mv#Qk
0x29697f	0x18029697f	.data	ascii	!p}4/7
0x29699c	0x18029699c	.data	ascii	f=D5g
0x296a10	0x180296a10	.data	ascii	37*" $zh
0x296a55	0x180296a55	.data	ascii	#(*Eo
0x296a65	0x180296a65	.data	ascii	*73001(_
0x296a6f	0x180296a6f	.data	ascii	);R4-k
0x296a7a	0x180296a7a	.data	ascii	o> v{(
0x296aa1	0x180296aa1	.data	ascii	3##'"qq
0x296ab6	0x180296ab6	.data	ascii	mk#.#Q~
0x296aea	0x180296aea	.data	ascii	}ZKc'
0x296b0c	0x180296b0c	.data	ascii	#'"qv#l
0x296b16	0x180296b16	.data	ascii	k~0qv
0x296b5e	0x180296b5e	.data	ascii	37*" $zo
0x296ba1	0x180296ba1	.data	ascii	(2*2{k
0x296bb0	0x180296bb0	.data	ascii	003;*"'"c
0x296beb	0x180296beb	.data	ascii	(2*2{o
0x296c37	0x180296c37	.data	ascii	2*2Bo
0x296c90	0x180296c90	.data	ascii	2*2{o
0x296cf8	0x180296cf8	.data	ascii	33(p 
0x296d58	0x180296d58	.data	ascii	*<b '(
0x296d94	0x180296d94	.data	ascii	2*2{o
0x296d9f	0x180296d9f	.data	ascii	**"'"q
0x296dec	0x180296dec	.data	ascii	(2*2{o
0x296e41	0x180296e41	.data	ascii	+$h]#/*qr
0x296e4f	0x180296e4f	.data	ascii	1(mm(
0x296e5a	0x180296e5a	.data	ascii	l~0q~,$"#
0x296eb7	0x180296eb7	.data	ascii	(mm()
0x296ebd	0x180296ebd	.data	ascii	!$('l
0x296ec3	0x180296ec3	.data	ascii	0L~,$"#*-
0x296ed2	0x180296ed2	.data	ascii	Po '(
0x296ee2	0x180296ee2	.data	ascii	**"'"q
0x296f31	0x180296f31	.data	ascii	R}8zl
0x296f39	0x180296f39	.data	ascii	(6{v(L|
0x29706e	0x18029706e	.data	ascii	-;2.zq0
0x2970a6	0x1802970a6	.data	ascii	<:{|;+
0x297541	0x180297541	.data	ascii	;[DHVQ
0x297594	0x180297594	.data	ascii	qk#%(9:{d
0x297607	0x180297607	.data	ascii	2(*eL{
0x297667	0x180297667	.data	ascii	M6Hmx5-
0x29777d	0x18029777d	.data	ascii	UYSS(
0x29778a	0x18029778a	.data	ascii	:6[Q}IeVn
0x2977e6	0x1802977e6	.data	ascii	U~?ikZ
0x297802	0x180297802	.data	ascii	%fq,#Us.,*$#
0x297882	0x180297882	.data	ascii	($3a<np
0x297920	0x180297920	.data	ascii	<$1*(426{
0x297933	0x180297933	.data	ascii	 1*kl
0x297971	0x180297971	.data	ascii	(2*2By
0x29799a	0x18029799a	.data	ascii	3K:`Nl3
0x297a06	0x180297a06	.data	ascii	v(qy*
0x297a5a	0x180297a5a	.data	ascii	-m,nY
0x297ba0	0x180297ba0	.data	ascii	,1_ep
0x297dca	0x180297dca	.data	ascii	#1*"3Av
0x297e4c	0x180297e4c	.data	ascii	[0Lq"
0x297e57	0x180297e57	.data	ascii	(4wy'
0x297e65	0x180297e65	.data	ascii	*"3Ak
0x297e70	0x180297e70	.data	ascii	)2Jv(-
0x297eac	0x180297eac	.data	ascii	(2*2By
0x297f07	0x180297f07	.data	ascii	2By0*'s
0x297f11	0x180297f11	.data	ascii	!Ms$"*o
0x297f4f	0x180297f4f	.data	ascii	*73001
0x297f67	0x180297f67	.data	ascii	|~,&#
0x297faa	0x180297faa	.data	ascii	73001(mm()
0x297fb6	0x180297fb6	.data	ascii	$('Qq
0x297fbd	0x180297fbd	.data	ascii	-($3|p
0x297fca	0x180297fca	.data	ascii	&(m~,&#
0x298003	0x180298003	.data	ascii	mv#lk
0x29803c	0x18029803c	.data	ascii	?2'#wv
0x29804e	0x18029804e	.data	ascii	&33(_
0x298084	0x180298084	.data	ascii	37*" $z
0x2980a2	0x1802980a2	.data	ascii	%!/,@
0x298134	0x180298134	.data	ascii	#.#Q~,&\
0x29814b	0x18029814b	.data	ascii	Y,!h@32
0x29817a	0x18029817a	.data	ascii	3##'"qv
0x29818e	0x18029818e	.data	ascii	33(_,
0x2981c5	0x1802981c5	.data	ascii	*" $zo
0x298238	0x180298238	.data	ascii	GkfUu
0x2982a6	0x1802982a6	.data	ascii	2*2Bo
0x2982b1	0x1802982b1	.data	ascii	**"'"qk
0x298342	0x180298342	.data	ascii	2*2Bo
0x29834d	0x18029834d	.data	ascii	**"'"Lk
0x29835f	0x18029835f	.data	ascii	&33(p
0x2983ca	0x1802983ca	.data	ascii	x*V6|
0x2983e9	0x1802983e9	.data	ascii	2*2{o
0x298440	0x180298440	.data	ascii	2*2Bo
0x298496	0x180298496	.data	ascii	*qr#,
0x29849c	0x18029849c	.data	ascii	001(m
0x2984a5	0x1802984a5	.data	ascii	!$('l
0x2984ab	0x1802984ab	.data	ascii	0L~,$
0x2984b1	0x1802984b1	.data	ascii	#*-&"
0x2984bf	0x1802984bf	.data	ascii	**"'"q
0x298506	0x180298506	.data	ascii	l~0L~
0x298570	0x180298570	.data	ascii	,2s|;0#"
0x298582	0x180298582	.data	ascii	6Bv(q|4I,p
0x2985ab	0x1802985ab	.data	ascii	[;aa@o*
0x298618	0x180298618	.data	ascii	Rc1ad!UIv
0x298649	0x180298649	.data	ascii	}-FkA~V
0x2986b8	0x1802986b8	.data	ascii	-;2.z
0x2986f2	0x1802986f2	.data	ascii	:B|;+
0x298732	0x180298732	.data	ascii	]OHnk
0x298765	0x180298765	.data	ascii	''("'"
0x2987b2	0x1802987b2	.data	ascii	'("'"
0x2987e6	0x1802987e6	.data	ascii	db.73zz(
0x298828	0x180298828	.data	ascii	*;1Ip
0x298869	0x180298869	.data	ascii	-(lz"$75666
0x2988a7	0x1802988a7	.data	ascii	2*/*,6{
0x2988ea	0x1802988ea	.data	ascii	&33(m{
0x2988f3	0x1802988f3	.data	ascii	26z}$fe
0x2989bb	0x1802989bb	.data	ascii	%]z?(
0x298a04	0x180298a04	.data	ascii	6Ck#2Cx
0x298ab5	0x180298ab5	.data	ascii	2^P[e
0x298acc	0x180298acc	.data	ascii	#2(my
0x298adf	0x180298adf	.data	ascii	k}8zm(* 
0x298b28	0x180298b28	.data	ascii	S%fq,#Us
0x298ba2	0x180298ba2	.data	ascii	.`]'&Rk
0x298baa	0x180298baa	.data	ascii	!Ms$"*
0x298be6	0x180298be6	.data	ascii	2*2Bw
0x298bee	0x180298bee	.data	ascii	w}('1/&k|-
0x298c2d	0x180298c2d	.data	ascii	ps$"*
0x298c7d	0x180298c7d	.data	ascii	 1*kl
0x298ca6	0x180298ca6	.data	ascii	S8VYc
0x298cbb	0x180298cbb	.data	ascii	(2*2{y*
0x298d54	0x180298d54	.data	ascii	 1*kl
0x298df5	0x180298df5	.data	ascii	82 'c;M+
0x298e2f	0x180298e2f	.data	ascii	&(mv#lq
0x298f2b	0x180298f2b	.data	ascii	7'Xn&0t
0x298f72	0x180298f72	.data	ascii	Q9TZ5
0x2990f5	0x1802990f5	.data	ascii	#rr10
0x29914d	0x18029914d	.data	ascii	mv#lk
0x299153	0x180299153	.data	ascii	!M}4/e
0x2991db	0x1802991db	.data	ascii	jB*|4
0x2991e7	0x1802991e7	.data	ascii	2*2{y0*'s
0x2991f1	0x1802991f1	.data	ascii	46,,;(&(m
0x2991fb	0x1802991fb	.data	ascii	]]%1[rYjO
0x299237	0x180299237	.data	ascii	!ps$"*o
0x299267	0x180299267	.data	ascii	Of+{:
0x29927d	0x18029927d	.data	ascii	001(mm()
0x299286	0x180299286	.data	ascii	!$('Qq
0x29928f	0x18029928f	.data	ascii	($3|~,&#
0x29929b	0x18029929b	.data	ascii	],bL0.
0x2992d8	0x1802992d8	.data	ascii	 1*kl
0x2992ea	0x1802992ea	.data	ascii	!$('Qq
0x2992f2	0x1802992f2	.data	ascii	-($3|p
0x29932c	0x18029932c	.data	ascii	^Y7pr
0x299334	0x180299334	.data	ascii	08(mv#Qk
0x29933d	0x18029933d	.data	ascii	!M}4/7
0x299375	0x180299375	.data	ascii	k~0qv(
0x2993bf	0x1802993bf	.data	ascii	2'#i,
0x2993d4	0x1802993d4	.data	ascii	 XcGI4A
0x2993f7	0x1802993f7	.data	ascii	{Wx&UOE
0x29940c	0x18029940c	.data	ascii	3##'"ql
0x29943b	0x18029943b	.data	ascii	iX)osm=F
0x299465	0x180299465	.data	ascii	Pk#.#l
0x299541	0x180299541	.data	ascii	3;*"'">
0x299614	0x180299614	.data	ascii	&*l>*.>+4|
0x299622	0x180299622	.data	ascii	(2*2{o
0x299675	0x180299675	.data	ascii	**"'"qk
0x299764	0x180299764	.data	ascii	(2*2Bo
0x299770	0x180299770	.data	ascii	**"'"qk
0x29977e	0x18029977e	.data	ascii	mo '(
0x2997b0	0x1802997b0	.data	ascii	+$h]#/*qr#,2001
0x2997c5	0x1802997c5	.data	ascii	!$('l~0q~,
0x2997d0	0x1802997d0	.data	ascii	"#*-&"3|o
0x2997e0	0x1802997e0	.data	ascii	*"'"qk
0x299826	0x180299826	.data	ascii	01(mm()
0x299830	0x180299830	.data	ascii	('l~0L~
0x29983b	0x18029983b	.data	ascii	*-&"3Ap
0x299843	0x180299843	.data	ascii	mo '(
0x29989f	0x18029989f	.data	ascii	s|;0#"
0x299989	0x180299989	.data	ascii	>)LZX)
0x299a0d	0x180299a0d	.data	ascii	-;2.z
0x299a1a	0x180299a1a	.data	ascii	j)3(*>
0x299a48	0x180299a48	.data	ascii	<:{|;+
0x299a84	0x180299a84	.data	ascii	""52*
0x299a8a	0x180299a8a	.data	ascii	 zy85*.6a
0x299afd	0x180299afd	.data	ascii	<1.RH!%l
0x299b48	0x180299b48	.data	ascii	J(9*&
0x299b58	0x180299b58	.data	ascii	5*.6a
0x299b71	0x180299b71	.data	ascii	kNbgC
0x299b8c	0x180299b8c	.data	ascii	<:B~,
0x299bea	0x180299bea	.data	ascii	0tjzf
0x299c17	0x180299c17	.data	ascii	ps$"*
0x299c67	0x180299c67	.data	ascii	 1*Rl
0x299cac	0x180299cac	.data	ascii	2*2{y
0x299cfd	0x180299cfd	.data	ascii	,$lN{
0x299d85	0x180299d85	.data	ascii	,l95s
0x299e08	0x180299e08	.data	ascii	mv#Qq
0x299ea2	0x180299ea2	.data	ascii	00Dn(-9
0x29a0ae	0x18029a0ae	.data	ascii	[0qq"
0x29a113	0x18029a113	.data	ascii	!M}4/e
0x29a1b5	0x18029a1b5	.data	ascii	(2*2{y0*
0x29a1c0	0x18029a1c0	.data	ascii	46,,;
0x29a1fc	0x18029a1fc	.data	ascii	2*2{y0*
0x29a208	0x18029a208	.data	ascii	!ps$"*0
0x29a24a	0x18029a24a	.data	ascii	*73001(m
0x29a2a7	0x18029a2a7	.data	ascii	$('Qq
0x29a2bd	0x18029a2bd	.data	ascii	m~,&#
0x29a30b	0x18029a30b	.data	ascii	mv#lk
0x29a352	0x18029a352	.data	ascii	#Fv#lq"
0x29a3cd	0x18029a3cd	.data	ascii	#(*Eo
0x29a415	0x18029a415	.data	ascii	=(73\#'"qq
0x29a42d	0x18029a42d	.data	ascii	Pk#.#l~,&
0x29a476	0x18029a476	.data	ascii	"Lv#l
0x29a4b6	0x18029a4b6	.data	ascii	L37*" 
0x29a54a	0x18029a54a	.data	ascii	*"'"qk
0x29a556	0x18029a556	.data	ascii	*7300
0x29a593	0x18029a593	.data	ascii	2*2{o
0x29a5ac	0x18029a5ac	.data	ascii	P}.!$
0x29a5fd	0x18029a5fd	.data	ascii	*"'"q
0x29a621	0x18029a621	.data	ascii	Rqe|;!W
0x29a6a0	0x18029a6a0	.data	ascii	(2*2Bo
0x29a6ad	0x18029a6ad	.data	ascii	*"'"q
0x29a6be	0x18029a6be	.data	ascii	/*"(*4b '(
0x29a701	0x18029a701	.data	ascii	2*2Bo
0x29a70d	0x18029a70d	.data	ascii	*"'"q
0x29a75a	0x18029a75a	.data	ascii	2*2Bo
0x29a7ae	0x18029a7ae	.data	ascii	h]#/*Lr
0x29a7b8	0x18029a7b8	.data	ascii	001(m
0x29a7c4	0x18029a7c4	.data	ascii	'Q~0q~,
0x29a7d0	0x18029a7d0	.data	ascii	&"3|o
0x29a813	0x18029a813	.data	ascii	01(mm
0x29a81f	0x18029a81f	.data	ascii	l~0L~,$"#
0x29a885	0x18029a885	.data	ascii	s|;0#
0x29a895	0x18029a895	.data	ascii	6{v(q
0x29a9ab	0x18029a9ab	.data	ascii	}FQW;
0x29a9c1	0x18029a9c1	.data	ascii	:Bs$-;2.zq01-
0x29ac7e	0x18029ac7e	.data	ascii	<:{~,
0x29ac85	0x18029ac85	.data	ascii	%Wq,#Us
0x29acc0	0x18029acc0	.data	ascii	qz"$7*
0x29acc7	0x18029acc7	.data	ascii	"'"l]
0x29ad0c	0x18029ad0c	.data	ascii	(2*2Bl
0x29ad37	0x18029ad37	.data	ascii	*W4i]
0x29ad94	0x18029ad94	.data	ascii	-"0<2$(7(
0x29ae52	0x18029ae52	.data	ascii	3,,($3
0x29af1c	0x18029af1c	.data	ascii	:B~2'$-
0x29af6f	0x18029af6f	.data	ascii	*<<+'Cv(
0x29b015	0x18029b015	.data	ascii	"#Fx/ 
0x29b047	0x18029b047	.data	ascii	vNnRq
0x29b086	0x18029b086	.data	ascii	cEB i:.
0x29b18f	0x18029b18f	.data	ascii	v(qy*
0x29b200	0x18029b200	.data	ascii	RC}&<D
0x29b2ca	0x18029b2ca	.data	ascii	m,7Wc\
0x29b378	0x18029b378	.data	ascii	&(mv#lq
0x29b69d	0x18029b69d	.data	ascii	!M}4/ep"
0x29b738	0x18029b738	.data	ascii	(2*2By
0x29b758	0x18029b758	.data	ascii	av8#t
0x29b77a	0x18029b77a	.data	ascii	(2*2{y
0x29b787	0x18029b787	.data	ascii	!Ms$"
0x29b7be	0x18029b7be	.data	ascii	001(mm()
0x29b7cf	0x18029b7cf	.data	ascii	-($3|~,&
0x29b7fd	0x18029b7fd	.data	ascii	;0=hF
0x29b81f	0x18029b81f	.data	ascii	$('lq
0x29b833	0x18029b833	.data	ascii	&(m~,
0x29b866	0x18029b866	.data	ascii	p$5un
0x29b87c	0x18029b87c	.data	ascii	mv#Qk
0x29b882	0x18029b882	.data	ascii	!p}4/7
0x29b890	0x18029b890	.data	ascii	)-y]p,
0x29b917	0x18029b917	.data	ascii	'#i,.
0x29b938	0x18029b938	.data	ascii	"'qo~
0x29b950	0x18029b950	.data	ascii	3##'"Ll
0x29b996	0x18029b996	.data	ascii	(73##'"Lq"
0x29b9ad	0x18029b9ad	.data	ascii	mk#.#Q~,&#
0x29b9fc	0x18029b9fc	.data	ascii	#'"qv
0x29ba48	0x18029ba48	.data	ascii	73##'"c
0x29bb32	0x18029bb32	.data	ascii	2*2{o
0x29bb83	0x18029bb83	.data	ascii	(2*2{o
0x29bb9d	0x18029bb9d	.data	ascii	m|46,
0x29bc2e	0x18029bc2e	.data	ascii	(2*2{o
0x29bc3b	0x18029bc3b	.data	ascii	*"'"Lk
0x29bc48	0x18029bc48	.data	ascii	my-$/
0x29bc8e	0x18029bc8e	.data	ascii	(2*2{o
0x29bce3	0x18029bce3	.data	ascii	(2*2{o
0x29bd31	0x18029bd31	.data	ascii	#/*Lr#,
0x29bd39	0x18029bd39	.data	ascii	001(Pm()
0x29bd46	0x18029bd46	.data	ascii	l~0L~,$"
0x29bd9c	0x18029bd9c	.data	ascii	01(Pm()
0x29bda4	0x18029bda4	.data	ascii	!$('l~
0x29bdb3	0x18029bdb3	.data	ascii	&"3|p
0x29bdc9	0x18029bdc9	.data	ascii	**"'"qk
0x29be16	0x18029be16	.data	ascii	6{v(q|46
0x29bf46	0x18029bf46	.data	ascii	<:{s$-
0x29c041	0x18029c041	.data	ascii	(2*2{k
0x29c04a	0x18029c04a	.data	ascii	l,IL1
0x29c084	0x18029c084	.data	ascii	(2U2By*
0x29c08c	0x18029c08c	.data	ascii	 1*kl
0x29c0aa	0x18029c0aa	.data	ascii	k}83/(qh
0x29c0bd	0x18029c0bd	.data	ascii	#'"d_
0x29c0c9	0x18029c0c9	.data	ascii	}a8+A~'
0x29c0ec	0x18029c0ec	.data	ascii	2*2By
0x29c104	0x18029c104	.data	ascii	#(*xk
0x29c120	0x18029c120	.data	ascii	pX>F-
0x29c144	0x18029c144	.data	ascii	01)3|h
0x29c154	0x18029c154	.data	ascii	(73##'"qv(
0x29c164	0x18029c164	.data	ascii	!ps2,&3l
0x29c199	0x18029c199	.data	ascii	(2*2By
0x29c1a1	0x18029c1a1	.data	ascii	 1*kl
0x29c1b9	0x18029c1b9	.data	ascii	*z~8%&(Pr
0x29c1c3	0x18029c1c3	.data	ascii	,2001(_
0x29c1e4	0x18029c1e4	.data	ascii	VY)dK@S
0x29c1f8	0x18029c1f8	.data	ascii	2*2{r
0x29c207	0x18029c207	.data	ascii	*7300
0x29c24d	0x18029c24d	.data	ascii	2001(Py
0x29c28f	0x18029c28f	.data	ascii	48&/G
0x29c2db	0x18029c2db	.data	ascii	"><+'`
0x29c2e6	0x18029c2e6	.data	ascii	14"kl
0x29c2f1	0x18029c2f1	.data	ascii	[6fVM#
0x29c32a	0x18029c32a	.data	ascii	`+*74
0x29c3fb	0x18029c3fb	.data	ascii	<+M5W6
0x29c664	0x18029c664	.data	ascii	n?$NB
0x29c707	0x18029c707	.data	ascii	&C~*k
0x29c736	0x18029c736	.data	ascii	8AHc<z3
0x29c83d	0x18029c83d	.data	ascii	@ -lqa
0x29c856	0x18029c856	.data	ascii	Q!p?S
0x29c87c	0x18029c87c	.data	ascii	X]|.]
0x29c885	0x18029c885	.data	ascii	Ws!rt[B
0x29c899	0x18029c899	.data	ascii	$1*(426B
0x29c8ab	0x18029c8ab	.data	ascii	 1*kl
0x29c9e9	0x18029c9e9	.data	ascii	^,z0l
0x29ca0d	0x18029ca0d	.data	ascii	n}m{--
0x29cd12	0x18029cd12	.data	ascii	[0qq"
0x29cd23	0x18029cd23	.data	ascii	#Kr10
0x29cd7a	0x18029cd7a	.data	ascii	mv#Qk
0x29cd80	0x18029cd80	.data	ascii	!M}4/eHR
0x29cdb2	0x18029cdb2	.data	ascii	[0Lq"
0x29cdbc	0x18029cdbc	.data	ascii	"(4wy'
0x29cdd6	0x18029cdd6	.data	ascii	)2sv(-6"
0x29ce1e	0x18029ce1e	.data	ascii	2{y0*'s
0x29ce26	0x18029ce26	.data	ascii	46,,;(&(m
0x29ce46	0x18029ce46	.data	ascii	=ob_X^
0x29ce66	0x18029ce66	.data	ascii	(2*2By
0x29ce73	0x18029ce73	.data	ascii	!Ms$"
0x29ce8c	0x18029ce8c	.data	ascii	"B;O*W
0x29cec2	0x18029cec2	.data	ascii	$('lq
0x29cecd	0x18029cecd	.data	ascii	|~,&#
0x29cf0f	0x18029cf0f	.data	ascii	73001(mm()
0x29cf1b	0x18029cf1b	.data	ascii	$('lq
0x29cf22	0x18029cf22	.data	ascii	-($3|
0x29cf29	0x18029cf29	.data	ascii	Po '(
0x29cf2f	0x18029cf2f	.data	ascii	&(m~,&
0x29cf69	0x18029cf69	.data	ascii	08(mv#lk
0x29cfa8	0x18029cfa8	.data	ascii	?2'#wv#lq"
0x29cfb3	0x18029cfb3	.data	ascii	k~0Lv(
0x29cffc	0x18029cffc	.data	ascii	37*" $zh
0x29d036	0x18029d036	.data	ascii	#(*Eo
0x29d03c	0x18029d03c	.data	ascii	(73##
0x29d046	0x18029d046	.data	ascii	*73001(_
0x29d087	0x18029d087	.data	ascii	#'"qq"
0x29d09a	0x18029d09a	.data	ascii	Pk#.#l~,
0x29d0e3	0x18029d0e3	.data	ascii	#'"qv#lq"
0x29d120	0x18029d120	.data	ascii	37*" 
0x29d12a	0x18029d12a	.data	ascii	73##'">
0x29d16e	0x18029d16e	.data	ascii	003;*
0x29d1cf	0x18029d1cf	.data	ascii	*73001
0x29d21b	0x18029d21b	.data	ascii	*"'"q
0x29d2b2	0x18029d2b2	.data	ascii	(2*2Bo
0x29d2bf	0x18029d2bf	.data	ascii	*"'"qk
0x29d365	0x18029d365	.data	ascii	**"'"q
0x29d3fe	0x18029d3fe	.data	ascii	#/*Lr
0x29d406	0x18029d406	.data	ascii	001(mm()
0x29d413	0x18029d413	.data	ascii	l~0L~
0x29d41b	0x18029d41b	.data	ascii	#*-&"3|o
0x29d462	0x18029d462	.data	ascii	2001(mm
0x29d46c	0x18029d46c	.data	ascii	!$('l~0L~
0x29d478	0x18029d478	.data	ascii	#*-&"3|
0x29d481	0x18029d481	.data	ascii	Po '(
0x29d4d2	0x18029d4d2	.data	ascii	s|;0#"
0x29d4e1	0x18029d4e1	.data	ascii	(6{v(q|4
0x29d53f	0x18029d53f	.data	ascii	0),0xK`
0x29d65a	0x18029d65a	.data	ascii	<:{|;+
0x29d6ef	0x18029d6ef	.data	ascii	#(-J(9
0x29d738	0x18029d738	.data	ascii	#(!G&9H)
0x29d87e	0x18029d87e	.data	ascii	aT9D<
0x29d8ca	0x18029d8ca	.data	ascii	hm?i\
0x29db2d	0x18029db2d	.data	ascii	%?%'G
0x29dd18	0x18029dd18	.data	ascii	$(*xk
0x29dd33	0x18029dd33	.data	ascii	FC:mXV
0x29dd60	0x18029dd60	.data	ascii	,%fq,#Us.,*$#
0x29dfe8	0x18029dfe8	.data	ascii	2Bs*"
0x29e022	0x18029e022	.data	ascii	!ps$"*eE,
0x29e043	0x18029e043	.data	ascii	8nHo-
0x29e068	0x18029e068	.data	ascii	2*2{|
0x29e089	0x18029e089	.data	ascii	%i{7'Ws
0x29e0be	0x18029e0be	.data	ascii	2{|-#
0x29e0cc	0x18029e0cc	.data	ascii	*7("(*E
0x29e171	0x18029e171	.data	ascii	2*2Bl
0x29e1d2	0x18029e1d2	.data	ascii	(2*2Bl
0x29e1e4	0x18029e1e4	.data	ascii	)7*&z
0x29e1fc	0x18029e1fc	.data	ascii	k}8zy*$'$
0x29e207	0x18029e207	.data	ascii	6B}$f
0x29e256	0x18029e256	.data	ascii	2*2Bl
0x29e267	0x18029e267	.data	ascii	)7*&C
0x29e2c0	0x18029e2c0	.data	ascii	2*2Bl
0x29e2d2	0x18029e2d2	.data	ascii	76,L|46
0x29e2de	0x18029e2de	.data	ascii	(P~8%
0x29e2ec	0x18029e2ec	.data	ascii	2+$fT
0x29e342	0x18029e342	.data	ascii	;(&(m
0x29e358	0x18029e358	.data	ascii	R}8zz'
0x29e39f	0x18029e39f	.data	ascii	(2*2Bl
0x29e3b2	0x18029e3b2	.data	ascii	$J|46
0x29e417	0x18029e417	.data	ascii	2*2{l
0x29e428	0x18029e428	.data	ascii	!$J|46,,
0x29e486	0x18029e486	.data	ascii	(2*2Bl
0x29e4bb	0x18029e4bb	.data	ascii	');.*
0x29e573	0x18029e573	.data	ascii	(2*2Bl
0x29e587	0x18029e587	.data	ascii	s|46,
0x29e5e6	0x18029e5e6	.data	ascii	(2*2Bl
0x29e616	0x18029e616	.data	ascii	k}8zz')
0x29e61e	0x18029e61e	.data	ascii	.*6Bk
0x29e63e	0x18029e63e	.data	ascii	i`vP+
0x29e67c	0x18029e67c	.data	ascii	$J|46,
0x29e6e0	0x18029e6e0	.data	ascii	2*2{l
0x29e6f2	0x18029e6f2	.data	ascii	$s|46
0x29e70e	0x18029e70e	.data	ascii	k}8zz')
0x29e716	0x18029e716	.data	ascii	.*6{k
0x29e765	0x18029e765	.data	ascii	2*2Bl
0x29e777	0x18029e777	.data	ascii	$s|46
0x29e77d	0x18029e77d	.data	ascii	,;(&(P
0x29e795	0x18029e795	.data	ascii	8zz')
0x29e79b	0x18029e79b	.data	ascii	.*6{k
0x29e7e3	0x18029e7e3	.data	ascii	(2*2{l
0x29e7f6	0x18029e7f6	.data	ascii	$s|46
0x29e815	0x18029e815	.data	ascii	zz');
0x29e83d	0x18029e83d	.data	ascii	0IGDF
0x29e895	0x18029e895	.data	ascii	.*6{k
0x29e8d5	0x18029e8d5	.data	ascii	2*2Bl
0x29e91d	0x18029e91d	.data	ascii	=dYdJ_
0x29e948	0x18029e948	.data	ascii	2*2{l
0x29e95a	0x18029e95a	.data	ascii	$s|46,,;(&(P
0x29e978	0x18029e978	.data	ascii	8Cz')
0x29e97e	0x18029e97e	.data	ascii	.*6{k
0x29e9ba	0x18029e9ba	.data	ascii	(2*2{l
0x29e9cd	0x18029e9cd	.data	ascii	$s|46,,;
0x29e9e9	0x18029e9e9	.data	ascii	k}8zz');.*6{k
0x29ea26	0x18029ea26	.data	ascii	UdUT\
0x29ea37	0x18029ea37	.data	ascii	(2*2{l
0x29ea4e	0x18029ea4e	.data	ascii	6,,;(&(m
0x29ea6d	0x18029ea6d	.data	ascii	;.*6{k
0x29eb21	0x18029eb21	.data	ascii	W2*2Bl
0x29eb34	0x18029eb34	.data	ascii	$J|46,S;(&
0x29eb58	0x18029eb58	.data	ascii	;.*6{
0x29eb8b	0x18029eb8b	.data	ascii	RXOGP
0x29ebb2	0x18029ebb2	.data	ascii	$s|46
0x29ebd6	0x18029ebd6	.data	ascii	;.*6{
0x29ec88	0x18029ec88	.data	ascii	(2*2Bl
0x29ec9b	0x18029ec9b	.data	ascii	$s|46
0x29eca1	0x18029eca1	.data	ascii	,;(&(m
0x29ed00	0x18029ed00	.data	ascii	2*2{l
0x29ed36	0x18029ed36	.data	ascii	;.*6{k
0x29ed7f	0x18029ed7f	.data	ascii	2*2{l
0x29ee23	0x18029ee23	.data	ascii	zz');.*6Bk
0x29ee6f	0x18029ee6f	.data	ascii	2*2Bl
0x29ee81	0x18029ee81	.data	ascii	$s|46,,
0x29eec9	0x18029eec9	.data	ascii	Z%/AK
0x29eed6	0x18029eed6	.data	ascii	lnZ'3
0x29eee4	0x18029eee4	.data	ascii	2*2Bl
0x29ef1a	0x18029ef1a	.data	ascii	.*6Bk
0x29efd6	0x18029efd6	.data	ascii	2*2Bl
0x29efe8	0x18029efe8	.data	ascii	$J|46
0x29f054	0x18029f054	.data	ascii	2*2Bl
0x29f084	0x18029f084	.data	ascii	8zz')
0x29f0a0	0x18029f0a0	.data	ascii	o=tG=
0x29f0d2	0x18029f0d2	.data	ascii	$s|46
0x29f0ee	0x18029f0ee	.data	ascii	k}8Cz');.
0x29f133	0x18029f133	.data	ascii	(2*2{l
0x29f146	0x18029f146	.data	ascii	$s|46,,;(
0x29f162	0x18029f162	.data	ascii	k}8zz');.*6{k
0x29f1ab	0x18029f1ab	.data	ascii	2U2Bl
0x29f1bd	0x18029f1bd	.data	ascii	$J|46,
0x29f1d9	0x18029f1d9	.data	ascii	k}8Cz
0x29f1e1	0x18029f1e1	.data	ascii	.*6{k
0x29f217	0x18029f217	.data	ascii	(2*2Bl
0x29f246	0x18029f246	.data	ascii	6gXkt
0x29f284	0x18029f284	.data	ascii	2//"k~
0x29f2d7	0x18029f2d7	.data	ascii	{{2//"k~8
0x29f33e	0x18029f33e	.data	ascii	"k~8%&(Pz
0x29f394	0x18029f394	.data	ascii	8%&(mz"
0x29f45e	0x18029f45e	.data	ascii	7(kt/!
0x29f492	0x18029f492	.data	ascii	.307(kl'
0x29f4e9	0x18029f4e9	.data	ascii	$('-$
0x29f53a	0x18029f53a	.data	ascii	'C~0q
0x29f57b	0x18029f57b	.data	ascii	Qk#2Cz"
0x29f597	0x18029f597	.data	ascii	 ;Q3Q
0x29f609	0x18029f609	.data	ascii	.#oHe$
0x29f625	0x18029f625	.data	ascii	# $Cp.307
0x29f6b7	0x18029f6b7	.data	ascii	"&(,*
0x29f6bf	0x18029f6bf	.data	ascii	lp*y{20
0x29f6d1	0x18029f6d1	.data	ascii	*5(,(
0x29f6e2	0x18029f6e2	.data	ascii	1b|8O.^
0x29f752	0x18029f752	.data	ascii	kx3&ki(
0x29f780	0x18029f780	.data	ascii	"&(,*
0x29f789	0x18029f789	.data	ascii	,+'lq"
0x29f790	0x18029f790	.data	ascii	ky0"k|'
0x29f7e2	0x18029f7e2	.data	ascii	kp*ym,0
0x29f834	0x18029f834	.data	ascii	m>>;h
0x29f908	0x18029f908	.data	ascii	.!$.90
0x29f9ad	0x18029f9ad	.data	ascii	P T6Y}
0x29f9e4	0x18029f9e4	.data	ascii	.`]'&Rk
0x29f9ec	0x18029f9ec	.data	ascii	!ps$"*
0x29fa27	0x18029fa27	.data	ascii	# $z~
0x29fa2e	0x18029fa2e	.data	ascii	,%Wl#
0x29fa38	0x18029fa38	.data	ascii	1VI27.[
0x29fb3e	0x18029fb3e	.data	ascii	*Rs*(
0x29fb79	0x18029fb79	.data	ascii	*&gz(
0x29fbbd	0x18029fbbd	.data	ascii	 .*.Co
0x29fd1f	0x18029fd1f	.data	ascii	*"&(,
0x29fda3	0x18029fda3	.data	ascii	'ss*"&
0x29fe66	0x18029fe66	.data	ascii	IJ{-g
0x29ff4a	0x18029ff4a	.data	ascii	6M>1w
0x2a001a	0x1802a001a	.data	ascii	m~~s*"&(,2
0x2a0035	0x1802a0035	.data	ascii	a3wN&
0x2a00cc	0x1802a00cc	.data	ascii	+[3/w
0x2a022d	0x1802a022d	.data	ascii	d[[[[[
0x2a023a	0x1802a023a	.data	ascii	[[[[[[[[[[[[js
0x2a0249	0x1802a0249	.data	ascii	[RRRR[[[[w|w
0x2a0256	0x1802a0256	.data	ascii	[[p[z
0x2a025c	0x1802a025c	.data	ascii	vv[[[[[[[[[[[
0x2a031c	0x1802a031c	.data	ascii	@@@@AI@@@@LB@@@@@@@@ODS@@@DWC\@`@@@@@@@@@@@@@@dfnk@@jF@@DF@@[D@@
0x2a0c0a	0x1802a0c0a	.data	ascii	                          
0x2a0cea	0x1802a0cea	.data	ascii	abcdefghijklmnopqrstuvwxyz
0x2a0d0a	0x1802a0d0a	.data	ascii	ABCDEFGHIJKLMNOPQRSTUVWXYZ
0x2a0e22	0x1802a0e22	.data	ascii	                          
0x2a0f11	0x1802a0f11	.data	ascii	abcdefghijklmnopqrstuvwxyz
0x2a0f31	0x1802a0f31	.data	ascii	ABCDEFGHIJKLMNOPQRSTUVWXYZ
0x2a1100	0x1802a1100	.data	ascii	.?AVlogic_error@std@@
0x2a1128	0x1802a1128	.data	ascii	.?AVlength_error@std@@
0x2a1150	0x1802a1150	.data	ascii	.?AVout_of_range@std@@
0x2a1178	0x1802a1178	.data	ascii	.?AVbad_function_call@std@@
0x2a11a8	0x1802a11a8	.data	ascii	.?AVbad_exception@std@@
0x2a11d0	0x1802a11d0	.data	ascii	.?AVtype_info@@
0x2a11f0	0x1802a11f0	.data	ascii	.?AV_Facet_base@std@@
0x2a1218	0x1802a1218	.data	ascii	.?AVfacet@locale@std@@
0x2a1240	0x1802a1240	.data	ascii	.?AU_Crt_new_delete@std@@
0x2a1270	0x1802a1270	.data	ascii	.?AV_Locimp@locale@std@@
0x2a12a0	0x1802a12a0	.data	ascii	.?AVerror_category@std@@
0x2a12d0	0x1802a12d0	.data	ascii	.?AV_Generic_error_category@std@@
0x2a1308	0x1802a1308	.data	ascii	.?AV_System_error_category@std@@
0x2a1340	0x1802a1340	.data	ascii	.?AVcodecvt_base@std@@
0x2a1368	0x1802a1368	.data	ascii	.?AUctype_base@std@@
0x2a1390	0x1802a1390	.data	ascii	.?AV?$ctype@D@std@@
0x2a13c0	0x1802a13c0	.data	ascii	.?AV?$num_put@DV?$ostreambuf_iterator@DU?$char_traits@D@std@@@std@@@std@@
0x2a1420	0x1802a1420	.data	ascii	.?AV?$numpunct@D@std@@
0x2a1448	0x1802a1448	.data	ascii	.?AV?$codecvt@DDU_Mbstatet@@@std@@
0x2a1480	0x1802a1480	.data	ascii	.?AV_Iostream_error_category2@std@@
0x2a14b8	0x1802a14b8	.data	ascii	.?AV?$ctype@_W@std@@
0x2a14e0	0x1802a14e0	.data	ascii	.?AV?$time_put@_WV?$ostreambuf_iterator@_WU?$char_traits@_W@std@@@std@@@std@@
0x2a1540	0x1802a1540	.data	ascii	.?AV?$time_put@DV?$ostreambuf_iterator@DU?$char_traits@D@std@@@std@@@std@@
0x2b7127	0x1802b7127	.rsrc	ascii	IDATx^
0x2b7147	0x1802b7147	.rsrc	ascii	n!@ !
0x2b7174	0x1802b7174	.rsrc	ascii	,B2sm
0x2b7357	0x1802b7357	.rsrc	ascii	(~xi7
0x2b738e	0x1802b738e	.rsrc	ascii	Z=P I
0x2b74cf	0x1802b74cf	.rsrc	ascii	L@@@@@@@@@@
0x2b7572	0x1802b7572	.rsrc	ascii	$EU&o
0x2b75cd	0x1802b75cd	.rsrc	ascii	c,Czs
0x2b764b	0x1802b764b	.rsrc	ascii	DFsa2
0x2b76c9	0x1802b76c9	.rsrc	ascii	Zi`am
0x2b7787	0x1802b7787	.rsrc	ascii	k*jQ[Q
0x2b77c1	0x1802b77c1	.rsrc	ascii	4Nlx~
0x2b7859	0x1802b7859	.rsrc	ascii	nax5 
0x2b7916	0x1802b7916	.rsrc	ascii	A@@@@@@@@
0x2b793c	0x1802b793c	.rsrc	ascii	sFN8g
0x2b7983	0x1802b7983	.rsrc	ascii	arh[<e
0x2b79d2	0x1802b79d2	.rsrc	ascii	!NUer
0x2b7a75	0x1802b7a75	.rsrc	ascii	R[U37
0x2b7be3	0x1802b7be3	.rsrc	ascii	Oq}/3
0x2b7c82	0x1802b7c82	.rsrc	ascii	T= "A
0x2b7c90	0x1802b7c90	.rsrc	ascii	iMaie
0x2b7d4a	0x1802b7d4a	.rsrc	ascii	t&$/NM
0x2b7d7d	0x1802b7d7d	.rsrc	ascii	A@@@@@@@
0x2b7dc7	0x1802b7dc7	.rsrc	ascii	eS'\4q
0x2b7e6f	0x1802b7e6f	.rsrc	ascii	&}pN:
0x2b7f5b	0x1802b7f5b	.rsrc	ascii	Ixtt,
0x2b7f99	0x1802b7f99	.rsrc	ascii	LCIr&
0x2b811e	0x1802b811e	.rsrc	ascii	%I2Q_
0x2b829a	0x1802b829a	.rsrc	ascii	       
0x2b83de	0x1802b83de	.rsrc	ascii	4m8Y'
0x2b8437	0x1802b8437	.rsrc	ascii	i8_''
0x2b85c4	0x1802b85c4	.rsrc	ascii	       
0x2b86b9	0x1802b86b9	.rsrc	ascii	cF2j{
0x2b877b	0x1802b877b	.rsrc	ascii	c~Q0f
0x2b87b8	0x1802b87b8	.rsrc	ascii	}C>-Lpy
0x2b893c	0x1802b893c	.rsrc	ascii	^rg%j
0x2b8962	0x1802b8962	.rsrc	ascii	AR-2o
0x2b89c5	0x1802b89c5	.rsrc	ascii	Wl5q@
0x2b8a75	0x1802b8a75	.rsrc	ascii	"5"_B
0x2b8b09	0x1802b8b09	.rsrc	ascii	o:N"8
0x2b8b97	0x1802b8b97	.rsrc	ascii	F(I>U
0x2b8bd3	0x1802b8bd3	.rsrc	ascii	1PkY:
0x2b8c39	0x1802b8c39	.rsrc	ascii	tUgq'!
0x2b8d22	0x1802b8d22	.rsrc	ascii	*EBE-_
0x2b8d33	0x1802b8d33	.rsrc	ascii	OML@I
0x2b8d41	0x1802b8d41	.rsrc	ascii	      
0x2b8d68	0x1802b8d68	.rsrc	ascii	KRXTk
0x2b8d91	0x1802b8d91	.rsrc	ascii	=$1rw
0x2b903e	0x1802b903e	.rsrc	ascii	W+?O~n
0x2b914b	0x1802b914b	.rsrc	ascii	]%IrQ
0x2b9183	0x1802b9183	.rsrc	ascii	%3w\0q
0x2b91fd	0x1802b91fd	.rsrc	ascii	bpNW)
0x2b9212	0x1802b9212	.rsrc	ascii	VkiBmu
0x2b921a	0x1802b921a	.rsrc	ascii	OKr<w
0x2b92a9	0x1802b92a9	.rsrc	ascii	(Ns?hn
0x2b933e	0x1802b933e	.rsrc	ascii	0W<5-
0x2b9387	0x1802b9387	.rsrc	ascii	;g$cl;
0x2b93b4	0x1802b93b4	.rsrc	ascii	5ICh*.
0x2b93e9	0x1802b93e9	.rsrc	ascii	g'%`gi2
0x2b942c	0x1802b942c	.rsrc	ascii	g$X @
0x2b94ee	0x1802b94ee	.rsrc	ascii	E{%b|
0x2b9581	0x1802b9581	.rsrc	ascii	C'T88`
0x2b95bb	0x1802b95bb	.rsrc	ascii	<3tMi!
0x2b966a	0x1802b966a	.rsrc	ascii	>Ihob
0x2b9778	0x1802b9778	.rsrc	ascii	nPM )
0x2b9943	0x1802b9943	.rsrc	ascii	50Gw#-
0x2b99b1	0x1802b99b1	.rsrc	ascii	11xrB
0x2b9ace	0x1802b9ace	.rsrc	ascii	$-;47
0x2b9ae7	0x1802b9ae7	.rsrc	ascii	CB@@@@@@
0x2b9bd9	0x1802b9bd9	.rsrc	ascii	8eeb 
0x2b9c61	0x1802b9c61	.rsrc	ascii	Amm9F
0x2b9ce0	0x1802b9ce0	.rsrc	ascii	j9J+ly
0x2b9dc6	0x1802b9dc6	.rsrc	ascii	v(DaWi
0x2b9ed5	0x1802b9ed5	.rsrc	ascii	      p#
0x2b9faf	0x1802b9faf	.rsrc	ascii	yOHCU
0x2ba010	0x1802ba010	.rsrc	ascii	;&fycVG
0x2ba09c	0x1802ba09c	.rsrc	ascii	""df.Nu;
0x2ba229	0x1802ba229	.rsrc	ascii	%Q??2"
0x2ba348	0x1802ba348	.rsrc	ascii	G;=#I
0x2ba351	0x1802ba351	.rsrc	ascii	@@@@@@
0x2ba37c	0x1802ba37c	.rsrc	ascii	eL,Oh=X
0x2ba3df	0x1802ba3df	.rsrc	ascii	KBX>Q
0x2ba418	0x1802ba418	.rsrc	ascii	"@2$J
0x2ba42f	0x1802ba42f	.rsrc	ascii	q|~&_O
0x2ba472	0x1802ba472	.rsrc	ascii	t~>u2j
0x2ba4da	0x1802ba4da	.rsrc	ascii	Q1?-*
0x2ba4f8	0x1802ba4f8	.rsrc	ascii	#Ktkm
0x2ba537	0x1802ba537	.rsrc	ascii	Hizrc
0x2ba5ed	0x1802ba5ed	.rsrc	ascii	(A^?"
0x2ba65b	0x1802ba65b	.rsrc	ascii	hGi2'K
0x2ba6e3	0x1802ba6e3	.rsrc	ascii	4%(9f
0x2ba79d	0x1802ba79d	.rsrc	ascii	80;U&
0x2ba7e0	0x1802ba7e0	.rsrc	ascii	}IhsD}
0x2ba8a4	0x1802ba8a4	.rsrc	ascii	!'      
0x2ba979	0x1802ba979	.rsrc	ascii	(|zp.>>P
0x2baaa4	0x1802baaa4	.rsrc	ascii	<o/=P
0x2bac0b	0x1802bac0b	.rsrc	ascii	j1-     
0x2bac3b	0x1802bac3b	.rsrc	ascii	iIxf\
0x2bac5a	0x1802bac5a	.rsrc	ascii	!mmy(
0x2bac7b	0x1802bac7b	.rsrc	ascii	cppN*
0x2bad7d	0x1802bad7d	.rsrc	ascii	xtt,w*
0x2bad89	0x1802bad89	.rsrc	ascii	J>ecp6K
0x2bae09	0x1802bae09	.rsrc	ascii	aQvX?0
0x2baea1	0x1802baea1	.rsrc	ascii	e39^5s
0x2baeca	0x1802baeca	.rsrc	ascii	      
0x2baf7a	0x1802baf7a	.rsrc	ascii	%Vt=i8
0x2bb009	0x1802bb009	.rsrc	ascii	#G\1s
0x2bb16e	0x1802bb16e	.rsrc	ascii	Uxii1f
0x2bb1b7	0x1802bb1b7	.rsrc	ascii	6XFzk'M
0x2bb1c4	0x1802bb1c4	.rsrc	ascii	T\\@f
0x2bb214	0x1802bb214	.rsrc	ascii	I*411
0x2bb23d	0x1802bb23d	.rsrc	ascii	*:zaL
0x2bb2a3	0x1802bb2a3	.rsrc	ascii	(6xOHv
0x2bb3b2	0x1802bb3b2	.rsrc	ascii	xdp8j
0x2bb3f3	0x1802bb3f3	.rsrc	ascii	O&N$;
0x2bb41d	0x1802bb41d	.rsrc	ascii	\xx`8
0x2bb4c0	0x1802bb4c0	.rsrc	ascii	[Se;r
0x2bb4e7	0x1802bb4e7	.rsrc	ascii	Kp1y+
0x2bb4f3	0x1802bb4f3	.rsrc	ascii	9mL[w
0x2bb511	0x1802bb511	.rsrc	ascii	zyuO\X
0x2bb589	0x1802bb589	.rsrc	ascii	7D~]H_
0x2bb5cd	0x1802bb5cd	.rsrc	ascii	NTTAhd
0x2bb81b	0x1802bb81b	.rsrc	ascii	xue>w
0x2bb838	0x1802bb838	.rsrc	ascii	arKUn
0x2bba42	0x1802bba42	.rsrc	ascii	3W&,0<
0x2bba78	0x1802bba78	.rsrc	ascii	2z?5&
0x2bbbbf	0x1802bbbbf	.rsrc	ascii	{g&s7
0x2bbccf	0x1802bbccf	.rsrc	ascii	}v|,*;y
0x2bbdb8	0x1802bbdb8	.rsrc	ascii	e~TMx
0x2bbe44	0x1802bbe44	.rsrc	ascii	KUTR#%a&
0x2bbe91	0x1802bbe91	.rsrc	ascii	:MF~f
0x2bc167	0x1802bc167	.rsrc	ascii	q~yWN
0x2bc198	0x1802bc198	.rsrc	ascii	5Yxr|
0x2bc24d	0x1802bc24d	.rsrc	ascii	Y)xvB
0x2bc2b7	0x1802bc2b7	.rsrc	ascii	1/A@@@@
0x2bc2df	0x1802bc2df	.rsrc	ascii	@/y5>
0x2bc356	0x1802bc356	.rsrc	ascii	|pb~C-
0x2bc37e	0x1802bc37e	.rsrc	ascii	#ec4u
0x2bc482	0x1802bc482	.rsrc	ascii	aoi2KE
0x2bc62f	0x1802bc62f	.rsrc	ascii	4',rB
0x2bc6fd	0x1802bc6fd	.rsrc	ascii	3N_;6
0x2bc71e	0x1802bc71e	.rsrc	ascii	A6X2 \
0x2bc759	0x1802bc759	.rsrc	ascii	R:_{"
0x2bc7e2	0x1802bc7e2	.rsrc	ascii	Ko<h`
0x2bc7e8	0x1802bc7e8	.rsrc	ascii	mR+cQI
0x2bc822	0x1802bc822	.rsrc	ascii	&ExL~l
0x2bc84b	0x1802bc84b	.rsrc	ascii	"W9f$
0x2bc8fe	0x1802bc8fe	.rsrc	ascii	R|ur!{
0x2bc93a	0x1802bc93a	.rsrc	ascii	/F$:aVGo<7)
0x2bc957	0x1802bc957	.rsrc	ascii	'Q)Wx
0x2bca54	0x1802bca54	.rsrc	ascii	LOWgc
0x2bca66	0x1802bca66	.rsrc	ascii	`SB|X
0x2bcad1	0x1802bcad1	.rsrc	ascii	'aEQ J
0x2bcb97	0x1802bcb97	.rsrc	ascii	cpvA.^
0x2bcd0d	0x1802bcd0d	.rsrc	ascii	KchU<
0x2bcd86	0x1802bcd86	.rsrc	ascii	<%b"Oq
0x2bce20	0x1802bce20	.rsrc	ascii	Ama0^
0x2bce81	0x1802bce81	.rsrc	ascii	B@@@@@
0x2bcedc	0x1802bcedc	.rsrc	ascii	fHr1Ea
0x2bcf41	0x1802bcf41	.rsrc	ascii	wjjP)
0x2bcfbe	0x1802bcfbe	.rsrc	ascii	 2pl^
0x2bd117	0x1802bd117	.rsrc	ascii	Bu&^.K
0x2bd173	0x1802bd173	.rsrc	ascii	D-^^5
0x2bd30d	0x1802bd30d	.rsrc	ascii	$ciqh
0x2bd39f	0x1802bd39f	.rsrc	ascii	D{?KT
0x2bd4d8	0x1802bd4d8	.rsrc	ascii	F@@@@@
0x2bd521	0x1802bd521	.rsrc	ascii	 |sf1
0x2bd52e	0x1802bd52e	.rsrc	ascii	.%Am@
0x2bd573	0x1802bd573	.rsrc	ascii	d"1D7
0x2bd74d	0x1802bd74d	.rsrc	ascii	{g_st
0x2bd790	0x1802bd790	.rsrc	ascii	Gy{Y^
0x2bd903	0x1802bd903	.rsrc	ascii	2"?OO
0x2bd945	0x1802bd945	.rsrc	ascii	JCS$\t
0x2bd993	0x1802bd993	.rsrc	ascii	9i80;
0x2bd9dc	0x1802bd9dc	.rsrc	ascii	k=s}I
0x2bda20	0x1802bda20	.rsrc	ascii	5xcC_6
0x2bdafa	0x1802bdafa	.rsrc	ascii	qH8WId
0x2bdb44	0x1802bdb44	.rsrc	ascii	tOR%aoY*_
0x2bdcea	0x1802bdcea	.rsrc	ascii	yy6O_
0x2bdd0c	0x1802bdd0c	.rsrc	ascii	[[GcaI2V
0x2bdd39	0x1802bdd39	.rsrc	ascii	)     p7
0x2bdd4d	0x1802bdd4d	.rsrc	ascii	nJPwLI
0x2bddbb	0x1802bddbb	.rsrc	ascii	HBG/sTu
0x2bde00	0x1802bde00	.rsrc	ascii	xnJ"W3
0x2bde88	0x1802bde88	.rsrc	ascii	'UD6s
0x2bdf2b	0x1802bdf2b	.rsrc	ascii	,K<hZ
0x2be0a9	0x1802be0a9	.rsrc	ascii	uCIJT
0x2be0e7	0x1802be0e7	.rsrc	ascii	%zvqG
0x2be316	0x1802be316	.rsrc	ascii	K~eq(
0x2be376	0x1802be376	.rsrc	ascii	EAV\=!
0x2be397	0x1802be397	.rsrc	ascii	nAw?nSK
0x2be428	0x1802be428	.rsrc	ascii	vh[]5
0x2be503	0x1802be503	.rsrc	ascii	y?4dMi
0x2be5b7	0x1802be5b7	.rsrc	ascii	xGc,,
0x2be6c2	0x1802be6c2	.rsrc	ascii	$6]Cl
0x2be7ee	0x1802be7ee	.rsrc	ascii	9-    
0x2be891	0x1802be891	.rsrc	ascii	mV7Yf
0x2be9e2	0x1802be9e2	.rsrc	ascii	P|sv)
0x2bea6a	0x1802bea6a	.rsrc	ascii	|+r%Z)&
0x2beb70	0x1802beb70	.rsrc	ascii	_#=-iAG@@@@@
0x2beb97	0x1802beb97	.rsrc	ascii	p.Nq{y
0x2bec1f	0x1802bec1f	.rsrc	ascii	>Z<8,
0x2bec74	0x1802bec74	.rsrc	ascii	{Q{Wo
0x2bec86	0x1802bec86	.rsrc	ascii	dYDe:'
0x2becec	0x1802becec	.rsrc	ascii	cpiYg&h
0x2bed81	0x1802bed81	.rsrc	ascii	qva{<<0
0x2bee94	0x1802bee94	.rsrc	ascii	Qu`Lt#R
0x2beeb9	0x1802beeb9	.rsrc	ascii	$|}z1w
0x2bef31	0x1802bef31	.rsrc	ascii	}j##'
0x2bf04f	0x1802bf04f	.rsrc	ascii	=1lX&_
0x2bf12c	0x1802bf12c	.rsrc	ascii	py:*;y#?
0x2bf1c1	0x1802bf1c1	.rsrc	ascii	spqUO6A
0x2bf237	0x1802bf237	.rsrc	ascii	eIxcC
0x2bf2f6	0x1802bf2f6	.rsrc	ascii	[ _74
0x2bf476	0x1802bf476	.rsrc	ascii	)1uY@@@@
0x2bf4b7	0x1802bf4b7	.rsrc	ascii	j}G#^
0x2bf501	0x1802bf501	.rsrc	ascii	(os&0Dj&&;ao
0x2bf65a	0x1802bf65a	.rsrc	ascii	*     p
0x2bf7b3	0x1802bf7b3	.rsrc	ascii	C]|,8
0x2bf84d	0x1802bf84d	.rsrc	ascii	!+     p;h
0x2bf877	0x1802bf877	.rsrc	ascii	htvqG
0x2bf8e4	0x1802bf8e4	.rsrc	ascii	m91'#u
0x2bf8fc	0x1802bf8fc	.rsrc	ascii	D($@M
0x2bf99e	0x1802bf99e	.rsrc	ascii	't}IF6(
0x2bfa98	0x1802bfa98	.rsrc	ascii	&32\tz
0x2bfae2	0x1802bfae2	.rsrc	ascii	3D7H*u
0x2bfbbf	0x1802bfbbf	.rsrc	ascii	e]y[4
0x2bfc36	0x1802bfc36	.rsrc	ascii	V@@@@@
0x2bfc5c	0x1802bfc5c	.rsrc	ascii	/JZa~{
0x2bfc8b	0x1802bfc8b	.rsrc	ascii	G+v40
0x2bfe40	0x1802bfe40	.rsrc	ascii	A+     
0x2bff20	0x1802bff20	.rsrc	ascii	ql>%9
0x2bff4c	0x1802bff4c	.rsrc	ascii	8Y:1/
0x2c00ce	0x1802c00ce	.rsrc	ascii	g)Xr+T"6
0x2c00dc	0x1802c00dc	.rsrc	ascii	sj"'&
0x2c01a1	0x1802c01a1	.rsrc	ascii	?KtMj
0x2c0236	0x1802c0236	.rsrc	ascii	Kqe]o
0x2c045b	0x1802c045b	.rsrc	ascii	}spie
0x2c0674	0x1802c0674	.rsrc	ascii	*~wblo,
0x2c0694	0x1802c0694	.rsrc	ascii	bd>2/
0x2c0757	0x1802c0757	.rsrc	ascii	$92e2D
0x2c0a5e	0x1802c0a5e	.rsrc	ascii	@'/S6
0x2c0b51	0x1802c0b51	.rsrc	ascii	WzIfA
0x2c0c36	0x1802c0c36	.rsrc	ascii	Oe#sS
0x2c0c3f	0x1802c0c3f	.rsrc	ascii	^o&C3
0x2c0c8f	0x1802c0c8f	.rsrc	ascii	tO(&n
0x2c0dd1	0x1802c0dd1	.rsrc	ascii	aMzS4
0x2c0e43	0x1802c0e43	.rsrc	ascii	4W2*w
0x2c0e5b	0x1802c0e5b	.rsrc	ascii	O:KW>
0x2c0e73	0x1802c0e73	.rsrc	ascii	+>xq">?V
0x2c0ebb	0x1802c0ebb	.rsrc	ascii	Q\5PVzI
0x2c0ed3	0x1802c0ed3	.rsrc	ascii	5]Gju
0x2c0ef6	0x1802c0ef6	.rsrc	ascii	,_R*[2
0x2c0feb	0x1802c0feb	.rsrc	ascii	VUiuU
0x2c1228	0x1802c1228	.rsrc	ascii	X@@@@@@
0x2c1290	0x1802c1290	.rsrc	ascii	,wJv6eb
0x2c130a	0x1802c130a	.rsrc	ascii	upN:')
0x2c137e	0x1802c137e	.rsrc	ascii	{}H~F
0x2c1410	0x1802c1410	.rsrc	ascii	Irtl~
0x2c149b	0x1802c149b	.rsrc	ascii	-$)sp
0x2c14cf	0x1802c14cf	.rsrc	ascii	^ZS kw
0x2c1614	0x1802c1614	.rsrc	ascii	{B73`Q
0x2c1634	0x1802c1634	.rsrc	ascii	qyM/6Y
0x2c16ad	0x1802c16ad	.rsrc	ascii	=z}Hvw
0x2c17cb	0x1802c17cb	.rsrc	ascii	K:wJPH#O
0x2c1808	0x1802c1808	.rsrc	ascii	JEcOi2
0x2c183d	0x1802c183d	.rsrc	ascii	.9%RF]
0x2c1867	0x1802c1867	.rsrc	ascii	Cs'bT
0x2c1a4c	0x1802c1a4c	.rsrc	ascii	n&B#I
0x2c1a5e	0x1802c1a5e	.rsrc	ascii	Fe:o:
0x2c1a80	0x1802c1a80	.rsrc	ascii	HvCI+U=
0x2c1ad3	0x1802c1ad3	.rsrc	ascii	$VNJi
0x2c1cb6	0x1802c1cb6	.rsrc	ascii	(A{flL=
0x2c1d6a	0x1802c1d6a	.rsrc	ascii	4NT3x
0x2c1d87	0x1802c1d87	.rsrc	ascii	s"]<my
0x2c1e50	0x1802c1e50	.rsrc	ascii	f?<X$
0x2c1eef	0x1802c1eef	.rsrc	ascii	h$mY\
0x2c1f74	0x1802c1f74	.rsrc	ascii	JuCSq
0x2c1f95	0x1802c1f95	.rsrc	ascii	}o?1N
0x2c2012	0x1802c2012	.rsrc	ascii	_^_-+
0x2c2047	0x1802c2047	.rsrc	ascii	5F{khJ
0x2c207c	0x1802c207c	.rsrc	ascii	MPmE7
0x2c2087	0x1802c2087	.rsrc	ascii	)z)~'
0x2c213a	0x1802c213a	.rsrc	ascii	~)BCEl
0x2c215a	0x1802c215a	.rsrc	ascii	b<PcK* 
0x2c2216	0x1802c2216	.rsrc	ascii	pEVVlg
0x2c221f	0x1802c221f	.rsrc	ascii	%3&tA
0x2c222d	0x1802c222d	.rsrc	ascii	btyM-@h
0x2c23d1	0x1802c23d1	.rsrc	ascii	\()"hU
0x2c2437	0x1802c2437	.rsrc	ascii	an/hV(_
0x2c24be	0x1802c24be	.rsrc	ascii	A]E$O
0x2c2504	0x1802c2504	.rsrc	ascii	vUxlx
0x2c259a	0x1802c259a	.rsrc	ascii	)8WhG
0x2c2642	0x1802c2642	.rsrc	ascii	k-Iu@
0x2c273e	0x1802c273e	.rsrc	ascii	x$x;J
0x2c2780	0x1802c2780	.rsrc	ascii	-H`WAK
0x2c28cb	0x1802c28cb	.rsrc	ascii	F4U#"NuT
0x2c2904	0x1802c2904	.rsrc	ascii	91q?OL
0x2c2aa0	0x1802c2aa0	.rsrc	ascii	'N[sB05
0x2c2b88	0x1802c2b88	.rsrc	ascii	)Vh1!X
0x2c2ccb	0x1802c2ccb	.rsrc	ascii	(p,Pon
0x2c2d96	0x1802c2d96	.rsrc	ascii	?oX{tl~
0x2c3316	0x1802c3316	.rsrc	ascii	>?Z,+
0x2c33ee	0x1802c33ee	.rsrc	ascii	|\1$.
0x2c340d	0x1802c340d	.rsrc	ascii	]sCq|
0x2c34b3	0x1802c34b3	.rsrc	ascii	4'D:\
0x2c34be	0x1802c34be	.rsrc	ascii	r;,X?
0x2c3695	0x1802c3695	.rsrc	ascii	vjF>z
0x2c3850	0x1802c3850	.rsrc	ascii	un=vDH
0x2c3946	0x1802c3946	.rsrc	ascii	w>fB8
0x2c3958	0x1802c3958	.rsrc	ascii	_-Bon
0x2c396b	0x1802c396b	.rsrc	ascii	\vR_H]
0x2c39ca	0x1802c39ca	.rsrc	ascii	zN|=3
0x2c3a30	0x1802c3a30	.rsrc	ascii	+Ph]<?
0x2c3a42	0x1802c3a42	.rsrc	ascii	*DPNP|`R?y>
0x2c3a8c	0x1802c3a8c	.rsrc	ascii	334E,S
0x2c3aee	0x1802c3aee	.rsrc	ascii	X|ph2
0x2c3d53	0x1802c3d53	.rsrc	ascii	Or(HU
0x2c401a	0x1802c401a	.rsrc	ascii	O48G$
0x2c40b0	0x1802c40b0	.rsrc	ascii	sE0HJ
0x2c40c0	0x1802c40c0	.rsrc	ascii	9B3zs
0x2c4101	0x1802c4101	.rsrc	ascii	Iq#t 
0x2c4248	0x1802c4248	.rsrc	ascii	l-1<.
0x2c42ea	0x1802c42ea	.rsrc	ascii	yRABu
0x2c42f1	0x1802c42f1	.rsrc	ascii	R jt=,&
0x2c4344	0x1802c4344	.rsrc	ascii	0/J(0tG
0x2c43c9	0x1802c43c9	.rsrc	ascii	f{0[b
0x2c4592	0x1802c4592	.rsrc	ascii	&^k|-
0x2c462e	0x1802c462e	.rsrc	ascii	L~2[B
0x2c4766	0x1802c4766	.rsrc	ascii	4iR@P
0x2c47bf	0x1802c47bf	.rsrc	ascii	;Sdy>X
0x2c4865	0x1802c4865	.rsrc	ascii	aX7s"
0x2c4962	0x1802c4962	.rsrc	ascii	{H(_C
0x2c4ac5	0x1802c4ac5	.rsrc	ascii	d91uY
0x2c4b22	0x1802c4b22	.rsrc	ascii	(J15'T
0x2c4cd6	0x1802c4cd6	.rsrc	ascii	<N45xv
0x2c4d6e	0x1802c4d6e	.rsrc	ascii	*`5,^
0x2c4dca	0x1802c4dca	.rsrc	ascii	Xc(,W'
0x2c4f44	0x1802c4f44	.rsrc	ascii	o?1^k
0x2c4fee	0x1802c4fee	.rsrc	ascii	Y2ivZ
0x2c50ee	0x1802c50ee	.rsrc	ascii	8 Hxn
0x2c51a5	0x1802c51a5	.rsrc	ascii	6MI9R
0x2c51ca	0x1802c51ca	.rsrc	ascii	x[$;Y`
0x2c527f	0x1802c527f	.rsrc	ascii	Wkxwj
0x2c5287	0x1802c5287	.rsrc	ascii	]qnQ<
0x2c52c5	0x1802c52c5	.rsrc	ascii	E_}R|H
0x2c52d2	0x1802c52d2	.rsrc	ascii	!H`qj
0x2c54ce	0x1802c54ce	.rsrc	ascii	P|wqI}
0x2c56a7	0x1802c56a7	.rsrc	ascii	5 a_a?
0x2c56b8	0x1802c56b8	.rsrc	ascii	W-l)v
0x2c56cf	0x1802c56cf	.rsrc	ascii	Mc=Q3
0x2c579a	0x1802c579a	.rsrc	ascii	Tg8If
0x2c59b0	0x1802c59b0	.rsrc	ascii	U:qz+
0x2c5a68	0x1802c5a68	.rsrc	ascii	%\^& 
0x2c5b32	0x1802c5b32	.rsrc	ascii	X/%|M
0x2c5ccd	0x1802c5ccd	.rsrc	ascii	EY!X9-
0x2c5d11	0x1802c5d11	.rsrc	ascii	`r?$@
0x2c5e26	0x1802c5e26	.rsrc	ascii	'JZ+W
0x2c5fb5	0x1802c5fb5	.rsrc	ascii	%gS6~
0x2c611e	0x1802c611e	.rsrc	ascii	7G7Kl
0x2c614e	0x1802c614e	.rsrc	ascii	HS@$:
0x2c61fc	0x1802c61fc	.rsrc	ascii	#0sL6
0x2c6318	0x1802c6318	.rsrc	ascii	KP1n0zu
0x2c63cb	0x1802c63cb	.rsrc	ascii	)A]ph
0x2c6407	0x1802c6407	.rsrc	ascii	f":v8
0x2c6487	0x1802c6487	.rsrc	ascii	O[<5Yg
0x2c6501	0x1802c6501	.rsrc	ascii	JHZ]!F
0x2c650b	0x1802c650b	.rsrc	ascii	@T'XK
0x2c658c	0x1802c658c	.rsrc	ascii	)N(OwG
0x2c668f	0x1802c668f	.rsrc	ascii	GGKE{
0x2c669b	0x1802c669b	.rsrc	ascii	cF0pg
0x2c6743	0x1802c6743	.rsrc	ascii	IHH/DT
0x2c67a3	0x1802c67a3	.rsrc	ascii	GJ}qcm
0x2c6892	0x1802c6892	.rsrc	ascii	rQ5~0J
0x2c68b8	0x1802c68b8	.rsrc	ascii	XcAj/
0x2c68d8	0x1802c68d8	.rsrc	ascii	=fdx`
0x2c6940	0x1802c6940	.rsrc	ascii	Q"8f7
0x2c6adb	0x1802c6adb	.rsrc	ascii	>UN{K
0x2c6af9	0x1802c6af9	.rsrc	ascii	,e;|m
0x2c6c43	0x1802c6c43	.rsrc	ascii	r4A\_+
0x2c6d88	0x1802c6d88	.rsrc	ascii	2&",v$
0x2c6e66	0x1802c6e66	.rsrc	ascii	rD_\_
0x2c6e7c	0x1802c6e7c	.rsrc	ascii	uk)@AB
0x2c6e9b	0x1802c6e9b	.rsrc	ascii	qvf(O
0x2c706f	0x1802c706f	.rsrc	ascii	Ts_)tfw
0x2c70ac	0x1802c70ac	.rsrc	ascii	,B\J>
0x2c7135	0x1802c7135	.rsrc	ascii	7oYiw4C
0x2c728d	0x1802c728d	.rsrc	ascii	kkD:u
0x2c72ac	0x1802c72ac	.rsrc	ascii	A!^X5=_V
0x2c7341	0x1802c7341	.rsrc	ascii	>Hwk/
0x2c73d4	0x1802c73d4	.rsrc	ascii	!)"BNL
0x2c7481	0x1802c7481	.rsrc	ascii	qei<nn
0x2c74a7	0x1802c74a7	.rsrc	ascii	cSyom
0x2c750b	0x1802c750b	.rsrc	ascii	l,08:
0x2c75c6	0x1802c75c6	.rsrc	ascii	(}iv0*
0x2c76c6	0x1802c76c6	.rsrc	ascii	58OhE
0x2c770f	0x1802c770f	.rsrc	ascii	<fG\[
0x2c794d	0x1802c794d	.rsrc	ascii	(F~G]
0x2c7b9c	0x1802c7b9c	.rsrc	ascii	T%./R2
0x2c7cd7	0x1802c7cd7	.rsrc	ascii	bqxa~
0x2c7d3c	0x1802c7d3c	.rsrc	ascii	4t&"x
0x2c7d66	0x1802c7d66	.rsrc	ascii	`5)@q
0x2c7e11	0x1802c7e11	.rsrc	ascii	D~XOq
0x2c7ea2	0x1802c7ea2	.rsrc	ascii	+Lr&u
0x2c7f36	0x1802c7f36	.rsrc	ascii	6;\]n
0x2c8089	0x1802c8089	.rsrc	ascii	_vO6U
0x2c80c9	0x1802c80c9	.rsrc	ascii	2dL)^
0x2c8127	0x1802c8127	.rsrc	ascii	oR@M(.-
0x2c8337	0x1802c8337	.rsrc	ascii	=mPS8B
0x2c837e	0x1802c837e	.rsrc	ascii	a~Nol
0x2c8429	0x1802c8429	.rsrc	ascii	#Q6c.
0x2c860c	0x1802c860c	.rsrc	ascii	6"M:-
0x2c86d4	0x1802c86d4	.rsrc	ascii	vtpD'
0x2c86f3	0x1802c86f3	.rsrc	ascii	4ibmx
0x2c8b1f	0x1802c8b1f	.rsrc	ascii	Ip6WlAKh
0x2c8b98	0x1802c8b98	.rsrc	ascii	"bvQnl
0x2c8cec	0x1802c8cec	.rsrc	ascii	O_hFsC
0x2c8e03	0x1802c8e03	.rsrc	ascii	K}$#a
0x2c8e69	0x1802c8e69	.rsrc	ascii	>;9C/
0x2c8e7e	0x1802c8e7e	.rsrc	ascii	9!xvz
0x2c8f40	0x1802c8f40	.rsrc	ascii	7mRs(
0x2c8feb	0x1802c8feb	.rsrc	ascii	k/`n^
0x2c9062	0x1802c9062	.rsrc	ascii	xr.VO
0x2c9145	0x1802c9145	.rsrc	ascii	4iVL^>[
0x2c9305	0x1802c9305	.rsrc	ascii	5KP]VT;vxNmrldm
0x2c9362	0x1802c9362	.rsrc	ascii	[_[B*U
0x2c9480	0x1802c9480	.rsrc	ascii	5u"f5`
0x2c9526	0x1802c9526	.rsrc	ascii	S`'At
0x2c962a	0x1802c962a	.rsrc	ascii	1!+A~Om
0x2c96e2	0x1802c96e2	.rsrc	ascii	;R\,1
0x2c97a2	0x1802c97a2	.rsrc	ascii	e-\f]
0x2c9868	0x1802c9868	.rsrc	ascii	Hyz>v/,
0x2c9906	0x1802c9906	.rsrc	ascii	(;KIi
0x2c9964	0x1802c9964	.rsrc	ascii	O^?- 
0x2c99b2	0x1802c99b2	.rsrc	ascii	Be ^_
0x2c9a10	0x1802c9a10	.rsrc	ascii	-vxiV
0x2c9b89	0x1802c9b89	.rsrc	ascii	cBP:,]
0x2c9be0	0x1802c9be0	.rsrc	ascii	xMVB#
0x2c9c1a	0x1802c9c1a	.rsrc	ascii	KSGd"
0x2c9cec	0x1802c9cec	.rsrc	ascii	&M\|:7
0x2c9d01	0x1802c9d01	.rsrc	ascii	rD_)"H
0x2c9d23	0x1802c9d23	.rsrc	ascii	bIx}}
0x2c9d7e	0x1802c9d7e	.rsrc	ascii	0.5J:
0x2c9df8	0x1802c9df8	.rsrc	ascii	.XX4F
0x2c9e3d	0x1802c9e3d	.rsrc	ascii	ddd 33
0x2ca03e	0x1802ca03e	.rsrc	ascii	m:NA,
0x2ca0d9	0x1802ca0d9	.rsrc	ascii	yuZXX
0x2ca0eb	0x1802ca0eb	.rsrc	ascii	NAuu5
0x2ca2fe	0x1802ca2fe	.rsrc	ascii	un)An
0x2ca37d	0x1802ca37d	.rsrc	ascii	qQhFQ
0x2ca403	0x1802ca403	.rsrc	ascii	oy%6i
0x2ca454	0x1802ca454	.rsrc	ascii	nBy2\
0x2ca5ab	0x1802ca5ab	.rsrc	ascii	j};4G
0x2ca685	0x1802ca685	.rsrc	ascii	]kafZ
0x2ca7a5	0x1802ca7a5	.rsrc	ascii	^H Hh
0x2ca7e4	0x1802ca7e4	.rsrc	ascii	C|:#E
0x2ca7fa	0x1802ca7fa	.rsrc	ascii	G!-k2
0x2ca85e	0x1802ca85e	.rsrc	ascii	!s2+ 7
0x2ca896	0x1802ca896	.rsrc	ascii	qR <W6
0x2ca9c2	0x1802ca9c2	.rsrc	ascii	!Cafff
0x2ca9cb	0x1802ca9cb	.rsrc	ascii	cvYa-
0x2ca9f8	0x1802ca9f8	.rsrc	ascii	[7Gnt?
0x2caa89	0x1802caa89	.rsrc	ascii	:g*p`^A
0x2caab2	0x1802caab2	.rsrc	ascii	H||tJ=
0x2cabf4	0x1802cabf4	.rsrc	ascii	GQZ?<;
0x2cac68	0x1802cac68	.rsrc	ascii	2TU5[D
0x2cad50	0x1802cad50	.rsrc	ascii	P'y[s
0x2cadfc	0x1802cadfc	.rsrc	ascii	d&>}i*
0x2caf51	0x1802caf51	.rsrc	ascii	pssCII
0x2cafef	0x1802cafef	.rsrc	ascii	4NFnB(
0x2cb0ad	0x1802cb0ad	.rsrc	ascii	vaBX/Y
0x2cb0b9	0x1802cb0b9	.rsrc	ascii	H+8[Y
0x2cb114	0x1802cb114	.rsrc	ascii	g^Ab|b
0x2cb1dd	0x1802cb1dd	.rsrc	ascii	0ob.B
0x2cb202	0x1802cb202	.rsrc	ascii	.m06-Z
0x2cb349	0x1802cb349	.rsrc	ascii	"Nl_&
0x2cb4b2	0x1802cb4b2	.rsrc	ascii	aiB5bG`
0x2cb5c4	0x1802cb5c4	.rsrc	ascii	9"d^?
0x2cb66b	0x1802cb66b	.rsrc	ascii	YcS(G
0x2cb6c2	0x1802cb6c2	.rsrc	ascii	VB%zj
0x2cb7c6	0x1802cb7c6	.rsrc	ascii	:)v^0y
0x2cb7f3	0x1802cb7f3	.rsrc	ascii	ch|(j
0x2cb8a1	0x1802cb8a1	.rsrc	ascii	tj_{`
0x2cb93f	0x1802cb93f	.rsrc	ascii	M^&h(
0x2cb978	0x1802cb978	.rsrc	ascii	76fK'
0x2cbac4	0x1802cbac4	.rsrc	ascii	5axzb?
0x2cbba5	0x1802cbba5	.rsrc	ascii	uEXR:
0x2cbd01	0x1802cbd01	.rsrc	ascii	viusX
0x2cbd4f	0x1802cbd4f	.rsrc	ascii	scfaLp
0x2cc1fe	0x1802cc1fe	.rsrc	ascii	$-7pm
0x2cc2fe	0x1802cc2fe	.rsrc	ascii	5zxvl~
0x2cc378	0x1802cc378	.rsrc	ascii	P16G@
0x2cc381	0x1802cc381	.rsrc	ascii	"F~|n
0x2cc442	0x1802cc442	.rsrc	ascii	M1eJ9
0x2cc5fc	0x1802cc5fc	.rsrc	ascii	<bxC1
0x2cc6ad	0x1802cc6ad	.rsrc	ascii	mUEXZ2
0x2cc6bf	0x1802cc6bf	.rsrc	ascii	>8Y>@8
0x2cc76e	0x1802cc76e	.rsrc	ascii	GGg,Z
0x2cc8eb	0x1802cc8eb	.rsrc	ascii	+pyr1
0x2cc95d	0x1802cc95d	.rsrc	ascii	Wf+!M
0x2cc9d0	0x1802cc9d0	.rsrc	ascii	fG!/3^
0x2cca42	0x1802cca42	.rsrc	ascii	W08#^@
0x2ccb7b	0x1802ccb7b	.rsrc	ascii	M{D8tD
0x2ccbe5	0x1802ccbe5	.rsrc	ascii	[5,bv3A
0x2ccd21	0x1802ccd21	.rsrc	ascii	(0pmRv2
0x2cd1be	0x1802cd1be	.rsrc	ascii	FvzrA
0x2cd34f	0x1802cd34f	.rsrc	ascii	/GG0Hx
0x2cd455	0x1802cd455	.rsrc	ascii	~ygP;
0x2cd616	0x1802cd616	.rsrc	ascii	:,(,_
0x2cd6cb	0x1802cd6cb	.rsrc	ascii	w-3X#
0x2cd6e0	0x1802cd6e0	.rsrc	ascii	hUs\3
0x2cd787	0x1802cd787	.rsrc	ascii	1#yI 
0x2cd7f9	0x1802cd7f9	.rsrc	ascii	&exbzG/
0x2cd806	0x1802cd806	.rsrc	ascii	9GDb]
0x2cd88f	0x1802cd88f	.rsrc	ascii	42w||`
0x2cd8cd	0x1802cd8cd	.rsrc	ascii	pzf?A
0x2cd9db	0x1802cd9db	.rsrc	ascii	P?tNj
0x2cdad8	0x1802cdad8	.rsrc	ascii	WY!K\
0x2cdaea	0x1802cdaea	.rsrc	ascii	]34t4b
0x2cdaf5	0x1802cdaf5	.rsrc	ascii	@Bf}c
0x2cdb7d	0x1802cdb7d	.rsrc	ascii	pfLc6{
0x2cdca4	0x1802cdca4	.rsrc	ascii	&mGcE
0x2cde2a	0x1802cde2a	.rsrc	ascii	OchOo
0x2cdeac	0x1802cdeac	.rsrc	ascii	t06J~7aq
0x2cded6	0x1802cded6	.rsrc	ascii	Lv.^?
0x2cdf2b	0x1802cdf2b	.rsrc	ascii	&||'e
0x2cdf64	0x1802cdf64	.rsrc	ascii	cpxp8
0x2ce05e	0x1802ce05e	.rsrc	ascii	b>Tt-*
0x2ce0d2	0x1802ce0d2	.rsrc	ascii	_)H8="
0x2ce17d	0x1802ce17d	.rsrc	ascii	Fn).Hr
0x2ce18a	0x1802ce18a	.rsrc	ascii	o=T"(3
0x2ce509	0x1802ce509	.rsrc	ascii	eTI-iG
0x2ce51f	0x1802ce51f	.rsrc	ascii	$QE`C$
0x2ce52c	0x1802ce52c	.rsrc	ascii	qssk%{
0x2ce55d	0x1802ce55d	.rsrc	ascii	Fk_sl
0x2ce6b1	0x1802ce6b1	.rsrc	ascii	(@QF3
0x2ce883	0x1802ce883	.rsrc	ascii	i9s6Jz
0x2ce9a3	0x1802ce9a3	.rsrc	ascii	 A2jCjW
0x2ce9f8	0x1802ce9f8	.rsrc	ascii	:bDN{
0x2cea93	0x1802cea93	.rsrc	ascii	jcACm
0x2cec58	0x1802cec58	.rsrc	ascii	e$g&-w?
0x2cee23	0x1802cee23	.rsrc	ascii	MYGAZ
0x2ceecc	0x1802ceecc	.rsrc	ascii	czvDa
0x2cefdf	0x1802cefdf	.rsrc	ascii	D!hmny35
0x2cefeb	0x1802cefeb	.rsrc	ascii	fU#:'
0x2cf164	0x1802cf164	.rsrc	ascii	$"-'8
0x2cf400	0x1802cf400	.rsrc	ascii	{;a[3S\
0x2cf4a0	0x1802cf4a0	.rsrc	ascii	qv|,N
0x2cf5c8	0x1802cf5c8	.rsrc	ascii	;xs'i
0x2cf6a9	0x1802cf6a9	.rsrc	ascii	3RGV=}
0x2cf6d3	0x1802cf6d3	.rsrc	ascii	'7gc4
0x2cf79a	0x1802cf79a	.rsrc	ascii	y]cl*
0x2cf874	0x1802cf874	.rsrc	ascii	TWVC`r!
0x2cfa1d	0x1802cfa1d	.rsrc	ascii	$<>qN
0x2cfaa4	0x1802cfaa4	.rsrc	ascii	oVffD7
0x2cfab8	0x1802cfab8	.rsrc	ascii	C#qg]
0x2cfaca	0x1802cfaca	.rsrc	ascii	6<::8
0x2cfaf2	0x1802cfaf2	.rsrc	ascii	D)W""
0x2cfaff	0x1802cfaff	.rsrc	ascii	9En@C.
0x2cfb8e	0x1802cfb8e	.rsrc	ascii	C}=,X
0x2cfc52	0x1802cfc52	.rsrc	ascii	uB^ t
0x2cfd40	0x1802cfd40	.rsrc	ascii	n(:edc
0x2cff6d	0x1802cff6d	.rsrc	ascii	gu#r.^
0x2cffc2	0x1802cffc2	.rsrc	ascii	VjHt5
0x2d0007	0x1802d0007	.rsrc	ascii	dssVB".
0x2d005c	0x1802d005c	.rsrc	ascii	/~}!(
0x2d00a9	0x1802d00a9	.rsrc	ascii	k%%%U%%%}
0x2d00ce	0x1802d00ce	.rsrc	ascii	_]mJTu
0x2d00db	0x1802d00db	.rsrc	ascii	YU9YUI
0x2d0168	0x1802d0168	.rsrc	ascii	q7!#.
0x2d02a6	0x1802d02a6	.rsrc	ascii	;wF^^O
0x2d0321	0x1802d0321	.rsrc	ascii	cC+v*
0x2d0386	0x1802d0386	.rsrc	ascii	?<d)T
0x2d03fd	0x1802d03fd	.rsrc	ascii	a1hifs/
0x2d040f	0x1802d040f	.rsrc	ascii	OmZM}v+e
0x2d048f	0x1802d048f	.rsrc	ascii	!a8?)
0x2d04ce	0x1802d04ce	.rsrc	ascii	#J"H @#
0x2d055e	0x1802d055e	.rsrc	ascii	TUEUMK
0x2d07a7	0x1802d07a7	.rsrc	ascii	d!{/S
0x2d07d2	0x1802d07d2	.rsrc	ascii	!7f2'
0x2d086a	0x1802d086a	.rsrc	ascii	Yj #>
0x2d0966	0x1802d0966	.rsrc	ascii	rrr0b
0x2d09e0	0x1802d09e0	.rsrc	ascii	m\3GVO
0x2d0c60	0x1802d0c60	.rsrc	ascii	CnN.&L
0x2d0c6b	0x1802d0c6b	.rsrc	ascii	.Ajj:
0x2d0c9a	0x1802d0c9a	.rsrc	ascii	@imj\J
0x2d0dc4	0x1802d0dc4	.rsrc	ascii	`Vf6vH
0x2d0e29	0x1802d0e29	.rsrc	ascii	Hxzh(.NIf
0x2d0e91	0x1802d0e91	.rsrc	ascii	VeDdz,
0x2d102f	0x1802d102f	.rsrc	ascii	a_x8~X
0x2d1048	0x1802d1048	.rsrc	ascii	d^&!&
0x2d1165	0x1802d1165	.rsrc	ascii	GfrcL-
0x2d11fa	0x1802d11fa	.rsrc	ascii	zaXN{$
0x2d1215	0x1802d1215	.rsrc	ascii	9'fxbf'A
0x2d138b	0x1802d138b	.rsrc	ascii	5=PUY
0x2d13e0	0x1802d13e0	.rsrc	ascii	L(rFD
0x2d145a	0x1802d145a	.rsrc	ascii	&jY)M0
0x2d1563	0x1802d1563	.rsrc	ascii	g>,,,*
0x2d1653	0x1802d1653	.rsrc	ascii	{1{&4
0x2d1707	0x1802d1707	.rsrc	ascii	Bl*_E
0x2d177e	0x1802d177e	.rsrc	ascii	w&hlItU
0x2d17fb	0x1802d17fb	.rsrc	ascii	IbtB[O
0x2d1873	0x1802d1873	.rsrc	ascii	uHePD
0x2d1981	0x1802d1981	.rsrc	ascii	1XIIIS
0x2d1a28	0x1802d1a28	.rsrc	ascii	owvc&
0x2d1a4f	0x1802d1a4f	.rsrc	ascii	vHCfb
0x2d1ad1	0x1802d1ad1	.rsrc	ascii	2e#ru
0x2d1b21	0x1802d1b21	.rsrc	ascii	="Rsbb
0x2d1b5e	0x1802d1b5e	.rsrc	ascii	W}vSO'/
0x2d1ba8	0x1802d1ba8	.rsrc	ascii	U{*!1o
0x2d1c16	0x1802d1c16	.rsrc	ascii	Zr7AS
0x2d1c3f	0x1802d1c3f	.rsrc	ascii	'CeUtR
0x2d1c67	0x1802d1c67	.rsrc	ascii	79E(B
0x2d1e48	0x1802d1e48	.rsrc	ascii	,H8-Q6j
0x2d1ea1	0x1802d1ea1	.rsrc	ascii	<9qN"s*
0x2d1eed	0x1802d1eed	.rsrc	ascii	!*$}x
0x2d1f82	0x1802d1f82	.rsrc	ascii	bDDerX~vb
0x2d1ff2	0x1802d1ff2	.rsrc	ascii	e"zwH
0x2d206c	0x1802d206c	.rsrc	ascii	$PGaP>:
0x2d207a	0x1802d207a	.rsrc	ascii	<7}dy
0x2d210c	0x1802d210c	.rsrc	ascii	=Rbx,O
0x2d2134	0x1802d2134	.rsrc	ascii	znd4v
0x2d21a4	0x1802d21a4	.rsrc	ascii	L>NIj
0x2d2245	0x1802d2245	.rsrc	ascii	7;E(B
0x2d227f	0x1802d227f	.rsrc	ascii	plP(.Nk
0x2d230f	0x1802d230f	.rsrc	ascii	%7Z&+
0x2d23b8	0x1802d23b8	.rsrc	ascii	LR6rl
0x2d23cc	0x1802d23cc	.rsrc	ascii	TGaAo
0x2d24ed	0x1802d24ed	.rsrc	ascii	-m}(U
0x2d253e	0x1802d253e	.rsrc	ascii	7<E(B
0x2d2680	0x1802d2680	.rsrc	ascii	[y`qw_v@g
0x2d285e	0x1802d285e	.rsrc	ascii	7=E(B
0x2d2a35	0x1802d2a35	.rsrc	ascii	l2WY2
0x2d2a79	0x1802d2a79	.rsrc	ascii	+VW$1
0x2d2a9b	0x1802d2a9b	.rsrc	ascii	d2=#NBR
0x2d2bda	0x1802d2bda	.rsrc	ascii	Ya~'/d
0x2d2c27	0x1802d2c27	.rsrc	ascii	%yI a
0x2d2c6f	0x1802d2c6f	.rsrc	ascii	MlqPj
0x2d2c96	0x1802d2c96	.rsrc	ascii	K7vOV
0x2d2d05	0x1802d2d05	.rsrc	ascii	QHt2@[
0x2d2d14	0x1802d2d14	.rsrc	ascii	S'atS
0x2d2e22	0x1802d2e22	.rsrc	ascii	xu]$rGB
0x2d2eee	0x1802d2eee	.rsrc	ascii	bbQVY
0x2d2f9f	0x1802d2f9f	.rsrc	ascii	0nT]M
0x2d2ffc	0x1802d2ffc	.rsrc	ascii	$PI^uB
0x2d3070	0x1802d3070	.rsrc	ascii	),c:n
0x2d3141	0x1802d3141	.rsrc	ascii	^I9Y1z
0x2d32e6	0x1802d32e6	.rsrc	ascii	dN'{]
0x2d34b4	0x1802d34b4	.rsrc	ascii	l+nO_iD
0x2d359f	0x1802d359f	.rsrc	ascii	@BMmed
0x2d369b	0x1802d369b	.rsrc	ascii	f&Xnj
0x2d36e4	0x1802d36e4	.rsrc	ascii	vD*IDT>
0x2d3751	0x1802d3751	.rsrc	ascii	C#pw}
0x2d381a	0x1802d381a	.rsrc	ascii	qzh(fd
0x2d3840	0x1802d3840	.rsrc	ascii	U@GI!_M
0x2d39ca	0x1802d39ca	.rsrc	ascii	k5M1S
0x2d3a67	0x1802d3a67	.rsrc	ascii	 o/q[v5Re
0x2d3a87	0x1802d3a87	.rsrc	ascii	X0X 2
0x2d3f82	0x1802d3f82	.rsrc	ascii	(gJ7sRW
0x2d4027	0x1802d4027	.rsrc	ascii	JKKQT
0x2d4071	0x1802d4071	.rsrc	ascii	Q#JAn
0x2d40d0	0x1802d40d0	.rsrc	ascii	S/C^|
0x2d4100	0x1802d4100	.rsrc	ascii	)i7fJ
0x2d4107	0x1802d4107	.rsrc	ascii	).zp2T
0x2d41c7	0x1802d41c7	.rsrc	ascii	Q]e<u
0x2d4209	0x1802d4209	.rsrc	ascii	$er`&
0x2d4235	0x1802d4235	.rsrc	ascii	#jjV(
0x2d4243	0x1802d4243	.rsrc	ascii	A7{z|
0x2d42b6	0x1802d42b6	.rsrc	ascii	bhl-V
0x2d432d	0x1802d432d	.rsrc	ascii	ZBBBY'
0x2d43d8	0x1802d43d8	.rsrc	ascii	~/2Zwc
0x2d43ef	0x1802d43ef	.rsrc	ascii	FLa"3
0x2d4463	0x1802d4463	.rsrc	ascii	9-"&[W(
0x2d44dd	0x1802d44dd	.rsrc	ascii	&%`![$
0x2d45ed	0x1802d45ed	.rsrc	ascii	m<1u@g
0x2d4617	0x1802d4617	.rsrc	ascii	@~+dn
0x2d4670	0x1802d4670	.rsrc	ascii	2YIIIC
0x2d47cb	0x1802d47cb	.rsrc	ascii	4oLdKO
0x2d481d	0x1802d481d	.rsrc	ascii	nr.Ov
0x2d488a	0x1802d488a	.rsrc	ascii	er1SG
0x2d48b6	0x1802d48b6	.rsrc	ascii	*\/([
0x2d4ab0	0x1802d4ab0	.rsrc	ascii	GXG~#
0x2d4c66	0x1802d4c66	.rsrc	ascii	OFug}
0x2d4c81	0x1802d4c81	.rsrc	ascii	yV[w6'
0x2d4c97	0x1802d4c97	.rsrc	ascii	qlp(.LI
0x2d4f19	0x1802d4f19	.rsrc	ascii	&lJVA
0x2d4f83	0x1802d4f83	.rsrc	ascii	C}3u$;
0x2d4f9e	0x1802d4f9e	.rsrc	ascii	2vD a
0x2d4fe7	0x1802d4fe7	.rsrc	ascii	.NlZPFh
0x2d5038	0x1802d5038	.rsrc	ascii	mM+\8
0x2d508e	0x1802d508e	.rsrc	ascii	s~\e]
0x2d50f7	0x1802d50f7	.rsrc	ascii	?V."``a
0x2d5166	0x1802d5166	.rsrc	ascii	g$?SW@
0x2d52cf	0x1802d52cf	.rsrc	ascii	zX4}T
0x2d5354	0x1802d5354	.rsrc	ascii	PVVvj
0x2d5401	0x1802d5401	.rsrc	ascii	viY0h
0x2d5449	0x1802d5449	.rsrc	ascii	WP6*+
0x2d546d	0x1802d546d	.rsrc	ascii	Z<g,[
0x2d54b7	0x1802d54b7	.rsrc	ascii	v3@dM-
0x2d56a3	0x1802d56a3	.rsrc	ascii	CKu}tR7
0x2d57ca	0x1802d57ca	.rsrc	ascii	$DbF'o
0x2d57ef	0x1802d57ef	.rsrc	ascii	JUTQ7
0x2d585d	0x1802d585d	.rsrc	ascii	B7ST;
0x2d588e	0x1802d588e	.rsrc	ascii	 Ajj]cl
0x2d58a6	0x1802d58a6	.rsrc	ascii	||}s7@=S
0x2d58af	0x1802d58af	.rsrc	ascii	}JJJ62
0x2d5998	0x1802d5998	.rsrc	ascii	td?$E(B
0x2d5a8e	0x1802d5a8e	.rsrc	ascii	^2nD~#%
0x2d5b34	0x1802d5b34	.rsrc	ascii	uI xGcff=4r
0x2d5edc	0x1802d5edc	.rsrc	ascii	*Z0TVE
0x2d5f78	0x1802d5f78	.rsrc	ascii	z<)0q
0x2d6156	0x1802d6156	.rsrc	ascii	eJw;;
0x2d62e1	0x1802d62e1	.rsrc	ascii	EQN&6
0x2d632c	0x1802d632c	.rsrc	ascii	4J7s@
0x2d6389	0x1802d6389	.rsrc	ascii	_WFDaSa
0x2d643e	0x1802d643e	.rsrc	ascii	TVE5)
0x2d64ed	0x1802d64ed	.rsrc	ascii	#("}m
0x2d6504	0x1802d6504	.rsrc	ascii	Q)6hs/
0x2d6517	0x1802d6517	.rsrc	ascii	.b]-0
0x2d660f	0x1802d660f	.rsrc	ascii	bv;wA
0x2d6638	0x1802d6638	.rsrc	ascii	n`C[-
0x2d671c	0x1802d671c	.rsrc	ascii	e?/E(B
0x2d688a	0x1802d688a	.rsrc	ascii	Ec|$TP
0x2d6900	0x1802d6900	.rsrc	ascii	TITqt
0x2d6aef	0x1802d6aef	.rsrc	ascii	bm5*t
0x2d6b84	0x1802d6b84	.rsrc	ascii	^/O6A
0x2d6c17	0x1802d6c17	.rsrc	ascii	o*ri%
0x2d6d1a	0x1802d6d1a	.rsrc	ascii	Q8R0"
0x2d6dc8	0x1802d6dc8	.rsrc	ascii	C?#},75
0x2d6e80	0x1802d6e80	.rsrc	ascii	89\p`
0x2d6eca	0x1802d6eca	.rsrc	ascii	dK++P
0x2d7073	0x1802d7073	.rsrc	ascii	PVVEL
0x2d70fa	0x1802d70fa	.rsrc	ascii	'91 8=
0x2d718c	0x1802d718c	.rsrc	ascii	6sFaZ8&
0x2d71e6	0x1802d71e6	.rsrc	ascii	V2BD]
0x2d7253	0x1802d7253	.rsrc	ascii	FHOH#
0x2d7390	0x1802d7390	.rsrc	ascii	yxiW_
0x2d7979	0x1802d7979	.rsrc	ascii	twd8V:
0x2d79e1	0x1802d79e1	.rsrc	ascii	cLN\g
0x2d7afc	0x1802d7afc	.rsrc	ascii	xShQo=~
0x2d7c65	0x1802d7c65	.rsrc	ascii	Yh;- !
0x2d7d26	0x1802d7d26	.rsrc	ascii	)gsF6b
0x2d7d32	0x1802d7d32	.rsrc	ascii	+d6F[E
0x2d8020	0x1802d8020	.rsrc	ascii	:hF*8
0x2d8270	0x1802d8270	.rsrc	ascii	$pJ0/
0x2d8277	0x1802d8277	.rsrc	ascii	0sB2W
0x2d843c	0x1802d843c	.rsrc	ascii	Tg/09%
0x2d8483	0x1802d8483	.rsrc	ascii	g!>*KY
0x2d854c	0x1802d854c	.rsrc	ascii	y[V 7=
0x2d858f	0x1802d858f	.rsrc	ascii	8pPq3S
0x2d85c1	0x1802d85c1	.rsrc	ascii	zFIwS
0x2d86c7	0x1802d86c7	.rsrc	ascii	Ffz@B
0x2d86d1	0x1802d86d1	.rsrc	ascii	E9)Ls
0x2d877a	0x1802d877a	.rsrc	ascii	b'.^>
0x2d87c8	0x1802d87c8	.rsrc	ascii	>0I&1k_G
0x2d8830	0x1802d8830	.rsrc	ascii	109ca
0x2d88c7	0x1802d88c7	.rsrc	ascii	K[NN]
0x2d8952	0x1802d8952	.rsrc	ascii	e:lsU
0x2d8ad0	0x1802d8ad0	.rsrc	ascii	!T$-0
0x2d8ce3	0x1802d8ce3	.rsrc	ascii	K[C]2
0x2d8e12	0x1802d8e12	.rsrc	ascii	Ip@`@
0x2d8ec2	0x1802d8ec2	.rsrc	ascii	xb]9.
0x2d8f4b	0x1802d8f4b	.rsrc	ascii	1XhvK
0x2d9016	0x1802d9016	.rsrc	ascii	EUuQ\
0x2d93c6	0x1802d93c6	.rsrc	ascii	nDg#S
0x2d94fd	0x1802d94fd	.rsrc	ascii	[Kj(^z
0x2d9644	0x1802d9644	.rsrc	ascii	bY-*(ZL
0x2d96a1	0x1802d96a1	.rsrc	ascii	Ma&HH
0x2d96b9	0x1802d96b9	.rsrc	ascii	%- [uPr
0x2d974d	0x1802d974d	.rsrc	ascii	wO*T#
0x2d9808	0x1802d9808	.rsrc	ascii	$t"}P0j,f,w
0x2d98ec	0x1802d98ec	.rsrc	ascii	3?CUSA
0x2d9b2d	0x1802d9b2d	.rsrc	ascii	yq/,,
0x2d9cc5	0x1802d9cc5	.rsrc	ascii	m1xI2
0x2d9e83	0x1802d9e83	.rsrc	ascii	,l9hm
0x2d9eff	0x1802d9eff	.rsrc	ascii	E(M-DZ
0x2d9f78	0x1802d9f78	.rsrc	ascii	ophqO
0x2d9fb6	0x1802d9fb6	.rsrc	ascii	3R#^>
0x2da0d3	0x1802da0d3	.rsrc	ascii	z'-QI9
0x2da204	0x1802da204	.rsrc	ascii	m9>|V
0x2da22d	0x1802da22d	.rsrc	ascii	u1]18;
0x2da342	0x1802da342	.rsrc	ascii	0,s80
0x2da48b	0x1802da48b	.rsrc	ascii	>UX1u
0x2da4bc	0x1802da4bc	.rsrc	ascii	o<r+>>
0x2da646	0x1802da646	.rsrc	ascii	xrS%^
0x2da6d6	0x1802da6d6	.rsrc	ascii	[3zbib
0x2da75f	0x1802da75f	.rsrc	ascii	x}o_\:&[Y
0x2da90d	0x1802da90d	.rsrc	ascii	/`XC-L
0x2da92c	0x1802da92c	.rsrc	ascii	*p^n9
0x2da9d9	0x1802da9d9	.rsrc	ascii	~Ni~l}
0x2daa02	0x1802daa02	.rsrc	ascii	5iG3M.
0x2dab06	0x1802dab06	.rsrc	ascii	-#5 al
0x2dac3b	0x1802dac3b	.rsrc	ascii	6!@oD
0x2dadb1	0x1802dadb1	.rsrc	ascii	L$u"o=s
0x2dadff	0x1802dadff	.rsrc	ascii	~Ixd]9^
0x2dae26	0x1802dae26	.rsrc	ascii	R H`7b
0x2dae88	0x1802dae88	.rsrc	ascii	Qe6!A
0x2db168	0x1802db168	.rsrc	ascii	*\1>G
0x2db183	0x1802db183	.rsrc	ascii	zZ!&t
0x2db372	0x1802db372	.rsrc	ascii	t`Hn(
0x2db38b	0x1802db38b	.rsrc	ascii	%xqW_q!
0x2db4d3	0x1802db4d3	.rsrc	ascii	CuDBor
0x2db704	0x1802db704	.rsrc	ascii	MN\kU(G
0x2db780	0x1802db780	.rsrc	ascii	 .PAAFD
0x2db795	0x1802db795	.rsrc	ascii	y?_4/m*
0x2db7f8	0x1802db7f8	.rsrc	ascii	U!Gy-NL}nk5^
0x2dba27	0x1802dba27	.rsrc	ascii	X~R]w
0x2dbc10	0x1802dbc10	.rsrc	ascii	n&#LA
0x2dbc6d	0x1802dbc6d	.rsrc	ascii	Ir@@o
0x2dbd30	0x1802dbd30	.rsrc	ascii	]gU7A(G
0x2dbd40	0x1802dbd40	.rsrc	ascii	4lJ/:
0x2dbde7	0x1802dbde7	.rsrc	ascii	4Lh-^n
0x2dbe6c	0x1802dbe6c	.rsrc	ascii	2 SoFa
0x2dbf58	0x1802dbf58	.rsrc	ascii	7.>} a
0x2dbf64	0x1802dbf64	.rsrc	ascii	.[3O^
0x2dbfcc	0x1802dbfcc	.rsrc	ascii	 Do@Fb
0x2dc0ac	0x1802dc0ac	.rsrc	ascii	p;[&BkS
0x2dc20e	0x1802dc20e	.rsrc	ascii	lpy(G*@`'
0x2dc359	0x1802dc359	.rsrc	ascii	HuZ`v
0x2dc394	0x1802dc394	.rsrc	ascii	Ya{pE
0x2dc42e	0x1802dc42e	.rsrc	ascii	`2.X1
0x2dc454	0x1802dc454	.rsrc	ascii	H7a[n
0x2dc5dd	0x1802dc5dd	.rsrc	ascii	4 KoB
0x2dc652	0x1802dc652	.rsrc	ascii	6abq4
0x2dc6e1	0x1802dc6e1	.rsrc	ascii	F%d`oN
0x2dc708	0x1802dc708	.rsrc	ascii	xyYz!
0x2dc7b1	0x1802dc7b1	.rsrc	ascii	x~|dm9v
0x2dc834	0x1802dc834	.rsrc	ascii	.(EyI
0x2dc967	0x1802dc967	.rsrc	ascii	46bUb
0x2dc983	0x1802dc983	.rsrc	ascii	<^3I^_
0x2dcb66	0x1802dcb66	.rsrc	ascii	W*Kc-2
0x2dcea1	0x1802dcea1	.rsrc	ascii	01>S:
0x2dcf36	0x1802dcf36	.rsrc	ascii	R,O}tV_
0x2dd08d	0x1802dd08d	.rsrc	ascii	3`\I,
0x2dd10d	0x1802dd10d	.rsrc	ascii	4`Gz/
0x2dd1a6	0x1802dd1a6	.rsrc	ascii	S.VpV
0x2dd1c1	0x1802dd1c1	.rsrc	ascii	7WaJY
0x2dd1fb	0x1802dd1fb	.rsrc	ascii	9T\u8
0x2dd457	0x1802dd457	.rsrc	ascii	p~`yo
0x2dd4a6	0x1802dd4a6	.rsrc	ascii	f7a]h
0x2dd62f	0x1802dd62f	.rsrc	ascii	sK0/!
0x2dd691	0x1802dd691	.rsrc	ascii	Wy|j_
0x2dd93d	0x1802dd93d	.rsrc	ascii	]KK087Lt
0x2ddaaa	0x1802ddaaa	.rsrc	ascii	y A,!
0x2ddae1	0x1802ddae1	.rsrc	ascii	(I;Z7}4
0x2ddba3	0x1802ddba3	.rsrc	ascii	}OmR<
0x2ddddb	0x1802ddddb	.rsrc	ascii	wvuX:
0x2dde10	0x1802dde10	.rsrc	ascii	{aO,)
0x2ddea4	0x1802ddea4	.rsrc	ascii	e&B{ 
0x2ddf9c	0x1802ddf9c	.rsrc	ascii	\]&E:]
0x2de003	0x1802de003	.rsrc	ascii	v>n=w=
0x2de052	0x1802de052	.rsrc	ascii	oGlR\
0x2de08d	0x1802de08d	.rsrc	ascii	nA]v,F
0x2de131	0x1802de131	.rsrc	ascii	?Q7AM>n
0x2de15d	0x1802de15d	.rsrc	ascii	peD(Vj
0x2de230	0x1802de230	.rsrc	ascii	J5bQ@
0x2de2ce	0x1802de2ce	.rsrc	ascii	;2{a{V
0x2de35d	0x1802de35d	.rsrc	ascii	t:]La
0x2de456	0x1802de456	.rsrc	ascii	=LN<d
0x2de45c	0x1802de45c	.rsrc	ascii	:npZ[Iq
0x2de49a	0x1802de49a	.rsrc	ascii	e5Q}}
0x2de4e2	0x1802de4e2	.rsrc	ascii	5@I^;
0x2de51d	0x1802de51d	.rsrc	ascii	Dg7"&{
0x2de612	0x1802de612	.rsrc	ascii	jK7a[5
0x2de631	0x1802de631	.rsrc	ascii	U)!hH
0x2de800	0x1802de800	.rsrc	ascii	l\Ig7
0x2de872	0x1802de872	.rsrc	ascii	~pEo,*
0x2de960	0x1802de960	.rsrc	ascii	X$$d 0H
0x2deae1	0x1802deae1	.rsrc	ascii	6Y|/(
0x2deb04	0x1802deb04	.rsrc	ascii	psPSU
0x2dec88	0x1802dec88	.rsrc	ascii	'7UbJy
0x2def15	0x1802def15	.rsrc	ascii	Ttq 6&
0x2def45	0x1802def45	.rsrc	ascii	-KN~n
0x2def52	0x1802def52	.rsrc	ascii	C\D(&7
0x2defb3	0x1802defb3	.rsrc	ascii	Ex}o?\3%
0x2df101	0x1802df101	.rsrc	ascii	^6&[^W
0x2df159	0x1802df159	.rsrc	ascii	`zE<r
0x2df2a2	0x1802df2a2	.rsrc	ascii	9(U{R
0x2df581	0x1802df581	.rsrc	ascii	?G(F7
0x2df744	0x1802df744	.rsrc	ascii	'b`a"
0x2df927	0x1802df927	.rsrc	ascii	)6Tvu *.
0x2df968	0x1802df968	.rsrc	ascii	/g*h_
0x2dfa17	0x1802dfa17	.rsrc	ascii	0C@BwYm
0x2dfa53	0x1802dfa53	.rsrc	ascii	2+A=v
0x2dfd02	0x1802dfd02	.rsrc	ascii	P\=1W
0x2dfddb	0x1802dfddb	.rsrc	ascii	+yq$H
0x2dfe6a	0x1802dfe6a	.rsrc	ascii	mY"NC
0x2dfebd	0x1802dfebd	.rsrc	ascii	9X>i8F
0x2dffb7	0x1802dffb7	.rsrc	ascii	$0sY,
0x2e0071	0x1802e0071	.rsrc	ascii	v4y1|vs
0x2e00f5	0x1802e00f5	.rsrc	ascii	/Gw-De
0x2e0292	0x1802e0292	.rsrc	ascii	yye(+
0x2e031b	0x1802e031b	.rsrc	ascii	,>XlL
0x2e04c7	0x1802e04c7	.rsrc	ascii	D]2:S
0x2e04e1	0x1802e04e1	.rsrc	ascii	+FTZ`
0x2e05b7	0x1802e05b7	.rsrc	ascii	n(,0D
0x2e061b	0x1802e061b	.rsrc	ascii	EqnD&
0x2e06ea	0x1802e06ea	.rsrc	ascii	Twm{6
0x2e092c	0x1802e092c	.rsrc	ascii	f2!-!
0x2e0b68	0x1802e0b68	.rsrc	ascii	'W 6{P
0x2e0c0b	0x1802e0c0b	.rsrc	ascii	'aXI6J
0x2e0dd7	0x1802e0dd7	.rsrc	ascii	IDdF}
0x2e0eee	0x1802e0eee	.rsrc	ascii	tM9VV
0x2e104b	0x1802e104b	.rsrc	ascii	+phyI
0x2e10bf	0x1802e10bf	.rsrc	ascii	#In?s
0x2e1122	0x1802e1122	.rsrc	ascii	m6$)v
0x2e11e9	0x1802e11e9	.rsrc	ascii	$4ME]
0x2e135b	0x1802e135b	.rsrc	ascii	i1.Z9
0x2e1559	0x1802e1559	.rsrc	ascii	xxxm9
0x2e15b6	0x1802e15b6	.rsrc	ascii	;{=6n
0x2e16ad	0x1802e16ad	.rsrc	ascii	zbnq$
0x2e16da	0x1802e16da	.rsrc	ascii	E>(G5b
0x2e1770	0x1802e1770	.rsrc	ascii	?~V8M
0x2e17a0	0x1802e17a0	.rsrc	ascii	yAgQR
0x2e1950	0x1802e1950	.rsrc	ascii	7TbfU
0x2e19a9	0x1802e19a9	.rsrc	ascii	2TT5Ig
0x2e1a80	0x1802e1a80	.rsrc	ascii	-(X(<
0x2e1c39	0x1802e1c39	.rsrc	ascii	tE":6
0x2e1c60	0x1802e1c60	.rsrc	ascii	/h_Sf3
0x2e1cc2	0x1802e1cc2	.rsrc	ascii	I5brE
0x2e1e09	0x1802e1e09	.rsrc	ascii	.YQ]V
0x2e1eb8	0x1802e1eb8	.rsrc	ascii	m%7.20
0x2e1f53	0x1802e1f53	.rsrc	ascii	0>I:;N
0x2e1ff6	0x1802e1ff6	.rsrc	ascii	;2]8t<>
0x2e2042	0x1802e2042	.rsrc	ascii	^1U%&
0x2e2106	0x1802e2106	.rsrc	ascii	D4&+r~
0x2e2140	0x1802e2140	.rsrc	ascii	6X<mz
0x2e21db	0x1802e21db	.rsrc	ascii	9xjk]
0x2e2291	0x1802e2291	.rsrc	ascii	oSeHD;a
0x2e233c	0x1802e233c	.rsrc	ascii	*/b>B
0x2e23d0	0x1802e23d0	.rsrc	ascii	PgV }
0x2e242e	0x1802e242e	.rsrc	ascii	FMX&8
0x2e24e0	0x1802e24e0	.rsrc	ascii	*dV/Q
0x2e2618	0x1802e2618	.rsrc	ascii	H@O IxX
0x2e26ad	0x1802e26ad	.rsrc	ascii	.[5X8
0x2e286a	0x1802e286a	.rsrc	ascii	9q=uj]
0x2e2982	0x1802e2982	.rsrc	ascii	I4y}1
0x2e2a18	0x1802e2a18	.rsrc	ascii	%9a|c
0x2e2ab2	0x1802e2ab2	.rsrc	ascii	E#$Mo
0x2e2aba	0x1802e2aba	.rsrc	ascii	q.(uaB
0x2e2c28	0x1802e2c28	.rsrc	ascii	EtU>f$
0x2e2d11	0x1802e2d11	.rsrc	ascii	b9T:\
0x2e2f4b	0x1802e2f4b	.rsrc	ascii	a8gq%^
0x2e300a	0x1802e300a	.rsrc	ascii	VDj'%a9
0x2e3090	0x1802e3090	.rsrc	ascii	%g%&_>^H
0x2e3131	0x1802e3131	.rsrc	ascii	v.HZj3
0x2e31ab	0x1802e31ab	.rsrc	ascii	!P8VH
0x2e327c	0x1802e327c	.rsrc	ascii	b}QDq*
0x2e3283	0x1802e3283	.rsrc	ascii	8gfa8
0x2e3305	0x1802e3305	.rsrc	ascii	X)"QYKZ&9
0x2e3371	0x1802e3371	.rsrc	ascii	^!YZT
0x2e345e	0x1802e345e	.rsrc	ascii	t9ysk
0x2e347c	0x1802e347c	.rsrc	ascii	%xqgC
0x2e34c8	0x1802e34c8	.rsrc	ascii	*Q`WfV=
0x2e3683	0x1802e3683	.rsrc	ascii	L+v`r
0x2e3701	0x1802e3701	.rsrc	ascii	)Xa4+P
0x2e3775	0x1802e3775	.rsrc	ascii	s4s-H^
0x2e377c	0x1802e377c	.rsrc	ascii	a9RjD
0x2e3808	0x1802e3808	.rsrc	ascii	tB;qP#
0x2e386b	0x1802e386b	.rsrc	ascii	5y]o 
0x2e396c	0x1802e396c	.rsrc	ascii	T0i/Z
0x2e3972	0x1802e3972	.rsrc	ascii	aOxuo3
0x2e39e7	0x1802e39e7	.rsrc	ascii	i ax|k=
0x2e3bb8	0x1802e3bb8	.rsrc	ascii	)ucd*
0x2e3bda	0x1802e3bda	.rsrc	ascii	 M+T5
0x2e3c2d	0x1802e3c2d	.rsrc	ascii	"I .Y>
0x2e3c9b	0x1802e3c9b	.rsrc	ascii	J RH 
0x2e3cca	0x1802e3cca	.rsrc	ascii	/<r+v
0x2e3d59	0x1802e3d59	.rsrc	ascii	"M1&4
0x2e3dc6	0x1802e3dc6	.rsrc	ascii	^W`B3s
0x2e3e68	0x1802e3e68	.rsrc	ascii	t~X6Q
0x2e3ec4	0x1802e3ec4	.rsrc	ascii	IEMvN
0x2e3ed1	0x1802e3ed1	.rsrc	ascii	|IKBT
0x2e3fcf	0x1802e3fcf	.rsrc	ascii	lD3%&
0x2e4014	0x1802e4014	.rsrc	ascii	6V;gq
0x2e4159	0x1802e4159	.rsrc	ascii	A[Y?F
0x2e4211	0x1802e4211	.rsrc	ascii	#Sy?~
0x2e4366	0x1802e4366	.rsrc	ascii	x9<ADN
0x2e44cb	0x1802e44cb	.rsrc	ascii	lLG_MH
0x2e45ae	0x1802e45ae	.rsrc	ascii	$cz/H
0x2e4626	0x1802e4626	.rsrc	ascii	j<2f1
0x2e4791	0x1802e4791	.rsrc	ascii	,q\Z>
0x2e4817	0x1802e4817	.rsrc	ascii	bbsN=rL.
0x2e490a	0x1802e490a	.rsrc	ascii	H0/Ar
0x2e4971	0x1802e4971	.rsrc	ascii	8fJ36
0x2e4979	0x1802e4979	.rsrc	ascii	Z9(Vh
0x2e49c6	0x1802e49c6	.rsrc	ascii	y;qR!&
0x2e4b74	0x1802e4b74	.rsrc	ascii	'lQqi
0x2e4da2	0x1802e4da2	.rsrc	ascii	bL*r`T@B
0x2e4dd5	0x1802e4dd5	.rsrc	ascii	"?!P<
0x2e4e5e	0x1802e4e5e	.rsrc	ascii	d'lC2
0x2e4ec4	0x1802e4ec4	.rsrc	ascii	B_HBO9
0x2e4f5b	0x1802e4f5b	.rsrc	ascii	CGb5(`
0x2e4f94	0x1802e4f94	.rsrc	ascii	+a\/I
0x2e507e	0x1802e507e	.rsrc	ascii	vL-t~
0x2e508d	0x1802e508d	.rsrc	ascii	1#:4c
0x2e51fc	0x1802e51fc	.rsrc	ascii	/upNy
0x2e5254	0x1802e5254	.rsrc	ascii	#vq1D
0x2e530e	0x1802e530e	.rsrc	ascii	Kt!~a
0x2e53a7	0x1802e53a7	.rsrc	ascii	Z35v\f
0x2e5429	0x1802e5429	.rsrc	ascii	WIlNs4p
0x2e559a	0x1802e559a	.rsrc	ascii	%IXju
0x2e5793	0x1802e5793	.rsrc	ascii	c$I8gq%
0x2e57ab	0x1802e57ab	.rsrc	ascii	Gm)Qki
0x2e58ed	0x1802e58ed	.rsrc	ascii	^6S#8
0x2e5999	0x1802e5999	.rsrc	ascii	4>WTib
0x2e59e7	0x1802e59e7	.rsrc	ascii	,iEz_eG
0x2e5a0d	0x1802e5a0d	.rsrc	ascii	(^vw;I
0x2e5a17	0x1802e5a17	.rsrc	ascii	}(Xv/2
0x2e5a9c	0x1802e5a9c	.rsrc	ascii	c7f-t
0x2e5b7c	0x1802e5b7c	.rsrc	ascii	@m6Wq
0x2e5c9f	0x1802e5c9f	.rsrc	ascii	d&CbMU
0x2e5cc1	0x1802e5cc1	.rsrc	ascii	GOH2F&0ww
0x2e5d4b	0x1802e5d4b	.rsrc	ascii	y|F24"
0x2e5e54	0x1802e5e54	.rsrc	ascii	=<Ezqa
0x2e601c	0x1802e601c	.rsrc	ascii	`ielN
0x2e6095	0x1802e6095	.rsrc	ascii	$aK]*
0x2e6108	0x1802e6108	.rsrc	ascii	Z]$$&
0x2e62b7	0x1802e62b7	.rsrc	ascii	0?nY3
0x2e635f	0x1802e635f	.rsrc	ascii	$Or\t:J<&
0x2e65dc	0x1802e65dc	.rsrc	ascii	1#;mC
0x2e660d	0x1802e660d	.rsrc	ascii	pXYyg
0x2e6630	0x1802e6630	.rsrc	ascii	U?%8ke
0x2e67e4	0x1802e67e4	.rsrc	ascii	#*%Ux
0x2e6886	0x1802e6886	.rsrc	ascii	IBNA3r
0x2e6a15	0x1802e6a15	.rsrc	ascii	sV)Y6
0x2e6a1d	0x1802e6a1d	.rsrc	ascii	F]E;x|
0x2e6aac	0x1802e6aac	.rsrc	ascii	&?zBI
0x2e6bbb	0x1802e6bbb	.rsrc	ascii	fqos\
0x2e6dbf	0x1802e6dbf	.rsrc	ascii	/BnTy
0x2e6dc7	0x1802e6dc7	.rsrc	ascii	^t7rjV
0x2e6eed	0x1802e6eed	.rsrc	ascii	{r3{#t
0x2e7008	0x1802e7008	.rsrc	ascii	71_$d
0x2e70fd	0x1802e70fd	.rsrc	ascii	F<|Z=
0x2e71b2	0x1802e71b2	.rsrc	ascii	bHh-N
0x2e71f8	0x1802e71f8	.rsrc	ascii	 6Hn!
0x2e72c9	0x1802e72c9	.rsrc	ascii	;.?jH
0x2e7311	0x1802e7311	.rsrc	ascii	0{g'g
0x2e7320	0x1802e7320	.rsrc	ascii	Qk17m(.
0x2e73e7	0x1802e73e7	.rsrc	ascii	A8wj)
0x2e7414	0x1802e7414	.rsrc	ascii	;9TJ*
0x2e7444	0x1802e7444	.rsrc	ascii	^z1>H)
0x2e7459	0x1802e7459	.rsrc	ascii	i8Wra{
0x2e7494	0x1802e7494	.rsrc	ascii	|IE{N
0x2e7500	0x1802e7500	.rsrc	ascii	HD$4B
0x2e754c	0x1802e754c	.rsrc	ascii	adHt"
0x2e7594	0x1802e7594	.rsrc	ascii	&Qcrl
0x2e774b	0x1802e774b	.rsrc	ascii	`WS.._5HDB^?
0x2e7825	0x1802e7825	.rsrc	ascii	b1SbbmM
0x2e7895	0x1802e7895	.rsrc	ascii	<N*PK
0x2e7930	0x1802e7930	.rsrc	ascii	:OH=A#
0x2e7a6e	0x1802e7a6e	.rsrc	ascii	r<xj-
0x2e7d40	0x1802e7d40	.rsrc	ascii	2|>c6~Q?
0x2e7ea1	0x1802e7ea1	.rsrc	ascii	)x|k}TB$H
0x2e802d	0x1802e802d	.rsrc	ascii	<F3f9
0x2e80f9	0x1802e80f9	.rsrc	ascii	R(Vjb
0x2e81ed	0x1802e81ed	.rsrc	ascii	lCnA3rf_!
0x2e8209	0x1802e8209	.rsrc	ascii	(\x#<
0x2e821b	0x1802e821b	.rsrc	ascii	)Y0TH
0x2e82e0	0x1802e82e0	.rsrc	ascii	C+MK2
0x2e8304	0x1802e8304	.rsrc	ascii	E.;]w
0x2e8338	0x1802e8338	.rsrc	ascii	58hyj~
0x2e836f	0x1802e836f	.rsrc	ascii	A]2'6
0x2e84f6	0x1802e84f6	.rsrc	ascii	P0:]FE
0x2e858e	0x1802e858e	.rsrc	ascii	J<>s*
0x2e87c0	0x1802e87c0	.rsrc	ascii	))6LJ
0x2e882c	0x1802e882c	.rsrc	ascii	Oz1~9b
0x2e8984	0x1802e8984	.rsrc	ascii	A9>V\
0x2e8b13	0x1802e8b13	.rsrc	ascii	H)xSf
0x2e8c28	0x1802e8c28	.rsrc	ascii	-nq;D
0x2e8d81	0x1802e8d81	.rsrc	ascii	ifg'G
0x2e8dda	0x1802e8dda	.rsrc	ascii	]GZ9F:
0x2e8f2b	0x1802e8f2b	.rsrc	ascii	vlF4X5
0x2e8fbb	0x1802e8fbb	.rsrc	ascii	DrqOQ
0x2e919f	0x1802e919f	.rsrc	ascii	r(Jz(5
0x2e9254	0x1802e9254	.rsrc	ascii	f-Nsd
0x2e925a	0x1802e925a	.rsrc	ascii	M)xP+w
0x2e9293	0x1802e9293	.rsrc	ascii	VBxLV
0x2e929c	0x1802e929c	.rsrc	ascii	WDT"U
0x2e9363	0x1802e9363	.rsrc	ascii	fCB[zb
0x2e942d	0x1802e942d	.rsrc	ascii	"P&56
0x2e94ad	0x1802e94ad	.rsrc	ascii	%I7#{
0x2e952b	0x1802e952b	.rsrc	ascii	X\Xov
0x2e95f6	0x1802e95f6	.rsrc	ascii	XLh4+
0x2e96ab	0x1802e96ab	.rsrc	ascii	~my6,
0x2e96ef	0x1802e96ef	.rsrc	ascii	+bJ*N
0x2e977d	0x1802e977d	.rsrc	ascii	JH4g{%b
0x2e983c	0x1802e983c	.rsrc	ascii	$>;42
0x2e9983	0x1802e9983	.rsrc	ascii	-n8L.
0x2e9a40	0x1802e9a40	.rsrc	ascii	m<$!g[<8
0x2e9b89	0x1802e9b89	.rsrc	ascii	uT5p5
0x2e9d66	0x1802e9d66	.rsrc	ascii	9[*nS
0x2e9d7f	0x1802e9d7f	.rsrc	ascii	S,.<#
0x2e9db9	0x1802e9db9	.rsrc	ascii	'~>rh
0x2e9dc0	0x1802e9dc0	.rsrc	ascii	xD!nq
0x2e9e0d	0x1802e9e0d	.rsrc	ascii	nwNroA
0x2e9ebe	0x1802e9ebe	.rsrc	ascii	~j?P~3N
0x2ea033	0x1802ea033	.rsrc	ascii	aw3nX5HD
0x2ea0a4	0x1802ea0a4	.rsrc	ascii	wyeO#
0x2ea318	0x1802ea318	.rsrc	ascii	%r{:u
0x2ea3e5	0x1802ea3e5	.rsrc	ascii	D>/_UR
0x2ea4cb	0x1802ea4cb	.rsrc	ascii	EN,(s
0x2ea536	0x1802ea536	.rsrc	ascii	3V0bS2
0x2ea6a9	0x1802ea6a9	.rsrc	ascii	}-1US
0x2ea6d5	0x1802ea6d5	.rsrc	ascii	cvd.rt
0x2ea6dc	0x1802ea6dc	.rsrc	ascii	"L/t`Z
0x2ea727	0x1802ea727	.rsrc	ascii	Nl/*)8
0x2ea8f7	0x1802ea8f7	.rsrc	ascii	,ED/&
0x2ea9e0	0x1802ea9e0	.rsrc	ascii	y`yTF
0x2eab46	0x1802eab46	.rsrc	ascii	>UkL&
0x2eab88	0x1802eab88	.rsrc	ascii	-o6~1
0x2eacaf	0x1802eacaf	.rsrc	ascii	q*uaj
0x2eae31	0x1802eae31	.rsrc	ascii	Om<]h 
0x2eae58	0x1802eae58	.rsrc	ascii	\8eLXj
0x2eaedb	0x1802eaedb	.rsrc	ascii	Q5Yhae#s
0x2eaf12	0x1802eaf12	.rsrc	ascii	r8B[]
0x2eaf38	0x1802eaf38	.rsrc	ascii	aJHBn
0x2eafdc	0x1802eafdc	.rsrc	ascii	$)L z
0x2eb301	0x1802eb301	.rsrc	ascii	&QHO4al
0x2eb3c0	0x1802eb3c0	.rsrc	ascii	18h}ma
0x2eb403	0x1802eb403	.rsrc	ascii	bKkn8
0x2eb4b2	0x1802eb4b2	.rsrc	ascii	 AxAI
0x2eb5a9	0x1802eb5a9	.rsrc	ascii	:{FaXJ
0x2eb601	0x1802eb601	.rsrc	ascii	}g#.YP
0x2eb672	0x1802eb672	.rsrc	ascii	I[Mdu
0x2eb6d5	0x1802eb6d5	.rsrc	ascii	BztnC
0x2eb6fe	0x1802eb6fe	.rsrc	ascii	3p(C+bq
0x2eb767	0x1802eb767	.rsrc	ascii	J\":2/,ua
0x2eb773	0x1802eb773	.rsrc	ascii	n8Rur
0x2eb821	0x1802eb821	.rsrc	ascii	axFWXn
0x2eb85c	0x1802eb85c	.rsrc	ascii	i/7 p
0x2eb972	0x1802eb972	.rsrc	ascii	D|0x}O
0x2eb9c9	0x1802eb9c9	.rsrc	ascii	sm8nb>
0x2eba3c	0x1802eba3c	.rsrc	ascii	B#2^mB
0x2eba6d	0x1802eba6d	.rsrc	ascii	~(xUQ
0x2ebabf	0x1802ebabf	.rsrc	ascii	+BhR$
0x2ebb3b	0x1802ebb3b	.rsrc	ascii	91Wt&
0x2ebc41	0x1802ebc41	.rsrc	ascii	iIjyT
0x2ebcf6	0x1802ebcf6	.rsrc	ascii	/ZRpN
0x2ebd25	0x1802ebd25	.rsrc	ascii	 -EI<yR
0x2ebe51	0x1802ebe51	.rsrc	ascii	aT;3s
0x2ebee0	0x1802ebee0	.rsrc	ascii	qf;Xn
0x2ebfb2	0x1802ebfb2	.rsrc	ascii	l<zr4
0x2ebfc3	0x1802ebfc3	.rsrc	ascii	'wO-r
0x2ebfe5	0x1802ebfe5	.rsrc	ascii	`R0#<I
0x2ec02e	0x1802ec02e	.rsrc	ascii	:gY<8
0x2ec0b4	0x1802ec0b4	.rsrc	ascii	'' #9
0x2ec14e	0x1802ec14e	.rsrc	ascii	o{u$a{%
0x2ec25a	0x1802ec25a	.rsrc	ascii	VRD4a
0x2ec2d9	0x1802ec2d9	.rsrc	ascii	HH6`@
0x2ec33b	0x1802ec33b	.rsrc	ascii	TM;Vd
0x2ec374	0x1802ec374	.rsrc	ascii	_>r&V-
0x2ec393	0x1802ec393	.rsrc	ascii	j%\{}t
0x2ec4ff	0x1802ec4ff	.rsrc	ascii	A$(Eb}
0x2ec5c1	0x1802ec5c1	.rsrc	ascii	'0iwL
0x2ec659	0x1802ec659	.rsrc	ascii	&&J-yY?
0x2ec66a	0x1802ec66a	.rsrc	ascii	$/N0;
0x2ec6dd	0x1802ec6dd	.rsrc	ascii	 izMI
0x2ec6f0	0x1802ec6f0	.rsrc	ascii	(*@q^
0x2ec769	0x1802ec769	.rsrc	ascii	W}3~h
0x2ec7f4	0x1802ec7f4	.rsrc	ascii	h2&Vrb$A
0x2ec851	0x1802ec851	.rsrc	ascii	3;Db^
0x2ec914	0x1802ec914	.rsrc	ascii	@$aOu
0x2ec9b2	0x1802ec9b2	.rsrc	ascii	wfN@K
0x2ecb86	0x1802ecb86	.rsrc	ascii	E/]X&
0x2ecbce	0x1802ecbce	.rsrc	ascii	:[DTe4^
0x2ecbe9	0x1802ecbe9	.rsrc	ascii	r4(6L1
0x2eccac	0x1802eccac	.rsrc	ascii	eEE(-*DZJ
0x2ece87	0x1802ece87	.rsrc	ascii	XCp}W
0x2ecec9	0x1802ecec9	.rsrc	ascii	9@QTT
0x2ecf87	0x1802ecf87	.rsrc	ascii	[u A`
0x2ed033	0x1802ed033	.rsrc	ascii	EpGvE
0x2ed0d8	0x1802ed0d8	.rsrc	ascii	Da\u%z
0x2ed182	0x1802ed182	.rsrc	ascii	M~'v11
0x2ed1ef	0x1802ed1ef	.rsrc	ascii	8urgK
0x2ed285	0x1802ed285	.rsrc	ascii	Dh[wd
0x2ed2fc	0x1802ed2fc	.rsrc	ascii	J|^q.\)G
0x2ed6a2	0x1802ed6a2	.rsrc	ascii	'j\T!
0x2ed798	0x1802ed798	.rsrc	ascii	r4%n`
0x2ed7e3	0x1802ed7e3	.rsrc	ascii	+alRBXA
0x2eda43	0x1802eda43	.rsrc	ascii	&&*&&+
0x2edab1	0x1802edab1	.rsrc	ascii	m>[h{
0x2edb9b	0x1802edb9b	.rsrc	ascii	seGDo
0x2ede7e	0x1802ede7e	.rsrc	ascii	_cKRme
0x2edf78	0x1802edf78	.rsrc	ascii	%.$G69xp
0x2edfeb	0x1802edfeb	.rsrc	ascii	),k&I x
0x2ee089	0x1802ee089	.rsrc	ascii	NP?1;e
0x2ee0b0	0x1802ee0b0	.rsrc	ascii	MkWc`
0x2ee104	0x1802ee104	.rsrc	ascii	[mxa!
0x2ee119	0x1802ee119	.rsrc	ascii	l?j+"
0x2ee184	0x1802ee184	.rsrc	ascii	SPsmO
0x2ee2da	0x1802ee2da	.rsrc	ascii	sp{y~
0x2ee4b1	0x1802ee4b1	.rsrc	ascii	d_:!5
0x2ee4d3	0x1802ee4d3	.rsrc	ascii	#t^9:?U
0x2ee542	0x1802ee542	.rsrc	ascii	U?3RB
0x2ee5b5	0x1802ee5b5	.rsrc	ascii	rtCu1
0x2ee68a	0x1802ee68a	.rsrc	ascii	>8{A9N
0x2ee861	0x1802ee861	.rsrc	ascii	#$K_1I
0x2ee95b	0x1802ee95b	.rsrc	ascii	&lLfY%h(I
0x2ee96d	0x1802ee96d	.rsrc	ascii	[e#lr
0x2ee9de	0x1802ee9de	.rsrc	ascii	:Lb"af
0x2eea7b	0x1802eea7b	.rsrc	ascii	D0:,&
0x2eeb67	0x1802eeb67	.rsrc	ascii	f/S"xF
0x2eec78	0x1802eec78	.rsrc	ascii	0R8jT
0x2eed5e	0x1802eed5e	.rsrc	ascii	8kFW\
0x2ef167	0x1802ef167	.rsrc	ascii	<W.SbY
0x2ef20f	0x1802ef20f	.rsrc	ascii	:j$^<
0x2ef27e	0x1802ef27e	.rsrc	ascii	7>Q6p
0x2ef2ed	0x1802ef2ed	.rsrc	ascii	EEE^A
0x2ef6b0	0x1802ef6b0	.rsrc	ascii	+['X&aY
0x2ef6be	0x1802ef6be	.rsrc	ascii	{{h5b
0x2ef956	0x1802ef956	.rsrc	ascii	A8fj7
0x2efc9e	0x1802efc9e	.rsrc	ascii	!Z~xC
0x2efcc6	0x1802efcc6	.rsrc	ascii	,H,lp
0x2efcf9	0x1802efcf9	.rsrc	ascii	?Qcb0
0x2efd41	0x1802efd41	.rsrc	ascii	zQ$3V
0x2efdab	0x1802efdab	.rsrc	ascii	I)H~_
0x2eff2a	0x1802eff2a	.rsrc	ascii	#X;$&
0x2efff0	0x1802efff0	.rsrc	ascii	usaW-
0x2f00f3	0x1802f00f3	.rsrc	ascii	3ZoYj;y
0x2f0329	0x1802f0329	.rsrc	ascii	k.(Fe
0x2f033f	0x1802f033f	.rsrc	ascii	d8aU6
0x2f034c	0x1802f034c	.rsrc	ascii	#LbEe
0x2f03da	0x1802f03da	.rsrc	ascii	w2N11Q2p
0x2f0456	0x1802f0456	.rsrc	ascii	PVrNA
0x2f04f9	0x1802f04f9	.rsrc	ascii	#G`Ie)
0x2f068a	0x1802f068a	.rsrc	ascii	wBQ355
0x2f073a	0x1802f073a	.rsrc	ascii	FdIFU
0x2f079a	0x1802f079a	.rsrc	ascii	C8ca9^;w
0x2f085b	0x1802f085b	.rsrc	ascii	 zroDv
0x2f086e	0x1802f086e	.rsrc	ascii	,.C`n
0x2f098a	0x1802f098a	.rsrc	ascii	xTKa+
0x2f0a15	0x1802f0a15	.rsrc	ascii	^=oa;
0x2f0ab7	0x1802f0ab7	.rsrc	ascii	[Z1>2J
0x2f0ac2	0x1802f0ac2	.rsrc	ascii	Mn+Fc
0x2f0b3d	0x1802f0b3d	.rsrc	ascii	(yu,Jv
0x2f0cbe	0x1802f0cbe	.rsrc	ascii	9JTLxe
0x2f0dfd	0x1802f0dfd	.rsrc	ascii	R7\([]
0x2f0e8d	0x1802f0e8d	.rsrc	ascii	`1*?\
0x2f144b	0x1802f144b	.rsrc	ascii	 ~n?!|
0x2f14c1	0x1802f14c1	.rsrc	ascii	#\"f+t
0x2f14d9	0x1802f14d9	.rsrc	ascii	F-Zw]$
0x2f15ca	0x1802f15ca	.rsrc	ascii	M5a_ 
0x2f17a4	0x1802f17a4	.rsrc	ascii	0K2D[
0x2f17c4	0x1802f17c4	.rsrc	ascii	^YEx9[
0x2f198a	0x1802f198a	.rsrc	ascii	k0~QV
0x2f199e	0x1802f199e	.rsrc	ascii	1I`/9
0x2f1bb0	0x1802f1bb0	.rsrc	ascii	^3vM>
0x2f1bc1	0x1802f1bc1	.rsrc	ascii	i"i>p
0x2f1cb3	0x1802f1cb3	.rsrc	ascii	s@*E,
0x2f1d02	0x1802f1d02	.rsrc	ascii	(LbnZ(n
0x2f1d0e	0x1802f1d0e	.rsrc	ascii	en5z_
0x2f1e0b	0x1802f1e0b	.rsrc	ascii	ST8Q2p
0x2f1f8e	0x1802f1f8e	.rsrc	ascii	1F6v[
0x2f20e8	0x1802f20e8	.rsrc	ascii	5xghq
0x2f217b	0x1802f217b	.rsrc	ascii	|p?=nX6
0x2f21fb	0x1802f21fb	.rsrc	ascii	(N~w<
0x2f2234	0x1802f2234	.rsrc	ascii	9jD|GMM~
0x2f2302	0x1802f2302	.rsrc	ascii	 j:6<H
0x2f231d	0x1802f231d	.rsrc	ascii	EYo|9c
0x2f23d0	0x1802f23d0	.rsrc	ascii	$d'j'
0x2f2a5a	0x1802f2a5a	.rsrc	ascii	jt}u"
0x2f2ab5	0x1802f2ab5	.rsrc	ascii	V{&d5H
0x2f2cde	0x1802f2cde	.rsrc	ascii	+=7[i
0x2f2e3d	0x1802f2e3d	.rsrc	ascii	#6XDa
0x2f2e4a	0x1802f2e4a	.rsrc	ascii	D!oxR
0x2f3160	0x1802f3160	.rsrc	ascii	ruunx!
0x2f3200	0x1802f3200	.rsrc	ascii	ABbc7b
0x2f3375	0x1802f3375	.rsrc	ascii	"rdwD
0x2f3440	0x1802f3440	.rsrc	ascii	}G3cu
0x2f3473	0x1802f3473	.rsrc	ascii	,Z~l="
0x2f34ed	0x1802f34ed	.rsrc	ascii	4}8P=
0x2f355a	0x1802f355a	.rsrc	ascii	(]L(=
0x2f35d4	0x1802f35d4	.rsrc	ascii	5(}5K>
0x2f362c	0x1802f362c	.rsrc	ascii	JV\l#w
0x2f368b	0x1802f368b	.rsrc	ascii	UI/|>a*
0x2f36f4	0x1802f36f4	.rsrc	ascii	mFl/:r
0x2f378d	0x1802f378d	.rsrc	ascii	{#zv_
0x2f37cf	0x1802f37cf	.rsrc	ascii	&_p2j:x
0x2f37d9	0x1802f37d9	.rsrc	ascii	'1C20MT
0x2f37e9	0x1802f37e9	.rsrc	ascii	QCNG\Dx
0x2f3917	0x1802f3917	.rsrc	ascii	kZp>2
0x2f3942	0x1802f3942	.rsrc	ascii	WvBd{wD
0x2f3abc	0x1802f3abc	.rsrc	ascii	Epy'$n
0x2f3c0e	0x1802f3c0e	.rsrc	ascii	lRQG&,
0x2f3cda	0x1802f3cda	.rsrc	ascii	gQ3Gb
0x2f3d1c	0x1802f3d1c	.rsrc	ascii	bz1~3`$
0x2f3d7d	0x1802f3d7d	.rsrc	ascii	.NDvCR}0
0x2f3dbc	0x1802f3dbc	.rsrc	ascii	Q!`v.
0x2f3f63	0x1802f3f63	.rsrc	ascii	gIBI]%
0x2f3fb9	0x1802f3fb9	.rsrc	ascii	~`dDk
0x2f40ab	0x1802f40ab	.rsrc	ascii	T{UTy
0x2f4149	0x1802f4149	.rsrc	ascii	nNFyI
0x2f42c7	0x1802f42c7	.rsrc	ascii	!/Y(bU
0x2f4362	0x1802f4362	.rsrc	ascii	I,U#x}?i
0x2f43fd	0x1802f43fd	.rsrc	ascii	t;_c_
0x2f442d	0x1802f442d	.rsrc	ascii	y;Kp^4
0x2f444b	0x1802f444b	.rsrc	ascii	zD![U
0x2f44d1	0x1802f44d1	.rsrc	ascii	NL]nL
0x2f45b8	0x1802f45b8	.rsrc	ascii	RLAhSWd
0x2f4609	0x1802f4609	.rsrc	ascii	Y$aWuA
0x2f464c	0x1802f464c	.rsrc	ascii	(n`KVv
0x2f4773	0x1802f4773	.rsrc	ascii	W +A14
0x2f486d	0x1802f486d	.rsrc	ascii	jE`EG!
0x2f4b4f	0x1802f4b4f	.rsrc	ascii	!x}VM
0x2f4c33	0x1802f4c33	.rsrc	ascii	,^89g
0x2f4d3f	0x1802f4d3f	.rsrc	ascii	6QxFOc
0x2f4eb0	0x1802f4eb0	.rsrc	ascii	*lTM1
0x2f5047	0x1802f5047	.rsrc	ascii	Qy;k7r
0x2f53a2	0x1802f53a2	.rsrc	ascii	\9{XKb
0x2f5488	0x1802f5488	.rsrc	ascii	(NQ#b
0x2f5497	0x1802f5497	.rsrc	ascii	.-!&4
0x2f55c5	0x1802f55c5	.rsrc	ascii	s=bUa
0x2f56ff	0x1802f56ff	.rsrc	ascii	m=B)T
0x2f579f	0x1802f579f	.rsrc	ascii	Ol/Jt
0x2f5dcf	0x1802f5dcf	.rsrc	ascii	(V+a<
0x2f5e50	0x1802f5e50	.rsrc	ascii	[h/j6DBn
0x2f5e91	0x1802f5e91	.rsrc	ascii	RZd6$j
0x2f5f1f	0x1802f5f1f	.rsrc	ascii	YQ 4"
0x2f607c	0x1802f607c	.rsrc	ascii	 Q0#e
0x2f6148	0x1802f6148	.rsrc	ascii	%xTOa
0x2f61a5	0x1802f61a5	.rsrc	ascii	 Y8{%
0x2f6205	0x1802f6205	.rsrc	ascii	JkS \
0x2f62b6	0x1802f62b6	.rsrc	ascii	Z9 f2
0x2f6385	0x1802f6385	.rsrc	ascii	+m}]n
0x2f63eb	0x1802f63eb	.rsrc	ascii	H'|>u
0x2f6437	0x1802f6437	.rsrc	ascii	JH\\yQ
0x2f6446	0x1802f6446	.rsrc	ascii	*ojt2
0x2f6464	0x1802f6464	.rsrc	ascii	d"YdMNf
0x2f64a4	0x1802f64a4	.rsrc	ascii	IQ]3Jq
0x2f64f7	0x1802f64f7	.rsrc	ascii	q<b[Q
0x2f659d	0x1802f659d	.rsrc	ascii	2~2~QV.
0x2f65e1	0x1802f65e1	.rsrc	ascii	|-&QL
0x2f6607	0x1802f6607	.rsrc	ascii	F60A2p
0x2f66d8	0x1802f66d8	.rsrc	ascii	T#xHK
0x2f68ff	0x1802f68ff	.rsrc	ascii	D8/AM
0x2f6a1a	0x1802f6a1a	.rsrc	ascii	t1kAT
0x2f6a43	0x1802f6a43	.rsrc	ascii	NX"HB.Q
0x2f6b04	0x1802f6b04	.rsrc	ascii	H::*&
0x2f6b60	0x1802f6b60	.rsrc	ascii	T!^6E
0x2f6d89	0x1802f6d89	.rsrc	ascii	22xXK
0x2f6dbb	0x1802f6dbb	.rsrc	ascii	j}*6KA<#
0x2f6e1e	0x1802f6e1e	.rsrc	ascii	4\U Q
0x2f6e76	0x1802f6e76	.rsrc	ascii	N#Sw|
0x2f6eac	0x1802f6eac	.rsrc	ascii	Q8;7!
0x2f6f00	0x1802f6f00	.rsrc	ascii	YYxHK
0x2f6f06	0x1802f6f06	.rsrc	ascii	:5&VN
0x2f6f60	0x1802f6f60	.rsrc	ascii	Z20Q1
0x2f6faa	0x1802f6faa	.rsrc	ascii	mBt%b
0x2f701c	0x1802f701c	.rsrc	ascii	*[Qxrp
0x2f7043	0x1802f7043	.rsrc	ascii	G6Q q
0x2f736e	0x1802f736e	.rsrc	ascii	MQ9t>
0x2f74ca	0x1802f74ca	.rsrc	ascii	Fu0%|
0x2f761b	0x1802f761b	.rsrc	ascii	7kq!^
0x2f76b9	0x1802f76b9	.rsrc	ascii	e'yg{
0x2f76c4	0x1802f76c4	.rsrc	ascii	pDb%a
0x2f77a5	0x1802f77a5	.rsrc	ascii	Ywwww7va
0x2f7938	0x1802f7938	.rsrc	ascii	(P{0{
0x2f796c	0x1802f796c	.rsrc	ascii	a02xIh
0x2f79e5	0x1802f79e5	.rsrc	ascii	cNHCR
0x2f7c67	0x1802f7c67	.rsrc	ascii	6),5:
0x2f7c89	0x1802f7c89	.rsrc	ascii	j{HB!Q
0x2f7d32	0x1802f7d32	.rsrc	ascii	wsTFet
0x2f7e18	0x1802f7e18	.rsrc	ascii	bUcF>;
0x2f7ea8	0x1802f7ea8	.rsrc	ascii	h{Zz.:
0x2f7efc	0x1802f7efc	.rsrc	ascii	e`Ma)
0x2f7f03	0x1802f7f03	.rsrc	ascii	~W4}i
0x2f8243	0x1802f8243	.rsrc	ascii	H&XEp
0x2f8317	0x1802f8317	.rsrc	ascii	I`C56@c=xs
0x2f8394	0x1802f8394	.rsrc	ascii	t%GD^
0x2f854a	0x1802f854a	.rsrc	ascii	}CK,Z.
0x2f85d2	0x1802f85d2	.rsrc	ascii	$:xTI>
0x2f85ff	0x1802f85ff	.rsrc	ascii	pWFet
0x2f86c1	0x1802f86c1	.rsrc	ascii	k]</O.
0x2f8757	0x1802f8757	.rsrc	ascii	2s5j{
0x2f88d3	0x1802f88d3	.rsrc	ascii	%-9rq
0x2f8922	0x1802f8922	.rsrc	ascii	Bc0cl
0x2f89b9	0x1802f89b9	.rsrc	ascii	m.ZrDP
0x2f8ad2	0x1802f8ad2	.rsrc	ascii	*8NN]C
0x2f8b7a	0x1802f8b7a	.rsrc	ascii	H,_0W
0x2f8d32	0x1802f8d32	.rsrc	ascii	]Gmk2
0x2f8e02	0x1802f8e02	.rsrc	ascii	;$*lO;
0x2f8ede	0x1802f8ede	.rsrc	ascii	J@B}M
0x2f906b	0x1802f906b	.rsrc	ascii	]V1I5E
0x2f9230	0x1802f9230	.rsrc	ascii	U>_`{g
0x2f92ec	0x1802f92ec	.rsrc	ascii	CC66)
0x2f93ae	0x1802f93ae	.rsrc	ascii	V7X+DH%Q`
0x2f955d	0x1802f955d	.rsrc	ascii	"xibRd
0x2f9601	0x1802f9601	.rsrc	ascii	@Z58\6
0x2f9713	0x1802f9713	.rsrc	ascii	>W|L211
0x2f971d	0x1802f971d	.rsrc	ascii	JsNG|-S
0x2f98b5	0x1802f98b5	.rsrc	ascii	?|+~3q
0x2f992c	0x1802f992c	.rsrc	ascii	uxs~=
0x2f9944	0x1802f9944	.rsrc	ascii	\(:{(
0x2f9d39	0x1802f9d39	.rsrc	ascii	w^^<w
0x2f9dda	0x1802f9dda	.rsrc	ascii	<_YvD
0x2f9e5b	0x1802f9e5b	.rsrc	ascii	'6tu^
0x2f9f15	0x1802f9f15	.rsrc	ascii	~*N;y
0x2f9ff4	0x1802f9ff4	.rsrc	ascii	rA8ok
0x2fa01a	0x1802fa01a	.rsrc	ascii	$9DA7
0x2fa384	0x1802fa384	.rsrc	ascii	&,`gdpT
0x2fa401	0x1802fa401	.rsrc	ascii	wcUFe
0x2fa489	0x1802fa489	.rsrc	ascii	R#%zD
0x2fa4cb	0x1802fa4cb	.rsrc	ascii	i\o'pY4
0x2fa541	0x1802fa541	.rsrc	ascii	oV`fV
0x2fa5cd	0x1802fa5cd	.rsrc	ascii	zWA,nR
0x2fa688	0x1802fa688	.rsrc	ascii	<jdqU8
0x2fa97a	0x1802fa97a	.rsrc	ascii	i<c9vc$
0x2fa9e4	0x1802fa9e4	.rsrc	ascii	%"zit
0x2faa34	0x1802faa34	.rsrc	ascii	6Qk%HH>8
0x2fab03	0x1802fab03	.rsrc	ascii	h-nuk
0x2fabed	0x1802fabed	.rsrc	ascii	#Y,rlT
0x2fad2f	0x1802fad2f	.rsrc	ascii	i)<9&
0x2fae38	0x1802fae38	.rsrc	ascii	WYiQ*
0x2fae8d	0x1802fae8d	.rsrc	ascii	/Pc"+
0x2fafd1	0x1802fafd1	.rsrc	ascii	9ZXd$
0x2fb0a5	0x1802fb0a5	.rsrc	ascii	.Y`9Ru
0x2fb0ef	0x1802fb0ef	.rsrc	ascii	r*9"D3Z#
0x2fb228	0x1802fb228	.rsrc	ascii	$`Wf+)
0x2fb25d	0x1802fb25d	.rsrc	ascii	DAh#"Y(
0x2fb374	0x1802fb374	.rsrc	ascii	c%n[;
0x2fb4f4	0x1802fb4f4	.rsrc	ascii	K*o5R8E
0x2fb576	0x1802fb576	.rsrc	ascii	Xjt^O
0x2fb584	0x1802fb584	.rsrc	ascii	x/LEF
0x2fb779	0x1802fb779	.rsrc	ascii	E&!(?
0x2fb783	0x1802fb783	.rsrc	ascii	IV1%d
0x2fb8ee	0x1802fb8ee	.rsrc	ascii	{vIFA
0x2fb941	0x1802fb941	.rsrc	ascii	s\1rK
0x2fba4b	0x1802fba4b	.rsrc	ascii	0/Z~d
0x2fba89	0x1802fba89	.rsrc	ascii	8"d~V
0x2fbad4	0x1802fbad4	.rsrc	ascii	Uh<It$D)
0x2fbb28	0x1802fbb28	.rsrc	ascii	!-.5j
0x2fbbf1	0x1802fbbf1	.rsrc	ascii	1``P}
0x2fbc3a	0x1802fbc3a	.rsrc	ascii	hR"qP
0x2fbc69	0x1802fbc69	.rsrc	ascii	,Q,\S
0x2fbcd5	0x1802fbcd5	.rsrc	ascii	oY^4:.,N
0x2fbd8e	0x1802fbd8e	.rsrc	ascii	LR<M'
0x2fbd9a	0x1802fbd9a	.rsrc	ascii	n3#z$
0x2fbdf7	0x1802fbdf7	.rsrc	ascii	_s|II
0x2fbed8	0x1802fbed8	.rsrc	ascii	]-vO2
0x2fbf0d	0x1802fbf0d	.rsrc	ascii	)t5Q 
0x2fbf19	0x1802fbf19	.rsrc	ascii	aAjjE
0x2fbf3c	0x1802fbf3c	.rsrc	ascii	+&.0R
0x2fbf96	0x1802fbf96	.rsrc	ascii	<)),O
0x2fbfa5	0x1802fbfa5	.rsrc	ascii	)i|uT
0x2fbfb8	0x1802fbfb8	.rsrc	ascii	vqTyI
0x2fc046	0x1802fc046	.rsrc	ascii	8xyR5
0x2fc0a3	0x1802fc0a3	.rsrc	ascii	6jpE4
0x2fc0e9	0x1802fc0e9	.rsrc	ascii	WXq<8$
0x2fc188	0x1802fc188	.rsrc	ascii	-T&9X
0x2fc1b0	0x1802fc1b0	.rsrc	ascii	G!6Ac
0x2fc1e1	0x1802fc1e1	.rsrc	ascii	I#)VhZ
0x2fc1ec	0x1802fc1ec	.rsrc	ascii	:<H-B}
0x2fc240	0x1802fc240	.rsrc	ascii	.9 ~35
0x2fc28f	0x1802fc28f	.rsrc	ascii	r$3}:
0x2fc295	0x1802fc295	.rsrc	ascii	(8$A-
0x2fc3f4	0x1802fc3f4	.rsrc	ascii	@+TUVq
0x2fc41f	0x1802fc41f	.rsrc	ascii	>m+o13%if
0x2fc505	0x1802fc505	.rsrc	ascii	zTgba,
0x2fc5ec	0x1802fc5ec	.rsrc	ascii	"1<:2
0x2fc66d	0x1802fc66d	.rsrc	ascii	zz/Z%
0x2fc677	0x1802fc677	.rsrc	ascii	_V>n<O
0x2fc74d	0x1802fc74d	.rsrc	ascii	:<bfqq.
0x2fc7ba	0x1802fc7ba	.rsrc	ascii	GpYo[h
0x2fc893	0x1802fc893	.rsrc	ascii	04]SKAw
0x2fc981	0x1802fc981	.rsrc	ascii	V$Y|m!43
0x2fca9d	0x1802fca9d	.rsrc	ascii	I)<=&
0x2fcc28	0x1802fcc28	.rsrc	ascii	A!)x{
0x2fceb5	0x1802fceb5	.rsrc	ascii	i)<>2
0x2fcecc	0x1802fcecc	.rsrc	ascii	/X9\f
0x2fcf76	0x1802fcf76	.rsrc	ascii	Zz-e&A)_
0x2fcfe9	0x1802fcfe9	.rsrc	ascii	1|}t\
0x2fcffb	0x1802fcffb	.rsrc	ascii	]yliIB
0x2fd169	0x1802fd169	.rsrc	ascii	#6L{g
0x2fd1d7	0x1802fd1d7	.rsrc	ascii	bJZt'
0x2fd1eb	0x1802fd1eb	.rsrc	ascii	9|._C
0x2fd205	0x1802fd205	.rsrc	ascii	Q<0$"
0x2fd20c	0x1802fd20c	.rsrc	ascii	Q`|yo[
0x2fd223	0x1802fd223	.rsrc	ascii	/Xjtb
0x2fd3b2	0x1802fd3b2	.rsrc	ascii	A8V#t
0x2fd3d7	0x1802fd3d7	.rsrc	ascii	"`EGS
0x2fd43b	0x1802fd43b	.rsrc	ascii	EGDV1M1p
0x2fd44a	0x1802fd44a	.rsrc	ascii	k\}9N
0x2fd4c3	0x1802fd4c3	.rsrc	ascii	}NCiP
0x2fd5b1	0x1802fd5b1	.rsrc	ascii	,5"JE
0x2fd67f	0x1802fd67f	.rsrc	ascii	&GgBn(5*
0x2fd696	0x1802fd696	.rsrc	ascii	[cbi_
0x2fd8b5	0x1802fd8b5	.rsrc	ascii	N_$k-
0x2fda0e	0x1802fda0e	.rsrc	ascii	-d=*IR
0x2fdd32	0x1802fdd32	.rsrc	ascii	Rxs^=>8{
0x2fde41	0x1802fde41	.rsrc	ascii	M I0e
0x2fde5a	0x1802fde5a	.rsrc	ascii	720;F
0x2fde61	0x1802fde61	.rsrc	ascii	kVMQR
0x2fde96	0x1802fde96	.rsrc	ascii	t=zmZ
0x2fe0b1	0x1802fe0b1	.rsrc	ascii	*{I@K
0x2fe0ef	0x1802fe0ef	.rsrc	ascii	?]*zB8
0x2fe11a	0x1802fe11a	.rsrc	ascii	.GykS
0x2fe21c	0x1802fe21c	.rsrc	ascii	n53b[
0x2fe412	0x1802fe412	.rsrc	ascii	=bfD@T
0x2fe45b	0x1802fe45b	.rsrc	ascii	|PEm 
0x2fe574	0x1802fe574	.rsrc	ascii	v6 cY
0x2fe5a2	0x1802fe5a2	.rsrc	ascii	q<12.
0x2fe5fd	0x1802fe5fd	.rsrc	ascii	[UEQs
0x2fe613	0x1802fe613	.rsrc	ascii	Y)\U&%G.I
0x2fe637	0x1802fe637	.rsrc	ascii	i[Vf+(
0x2fe6d7	0x1802fe6d7	.rsrc	ascii	y[TWP-
0x2fe754	0x1802fe754	.rsrc	ascii	"DsPu
0x2fe806	0x1802fe806	.rsrc	ascii	s{8Dh{
0x2fead4	0x1802fead4	.rsrc	ascii	(IRO[
0x2feb3b	0x1802feb3b	.rsrc	ascii	bxwvE
0x2febb5	0x1802febb5	.rsrc	ascii	?t+.\
0x2fec1e	0x1802fec1e	.rsrc	ascii	,X}wE
0x2feeb5	0x1802feeb5	.rsrc	ascii	Bi.8$
0x2fef97	0x1802fef97	.rsrc	ascii	tPwV.
0x2ff019	0x1802ff019	.rsrc	ascii	jbmA6
0x2ff0ca	0x1802ff0ca	.rsrc	ascii	]o`YT
0x2ff1af	0x1802ff1af	.rsrc	ascii	D11a`
0x2ff21b	0x1802ff21b	.rsrc	ascii	Am1Pp
0x2ff38e	0x1802ff38e	.rsrc	ascii	I|yxT
0x2ff394	0x1802ff394	.rsrc	ascii	l3xuV
0x2ff41a	0x1802ff41a	.rsrc	ascii	,Mj-i($
0x2ff431	0x1802ff431	.rsrc	ascii	V1Es2
0x2ff4ad	0x1802ff4ad	.rsrc	ascii	juge_HG
0x2ff56d	0x1802ff56d	.rsrc	ascii	Y/\By
0x2ff641	0x1802ff641	.rsrc	ascii	qD>K09g
0x2ff67a	0x1802ff67a	.rsrc	ascii	apHo2
0x2ff8d1	0x1802ff8d1	.rsrc	ascii	VlA8H<
0x2ffd5e	0x1802ffd5e	.rsrc	ascii	e;w@,
0x2ffd93	0x1802ffd93	.rsrc	ascii	84E0!d
0x2ffe08	0x1802ffe08	.rsrc	ascii	[SbDP
0x300000	0x180300000	.rsrc	ascii	"o@z0
0x300033	0x180300033	.rsrc	ascii	wc=Bsp
0x3000d9	0x1803000d9	.rsrc	ascii	Y8*dc
0x30023a	0x18030023a	.rsrc	ascii	ar@cc
0x300244	0x180300244	.rsrc	ascii	!##D%
0x30068a	0x18030068a	.rsrc	ascii	j|FOaku_
0x3006df	0x1803006df	.rsrc	ascii	9C8'u$Q`
0x30075e	0x18030075e	.rsrc	ascii	EGjn7W
0x3007f1	0x1803007f1	.rsrc	ascii	YE] $
0x300833	0x180300833	.rsrc	ascii	tTn|R6
0x30089d	0x18030089d	.rsrc	ascii	#!kbU
0x300952	0x180300952	.rsrc	ascii	^AgAG
0x300a5d	0x180300a5d	.rsrc	ascii	<I 1p3
0x300cb3	0x180300cb3	.rsrc	ascii	!( c`t
0x300da1	0x180300da1	.rsrc	ascii	t=>UobON
0x300f4b	0x180300f4b	.rsrc	ascii	7$IJy'
0x300f9c	0x180300f9c	.rsrc	ascii	p'pRg7
0x301164	0x180301164	.rsrc	ascii	]x(j{
0x301184	0x180301184	.rsrc	ascii	OQ1{!
0x3011fe	0x1803011fe	.rsrc	ascii	>]obW
0x3012a4	0x1803012a4	.rsrc	ascii	?5sxFK
0x301471	0x180301471	.rsrc	ascii	24.lP
0x30153e	0x18030153e	.rsrc	ascii	.\ !I
0x3018b0	0x1803018b0	.rsrc	ascii	xwP!\r
0x3019f6	0x1803019f6	.rsrc	ascii	g\,aF
0x301a76	0x180301a76	.rsrc	ascii	kYZtH
0x301c14	0x180301c14	.rsrc	ascii	Y9|VK
0x301cf6	0x180301cf6	.rsrc	ascii	XZVhwK
0x301def	0x180301def	.rsrc	ascii	EEGjxZ
0x301e57	0x180301e57	.rsrc	ascii	3ho;I
0x301e7e	0x180301e7e	.rsrc	ascii	n+h?\
0x301ead	0x180301ead	.rsrc	ascii	P^gJ}Mh)x
0x301f3d	0x180301f3d	.rsrc	ascii	]!pv>
0x301f47	0x180301f47	.rsrc	ascii	7sA%;
0x301f68	0x180301f68	.rsrc	ascii	)/^y4
0x301fd1	0x180301fd1	.rsrc	ascii	kW/A!HJ
0x3022f9	0x1803022f9	.rsrc	ascii	V8nL1QB5
0x30236e	0x18030236e	.rsrc	ascii	5\Hb#
0x302476	0x180302476	.rsrc	ascii	E#I7h
0x3024c1	0x1803024c1	.rsrc	ascii	^TkRGV
0x302633	0x180302633	.rsrc	ascii	}3ej&
0x30293c	0x18030293c	.rsrc	ascii	+.~0M
0x30298e	0x18030298e	.rsrc	ascii	4uf'E
0x302a13	0x180302a13	.rsrc	ascii	BV* n
0x302b87	0x180302b87	.rsrc	ascii	>&!9W
0x302c05	0x180302c05	.rsrc	ascii	4Zb*,
0x302c6f	0x180302c6f	.rsrc	ascii	sT!q4U
0x302d44	0x180302d44	.rsrc	ascii	4>,?T
0x302e63	0x180302e63	.rsrc	ascii	G:/xn
0x302f88	0x180302f88	.rsrc	ascii	k,PuZ
0x3030a1	0x1803030a1	.rsrc	ascii	F#Lr I*
0x3032dc	0x1803032dc	.rsrc	ascii	g;w:X
0x303337	0x180303337	.rsrc	ascii	(tQev\j
0x303389	0x180303389	.rsrc	ascii	3PEx^
0x30338f	0x18030338f	.rsrc	ascii	QW4I{
0x303564	0x180303564	.rsrc	ascii	.)Hkf
0x3035e1	0x1803035e1	.rsrc	ascii	.v~pg|Ty
0x3036fe	0x1803036fe	.rsrc	ascii	\rpQF
0x30392e	0x18030392e	.rsrc	ascii	X<'Eho
0x3039ac	0x1803039ac	.rsrc	ascii	~ ?>(
0x3039c5	0x1803039c5	.rsrc	ascii	N5LSy
0x303a56	0x180303a56	.rsrc	ascii	?$/WjI.
0x303a67	0x180303a67	.rsrc	ascii	mAKjMZ^
0x303b34	0x180303b34	.rsrc	ascii	N:~h?
0x303bd6	0x180303bd6	.rsrc	ascii	3M7iQ
0x303e75	0x180303e75	.rsrc	ascii	4DKk}
0x303e8f	0x180303e8f	.rsrc	ascii	xZB4+a
0x304013	0x180304013	.rsrc	ascii	E]kPA
0x304075	0x180304075	.rsrc	ascii	&9wTD
0x30412f	0x18030412f	.rsrc	ascii	)oXX)GE
0x30414a	0x18030414a	.rsrc	ascii	v5T0I
0x304151	0x180304151	.rsrc	ascii	_Sbte
0x304295	0x180304295	.rsrc	ascii	MYZTm
0x30430b	0x18030430b	.rsrc	ascii	,"pqFc
0x304403	0x180304403	.rsrc	ascii	_IW(AZ (
0x30442b	0x18030442b	.rsrc	ascii	|-Li8'C<
0x304550	0x180304550	.rsrc	ascii	(=i&Y{&
0x3046b6	0x1803046b6	.rsrc	ascii	l9BEczR
0x30478d	0x18030478d	.rsrc	ascii	Q#,Q/D
0x3047b1	0x1803047b1	.rsrc	ascii	Xc}-M
0x304a73	0x180304a73	.rsrc	ascii	-Dr If
0x304aea	0x180304aea	.rsrc	ascii	DfbD}q
0x304bad	0x180304bad	.rsrc	ascii	SWKms
0x304c7c	0x180304c7c	.rsrc	ascii	'02Q~
0x304e53	0x180304e53	.rsrc	ascii	EK73Bp2A
0x304e99	0x180304e99	.rsrc	ascii	#>& ?4'
0x304f17	0x180304f17	.rsrc	ascii	'69(eA
0x304f32	0x180304f32	.rsrc	ascii	93E_/
0x3050bc	0x1803050bc	.rsrc	ascii	hFHc"`
0x305167	0x180305167	.rsrc	ascii	RU&E<
0x3051d8	0x1803051d8	.rsrc	ascii	L&P.~u
0x3052f0	0x1803052f0	.rsrc	ascii	~>l&i
0x305371	0x180305371	.rsrc	ascii	8[U9#c
0x3054fa	0x1803054fa	.rsrc	ascii	h(H[7m
0x3055c2	0x1803055c2	.rsrc	ascii	?69@R
0x3055cd	0x1803055cd	.rsrc	ascii	,lsn?
0x3055f2	0x1803055f2	.rsrc	ascii	Fjx=h
0x305756	0x180305756	.rsrc	ascii	J#LJ(]
0x3059a3	0x1803059a3	.rsrc	ascii	b"26,
0x305a78	0x180305a78	.rsrc	ascii	}iF81e
0x305c18	0x180305c18	.rsrc	ascii	Uepv.
0x305ca3	0x180305ca3	.rsrc	ascii	h0@[6n
0x305ddc	0x180305ddc	.rsrc	ascii	#%V}qM
0x305ebd	0x180305ebd	.rsrc	ascii	/\Mj E
0x305f39	0x180305f39	.rsrc	ascii	PfKsM
0x306218	0x180306218	.rsrc	ascii	#t@4>
0x306220	0x180306220	.rsrc	ascii	O}Ut@
0x306323	0x180306323	.rsrc	ascii	3A;]`
0x3063f3	0x1803063f3	.rsrc	ascii	O=/}X
0x30642e	0x18030642e	.rsrc	ascii	?NR Ib(Mr
0x306576	0x180306576	.rsrc	ascii	j_J>M
0x3066e7	0x1803066e7	.rsrc	ascii	]apnW,
0x3067be	0x1803067be	.rsrc	ascii	)\IJv
0x30688a	0x18030688a	.rsrc	ascii	UYH3r
0x3068a6	0x1803068a6	.rsrc	ascii	50ZcB
0x30690b	0x18030690b	.rsrc	ascii	hCw7M
0x306a60	0x180306a60	.rsrc	ascii	<c\(Z
0x306a75	0x180306a75	.rsrc	ascii	mB6Q8
0x306a99	0x180306a99	.rsrc	ascii	+QZ%(
0x306ae0	0x180306ae0	.rsrc	ascii	Sgr<:
0x306af2	0x180306af2	.rsrc	ascii	e+vRU]
0x306d36	0x180306d36	.rsrc	ascii	*!&h~
0x306de7	0x180306de7	.rsrc	ascii	/FR)-F
0x306ea5	0x180306ea5	.rsrc	ascii	EY2Z(Y
0x307050	0x180307050	.rsrc	ascii	z<+`v~
0x3071df	0x1803071df	.rsrc	ascii	cpgFE
0x30739b	0x18030739b	.rsrc	ascii	hm3bcX
0x307487	0x180307487	.rsrc	ascii	Qm2IS
0x307492	0x180307492	.rsrc	ascii	5B_6R
0x3076f4	0x1803076f4	.rsrc	ascii	46$?8L
0x307710	0x180307710	.rsrc	ascii	1VuLH
0x3078b9	0x1803078b9	.rsrc	ascii	UZ\k0
0x307969	0x180307969	.rsrc	ascii	oRBLGP
0x307c39	0x180307c39	.rsrc	ascii	'OlfU
0x307c4a	0x180307c4a	.rsrc	ascii	^I;7o
0x307c7f	0x180307c7f	.rsrc	ascii	+)*Kt
0x307d92	0x180307d92	.rsrc	ascii	$yxR<B
0x307dcd	0x180307dcd	.rsrc	ascii	hZk+k/B
0x307e15	0x180307e15	.rsrc	ascii	zZ0{Vo
0x307ecb	0x180307ecb	.rsrc	ascii	)F[v\J
0x30811c	0x18030811c	.rsrc	ascii	z<oo?
0x308145	0x180308145	.rsrc	ascii	XD`y;
0x30847d	0x18030847d	.rsrc	ascii	v:~p/mY
0x308644	0x180308644	.rsrc	ascii	kT?=b
0x3086c2	0x1803086c2	.rsrc	ascii	_1L#5
0x3086d5	0x1803086d5	.rsrc	ascii	<wR\y
0x3087aa	0x1803087aa	.rsrc	ascii	JLq.`"
0x308860	0x180308860	.rsrc	ascii	sFRCR
0x308a04	0x180308a04	.rsrc	ascii	HB>A.V
0x308bd8	0x180308bd8	.rsrc	ascii	2,waV
0x308c99	0x180308c99	.rsrc	ascii	q\lBT}
0x308cc1	0x180308cc1	.rsrc	ascii	}$a'j
0x308d72	0x180308d72	.rsrc	ascii	V.2S(
0x308f06	0x180308f06	.rsrc	ascii	gaxy^<O
0x30916a	0x18030916a	.rsrc	ascii	T&@(P
0x3092a1	0x1803092a1	.rsrc	ascii	HB$h0Gd
0x3092af	0x1803092af	.rsrc	ascii	'h_L;7o`&hK
0x3092f9	0x1803092f9	.rsrc	ascii	V TC^6S%
0x309314	0x180309314	.rsrc	ascii	&?!!u>
0x3093b7	0x1803093b7	.rsrc	ascii	[-Jaj
0x309403	0x180309403	.rsrc	ascii	J5H2_A
0x3095da	0x1803095da	.rsrc	ascii	V#'p<
0x30965a	0x18030965a	.rsrc	ascii	hWKq+
0x3096cc	0x1803096cc	.rsrc	ascii	_AS&41q
0x3098d0	0x1803098d0	.rsrc	ascii	/E{tK
0x309900	0x180309900	.rsrc	ascii	iFmK7
0x309a8d	0x180309a8d	.rsrc	ascii	<Ix>`[
0x309a9a	0x180309a9a	.rsrc	ascii	L+:)x
0x309b22	0x180309b22	.rsrc	ascii	Vw.gS
0x309be4	0x180309be4	.rsrc	ascii	!Fdr\}e
0x309fab	0x180309fab	.rsrc	ascii	?7'l-
0x30a061	0x18030a061	.rsrc	ascii	wj%swk
0x30a25a	0x18030a25a	.rsrc	ascii	FK{T>
0x30a2dd	0x18030a2dd	.rsrc	ascii	sg9!5G
0x30a2f8	0x18030a2f8	.rsrc	ascii	Pu@x{
0x30a32f	0x18030a32f	.rsrc	ascii	I:-TLv<
0x30a45b	0x18030a45b	.rsrc	ascii	CEhlR
0x30a479	0x18030a479	.rsrc	ascii	DU5/>
0x30a4f7	0x18030a4f7	.rsrc	ascii	I0Qux
0x30a55c	0x18030a55c	.rsrc	ascii	I2O!I@
0x30a5be	0x18030a5be	.rsrc	ascii	nlXzv
0x30a61b	0x18030a61b	.rsrc	ascii	Y=NoSBt
0x30a6e0	0x18030a6e0	.rsrc	ascii	0FdbLya
0x30a729	0x18030a729	.rsrc	ascii	?DTaW
0x30a782	0x18030a782	.rsrc	ascii	13Eo5
0x30a811	0x18030a811	.rsrc	ascii	:lmFx-E
0x30a944	0x18030a944	.rsrc	ascii	sn;T`
0x30a969	0x18030a969	.rsrc	ascii	fbV$Ih
0x30ab35	0x18030ab35	.rsrc	ascii	7r#U-H
0x30ac81	0x18030ac81	.rsrc	ascii	0LcBe
0x30ae2f	0x18030ae2f	.rsrc	ascii	1=<(A
0x30aeeb	0x18030aeeb	.rsrc	ascii	JFKLy
0x30af65	0x18030af65	.rsrc	ascii	F!!Uz
0x30b084	0x18030b084	.rsrc	ascii	P^~1k
0x30b0f3	0x18030b0f3	.rsrc	ascii	ijB}M
0x30b14a	0x18030b14a	.rsrc	ascii	f%=e&
0x30b1d7	0x18030b1d7	.rsrc	ascii	nVj 5,
0x30b20c	0x18030b20c	.rsrc	ascii	^O3#oz
0x30b27c	0x18030b27c	.rsrc	ascii	3A1<h
0x30b393	0x18030b393	.rsrc	ascii	hbLER1R
0x30b3a6	0x18030b3a6	.rsrc	ascii	WQM@5
0x30b3fd	0x18030b3fd	.rsrc	ascii	Z](pM
0x30b4d6	0x18030b4d6	.rsrc	ascii	7NATNN
0x30b4e5	0x18030b4e5	.rsrc	ascii	`5~}S
0x30b61a	0x18030b61a	.rsrc	ascii	K[w]F[v^J+V
0x30b644	0x18030b644	.rsrc	ascii	O@{P_
0x30b7ee	0x18030b7ee	.rsrc	ascii	"MLGj
0x30b876	0x18030b876	.rsrc	ascii	(e;/&
0x30b8b7	0x18030b8b7	.rsrc	ascii	fV)h[
0x30b984	0x18030b984	.rsrc	ascii	3bD!H
0x30b9ca	0x18030b9ca	.rsrc	ascii	O31v)
0x30bb23	0x18030bb23	.rsrc	ascii	:~>k$
0x30bb70	0x18030bb70	.rsrc	ascii	Iy$QO
0x30bbd7	0x18030bbd7	.rsrc	ascii	2bi&l
0x30bcd0	0x18030bcd0	.rsrc	ascii	G5AV|,
0x30bd6c	0x18030bd6c	.rsrc	ascii	I0F~^
0x30bdba	0x18030bdba	.rsrc	ascii	(}5;/
0x30be19	0x18030be19	.rsrc	ascii	6c)-Y
0x30be65	0x18030be65	.rsrc	ascii	`m:gb
0x30bf46	0x18030bf46	.rsrc	ascii	#9&K.
0x30bfb9	0x18030bfb9	.rsrc	ascii	=]a;,
0x30c026	0x18030c026	.rsrc	ascii	g#M;W
0x30c066	0x18030c066	.rsrc	ascii	i&#!C!
0x30c0be	0x18030c0be	.rsrc	ascii	haz$G
0x30c201	0x18030c201	.rsrc	ascii	G+P1x
0x30c2c3	0x18030c2c3	.rsrc	ascii	{[#4;
0x30c5c9	0x18030c5c9	.rsrc	ascii	R`OAZ
0x30c6f5	0x18030c6f5	.rsrc	ascii	?</_R
0x30c94b	0x18030c94b	.rsrc	ascii	q.A($L
0x30ca70	0x18030ca70	.rsrc	ascii	D#',C5
0x30cac4	0x18030cac4	.rsrc	ascii	+P>9a
0x30cad2	0x18030cad2	.rsrc	ascii	5S3X;
0x30cb97	0x18030cb97	.rsrc	ascii	1z![.-
0x30cbff	0x18030cbff	.rsrc	ascii	`sT~j
0x30cc32	0x18030cc32	.rsrc	ascii	^-B?8C|
0x30cc91	0x18030cc91	.rsrc	ascii	X5B'm
0x30cf81	0x18030cf81	.rsrc	ascii	xo EoU
0x30d1b2	0x18030d1b2	.rsrc	ascii	jvwfc
0x30d1d8	0x18030d1d8	.rsrc	ascii	4dl;C
0x30d298	0x18030d298	.rsrc	ascii	:WAV>
0x30d387	0x18030d387	.rsrc	ascii	%Ow4]4
0x30d3cd	0x18030d3cd	.rsrc	ascii	)zB$0
0x30d3e4	0x18030d3e4	.rsrc	ascii	-V2rD
0x30d5ae	0x18030d5ae	.rsrc	ascii	lpP+((
0x30d606	0x18030d606	.rsrc	ascii	-2=Plk
0x30d6b6	0x18030d6b6	.rsrc	ascii	mpL(((t;
0x30d81f	0x18030d81f	.rsrc	ascii	_vKB$@<
0x30d842	0x18030d842	.rsrc	ascii	m4Rgo
0x30d895	0x18030d895	.rsrc	ascii	iZ:8>
0x30d93d	0x18030d93d	.rsrc	ascii	(((t)
0x30d97a	0x18030d97a	.rsrc	ascii	slD?*8
0x30da67	0x18030da67	.rsrc	ascii	Tv0m1i
0x30da74	0x18030da74	.rsrc	ascii	8XW(,
0x30db42	0x18030db42	.rsrc	ascii	PwXC#
0x30dd58	0x18030dd58	.rsrc	ascii	.Fn{p
0x30dd84	0x18030dd84	.rsrc	ascii	.`)z"
0x30ddb7	0x18030ddb7	.rsrc	ascii	|xTCx
0x30de1e	0x18030de1e	.rsrc	ascii	[j(((
0x30dea1	0x18030dea1	.rsrc	ascii	&3Q$'
0x30dec4	0x18030dec4	.rsrc	ascii	xb9li
0x30df75	0x18030df75	.rsrc	ascii	0p$m;c
0x30e02c	0x18030e02c	.rsrc	ascii	=*6mF
0x30e054	0x18030e054	.rsrc	ascii	P}%8X
0x30e2aa	0x18030e2aa	.rsrc	ascii	xQPPh
0x30e373	0x18030e373	.rsrc	ascii	6xmg[^3
0x30e8d6	0x18030e8d6	.rsrc	ascii	f&~z)K
0x30e93f	0x18030e93f	.rsrc	ascii	'E(Rw
0x30e9d4	0x18030e9d4	.rsrc	ascii	yQq}"
0x30ec3f	0x18030ec3f	.rsrc	ascii	iZj'i&
0x30ed5f	0x18030ed5f	.rsrc	ascii	@C5\7\
0x30f06b	0x18030f06b	.rsrc	ascii	[4Pg4
0x30f0cf	0x18030f0cf	.rsrc	ascii	;A^,O,
0x30f122	0x18030f122	.rsrc	ascii	)QIHv
0x30f166	0x18030f166	.rsrc	ascii	%2t&<
0x30f3e5	0x18030f3e5	.rsrc	ascii	)JzY2E
0x30f4bf	0x18030f4bf	.rsrc	ascii	BG0qH
0x30f571	0x18030f571	.rsrc	ascii	$ 1Yz
0x30f681	0x18030f681	.rsrc	ascii	(Vn[:N
0x30f6c9	0x18030f6c9	.rsrc	ascii	 ;Ew:~2s=
0x30f6fd	0x18030f6fd	.rsrc	ascii	v^|4M
0x30f7c5	0x18030f7c5	.rsrc	ascii	t;Iq7C
0x30f801	0x18030f801	.rsrc	ascii	N"?[g
0x30f90c	0x18030f90c	.rsrc	ascii	PMh@9
0x30f933	0x18030f933	.rsrc	ascii	B-%d+
0x30f97d	0x18030f97d	.rsrc	ascii	00jA<D
0x30f98f	0x18030f98f	.rsrc	ascii	hS;E,
0x30fb66	0x18030fb66	.rsrc	ascii	4Yq$7w
0x30fb98	0x18030fb98	.rsrc	ascii	]D7OQ
0x30fc00	0x18030fc00	.rsrc	ascii	9jO;I
0x30fd5e	0x18030fd5e	.rsrc	ascii	gh.KR
0x30fe0a	0x18030fe0a	.rsrc	ascii	}v0f 0/
0x30fe14	0x18030fe14	.rsrc	ascii	0GIZU
0x30feb6	0x18030feb6	.rsrc	ascii	L+)Vu
0x30ffaf	0x18030ffaf	.rsrc	ascii	r;EsM
0x30fff4	0x18030fff4	.rsrc	ascii	{[AAA
0x310022	0x180310022	.rsrc	ascii	,;IE!
0x3101a4	0x1803101a4	.rsrc	ascii	YqQAi
0x3101e5	0x1803101e5	.rsrc	ascii	izprPPPP
0x310293	0x180310293	.rsrc	ascii	:T+b?
0x3102d5	0x1803102d5	.rsrc	ascii	(8A((((t%F4
0x3102f2	0x1803102f2	.rsrc	ascii	b''V5a
0x310378	0x180310378	.rsrc	ascii	9Zjz"
0x310393	0x180310393	.rsrc	ascii	,g)QMK
0x3103b5	0x1803103b5	.rsrc	ascii	)((t7
0x3103e8	0x1803103e8	.rsrc	ascii	;Ei7C:
0x310559	0x180310559	.rsrc	ascii	;IOx~7_%
0x31056c	0x18031056c	.rsrc	ascii	~C5?W
0x3105b0	0x1803105b0	.rsrc	ascii	5*:K<
0x31068c	0x18031068c	.rsrc	ascii	((((t
0x310693	0x180310693	.rsrc	ascii	N8<ox
0x31079a	0x18031079a	.rsrc	ascii	t>K}2,
0x3108ab	0x1803108ab	.rsrc	ascii	nuU>BO
0x3109c9	0x1803109c9	.rsrc	ascii	ESMGx
0x310a79	0x180310a79	.rsrc	ascii	H4P,;
0x310aaf	0x180310aaf	.rsrc	ascii	!|bMB0
0x310b4b	0x180310b4b	.rsrc	ascii	z$_CO
0x310bd6	0x180310bd6	.rsrc	ascii	d'iR,O
0x310fa1	0x180310fa1	.rsrc	ascii	C~?VkO
0x3110cc	0x1803110cc	.rsrc	ascii	[hNnVFA
0x311169	0x180311169	.rsrc	ascii	H@F5"$
0x311260	0x180311260	.rsrc	ascii	^D_|p
0x3115ef	0x1803115ef	.rsrc	ascii	!$AGM
0x3117be	0x1803117be	.rsrc	ascii	9IAAA
0x31193d	0x18031193d	.rsrc	ascii	nm:_ n
0x3119f1	0x1803119f1	.rsrc	ascii	L0jRLgT0l
0x311ac1	0x180311ac1	.rsrc	ascii	Q<EW4
0x311b5a	0x180311b5a	.rsrc	ascii	,-~"V
0x311bce	0x180311bce	.rsrc	ascii	CxuV!/
0x311bda	0x180311bda	.rsrc	ascii	"$/_mg
0x311bfb	0x180311bfb	.rsrc	ascii	{LD?.8I)(((
0x311d6f	0x180311d6f	.rsrc	ascii	/ciZn%
0x311e98	0x180311e98	.rsrc	ascii	9,%Vl
0x311fb3	0x180311fb3	.rsrc	ascii	DO;E:
0x311fc1	0x180311fc1	.rsrc	ascii	|]>wn
0x311fcb	0x180311fcb	.rsrc	ascii	v'G+6
0x312062	0x180312062	.rsrc	ascii	P@m~x
0x3120a0	0x1803120a0	.rsrc	ascii	<18y)(((
0x3121f3	0x1803121f3	.rsrc	ascii	sI$NV&~
0x312216	0x180312216	.rsrc	ascii	8\><G
0x312252	0x180312252	.rsrc	ascii	GgnAo
0x3122cc	0x1803122cc	.rsrc	ascii	8J(t5
0x312391	0x180312391	.rsrc	ascii	-*%h:wi
0x3123b6	0x1803123b6	.rsrc	ascii	{*q<A
0x3123f5	0x1803123f5	.rsrc	ascii	I{Y1Q
0x3123ff	0x1803123ff	.rsrc	ascii	W%1^Q
0x312529	0x180312529	.rsrc	ascii	R,`_1
0x3125b4	0x1803125b4	.rsrc	ascii	~>%b~
0x3126f9	0x1803126f9	.rsrc	ascii	M\_4q;
0x31274d	0x18031274d	.rsrc	ascii	b]nH$
0x31275e	0x18031275e	.rsrc	ascii	qp~SPPP
0x312903	0x180312903	.rsrc	ascii	7AAAA
0x31290a	0x18031290a	.rsrc	ascii	 qkt.
0x312a03	0x180312a03	.rsrc	ascii	UNNx4
0x312b1b	0x180312b1b	.rsrc	ascii	{1v6tl
0x312bae	0x180312bae	.rsrc	ascii	gO8ya
0x312bd7	0x180312bd7	.rsrc	ascii	MAAAAA
0x312ca0	0x180312ca0	.rsrc	ascii	riQ4,
0x312d22	0x180312d22	.rsrc	ascii	8?XPA
0x312d38	0x180312d38	.rsrc	ascii	MPPPPh
0x312dd7	0x180312dd7	.rsrc	ascii	Yns% )
0x312ea6	0x180312ea6	.rsrc	ascii	5V["D
0x312f0b	0x180312f0b	.rsrc	ascii	W-e<6
0x312fdd	0x180312fdd	.rsrc	ascii	OAAAA
0x312ffa	0x180312ffa	.rsrc	ascii	5`Zbe
0x313025	0x180313025	.rsrc	ascii	`IQK_
0x31312a	0x18031312a	.rsrc	ascii	:TuaVPPP
0x313145	0x180313145	.rsrc	ascii	a0R,t
0x313156	0x180313156	.rsrc	ascii	Ial!!
0x31318b	0x18031318b	.rsrc	ascii	AQiTH
0x31330d	0x18031330d	.rsrc	ascii	U-cI:
0x3133d0	0x1803133d0	.rsrc	ascii	SPPPP
0x313439	0x180313439	.rsrc	ascii	;KK-O
0x313471	0x180313471	.rsrc	ascii	@/:%:
0x31350e	0x18031350e	.rsrc	ascii	E4m|.
0x3136c4	0x1803136c4	.rsrc	ascii	=x``\
0x31373f	0x18031373f	.rsrc	ascii	<#Di7
0x31374c	0x18031374c	.rsrc	ascii	)((((
0x3139c3	0x1803139c3	.rsrc	ascii	[AAAA
0x313a82	0x180313a82	.rsrc	ascii	De$4o
0x313a8a	0x180313a8a	.rsrc	ascii	Qtw6,
0x313a93	0x180313a93	.rsrc	ascii	rh7;N
0x313afc	0x180313afc	.rsrc	ascii	KAAAA
0x313b6a	0x180313b6a	.rsrc	ascii	\ehK-
0x313bca	0x180313bca	.rsrc	ascii	CJ7i+
0x313c16	0x180313c16	.rsrc	ascii	sO'zy\d
0x313c2f	0x180313c2f	.rsrc	ascii	\MAAA
0x313d0d	0x180313d0d	.rsrc	ascii	y-eE/\
0x313d19	0x180313d19	.rsrc	ascii	{(T$4
0x313db4	0x180313db4	.rsrc	ascii	A$sbE
0x313dc1	0x180313dc1	.rsrc	ascii	j0,a@
0x313ede	0x180313ede	.rsrc	ascii	IAAAA
0x313f03	0x180313f03	.rsrc	ascii	;9Z-V
0x313f2b	0x180313f2b	.rsrc	ascii	9]j'D
0x313f5a	0x180313f5a	.rsrc	ascii	'+rAd
0x314182	0x180314182	.rsrc	ascii	)((((
0x3141d2	0x1803141d2	.rsrc	ascii	N`Ia|C 
0x314208	0x180314208	.rsrc	ascii	uFCtFM:
0x3142db	0x1803142db	.rsrc	ascii	J`VPPP
0x314563	0x180314563	.rsrc	ascii	OaD2T*
0x314570	0x180314570	.rsrc	ascii	dL2~>
0x31470d	0x18031470d	.rsrc	ascii	r.65l
0x314773	0x180314773	.rsrc	ascii	QPPPP
0x3147e0	0x1803147e0	.rsrc	ascii	xvbqQu
0x3149b9	0x1803149b9	.rsrc	ascii	(((((
0x3149e9	0x1803149e9	.rsrc	ascii	H@L:D
0x314a9b	0x180314a9b	.rsrc	ascii	^C%-+I
0x314add	0x180314add	.rsrc	ascii	EAAAA
0x314b97	0x180314b97	.rsrc	ascii	`@~GVt
0x314baf	0x180314baf	.rsrc	ascii	:>nA)
0x314c09	0x180314c09	.rsrc	ascii	R$,4]
0x314cf8	0x180314cf8	.rsrc	ascii	ZD%0+(((
0x314d46	0x180314d46	.rsrc	ascii	=06kQ
0x314fd6	0x180314fd6	.rsrc	ascii	Xj'E)
0x31502e	0x18031502e	.rsrc	ascii	(((((
0x31513c	0x18031513c	.rsrc	ascii	5Wmc:_
0x315228	0x180315228	.rsrc	ascii	PPPPP
0x315272	0x180315272	.rsrc	ascii	HGuH $
0x315373	0x180315373	.rsrc	ascii	8q<hah>
0x31542d	0x18031542d	.rsrc	ascii	PPPPP
0x315435	0x180315435	.rsrc	ascii	L-2uB
0x31558e	0x18031558e	.rsrc	ascii	Q:{yg;
0x3155c2	0x1803155c2	.rsrc	ascii	'8nz2
0x315604	0x180315604	.rsrc	ascii	sBAAAA
0x3156cd	0x1803156cd	.rsrc	ascii	!k]e(w7q
0x3156ee	0x1803156ee	.rsrc	ascii	sBAAAA
0x315796	0x180315796	.rsrc	ascii	yDz:!
0x3157a9	0x1803157a9	.rsrc	ascii	H\FnB
0x3158b3	0x1803158b3	.rsrc	ascii	#jOYNI
0x315913	0x180315913	.rsrc	ascii	sNQt]^
0x315942	0x180315942	.rsrc	ascii	9EAAAA
0x315994	0x180315994	.rsrc	ascii	iZ(xM5M3
0x315a5a	0x180315a5a	.rsrc	ascii	w=(=:?p
0x315aad	0x180315aad	.rsrc	ascii	BpbQPPPP
0x315b83	0x180315b83	.rsrc	ascii	(((((
0x315bcc	0x180315bcc	.rsrc	ascii	<a@8|f8
0x315c8f	0x180315c8f	.rsrc	ascii	:#&:*
0x315c98	0x180315c98	.rsrc	ascii	S8j|;`
0x315d20	0x180315d20	.rsrc	ascii	BAAAA
0x315dbc	0x180315dbc	.rsrc	ascii	WSAAAA
0x315e05	0x180315e05	.rsrc	ascii	"?2j=
0x315e5d	0x180315e5d	.rsrc	ascii	TPPPP
0x315eea	0x180315eea	.rsrc	ascii	NA$4C
0x315fd7	0x180315fd7	.rsrc	ascii	(((((
0x31612d	0x18031612d	.rsrc	ascii	io7{,
0x316151	0x180316151	.rsrc	ascii	i%>.j
0x316159	0x180316159	.rsrc	ascii	9GAAAA
0x316169	0x180316169	.rsrc	ascii	?]TN~
0x31621d	0x18031621d	.rsrc	ascii	~3%b~W
0x316225	0x180316225	.rsrc	ascii	)((((
0x316411	0x180316411	.rsrc	ascii	pp'Z@
0x3164ab	0x1803164ab	.rsrc	ascii	EUPPPP
0x31685a	0x18031685a	.rsrc	ascii	a7;IW
0x31686e	0x18031686e	.rsrc	ascii	e,M?v
0x316877	0x180316877	.rsrc	ascii	0@/eHR
0x316894	0x180316894	.rsrc	ascii	AzNz2
0x3169ce	0x1803169ce	.rsrc	ascii	EAAAAAA
0x316b09	0x180316b09	.rsrc	ascii	9JAAAAAA
0x316b6a	0x180316b6a	.rsrc	ascii	IJAAAAAA
0x316cb6	0x180316cb6	.rsrc	ascii	hO;Iw
0x316d1a	0x180316d1a	.rsrc	ascii	zo8DO"
0x316d62	0x180316d62	.rsrc	ascii	RPPPPPP
0x316deb	0x180316deb	.rsrc	ascii	R$\kgDX
0x316ed6	0x180316ed6	.rsrc	ascii	y)}C$
0x316f61	0x180316f61	.rsrc	ascii	[Wl{2e
0x316fa0	0x180316fa0	.rsrc	ascii	SPPPPPP
0x316ffc	0x180316ffc	.rsrc	ascii	|$258
0x317002	0x180317002	.rsrc	ascii	)((((((
0x31705c	0x18031705c	.rsrc	ascii	4m@p"SPPPPPP
0x3170ab	0x1803170ab	.rsrc	ascii	Z;K?@
0x3170c1	0x1803170c1	.rsrc	ascii	9RPPPPP
0x3170d8	0x1803170d8	.rsrc	ascii	IDATY
0x317180	0x180317180	.rsrc	ascii	z2q?!
0x31719d	0x18031719d	.rsrc	ascii	SXpNSPPPPPP
0x3171b8	0x1803171b8	.rsrc	ascii	hG;^n
0x3171bf	0x1803171bf	.rsrc	ascii	7C!z"q
0x31724b	0x18031724b	.rsrc	ascii	GE-2)8
0x317252	0x180317252	.rsrc	ascii	)((((((t
0x31728e	0x18031728e	.rsrc	ascii	J\kgz
0x31741c	0x18031741c	.rsrc	ascii	Hx<^p
0x317522	0x180317522	.rsrc	ascii	9RPPPPP
0x31761f	0x18031761f	.rsrc	ascii	IDATx^
0x317674	0x180317674	.rsrc	ascii	88(0HTw
0x31768d	0x18031768d	.rsrc	ascii	qqqqqqqqqqqqqqqqqqqqqqqqqqqqqqqqqqqqqqqqqqqqqqqqqqqqqqqqqqqqqqqqqqqqqqqqqqqqqqqqqqqqqqqqqqqqqqqqqqqqqqqqqqqqqqqqqqqqqqqqqqqqqqqqqqqqqqqqqqqqqqqqqqqqqqqqqqqqqqqqqqqqqqqqqqqqqqqqqqqqqqqqqqqqqqqqqqqqqqqqqqqqqqqqqqqqqqqqqqqqqqqqqqqqqqqqe
0x31778b	0x18031778b	.rsrc	ascii	\\\\\\\
0x3178bc	0x1803178bc	.rsrc	ascii	&[7J+c8|
0x3179bc	0x1803179bc	.rsrc	ascii	*bp5^
0x317a2e	0x180317a2e	.rsrc	ascii	rqqqqqq
0x317a8c	0x180317a8c	.rsrc	ascii	SM8SY
0x317cad	0x180317cad	.rsrc	ascii	~\\\\\\
0x317e75	0x180317e75	.rsrc	ascii	!T\\\\\
0x318051	0x180318051	.rsrc	ascii	\\\\\
0x3180f9	0x1803180f9	.rsrc	ascii	.....
0x318163	0x180318163	.rsrc	ascii	t(}A?S(
0x318196	0x180318196	.rsrc	ascii	srqqqq
0x3181a6	0x1803181a6	.rsrc	ascii	3VO}o
0x318209	0x180318209	.rsrc	ascii	(;7E7
0x318267	0x180318267	.rsrc	ascii	0Tw@[
0x318362	0x180318362	.rsrc	ascii	s1p8X
0x3183b0	0x1803183b0	.rsrc	ascii	C.....
0x318518	0x180318518	.rsrc	ascii	\\\\\\
0x318527	0x180318527	.rsrc	ascii	no-8]
0x3185dd	0x1803185dd	.rsrc	ascii	c.....
0x318612	0x180318612	.rsrc	ascii	%&{\~
0x318697	0x180318697	.rsrc	ascii	^pp7P
0x3188ca	0x1803188ca	.rsrc	ascii	xXv/p
0x318a19	0x180318a19	.rsrc	ascii	pqqqq
0x318b49	0x180318b49	.rsrc	ascii	eY\\\\
0x318b80	0x180318b80	.rsrc	ascii	51U!5
0x318be6	0x180318be6	.rsrc	ascii	qqqqq
0x318e8a	0x180318e8a	.rsrc	ascii	P9i5x;T
0x3190af	0x1803190af	.rsrc	ascii	")<NQ
0x3191a1	0x1803191a1	.rsrc	ascii	W^\<I
0x3191e5	0x1803191e5	.rsrc	ascii	FAe=6
0x31922c	0x18031922c	.rsrc	ascii	!+Vl)E
0x31923a	0x18031923a	.rsrc	ascii	4Nar$
0x3194a0	0x1803194a0	.rsrc	ascii	\\\\\
0x3194d2	0x1803194d2	.rsrc	ascii	YU=,U
0x3195a1	0x1803195a1	.rsrc	ascii	u!=!@
0x31960d	0x18031960d	.rsrc	ascii	]}P;;
0x3196fa	0x1803196fa	.rsrc	ascii	rqqqq
0x31985f	0x18031985f	.rsrc	ascii	]....
0x31987b	0x18031987b	.rsrc	ascii	}UZXZ
0x31991e	0x18031991e	.rsrc	ascii	]....
0x319934	0x180319934	.rsrc	ascii	yPHM0p
0x3199be	0x1803199be	.rsrc	ascii	}+l}P::
0x3199db	0x1803199db	.rsrc	ascii	\\\\\
0x319aa3	0x180319aa3	.rsrc	ascii	VK=uNP
0x319b67	0x180319b67	.rsrc	ascii	)44eQ
0x319c1f	0x180319c1f	.rsrc	ascii	!h]Ia
0x319c47	0x180319c47	.rsrc	ascii	,PK%E
0x319d24	0x180319d24	.rsrc	ascii	<HA`,p
0x319eaa	0x180319eaa	.rsrc	ascii	sqqqq=D
0x319f32	0x180319f32	.rsrc	ascii	6TZR8
0x319f51	0x180319f51	.rsrc	ascii	)o/yN
0x31a0e7	0x18031a0e7	.rsrc	ascii	su7t>
0x31a23f	0x18031a23f	.rsrc	ascii	$R8]^
0x31a341	0x18031a341	.rsrc	ascii	2g"8*Z
0x31a352	0x18031a352	.rsrc	ascii	BmC6H
0x31a3c9	0x18031a3c9	.rsrc	ascii	pqqqq=
0x31a5f2	0x18031a5f2	.rsrc	ascii	P9zQn
0x31a672	0x18031a672	.rsrc	ascii	X AN]l
0x31a72b	0x18031a72b	.rsrc	ascii	68HM:
0x31a753	0x18031a753	.rsrc	ascii	-=(T5c
0x31a81e	0x18031a81e	.rsrc	ascii	9E(7G
0x31a893	0x18031a893	.rsrc	ascii	[X%8x*
0x31a99a	0x18031a99a	.rsrc	ascii	#aEn"d
0x31aa93	0x18031aa93	.rsrc	ascii	AnC@ ;
0x31aada	0x18031aada	.rsrc	ascii	t\B]x
0x31aaed	0x18031aaed	.rsrc	ascii	grqqq
0x31ab49	0x18031ab49	.rsrc	ascii	6DgYa
0x31ab7f	0x18031ab7f	.rsrc	ascii	abdAn
0x31ac43	0x18031ac43	.rsrc	ascii	61E!\
0x31ad09	0x18031ad09	.rsrc	ascii	\40*{a
0x31adbb	0x18031adbb	.rsrc	ascii	0p0Uu
0x31ae56	0x18031ae56	.rsrc	ascii	)(-m0{
0x31ae8b	0x18031ae8b	.rsrc	ascii	:J3P}
0x31aead	0x18031aead	.rsrc	ascii	VgS{f
0x31af15	0x18031af15	.rsrc	ascii	N[:2z,
0x31b0b9	0x18031b0b9	.rsrc	ascii	CaIBmK
0x31b0d7	0x18031b0d7	.rsrc	ascii	?;\\\\
0x31b271	0x18031b271	.rsrc	ascii	2 0z:ap
0x31b339	0x18031b339	.rsrc	ascii	?C\\\\
0x31b576	0x18031b576	.rsrc	ascii	AAnr0
0x31b59d	0x18031b59d	.rsrc	ascii	1BQi%
0x31b610	0x18031b610	.rsrc	ascii	AAfZW
0x31b7a9	0x18031b7a9	.rsrc	ascii	BP!d~
0x31b910	0x18031b910	.rsrc	ascii	a8O/D%h&
0x31b970	0x18031b970	.rsrc	ascii	u:cp7$
0x31bb81	0x18031bb81	.rsrc	ascii	RENzmQ
0x31bbdb	0x18031bbdb	.rsrc	ascii	Ti!phA
0x31bda2	0x18031bda2	.rsrc	ascii	!<tYaJ
0x31bdb6	0x18031bdb6	.rsrc	ascii	?W\\\\
0x31be02	0x18031be02	.rsrc	ascii	.h]qx
0x31be2a	0x18031be2a	.rsrc	ascii	"M#;^KS(
0x31be69	0x18031be69	.rsrc	ascii	gQQ#9u
0x31bec1	0x18031bec1	.rsrc	ascii	L@kLb
0x31c0fb	0x18031c0fb	.rsrc	ascii	uX$`p$
0x31c294	0x18031c294	.rsrc	ascii	TX(jA
0x31c2b1	0x18031c2b1	.rsrc	ascii	?[\\\\
0x31c2c9	0x18031c2c9	.rsrc	ascii	2)DHAB
0x31c475	0x18031c475	.rsrc	ascii	Ajw{Lj
0x31c4d9	0x18031c4d9	.rsrc	ascii	hjgS-U
0x31c8ad	0x18031c8ad	.rsrc	ascii	V_g:54
0x31c9aa	0x18031c9aa	.rsrc	ascii	S?LUBW
0x31c9f0	0x18031c9f0	.rsrc	ascii	AK{?4
0x31ca09	0x18031ca09	.rsrc	ascii	V)8u6Z
0x31ca79	0x18031ca79	.rsrc	ascii	OT1pX
0x31cbd5	0x18031cbd5	.rsrc	ascii	c:'E-2
0x31cc79	0x18031cc79	.rsrc	ascii	?k\\\\
0x31ccf5	0x18031ccf5	.rsrc	ascii	h|39tg
0x31ce1c	0x18031ce1c	.rsrc	ascii	=.M;H
0x31ce7b	0x18031ce7b	.rsrc	ascii	<jW+l5Q
0x31ceee	0x18031ceee	.rsrc	ascii	KACj#
0x31cf32	0x18031cf32	.rsrc	ascii	]9uE0H
0x31cf63	0x18031cf63	.rsrc	ascii	OWpqq
0x31cf72	0x18031cf72	.rsrc	ascii	+n*5u
0x31cfc5	0x18031cfc5	.rsrc	ascii	,J :}
0x31d032	0x18031d032	.rsrc	ascii	AX}"8
0x31d438	0x18031d438	.rsrc	ascii	iOEtx
0x31d4a0	0x18031d4a0	.rsrc	ascii	\JML1
0x31d4dd	0x18031d4dd	.rsrc	ascii	:)20`
0x31d515	0x18031d515	.rsrc	ascii	qqqq=
0x31d63d	0x18031d63d	.rsrc	ascii	F1oE>
0x31d644	0x18031d644	.rsrc	ascii	wAaja-
0x31d654	0x18031d654	.rsrc	ascii	?w\\\\
0x31d78e	0x18031d78e	.rsrc	ascii	qqqq=r
0x31d7a9	0x18031d7a9	.rsrc	ascii	A4sU/
0x31d89f	0x18031d89f	.rsrc	ascii	AC+*2c
0x31d930	0x18031d930	.rsrc	ascii	8h]Ts0
0x31d93b	0x18031d93b	.rsrc	ascii	A\>ep
0x31d949	0x18031d949	.rsrc	ascii	*jYK&
0x31d973	0x18031d973	.rsrc	ascii	q0SvP
0x31d9b9	0x18031d9b9	.rsrc	ascii	`RomF
0x31da1e	0x18031da1e	.rsrc	ascii	qqqq=r:
0x31daa2	0x18031daa2	.rsrc	ascii	59la!
0x31dabc	0x18031dabc	.rsrc	ascii	%U0z)
0x31db03	0x18031db03	.rsrc	ascii	VdGPn
0x31dc99	0x18031dc99	.rsrc	ascii	7w?Vm*B
0x31dce1	0x18031dce1	.rsrc	ascii	rqqq=R
0x31dd99	0x18031dd99	.rsrc	ascii	0pP9S
0x31de5a	0x18031de5a	.rsrc	ascii	w^_6O
0x31de93	0x18031de93	.rsrc	ascii	@ pWp
0x31df79	0x18031df79	.rsrc	ascii	0rzhT5
0x31e313	0x18031e313	.rsrc	ascii	<hmil
0x31e32c	0x18031e32c	.rsrc	ascii	S'.}Y
0x31e3e6	0x18031e3e6	.rsrc	ascii	&G$3U
0x31e513	0x18031e513	.rsrc	ascii	|o'4^a:
0x31e5c8	0x18031e5c8	.rsrc	ascii	Y7JAy
0x31e7cc	0x18031e7cc	.rsrc	ascii	!p(66
0x31e962	0x18031e962	.rsrc	ascii	(p060
0x31e98a	0x18031e98a	.rsrc	ascii	(1R-G
0x31ea1e	0x18031ea1e	.rsrc	ascii	W"+8P
0x31ea7d	0x18031ea7d	.rsrc	ascii	sQf$'
0x31ed43	0x18031ed43	.rsrc	ascii	rqqq=2
0x31edb7	0x18031edb7	.rsrc	ascii	>y7p 
0x31ee0e	0x18031ee0e	.rsrc	ascii	v(<)(\m0
0x31eee6	0x18031eee6	.rsrc	ascii	ZPljB
0x31ef2f	0x18031ef2f	.rsrc	ascii	%KW-R
0x31ef53	0x18031ef53	.rsrc	ascii	cb(-!
0x31f0ee	0x18031f0ee	.rsrc	ascii	h,q,_v
0x31f133	0x18031f133	.rsrc	ascii	MQnJc
0x31f29b	0x18031f29b	.rsrc	ascii	ye+f/<
0x31f329	0x18031f329	.rsrc	ascii	Z/E%:
0x31f477	0x18031f477	.rsrc	ascii	]I,Xp
0x31f47d	0x18031f47d	.rsrc	ascii	'NTAi
0x31f4a3	0x18031f4a3	.rsrc	ascii	55Q,\v
0x31f615	0x18031f615	.rsrc	ascii	SaieC
0x31f744	0x18031f744	.rsrc	ascii	d,m!D!
0x31f912	0x18031f912	.rsrc	ascii	K98,[U
0x31f91a	0x18031f91a	.rsrc	ascii	+O?4p
0x31fa29	0x18031fa29	.rsrc	ascii	t#>{g
0x31fa64	0x18031fa64	.rsrc	ascii	8(mi|5g?
0x31fb02	0x18031fb02	.rsrc	ascii	I;.hB
0x31fb5a	0x18031fb5a	.rsrc	ascii	XQ$+p
0x31fca5	0x18031fca5	.rsrc	ascii	NUxpF
0x31fd4e	0x18031fd4e	.rsrc	ascii	:O;{>
0x31fd92	0x18031fd92	.rsrc	ascii	(]QIK
0x31feb9	0x18031feb9	.rsrc	ascii	Jg#.[
0x31fec2	0x18031fec2	.rsrc	ascii	!~`7Z
0x320031	0x180320031	.rsrc	ascii	mu@G#
0x3200cf	0x1803200cf	.rsrc	ascii	N=No+
0x320107	0x180320107	.rsrc	ascii	09;PnnD
0x3201e9	0x1803201e9	.rsrc	ascii	MK@Q{
0x32023b	0x18032023b	.rsrc	ascii	n'[p+\
0x320294	0x180320294	.rsrc	ascii	[40y;
0x3202f6	0x1803202f6	.rsrc	ascii	p#M{+
0x320363	0x180320363	.rsrc	ascii	cOO~w
0x3206a6	0x1803206a6	.rsrc	ascii	0xhR%
0x3206d6	0x1803206d6	.rsrc	ascii	{o(hV
0x320b28	0x180320b28	.rsrc	ascii	F|2~6Nk
0x320ce1	0x180320ce1	.rsrc	ascii	J,~s-
0x321109	0x180321109	.rsrc	ascii	?'PH{
0x321158	0x180321158	.rsrc	ascii	HfN'g
0x3211aa	0x1803211aa	.rsrc	ascii	!TgZq
0x3211b4	0x1803211b4	.rsrc	ascii	N)s")S
0x3213fc	0x1803213fc	.rsrc	ascii	^ITz3
0x321446	0x180321446	.rsrc	ascii	*V\6UAG
0x321490	0x180321490	.rsrc	ascii	F`x1aie
0x321576	0x180321576	.rsrc	ascii	Kh%E.
0x3216b3	0x1803216b3	.rsrc	ascii	ZKPd)+V
0x321786	0x180321786	.rsrc	ascii	DJi;;wGc>W
0x321793	0x180321793	.rsrc	ascii	C8/WCe
0x3217bf	0x1803217bf	.rsrc	ascii	9Ngt$
0x3217fa	0x1803217fa	.rsrc	ascii	F{9mA
0x3219de	0x1803219de	.rsrc	ascii	O!AVO
0x321a16	0x180321a16	.rsrc	ascii	SCrvYQ
0x321b31	0x180321b31	.rsrc	ascii	$<MlU4
0x321b39	0x180321b39	.rsrc	ascii	PCbV+v
0x321bad	0x180321bad	.rsrc	ascii	WlUtp
0x321cfa	0x180321cfa	.rsrc	ascii	Mfy=z*
0x321d12	0x180321d12	.rsrc	ascii	9w2Z3
0x321e4e	0x180321e4e	.rsrc	ascii	FJv5i
0x321e75	0x180321e75	.rsrc	ascii	M$f5H
0x321eb0	0x180321eb0	.rsrc	ascii	f}>=Ia
0x321f0c	0x180321f0c	.rsrc	ascii	[GHT!
0x321f16	0x180321f16	.rsrc	ascii	1Ma76v
0x321f30	0x180321f30	.rsrc	ascii	*Elvv-
0x321fde	0x180321fde	.rsrc	ascii	QOhb-
0x32205c	0x18032205c	.rsrc	ascii	C|A'qy
0x3220db	0x1803220db	.rsrc	ascii	$T\&>
0x32215f	0x18032215f	.rsrc	ascii	Lxr3v
0x322336	0x180322336	.rsrc	ascii	Cly7'\
0x322375	0x180322375	.rsrc	ascii	zO97z+
0x3223c5	0x1803223c5	.rsrc	ascii	buD%U
0x322411	0x180322411	.rsrc	ascii	@\(Nz[
0x3224d0	0x1803224d0	.rsrc	ascii	_mXad
0x322612	0x180322612	.rsrc	ascii	$1bh%*
0x3227cf	0x1803227cf	.rsrc	ascii	h%G82v
0x322880	0x180322880	.rsrc	ascii	H|A+[
0x32298c	0x18032298c	.rsrc	ascii	zI(h'
0x3229e1	0x1803229e1	.rsrc	ascii	B"jI.
0x322a62	0x180322a62	.rsrc	ascii	yd$o>
0x322a97	0x180322a97	.rsrc	ascii	H>C_W1
0x322ab5	0x180322ab5	.rsrc	ascii	`cK_j<
0x322bfe	0x180322bfe	.rsrc	ascii	wE:yn
0x322df5	0x180322df5	.rsrc	ascii	2[V,;
0x322e83	0x180322e83	.rsrc	ascii	Ib;Bx9
0x322eab	0x180322eab	.rsrc	ascii	B<OX^
0x322f05	0x180322f05	.rsrc	ascii	 Ko$%
0x322f15	0x180322f15	.rsrc	ascii	dk+BL
0x322fd6	0x180322fd6	.rsrc	ascii	&BsZHMk$1
0x322ff1	0x180322ff1	.rsrc	ascii	%^Mli9
0x32300d	0x18032300d	.rsrc	ascii	|3v*c
0x323060	0x180323060	.rsrc	ascii	2b3j$
0x3231e4	0x1803231e4	.rsrc	ascii	>}o4o
0x32321c	0x18032321c	.rsrc	ascii	jw,4OP|
0x323269	0x180323269	.rsrc	ascii	1dJZ#
0x32336c	0x18032336c	.rsrc	ascii	tTj/KV
0x32338d	0x18032338d	.rsrc	ascii	v=^.B
0x3234b2	0x1803234b2	.rsrc	ascii	G1XdMk
0x323588	0x180323588	.rsrc	ascii	WGdf=
0x32368e	0x18032368e	.rsrc	ascii	E)92*
0x323793	0x180323793	.rsrc	ascii	@LF#I
0x323829	0x180323829	.rsrc	ascii	]}O4t
0x323a28	0x180323a28	.rsrc	ascii	Ci[Dt
0x323a9e	0x180323a9e	.rsrc	ascii	4STTO
0x323ac6	0x180323ac6	.rsrc	ascii	ZHtr-
0x323d0b	0x180323d0b	.rsrc	ascii	M]w4u=P
0x323eb9	0x180323eb9	.rsrc	ascii	)ym$g7
0x323eeb	0x180323eeb	.rsrc	ascii	]GJr3N
0x323fa7	0x180323fa7	.rsrc	ascii	{p61IM
0x3240f2	0x1803240f2	.rsrc	ascii	2~ko`
0x324111	0x180324111	.rsrc	ascii	6VBG5
0x3241d1	0x1803241d1	.rsrc	ascii	v#?fN
0x32429d	0x18032429d	.rsrc	ascii	v1lQud
0x324397	0x180324397	.rsrc	ascii	.4 im
0x3244d6	0x1803244d6	.rsrc	ascii	)_A:.
0x3245cf	0x1803245cf	.rsrc	ascii	me\o/a
0x3246ea	0x1803246ea	.rsrc	ascii	Dbf'.
0x324756	0x180324756	.rsrc	ascii	1U$ewJ
0x324861	0x180324861	.rsrc	ascii	VZ21V
0x324897	0x180324897	.rsrc	ascii	c;HJ+%
0x324b36	0x180324b36	.rsrc	ascii	=x?O=
0x324bca	0x180324bca	.rsrc	ascii	MOil9
0x324c15	0x180324c15	.rsrc	ascii	x4>"YQ~A"
0x324d88	0x180324d88	.rsrc	ascii	HV3%u
0x324f06	0x180324f06	.rsrc	ascii	9=yEx
0x324f90	0x180324f90	.rsrc	ascii	oNGB(
0x3250cb	0x1803250cb	.rsrc	ascii	r*r;I-
0x3250f7	0x1803250f7	.rsrc	ascii	H6lt`
0x3251a3	0x1803251a3	.rsrc	ascii	v)V'D
0x3251cd	0x1803251cd	.rsrc	ascii	h*Ut!$
0x325392	0x180325392	.rsrc	ascii	.8{&ckz
0x3254b8	0x1803254b8	.rsrc	ascii	et%G@
0x3254e9	0x1803254e9	.rsrc	ascii	3K/&O
0x325554	0x180325554	.rsrc	ascii	>s;F;
0x3255c2	0x1803255c2	.rsrc	ascii	>FHL-
0x3256e5	0x1803256e5	.rsrc	ascii	YSl`M
0x3257bb	0x1803257bb	.rsrc	ascii	6E@d%z
0x3257fa	0x1803257fa	.rsrc	ascii	,^hGXl#q
0x325807	0x180325807	.rsrc	ascii	CLN3Iy=
0x3258fd	0x1803258fd	.rsrc	ascii	>P[H_c>
0x3259ec	0x1803259ec	.rsrc	ascii	g_<)b
0x3259f7	0x1803259f7	.rsrc	ascii	4\ Zt
0x325bfe	0x180325bfe	.rsrc	ascii	SlVsDU
0x325cd1	0x180325cd1	.rsrc	ascii	LTf;i
0x325db9	0x180325db9	.rsrc	ascii	rq't5r
0x325e27	0x180325e27	.rsrc	ascii	FpX91
0x3262ac	0x1803262ac	.rsrc	ascii	EK1v*K
0x326422	0x180326422	.rsrc	ascii	,lhU7
0x3264d6	0x1803264d6	.rsrc	ascii	\-M'_[
0x32650a	0x18032650a	.rsrc	ascii	PCgj$
0x326637	0x180326637	.rsrc	ascii	BfI/v
0x32663f	0x18032663f	.rsrc	ascii	=f#6{
0x32664e	0x18032664e	.rsrc	ascii	!JVGxz
0x3266e6	0x1803266e6	.rsrc	ascii	RH_{6
0x3267d8	0x1803267d8	.rsrc	ascii	mOXt9
0x326879	0x180326879	.rsrc	ascii	DR~;'
0x326893	0x180326893	.rsrc	ascii	[C\V+
0x3268a0	0x1803268a0	.rsrc	ascii	QO\F#
0x3268dc	0x1803268dc	.rsrc	ascii	?7d&Fd
0x326aff	0x180326aff	.rsrc	ascii	TeCi>
0x326b47	0x180326b47	.rsrc	ascii	~SL*n
0x326b81	0x180326b81	.rsrc	ascii	VJ_{#
0x326be5	0x180326be5	.rsrc	ascii	Bn4Wr%
0x326cdb	0x180326cdb	.rsrc	ascii	 k&Vt"2
0x326d97	0x180326d97	.rsrc	ascii	'BG=4V0P]
0x326e23	0x180326e23	.rsrc	ascii	1PYH_U!
0x326e91	0x180326e91	.rsrc	ascii	u+O1a
0x326f93	0x180326f93	.rsrc	ascii	li4AY!
0x3270ae	0x1803270ae	.rsrc	ascii	&fOWW
0x327123	0x180327123	.rsrc	ascii	rtu<X0
0x327307	0x180327307	.rsrc	ascii	sD$VJ
0x327338	0x180327338	.rsrc	ascii	vEBA3
0x32749d	0x18032749d	.rsrc	ascii	C8.~r
0x3275d0	0x1803275d0	.rsrc	ascii	IDATI
0x327605	0x180327605	.rsrc	ascii	}=oV/?
0x327840	0x180327840	.rsrc	ascii	XY7)9
0x32789d	0x18032789d	.rsrc	ascii	#Rlmdv
0x3279cf	0x1803279cf	.rsrc	ascii	%2S$Y
0x327a4c	0x180327a4c	.rsrc	ascii	~y|;E
0x327a57	0x180327a57	.rsrc	ascii	%k"L^
0x327a69	0x180327a69	.rsrc	ascii	Kh ^dp
0x327a7b	0x180327a7b	.rsrc	ascii	xtI''=S
0x327a93	0x180327a93	.rsrc	ascii	XR*I 
0x327ad6	0x180327ad6	.rsrc	ascii	%23P'
0x327be5	0x180327be5	.rsrc	ascii	10u%1
0x327d4d	0x180327d4d	.rsrc	ascii	d]Ddv
0x327d80	0x180327d80	.rsrc	ascii	.@TF7&V
0x327d94	0x180327d94	.rsrc	ascii	'oQMD
0x327e4f	0x180327e4f	.rsrc	ascii	Ku$[ZR
0x327ec7	0x180327ec7	.rsrc	ascii	<FKepp
0x3280c8	0x1803280c8	.rsrc	ascii	,i;#<
0x328244	0x180328244	.rsrc	ascii	be=Df
0x3282a0	0x1803282a0	.rsrc	ascii	84I?Ch
0x328361	0x180328361	.rsrc	ascii	=c?tM
0x3283e6	0x1803283e6	.rsrc	ascii	!h'"C
0x328467	0x180328467	.rsrc	ascii	EtR'Z
0x32859f	0x18032859f	.rsrc	ascii	WORQ/'
0x3285c5	0x1803285c5	.rsrc	ascii	QbcC\
0x3285e0	0x1803285e0	.rsrc	ascii	U)d+:
0x328814	0x180328814	.rsrc	ascii	IX4Go
0x32882a	0x18032882a	.rsrc	ascii	2a"<*
0x3288ec	0x1803288ec	.rsrc	ascii	*6+jDP
0x328a1c	0x180328a1c	.rsrc	ascii	$e^ I~
0x328a84	0x180328a84	.rsrc	ascii	B (Ee
0x328bd4	0x180328bd4	.rsrc	ascii	I-RlvDZ
0x328d7c	0x180328d7c	.rsrc	ascii	9[9v*
0x328e2c	0x180328e2c	.rsrc	ascii	m4\F.
0x32901c	0x18032901c	.rsrc	ascii	Nk%.S
0x32917e	0x18032917e	.rsrc	ascii	ATZ;;
0x32919b	0x18032919b	.rsrc	ascii	JxJ#a
0x3291b5	0x1803291b5	.rsrc	ascii	J .WD
0x3291d0	0x1803291d0	.rsrc	ascii	qHk&$
0x329244	0x180329244	.rsrc	ascii	IlX4*
0x329321	0x180329321	.rsrc	ascii	VCbV7N^
0x329454	0x180329454	.rsrc	ascii	iH3If&1E
0x32946a	0x18032946a	.rsrc	ascii	m133+
0x329618	0x180329618	.rsrc	ascii	88Ebe
0x329622	0x180329622	.rsrc	ascii	1'29{
0x329788	0x180329788	.rsrc	ascii	\*%vX
0x3297cd	0x1803297cd	.rsrc	ascii	#dd\.g
0x329808	0x180329808	.rsrc	ascii	K({EoA
0x3298d9	0x1803298d9	.rsrc	ascii	%'*,lC
0x3298f8	0x1803298f8	.rsrc	ascii	\iG},
0x329a83	0x180329a83	.rsrc	ascii	Z%q)9,X
0x329c47	0x180329c47	.rsrc	ascii	!WX.?D_p
0x329d5f	0x180329d5f	.rsrc	ascii	\qEx2
0x329ed3	0x180329ed3	.rsrc	ascii	(&-J9
0x329f29	0x180329f29	.rsrc	ascii	,xL_~.
0x329f88	0x180329f88	.rsrc	ascii	}Y2u;
0x32a35d	0x18032a35d	.rsrc	ascii	X;F`i
0x32a466	0x18032a466	.rsrc	ascii	qL6=G
0x32a48a	0x18032a48a	.rsrc	ascii	N"bpp>
0x32a513	0x18032a513	.rsrc	ascii	F\z.Wn
0x32a531	0x18032a531	.rsrc	ascii	%9PyK
0x32a5c4	0x18032a5c4	.rsrc	ascii	HTn18yDa
0x32a861	0x18032a861	.rsrc	ascii	=eOi/
0x32aa3f	0x18032aa3f	.rsrc	ascii	#X9Ea
0x32ab78	0x18032ab78	.rsrc	ascii	:m3=3
0x32adb6	0x18032adb6	.rsrc	ascii	_`(xnl
0x32b00a	0x18032b00a	.rsrc	ascii	;SH?_
0x32b112	0x18032b112	.rsrc	ascii	.9h4{r
0x32b3fa	0x18032b3fa	.rsrc	ascii	}~)D%
0x32b5e8	0x18032b5e8	.rsrc	ascii	gO[a>
0x32b76b	0x18032b76b	.rsrc	ascii	Yf{qPG
0x32b89a	0x18032b89a	.rsrc	ascii	1Ycz]
0x32b923	0x18032b923	.rsrc	ascii	hB&^A
0x32b9af	0x18032b9af	.rsrc	ascii	eYPWJ
0x32ba29	0x18032ba29	.rsrc	ascii	xg>}o
0x32ba69	0x18032ba69	.rsrc	ascii	88hY4g
0x32bb41	0x18032bb41	.rsrc	ascii	Zr3Kx
0x32bb96	0x18032bb96	.rsrc	ascii	/Gx0k
0x32bd79	0x18032bd79	.rsrc	ascii	"'DCVh(
0x32bf76	0x18032bf76	.rsrc	ascii	;8E\bM
0x32c006	0x18032c006	.rsrc	ascii	~>xo!W
0x32c0aa	0x18032c0aa	.rsrc	ascii	<I>Aw
0x32c0ca	0x18032c0ca	.rsrc	ascii	Ay>:'
0x32c16b	0x18032c16b	.rsrc	ascii	m[Y8r
0x32c2c5	0x18032c2c5	.rsrc	ascii	{;'Nk
0x32c43f	0x18032c43f	.rsrc	ascii	FLucu
0x32c6de	0x18032c6de	.rsrc	ascii	&VN^EmX$
0x32c7ca	0x18032c7ca	.rsrc	ascii	0{iWgS
0x32c7d2	0x18032c7d2	.rsrc	ascii	rkI:z
0x32c93c	0x18032c93c	.rsrc	ascii	'%4xj2p
0x32cb75	0x18032cb75	.rsrc	ascii	:p;Ua
0x32cbd8	0x18032cbd8	.rsrc	ascii	i_xpu
0x32ccc3	0x18032ccc3	.rsrc	ascii	jeWcO
0x32cce7	0x18032cce7	.rsrc	ascii	eN%? 
0x32cf38	0x18032cf38	.rsrc	ascii	E/C0[Vl
0x32d116	0x18032d116	.rsrc	ascii	-Sfz3
0x32d29f	0x18032d29f	.rsrc	ascii	Ek8eg
0x32d3e4	0x18032d3e4	.rsrc	ascii	s](~N
0x32d3f3	0x18032d3f3	.rsrc	ascii	(krCBh
0x32d5d0	0x18032d5d0	.rsrc	ascii	IqwH>y
0x32d62e	0x18032d62e	.rsrc	ascii	23-]X2i
0x32d6c3	0x18032d6c3	.rsrc	ascii	[>fi}y
0x32d6d0	0x18032d6d0	.rsrc	ascii	{o._~
0x32d7e5	0x18032d7e5	.rsrc	ascii	<v#'s
0x32d8a9	0x18032d8a9	.rsrc	ascii	gW"gR
0x32d9e5	0x18032d9e5	.rsrc	ascii	Z-%:Q
0x32de5c	0x18032de5c	.rsrc	ascii	v/y"c
0x32de9a	0x18032de9a	.rsrc	ascii	b[haN#
0x32dea4	0x18032dea4	.rsrc	ascii	REE;u
0x32deba	0x18032deba	.rsrc	ascii	f=N'n
0x32ded6	0x18032ded6	.rsrc	ascii	 B<WiN
0x32e02c	0x18032e02c	.rsrc	ascii	t\E&"0
0x32e0c4	0x18032e0c4	.rsrc	ascii	rCAP0
0x32e0db	0x18032e0db	.rsrc	ascii	C!aCd(Di#h?
0x32e194	0x18032e194	.rsrc	ascii	n?&> 
0x32e1bc	0x18032e1bc	.rsrc	ascii	S'nIx8
0x32e1da	0x18032e1da	.rsrc	ascii	){*c0
0x32e3b6	0x18032e3b6	.rsrc	ascii	4UtQW
0x32e3bc	0x18032e3bc	.rsrc	ascii	A]u7}
0x32e5cf	0x18032e5cf	.rsrc	ascii	P,v\h
0x32e5f4	0x18032e5f4	.rsrc	ascii	!?Jd$
0x32e82c	0x18032e82c	.rsrc	ascii	1<D_t
0x32e8c5	0x18032e8c5	.rsrc	ascii	yHKY7u5
0x32e9b1	0x18032e9b1	.rsrc	ascii	(]h|e
0x32ec40	0x18032ec40	.rsrc	ascii	q=[7hY
0x32ec8e	0x18032ec8e	.rsrc	ascii	0P_%|
0x32ecb4	0x18032ecb4	.rsrc	ascii	x=X~p
0x32ee2a	0x18032ee2a	.rsrc	ascii	8Nc'kM
0x32eeaf	0x18032eeaf	.rsrc	ascii	F()zL
0x32eeee	0x18032eeee	.rsrc	ascii	l[fER
0x32ef0f	0x18032ef0f	.rsrc	ascii	(Y@C]/
0x32ef53	0x18032ef53	.rsrc	ascii	d!%9m4
0x32f00b	0x18032f00b	.rsrc	ascii	_7IJ`
0x32f127	0x18032f127	.rsrc	ascii	*2_OJ
0x32f199	0x18032f199	.rsrc	ascii	HmM3u
0x32f2c9	0x18032f2c9	.rsrc	ascii	A7JaI=
0x32f2f2	0x18032f2f2	.rsrc	ascii	e]4U7Q_
0x32f2fa	0x18032f2fa	.rsrc	ascii	C]e'u
0x32f3cb	0x18032f3cb	.rsrc	ascii	 C@Eo
0x32f681	0x18032f681	.rsrc	ascii	Y$m;D
0x32f7cb	0x18032f7cb	.rsrc	ascii	mu"#a
0x32f84f	0x18032f84f	.rsrc	ascii	5\T{pl
0x32f9b5	0x18032f9b5	.rsrc	ascii	,_BYn
0x32f9c0	0x18032f9c0	.rsrc	ascii	2BBU'
0x32fa23	0x18032fa23	.rsrc	ascii	IOUQ'e
0x32fafb	0x18032fafb	.rsrc	ascii	N6tVf$Q
0x32fbaa	0x18032fbaa	.rsrc	ascii	zsO_C
0x32fe26	0x18032fe26	.rsrc	ascii	U]tTw
0x32fe8c	0x18032fe8c	.rsrc	ascii	NZ+z(
0x32ff2d	0x18032ff2d	.rsrc	ascii	=F/\%s
0x32ff54	0x18032ff54	.rsrc	ascii	]L''J
0x32ff9c	0x18032ff9c	.rsrc	ascii	Bcy75
0x330195	0x180330195	.rsrc	ascii	m%etv
0x3301e8	0x1803301e8	.rsrc	ascii	Y.$/1
0x330343	0x180330343	.rsrc	ascii	.hhj#
0x3304c0	0x1803304c0	.rsrc	ascii	y1d|S
0x3305a0	0x1803305a0	.rsrc	ascii	Osk?=u
0x3305f0	0x1803305f0	.rsrc	ascii	P-~k7
0x330722	0x180330722	.rsrc	ascii	>Zjzh
0x3307bb	0x1803307bb	.rsrc	ascii	1RNXT
0x33096e	0x18033096e	.rsrc	ascii	5v.'t
0x330a23	0x180330a23	.rsrc	ascii	| '0z
0x330b42	0x180330b42	.rsrc	ascii	/{LWu6}Y/
0x330ca1	0x180330ca1	.rsrc	ascii	7VvPV
0x330ccb	0x180330ccb	.rsrc	ascii	=`0BC,
0x330d75	0x180330d75	.rsrc	ascii	]4TtS_
0x330d8b	0x180330d8b	.rsrc	ascii	C{;TV
0x330e64	0x180330e64	.rsrc	ascii	oC]K?=bIT]
0x330e70	0x180330e70	.rsrc	ascii	MFphi
0x330f07	0x180330f07	.rsrc	ascii	EkM/}m
0x330f5c	0x180330f5c	.rsrc	ascii	FSi/-
0x331049	0x180331049	.rsrc	ascii	u@*.>
0x33119d	0x18033119d	.rsrc	ascii	jz%8Hx
0x3311e7	0x1803311e7	.rsrc	ascii	EKC/m
0x3312e4	0x1803312e4	.rsrc	ascii	}2+S[
0x331459	0x180331459	.rsrc	ascii	14AoU
0x331577	0x180331577	.rsrc	ascii	Kms?M
0x3318a6	0x1803318a6	.rsrc	ascii	!F{{d
0x331934	0x180331934	.rsrc	ascii	*wG4Vt
0x33199c	0x18033199c	.rsrc	ascii	{pi)P$
0x331a35	0x180331a35	.rsrc	ascii	:$px;
0x331ada	0x180331ada	.rsrc	ascii	FcE3/
0x331e98	0x180331e98	.rsrc	ascii	tY'7+
0x331edc	0x180331edc	.rsrc	ascii	9FV,w;
0x331f3f	0x180331f3f	.rsrc	ascii	JsY=Me
0x331f7b	0x180331f7b	.rsrc	ascii	uQvSt
0x332024	0x180332024	.rsrc	ascii	AUi+5%
0x3320ea	0x1803320ea	.rsrc	ascii	AuY;Ueb
0x3321c1	0x1803321c1	.rsrc	ascii	TTT@e
0x332256	0x180332256	.rsrc	ascii	IJt2o
0x332286	0x180332286	.rsrc	ascii	"S_Xt
0x3322ab	0x1803322ab	.rsrc	ascii	+ow%L
0x3323fd	0x1803323fd	.rsrc	ascii	rvlu 
0x33249c	0x18033249c	.rsrc	ascii	af%U8
0x3324df	0x1803324df	.rsrc	ascii	tQ\A]Y'-b
0x332757	0x180332757	.rsrc	ascii	-5"IR4
0x3328a7	0x1803328a7	.rsrc	ascii	>1yxE
0x33290a	0x18033290a	.rsrc	ascii	LMY+5
0x332a5d	0x180332a5d	.rsrc	ascii	/r&NJ[
0x332aab	0x180332aab	.rsrc	ascii	f)l^S
0x332eaa	0x180332eaa	.rsrc	ascii	W-xW~
0x332f65	0x180332f65	.rsrc	ascii	WBqY'
0x332f6b	0x180332f6b	.rsrc	ascii	K:()Aj
0x3330eb	0x1803330eb	.rsrc	ascii	@G-4WvJ}
0x333178	0x180333178	.rsrc	ascii	X3b5f
0x3331aa	0x1803331aa	.rsrc	ascii	jA-feH
0x333223	0x180333223	.rsrc	ascii	^Q9xEgK
0x333379	0x180333379	.rsrc	ascii	Sx'>'
0x3334c0	0x1803334c0	.rsrc	ascii	(Bb^F
0x3335c3	0x1803335c3	.rsrc	ascii	RYhG+
0x333644	0x180333644	.rsrc	ascii	y?sV8
0x33368b	0x18033368b	.rsrc	ascii	W~-+R
0x333ad2	0x180333ad2	.rsrc	ascii	tv-\N
0x333c74	0x180333c74	.rsrc	ascii	3!Vg&
0x333e4a	0x180333e4a	.rsrc	ascii	b<(R?
0x333e60	0x180333e60	.rsrc	ascii	JD):h
0x334019	0x180334019	.rsrc	ascii	lRtLI
0x334058	0x180334058	.rsrc	ascii	v`:na9
0x334217	0x180334217	.rsrc	ascii	x:)E*
0x3342f4	0x1803342f4	.rsrc	ascii	:F<9|,vO
0x33442b	0x18033442b	.rsrc	ascii	wx.^"
0x334509	0x180334509	.rsrc	ascii	s@&^G2p
0x3345fd	0x1803345fd	.rsrc	ascii	[=3iN
0x334745	0x180334745	.rsrc	ascii	st!.Qy
0x3347c5	0x1803347c5	.rsrc	ascii	1~t0+4'
0x3348ac	0x1803348ac	.rsrc	ascii	z{(kv
0x334ab7	0x180334ab7	.rsrc	ascii	+r',I
0x334bab	0x180334bab	.rsrc	ascii	l<#Eig/
0x33503b	0x18033503b	.rsrc	ascii	3<Oj8
0x335061	0x180335061	.rsrc	ascii	DGC+?
0x3350c5	0x1803350c5	.rsrc	ascii	+x[,f
0x33510e	0x18033510e	.rsrc	ascii	Z'6Y,f
0x3351aa	0x1803351aa	.rsrc	ascii	{;DD4
0x3351d4	0x1803351d4	.rsrc	ascii	WBku'M
0x3352be	0x1803352be	.rsrc	ascii	5*[^A
0x335470	0x180335470	.rsrc	ascii	ASM;M5
0x335489	0x180335489	.rsrc	ascii	mw6@{
0x3355ea	0x1803355ea	.rsrc	ascii	%OiMc
0x33570d	0x18033570d	.rsrc	ascii	ICC;m
0x3357e9	0x1803357e9	.rsrc	ascii	da}8Q
0x3358c3	0x1803358c3	.rsrc	ascii	"|cNa
0x335af2	0x180335af2	.rsrc	ascii	j6WBUC'
0x335bb6	0x180335bb6	.rsrc	ascii	iEz&K
0x335c28	0x180335c28	.rsrc	ascii	t<BD4C
0x335c2f	0x180335c2f	.rsrc	ascii	;-`[D
0x335c92	0x180335c92	.rsrc	ascii	tI60g
0x335df0	0x180335df0	.rsrc	ascii	KBFL!E
0x335ead	0x180335ead	.rsrc	ascii	dgP"F
0x335f65	0x180335f65	.rsrc	ascii	N}tp|x
0x335fb8	0x180335fb8	.rsrc	ascii	wCB/@p
0x336001	0x180336001	.rsrc	ascii	LKU3u
0x33601e	0x18033601e	.rsrc	ascii	\"GO#
0x336074	0x180336074	.rsrc	ascii	 mbu'
0x3360af	0x1803360af	.rsrc	ascii	m$cGi2~
0x33620e	0x18033620e	.rsrc	ascii	KJ;jE
0x3362f9	0x1803362f9	.rsrc	ascii	Hn4$Y
0x336636	0x180336636	.rsrc	ascii	"zBCwD"
0x336651	0x180336651	.rsrc	ascii	=_'?Wn
0x336683	0x180336683	.rsrc	ascii	J0;*:
0x33671c	0x18033671c	.rsrc	ascii	bX<u6
0x3369d2	0x1803369d2	.rsrc	ascii	FV6l8
0x336a06	0x180336a06	.rsrc	ascii	~+8t'C
0x336a44	0x180336a44	.rsrc	ascii	7]Bax
0x336b98	0x180336b98	.rsrc	ascii	6[92D
0x336d11	0x180336d11	.rsrc	ascii	IDiM'B
0x336e10	0x180336e10	.rsrc	ascii	s*L98J
0x336f69	0x180336f69	.rsrc	ascii	6"F{:
0x336f70	0x180336f70	.rsrc	ascii	tX5p(
0x337085	0x180337085	.rsrc	ascii	X":6>>
0x3370f1	0x1803370f1	.rsrc	ascii	}}&2W_
0x3372d0	0x1803372d0	.rsrc	ascii	hM!Pc
0x33753b	0x18033753b	.rsrc	ascii	$hN'J}
0x337605	0x180337605	.rsrc	ascii	-Z*;x
0x337616	0x180337616	.rsrc	ascii	L'Bs*
0x33762f	0x18033762f	.rsrc	ascii	8T@cy
0x3378a7	0x1803378a7	.rsrc	ascii	Kt!.QE
0x3378be	0x1803378be	.rsrc	ascii	T 5yr
0x33798b	0x18033798b	.rsrc	ascii	n34CmM
0x3379e4	0x1803379e4	.rsrc	ascii	zb=sJ
0x337ae3	0x180337ae3	.rsrc	ascii	5lFhr
0x337af2	0x180337af2	.rsrc	ascii	J;i+V
0x337b17	0x180337b17	.rsrc	ascii	|t0A:S
0x337b70	0x180337b70	.rsrc	ascii	uB!."
0x337bbd	0x180337bbd	.rsrc	ascii	"mSto]t
0x337db5	0x180337db5	.rsrc	ascii	xF4qR
0x337dc9	0x180337dc9	.rsrc	ascii	JM}'u
0x337f74	0x180337f74	.rsrc	ascii	KaB*[G
0x337f86	0x180337f86	.rsrc	ascii	jL%Ns:
0x337ff0	0x180337ff0	.rsrc	ascii	y2cRy
0x337ffe	0x180337ffe	.rsrc	ascii	rVntf
0x338068	0x180338068	.rsrc	ascii	|)Ac&
0x33809f	0x18033809f	.rsrc	ascii	o5QU+
0x33810f	0x18033810f	.rsrc	ascii	jO!Vo
0x338192	0x180338192	.rsrc	ascii	l8&>'
0x33823f	0x18033823f	.rsrc	ascii	9ncOGS'
0x338257	0x180338257	.rsrc	ascii	DT]4S[
0x33828e	0x18033828e	.rsrc	ascii	d2^!)
0x338764	0x180338764	.rsrc	ascii	$Dk6!
0x3387a1	0x1803387a1	.rsrc	ascii	agl.{
0x3388a1	0x1803388a1	.rsrc	ascii	AFx*n
0x3388bf	0x1803388bf	.rsrc	ascii	U"Ub4
0x338984	0x180338984	.rsrc	ascii	\%7^{
0x3389b7	0x1803389b7	.rsrc	ascii	.!'$`
0x338a13	0x180338a13	.rsrc	ascii	I*nUS
0x338a35	0x180338a35	.rsrc	ascii	#Tm2Ac
0x338b37	0x180338b37	.rsrc	ascii	  MzL
0x338d6a	0x180338d6a	.rsrc	ascii	R[UKS%4
0x3390ec	0x1803390ec	.rsrc	ascii	?NV3f
0x339257	0x180339257	.rsrc	ascii	iM"Xk
0x339265	0x180339265	.rsrc	ascii	-P'ZK
0x33939b	0x18033939b	.rsrc	ascii	$+7{1{
0x339401	0x180339401	.rsrc	ascii	PU"ZKwJ=
0x339672	0x180339672	.rsrc	ascii	,mWto5
0x3396ba	0x1803396ba	.rsrc	ascii	.PlCdb
0x339706	0x180339706	.rsrc	ascii	jL!Hc"
0x339800	0x180339800	.rsrc	ascii	<\Brp
0x33987a	0x18033987a	.rsrc	ascii	t\#2Y
0x3398c8	0x1803398c8	.rsrc	ascii	GV[-B
0x3398dc	0x1803398dc	.rsrc	ascii	2_&L_
0x3398e7	0x1803398e7	.rsrc	ascii	O!Yg2
0x3398ed	0x1803398ed	.rsrc	ascii	:sH04
0x33996d	0x18033996d	.rsrc	ascii	ZD>D;
0x339a5f	0x180339a5f	.rsrc	ascii	92Qw"
0x339ada	0x180339ada	.rsrc	ascii	V;57E
0x339b09	0x180339b09	.rsrc	ascii	Lb{x6
0x339d46	0x180339d46	.rsrc	ascii	|G&/pb
0x339da8	0x180339da8	.rsrc	ascii	&?~]FcU
0x339dd4	0x180339dd4	.rsrc	ascii	V3u7[
0x339deb	0x180339deb	.rsrc	ascii	BC54T
0x339e0b	0x180339e0b	.rsrc	ascii	T\E)gH.
0x339eb1	0x180339eb1	.rsrc	ascii	&!HQ^X
0x339ef1	0x180339ef1	.rsrc	ascii	4WArR>.
0x339f20	0x180339f20	.rsrc	ascii	CUi;M
0x339f69	0x180339f69	.rsrc	ascii	fmQ>C
0x339fb6	0x180339fb6	.rsrc	ascii	{rOm)
0x33a048	0x18033a048	.rsrc	ascii	acAaI5Yw
0x33a138	0x18033a138	.rsrc	ascii	!_Vz\`
0x33a160	0x18033a160	.rsrc	ascii	J+A@X
0x33a16e	0x18033a16e	.rsrc	ascii	J0xY?
0x33a188	0x18033a188	.rsrc	ascii	>;MYi
0x33a300	0x18033a300	.rsrc	ascii	t%C':
0x33a3f4	0x18033a3f4	.rsrc	ascii	Djv)[
0x33a65a	0x18033a65a	.rsrc	ascii	#-7b7
0x33a691	0x18033a691	.rsrc	ascii	w`;{>o
0x33a7bf	0x18033a7bf	.rsrc	ascii	]#&S]
0x33a92b	0x18033a92b	.rsrc	ascii	hO?S{
0x33a93f	0x18033a93f	.rsrc	ascii	1DlgL
0x33aa86	0x18033aa86	.rsrc	ascii	2YRlK
0x33ac15	0x18033ac15	.rsrc	ascii	^d}p"
0x33ad45	0x18033ad45	.rsrc	ascii	F6^d]8P
0x33ada9	0x18033ada9	.rsrc	ascii	`#&Wzzaw
0x33ae08	0x18033ae08	.rsrc	ascii	5RZTOI~-
0x33b021	0x18033b021	.rsrc	ascii	TuP]!ZY
0x33b2a2	0x18033b2a2	.rsrc	ascii	(}PE]#
0x33b2e1	0x18033b2e1	.rsrc	ascii	c2m&V{
0x33b35b	0x18033b35b	.rsrc	ascii	q]bMKe+5
0x33b3f6	0x18033b3f6	.rsrc	ascii	AYE+5
0x33b417	0x18033b417	.rsrc	ascii	(n$>6
0x33b540	0x18033b540	.rsrc	ascii	xDSE'
0x33b590	0x18033b590	.rsrc	ascii	q19$%
0x33b5d3	0x18033b5d3	.rsrc	ascii	bklvz1m
0x33b684	0x18033b684	.rsrc	ascii	&OVOY
0x33b9a9	0x18033b9a9	.rsrc	ascii	iYZ)z9h
0x33b9ea	0x18033b9ea	.rsrc	ascii	Km$DDA
0x33baf7	0x18033baf7	.rsrc	ascii	~-Mu<
0x33bb18	0x18033bb18	.rsrc	ascii	N2"Rq_
0x33bb28	0x18033bb28	.rsrc	ascii	7QR4}
0x33bb9b	0x18033bb9b	.rsrc	ascii	.L(AAi
0x33bbe6	0x18033bbe6	.rsrc	ascii	{HiA3
0x33bd0c	0x18033bd0c	.rsrc	ascii	nWh-'Uj
0x33be40	0x18033be40	.rsrc	ascii	"aR@CCE
0x33bf0e	0x18033bf0e	.rsrc	ascii	:mnX~
0x33c0c7	0x18033c0c7	.rsrc	ascii	j;d88
0x33c11b	0x18033c11b	.rsrc	ascii	@n\<{
0x33c2d2	0x18033c2d2	.rsrc	ascii	SIrx&?z
0x33c41e	0x18033c41e	.rsrc	ascii	PlotRY
0x33c5f0	0x18033c5f0	.rsrc	ascii	SXy\d
0x33c693	0x18033c693	.rsrc	ascii	!"8SF
0x33c6cf	0x18033c6cf	.rsrc	ascii	P["&j
0x33c824	0x18033c824	.rsrc	ascii	~Hq~5
0x33c904	0x18033c904	.rsrc	ascii	+i&)6
0x33c94c	0x18033c94c	.rsrc	ascii	;bnWU
0x33cabd	0x18033cabd	.rsrc	ascii	zy}Uq
0x33cb0c	0x18033cb0c	.rsrc	ascii	vSWX+#
0x33cc6d	0x18033cc6d	.rsrc	ascii	Ed!'#
0x33ccf2	0x18033ccf2	.rsrc	ascii	J;h,n
0x33ceac	0x18033ceac	.rsrc	ascii	G/bw@TG
0x33cf01	0x18033cf01	.rsrc	ascii	POa~=
0x33cff9	0x18033cff9	.rsrc	ascii	"oBl+
0x33d273	0x18033d273	.rsrc	ascii	}yEC78d
0x33d322	0x18033d322	.rsrc	ascii	9l\.`
0x33d3aa	0x18033d3aa	.rsrc	ascii	Z'ZP?z
0x33d530	0x18033d530	.rsrc	ascii	UmtT4q
0x33d571	0x18033d571	.rsrc	ascii	K|x&qA)D
0x33d57e	0x18033d57e	.rsrc	ascii	AX`&aA
0x33d5b2	0x18033d5b2	.rsrc	ascii	zjKZd
0x33d5c4	0x18033d5c4	.rsrc	ascii	T\M]q
0x33d647	0x18033d647	.rsrc	ascii	7b&}F
0x33d75a	0x18033d75a	.rsrc	ascii	IM|@\
0x33d7d8	0x18033d7d8	.rsrc	ascii	N>zo #g
0x33d8a2	0x18033d8a2	.rsrc	ascii	&rs*HM
0x33d9ea	0x18033d9ea	.rsrc	ascii	HRcnQ"
0x33da65	0x18033da65	.rsrc	ascii	3+J49
0x33db58	0x18033db58	.rsrc	ascii	W#KUe
0x33dcfe	0x18033dcfe	.rsrc	ascii	IO-$6
0x33dfc5	0x18033dfc5	.rsrc	ascii	vEDh&
0x33e0e2	0x18033e0e2	.rsrc	ascii	Q)r Di
0x33e1f3	0x18033e1f3	.rsrc	ascii	$EMs(
0x33e362	0x18033e362	.rsrc	ascii	Q\K]Q
0x33e40a	0x18033e40a	.rsrc	ascii	J`xb1r
0x33e4d1	0x18033e4d1	.rsrc	ascii	6DrgQ
0x33e53a	0x18033e53a	.rsrc	ascii	7sX:m)
0x33e64f	0x18033e64f	.rsrc	ascii	w>S>#
0x33e659	0x18033e659	.rsrc	ascii	JG?Y[
0x33e6dd	0x18033e6dd	.rsrc	ascii	vEyA-
0x33e7e3	0x18033e7e3	.rsrc	ascii	P%{;<
0x33e8ea	0x18033e8ea	.rsrc	ascii	 -)O^
0x33e9f6	0x18033e9f6	.rsrc	ascii	5QZXOYa-
0x33eaf9	0x18033eaf9	.rsrc	ascii	z:$S&T
0x33ebdb	0x18033ebdb	.rsrc	ascii	QwqV&6
0x33ec4f	0x18033ec4f	.rsrc	ascii	b`PBBO
0x33ec7c	0x18033ec7c	.rsrc	ascii	Itx&a?
0x33eca8	0x18033eca8	.rsrc	ascii	N^,s>/
0x33ed3f	0x18033ed3f	.rsrc	ascii	7BxH&
0x33eda7	0x18033eda7	.rsrc	ascii	_$Ozc
0x33ee28	0x18033ee28	.rsrc	ascii	r+"2(
0x33f211	0x18033f211	.rsrc	ascii	~Jjl.
0x33f22b	0x18033f22b	.rsrc	ascii	aSZxP
0x33f29f	0x18033f29f	.rsrc	ascii	glW>#
0x33f2ec	0x18033f2ec	.rsrc	ascii	>px>@tHp
0x33f35e	0x18033f35e	.rsrc	ascii	%."QR
0x33f4d5	0x18033f4d5	.rsrc	ascii	pX;qJ
0x33f656	0x18033f656	.rsrc	ascii	AhP.I
0x33f710	0x18033f710	.rsrc	ascii	'9R@B6a!w
0x33f71e	0x18033f71e	.rsrc	ascii	CLD6Qa
0x33f7dd	0x18033f7dd	.rsrc	ascii	VE7<Tu
0x33f869	0x18033f869	.rsrc	ascii	7b43-nd
0x33f878	0x18033f878	.rsrc	ascii	{H'<"
0x33f93e	0x18033f93e	.rsrc	ascii	QaYDFdi
0x33f9d4	0x18033f9d4	.rsrc	ascii	qXc<;
0x33fa66	0x18033fa66	.rsrc	ascii	_"A~I
0x33fd68	0x18033fd68	.rsrc	ascii	SZ[Gk3
0x33fd8f	0x18033fd8f	.rsrc	ascii	E|d&)
0x33fee2	0x18033fee2	.rsrc	ascii	h(}Hy
0x33ff57	0x18033ff57	.rsrc	ascii	JPPl]X
0x33ffcb	0x18033ffcb	.rsrc	ascii	wjY?c
0x33ffda	0x18033ffda	.rsrc	ascii	]Ovz1
0x340005	0x180340005	.rsrc	ascii	[2i2&,[
0x340044	0x180340044	.rsrc	ascii	(|POlD
0x340238	0x180340238	.rsrc	ascii	"pPF&^
0x34028b	0x18034028b	.rsrc	ascii	9FJH:
0x3402d3	0x1803402d3	.rsrc	ascii	z"q?%
0x3403f6	0x1803403f6	.rsrc	ascii	Xs\T\4p
0x3404ce	0x1803404ce	.rsrc	ascii	'? -"
0x34059a	0x18034059a	.rsrc	ascii	df}kW
0x340610	0x180340610	.rsrc	ascii	1B[$K
0x340659	0x180340659	.rsrc	ascii	QD9ne
0x34066a	0x18034066a	.rsrc	ascii	M1_Cs
0x340680	0x180340680	.rsrc	ascii	PTPOzN!!~
0x3408c9	0x1803408c9	.rsrc	ascii	q=Aht&q
0x3408fc	0x1803408fc	.rsrc	ascii	k~%8tE
0x340b8c	0x180340b8c	.rsrc	ascii	\O#$<
0x340c8d	0x180340c8d	.rsrc	ascii	x18<k
0x340cc3	0x180340cc3	.rsrc	ascii	z,~~q
0x340d9b	0x180340d9b	.rsrc	ascii	[JbB6W/\
0x341002	0x180341002	.rsrc	ascii	AF)5em
0x3411b7	0x1803411b7	.rsrc	ascii	EX`:9
0x3413ad	0x1803413ad	.rsrc	ascii	E\p&IA9
0x3413fb	0x1803413fb	.rsrc	ascii	"a&<8
0x341447	0x180341447	.rsrc	ascii	A360d
0x3414e7	0x1803414e7	.rsrc	ascii	f*_bAWZ
0x341507	0x180341507	.rsrc	ascii	s^tOa-4(!
0x341986	0x180341986	.rsrc	ascii	JJ'4&
0x341aa7	0x180341aa7	.rsrc	ascii	{-,(+)
0x341b04	0x180341b04	.rsrc	ascii	!Tqa=
0x341c2c	0x180341c2c	.rsrc	ascii	UX;yc
0x341c32	0x180341c32	.rsrc	ascii	j?Kf/#2*
0x341d35	0x180341d35	.rsrc	ascii	cJ@PF
0x341dce	0x180341dce	.rsrc	ascii	O").W
0x341e91	0x180341e91	.rsrc	ascii	 :@>m
0x341ed6	0x180341ed6	.rsrc	ascii	$6*K.
0x341f28	0x180341f28	.rsrc	ascii	QHZL6A7
0x341f98	0x180341f98	.rsrc	ascii	FmT>3
0x34212e	0x18034212e	.rsrc	ascii	8TvYt
0x3421f0	0x1803421f0	.rsrc	ascii	x%C&/
0x3422a4	0x1803422a4	.rsrc	ascii	b'fsmI
0x342345	0x180342345	.rsrc	ascii	%fYmg
0x342951	0x180342951	.rsrc	ascii	RHdD&
0x3429d2	0x1803429d2	.rsrc	ascii	VN>X;
0x342aef	0x180342aef	.rsrc	ascii	!3:<M
0x342b47	0x180342b47	.rsrc	ascii	,s?'s
0x342b52	0x180342b52	.rsrc	ascii	_fl<H
0x342e53	0x180342e53	.rsrc	ascii	<yRzYf
0x342eb7	0x180342eb7	.rsrc	ascii	BgQ=_l
0x342f0d	0x180342f0d	.rsrc	ascii	hS-z6
0x3431b8	0x1803431b8	.rsrc	ascii	s 2P@
0x343268	0x180343268	.rsrc	ascii	1180x8w
0x34334a	0x18034334a	.rsrc	ascii	91cj,
0x34347b	0x18034347b	.rsrc	ascii	O_CBx
0x343519	0x180343519	.rsrc	ascii	f+V#JoEb
0x34363b	0x18034363b	.rsrc	ascii	T!,{!bR
0x3436de	0x1803436de	.rsrc	ascii	bu&$,
0x3437ba	0x1803437ba	.rsrc	ascii	)$Ld)80x
0x3438e8	0x1803438e8	.rsrc	ascii	_F#ge;TU
0x343bad	0x180343bad	.rsrc	ascii	1iJD'
0x343bf0	0x180343bf0	.rsrc	ascii	s4#-Q
0x343f70	0x180343f70	.rsrc	ascii	)I:DN
0x344089	0x180344089	.rsrc	ascii	y?Z4+
0x344144	0x180344144	.rsrc	ascii	hV`Ft.
0x3441c9	0x1803441c9	.rsrc	ascii	r|1~N
0x3442b5	0x1803442b5	.rsrc	ascii	E!xp`
0x34444e	0x18034444e	.rsrc	ascii	|[;[-
0x34447c	0x18034447c	.rsrc	ascii	L[72-m
0x3444a0	0x1803444a0	.rsrc	ascii	)8h)j@
0x34471f	0x18034471f	.rsrc	ascii	(C08t1
0x34473f	0x18034473f	.rsrc	ascii	<G+rlkP`
0x344775	0x180344775	.rsrc	ascii	/r)0p
0x3447ba	0x1803447ba	.rsrc	ascii	h(V4"
0x3447f3	0x1803447f3	.rsrc	ascii	6!5Swe
0x3448ae	0x1803448ae	.rsrc	ascii	Mm'T5
0x34497a	0x18034497a	.rsrc	ascii	(+kph
0x344b73	0x180344b73	.rsrc	ascii	;c.fg
0x344c51	0x180344c51	.rsrc	ascii	v!cU+
0x344db8	0x180344db8	.rsrc	ascii	>13Ez
0x344df9	0x180344df9	.rsrc	ascii	h  `k
0x344e55	0x180344e55	.rsrc	ascii	@@l),
0x344fae	0x180344fae	.rsrc	ascii	s15k!
0x344fed	0x180344fed	.rsrc	ascii	j05o%
0x345096	0x180345096	.rsrc	ascii	4HW04
0x3450ca	0x1803450ca	.rsrc	ascii	:SVvc
0x3450f5	0x1803450f5	.rsrc	ascii	QYxq^2
0x3451e6	0x1803451e6	.rsrc	ascii	6VZEPQ
0x345310	0x180345310	.rsrc	ascii	%>h)rb
0x3453c9	0x1803453c9	.rsrc	ascii	g31/k!"
0x34555e	0x18034555e	.rsrc	ascii	!PpuA
0x345608	0x180345608	.rsrc	ascii	*Dj*1/o)
0x34562f	0x18034562f	.rsrc	ascii	)sc6K
0x34575e	0x18034575e	.rsrc	ascii	9fZbEs
0x345c82	0x180345c82	.rsrc	ascii	s4UH[
0x345e68	0x180345e68	.rsrc	ascii	w13x0wBG
0x345e72	0x180345e72	.rsrc	ascii	nGTy5~1%
0x345eb4	0x180345eb4	.rsrc	ascii	*.=A5
0x345f3c	0x180345f3c	.rsrc	ascii	x_=Em
0x345f98	0x180345f98	.rsrc	ascii	#my3bt
0x346039	0x180346039	.rsrc	ascii	TU!JS
0x346228	0x180346228	.rsrc	ascii	m-454
0x3462cd	0x1803462cd	.rsrc	ascii	cn^9b
0x34640a	0x18034640a	.rsrc	ascii	.x}^Y
0x346499	0x180346499	.rsrc	ascii	78XJB
0x346536	0x180346536	.rsrc	ascii	4P!cb
0x34658d	0x18034658d	.rsrc	ascii	.d*T(
0x346670	0x180346670	.rsrc	ascii	bO7r<~dx:
0x3466a8	0x1803466a8	.rsrc	ascii	)ttPd
0x3466af	0x1803466af	.rsrc	ascii	J?G7;
0x3467cb	0x1803467cb	.rsrc	ascii	-4!VcEne
0x346816	0x180346816	.rsrc	ascii	^h-}#
0x346850	0x180346850	.rsrc	ascii	a05#>5
0x34688a	0x18034688a	.rsrc	ascii	AS u5
0x34691e	0x18034691e	.rsrc	ascii	:*FFJ
0x34697c	0x18034697c	.rsrc	ascii	1<HWg
0x3469c5	0x1803469c5	.rsrc	ascii	c:*zP@
0x346b54	0x180346b54	.rsrc	ascii	P,t :Z
0x346d98	0x180346d98	.rsrc	ascii	okADV
0x347084	0x180347084	.rsrc	ascii	vBj5L]X
0x347118	0x180347118	.rsrc	ascii	4z0jz]
0x347153	0x180347153	.rsrc	ascii	6)tTp
0x34727f	0x18034727f	.rsrc	ascii	`VF)^
0x34740e	0x18034740e	.rsrc	ascii	bLOTcJ
0x347422	0x180347422	.rsrc	ascii	yv?r]=P
0x347516	0x180347516	.rsrc	ascii	<=|MC
0x3475a0	0x1803475a0	.rsrc	ascii	2LMVaZ
0x347676	0x180347676	.rsrc	ascii	oLA{v
0x347899	0x180347899	.rsrc	ascii	vhV7 
0x3478bb	0x1803478bb	.rsrc	ascii	gjCbq5
0x347906	0x180347906	.rsrc	ascii	0Hj X
0x34790d	0x18034790d	.rsrc	ascii	u]T6"<M
0x347a25	0x180347a25	.rsrc	ascii	v(V7"}
0x347bff	0x180347bff	.rsrc	ascii	HP-@Ba%{
0x347cec	0x180347cec	.rsrc	ascii	]PTv@g_
0x347ee8	0x180347ee8	.rsrc	ascii	 xpPS
0x347fec	0x180347fec	.rsrc	ascii	>MAV:
0x347ffa	0x180347ffa	.rsrc	ascii	u5H x(
0x348088	0x180348088	.rsrc	ascii	tG3N5{p
0x3481a2	0x1803481a2	.rsrc	ascii	Mwlrr
0x3481b1	0x1803481b1	.rsrc	ascii	"D:b"p`
0x34836d	0x18034836d	.rsrc	ascii	/b<..
0x348445	0x180348445	.rsrc	ascii	#k\8D
0x348468	0x180348468	.rsrc	ascii	>.E1X
0x3484c9	0x1803484c9	.rsrc	ascii	^hES$
0x3485b4	0x1803485b4	.rsrc	ascii	gxx|'
0x348671	0x180348671	.rsrc	ascii	Aaoa3
0x3486a0	0x1803486a0	.rsrc	ascii	Z")u@
0x348732	0x180348732	.rsrc	ascii	eH,q 
0x3488c5	0x1803488c5	.rsrc	ascii	+GFAK,
0x3489a9	0x1803489a9	.rsrc	ascii	1&xhE
0x3489f7	0x1803489f7	.rsrc	ascii	&`8\o
0x348a5e	0x180348a5e	.rsrc	ascii	?]RHs
0x348aa7	0x180348aa7	.rsrc	ascii	pAgkc
0x348aae	0x180348aae	.rsrc	ascii	VkK?S
0x348ad7	0x180348ad7	.rsrc	ascii	e3f|p
0x348b30	0x180348b30	.rsrc	ascii	sg oY3
0x348b57	0x180348b57	.rsrc	ascii	QD{-(=A
0x348cbf	0x180348cbf	.rsrc	ascii	+`pv@gi
0x348da0	0x180348da0	.rsrc	ascii	F7gV 
0x348e19	0x180348e19	.rsrc	ascii	ZV IQ
0x348e2b	0x180348e2b	.rsrc	ascii	lGQm?
0x348e77	0x180348e77	.rsrc	ascii	>JaXq
0x348f2b	0x180348f2b	.rsrc	ascii	t Thp
0x348f44	0x180348f44	.rsrc	ascii	QdmEr
0x349103	0x180349103	.rsrc	ascii	Iy*,h
0x34918b	0x18034918b	.rsrc	ascii	v(l}(s
0x349196	0x180349196	.rsrc	ascii	q3f$J
0x349211	0x180349211	.rsrc	ascii	3`h?z*
0x349229	0x180349229	.rsrc	ascii	Gac0,
0x34927b	0x18034927b	.rsrc	ascii	Xj'ui
0x3493ee	0x1803493ee	.rsrc	ascii	PW7A/.
0x349469	0x180349469	.rsrc	ascii	-x|h3
0x349475	0x180349475	.rsrc	ascii	x8xzx
0x3495a8	0x1803495a8	.rsrc	ascii	w=4k8p`
0x3496b5	0x1803496b5	.rsrc	ascii	9u:rj
0x34970d	0x18034970d	.rsrc	ascii	`9fe,
0x34977f	0x18034977f	.rsrc	ascii	X[f>m$
0x34990a	0x18034990a	.rsrc	ascii	RjG1-
0x349922	0x180349922	.rsrc	ascii	"7-oj
0x3499d6	0x1803499d6	.rsrc	ascii	(m1<H
0x349a2b	0x180349a2b	.rsrc	ascii	Bd.p#
0x349b2a	0x180349b2a	.rsrc	ascii	Xx}(p
0x349d29	0x180349d29	.rsrc	ascii	8P1$uR
0x349ddc	0x180349ddc	.rsrc	ascii	WcjJ!
0x349ee3	0x180349ee3	.rsrc	ascii	=(tu#
0x349fc1	0x180349fc1	.rsrc	ascii	${X[fq
0x34a178	0x18034a178	.rsrc	ascii	(U!tV0O
0x34a1f1	0x18034a1f1	.rsrc	ascii	FAm;tT
0x34a220	0x18034a220	.rsrc	ascii	u\hlT<I
0x34a339	0x18034a339	.rsrc	ascii	wW|Up
0x34a33f	0x18034a33f	.rsrc	ascii	{$MA5
0x34a6be	0x18034a6be	.rsrc	ascii	))o-,
0x34a7bf	0x18034a7bf	.rsrc	ascii	7/[z}
0x34a7f2	0x18034a7f2	.rsrc	ascii	z1=j.
0x34a830	0x18034a830	.rsrc	ascii	@Ja5^
0x34a89f	0x18034a89f	.rsrc	ascii	0'JIL
0x34a978	0x18034a978	.rsrc	ascii	_'8<:
0x34aa00	0x18034aa00	.rsrc	ascii	~^p @(
0x34aace	0x18034aace	.rsrc	ascii	H,2!}
0x34ab9e	0x18034ab9e	.rsrc	ascii	(vv"e
0x34ac1f	0x18034ac1f	.rsrc	ascii	?4(HM
0x34ac7f	0x18034ac7f	.rsrc	ascii	+htt3
0x34acbd	0x18034acbd	.rsrc	ascii	U<18p-
0x34ad50	0x18034ad50	.rsrc	ascii	6p{,B{"p
0x34ad74	0x18034ad74	.rsrc	ascii	Z/)mA
0x34aebd	0x18034aebd	.rsrc	ascii	\q;'_<)
0x34af4a	0x18034af4a	.rsrc	ascii	"HM}/
0x34affd	0x18034affd	.rsrc	ascii	#px|`k
0x34b00e	0x18034b00e	.rsrc	ascii	xpxrd3
0x34b03a	0x18034b03a	.rsrc	ascii	|?tu=
0x34b07e	0x18034b07e	.rsrc	ascii	$tvZE
0x34b119	0x18034b119	.rsrc	ascii	HJW<8
0x34b155	0x18034b155	.rsrc	ascii	SU Z_
0x34b164	0x18034b164	.rsrc	ascii	+t>.U!
0x34b1fe	0x18034b1fe	.rsrc	ascii	qJb<K
0x34b2eb	0x18034b2eb	.rsrc	ascii	'IIIS
0x34b47f	0x18034b47f	.rsrc	ascii	O!zJ{X
0x34b48c	0x18034b48c	.rsrc	ascii	bLO2"V]
0x34b656	0x18034b656	.rsrc	ascii	Z3=\1%
0x34b896	0x18034b896	.rsrc	ascii	BQa uW0p
0x34b9ab	0x18034b9ab	.rsrc	ascii	)2@ P
0x34b9e9	0x18034b9e9	.rsrc	ascii	,p(tv"{
0x34bab3	0x18034bab3	.rsrc	ascii	/|qzAl
0x34bad4	0x18034bad4	.rsrc	ascii	HM%"4
0x34bc3c	0x18034bc3c	.rsrc	ascii	V\KA@z_
0x34bd62	0x18034bd62	.rsrc	ascii	KJ1%<
0x34be26	0x18034be26	.rsrc	ascii	AYmP;
0x34be81	0x18034be81	.rsrc	ascii	8  h 
0x34bfcf	0x18034bfcf	.rsrc	ascii	BjB0A
0x34c040	0x18034c040	.rsrc	ascii	W2?Qq
0x34c065	0x18034c065	.rsrc	ascii	*$.t"{U
0x34c09d	0x18034c09d	.rsrc	ascii	"'zW?
0x34c14f	0x18034c14f	.rsrc	ascii	DP$BY
0x34c1e8	0x18034c1e8	.rsrc	ascii	[1#c!b
0x34c2ab	0x18034c2ab	.rsrc	ascii	qz/.|
0x34c398	0x18034c398	.rsrc	ascii	)D`h/>
0x34c430	0x18034c430	.rsrc	ascii	DlT&Ts
0x34c47e	0x18034c47e	.rsrc	ascii	0p P p(
0x34c508	0x18034c508	.rsrc	ascii	}HK5B1/
0x34c653	0x18034c653	.rsrc	ascii	/qcZZ
0x34c779	0x18034c779	.rsrc	ascii	PR<6z
0x34cae2	0x18034cae2	.rsrc	ascii	Pf00Yh
0x34cb8e	0x18034cb8e	.rsrc	ascii	kFf:D
0x34cc56	0x18034cc56	.rsrc	ascii	5=liS
0x34cc9e	0x18034cc9e	.rsrc	ascii	QK?Oj
0x34cd94	0x18034cd94	.rsrc	ascii	?/8HG@s
0x34cda2	0x18034cda2	.rsrc	ascii	!-z==
0x34cde0	0x18034cde0	.rsrc	ascii	Aknc-
0x34cdee	0x18034cdee	.rsrc	ascii	MS<]z
0x34cedf	0x18034cedf	.rsrc	ascii	8Hju&
0x34cfe9	0x18034cfe9	.rsrc	ascii	$}ieKK
0x34d0ad	0x18034d0ad	.rsrc	ascii	C5H+R
0x34d120	0x18034d120	.rsrc	ascii	$I_Zu
0x34d1ba	0x18034d1ba	.rsrc	ascii	(nlCZt
0x34d261	0x18034d261	.rsrc	ascii	K)kII
0x34d385	0x18034d385	.rsrc	ascii	Eii)!
0x34d3eb	0x18034d3eb	.rsrc	ascii	"n^|I
0x34d3fe	0x18034d3fe	.rsrc	ascii	N;M2p8
0x34d4bc	0x18034d4bc	.rsrc	ascii	cp0uO@
0x34d4fa	0x18034d4fa	.rsrc	ascii	wj1 x
0x34d571	0x18034d571	.rsrc	ascii	HY5r+
0x34d5cf	0x18034d5cf	.rsrc	ascii	2pXl7
0x34d74c	0x18034d74c	.rsrc	ascii	jt2xH
0x34d7f5	0x18034d7f5	.rsrc	ascii	llEac
0x34d892	0x18034d892	.rsrc	ascii	)&!I2
0x34d8d0	0x18034d8d0	.rsrc	ascii	~`Alu
0x34db7f	0x18034db7f	.rsrc	ascii	p?bd5
0x34dc41	0x18034dc41	.rsrc	ascii	f'RMv(Z
0x34de4d	0x18034de4d	.rsrc	ascii	k=o5{
0x34def0	0x18034def0	.rsrc	ascii	K%c^HAN
0x34df5b	0x18034df5b	.rsrc	ascii	YS/bJ
0x34e019	0x18034e019	.rsrc	ascii	 )Ch9
0x34e0d7	0x18034e0d7	.rsrc	ascii	.4vRR
0x34e13e	0x18034e13e	.rsrc	ascii	:.wR9&UW
0x34e1cc	0x18034e1cc	.rsrc	ascii	.g5U08
0x34e4da	0x18034e4da	.rsrc	ascii	iv"]o
0x34e82b	0x18034e82b	.rsrc	ascii	yN =[
0x34e840	0x18034e840	.rsrc	ascii	7+=>+)
0x34e881	0x18034e881	.rsrc	ascii	bp0vQn
0x34e8bf	0x18034e8bf	.rsrc	ascii	Z b-y
0x34eb73	0x18034eb73	.rsrc	ascii	ObKp,
0x34ebeb	0x18034ebeb	.rsrc	ascii	wW_G]n6
0x34ed38	0x18034ed38	.rsrc	ascii	f:Yyf
0x34eeda	0x18034eeda	.rsrc	ascii	44=S0
0x34ef13	0x18034ef13	.rsrc	ascii	>/8LC
0x34f02b	0x18034f02b	.rsrc	ascii	p?bJk
0x34f0aa	0x18034f0aa	.rsrc	ascii	bS~at
0x34f280	0x18034f280	.rsrc	ascii	vM"+6
0x34f2e3	0x18034f2e3	.rsrc	ascii	FBX<*
0x34f3df	0x18034f3df	.rsrc	ascii	lErT2*
0x34f437	0x18034f437	.rsrc	ascii	s-&p(
0x34f4d0	0x18034f4d0	.rsrc	ascii	_/g18
0x34f59a	0x18034f59a	.rsrc	ascii	m6~%;4
0x34f5b6	0x18034f5b6	.rsrc	ascii	)VIavS
0x34f8bf	0x18034f8bf	.rsrc	ascii	N]<'X
0x34f931	0x18034f931	.rsrc	ascii	ABr>N5
0x34fad3	0x18034fad3	.rsrc	ascii	r p8-
0x34fbae	0x18034fbae	.rsrc	ascii	/F't4
0x34fc17	0x18034fc17	.rsrc	ascii	abUp`e
0x34fe40	0x18034fe40	.rsrc	ascii	mOhi{
0x34feaf	0x18034feaf	.rsrc	ascii	Bdp(^
0x34ff6f	0x18034ff6f	.rsrc	ascii	cGT64
0x34ffd9	0x18034ffd9	.rsrc	ascii	 oFHn
0x350169	0x180350169	.rsrc	ascii	9UGX?
0x3502e2	0x1803502e2	.rsrc	ascii	DHn%"
0x35036b	0x18035036b	.rsrc	ascii	$x(k>
0x35038a	0x18035038a	.rsrc	ascii	x-TDx_
0x3503d1	0x1803503d1	.rsrc	ascii	nUP#(
0x35046d	0x18035046d	.rsrc	ascii	@@D[1
0x350474	0x180350474	.rsrc	ascii	8xaa5p
0x3504bd	0x1803504bd	.rsrc	ascii	3PtL"&K
0x350513	0x180350513	.rsrc	ascii	*+M1eE
0x3505a0	0x1803505a0	.rsrc	ascii	0#Goc
0x350756	0x180350756	.rsrc	ascii	$IwUg
0x3507e9	0x1803507e9	.rsrc	ascii	%KRd@H
0x350938	0x180350938	.rsrc	ascii	-H7Z=
0x3509b3	0x1803509b3	.rsrc	ascii	$IwEsG;
0x350a13	0x180350a13	.rsrc	ascii	a<J=*|a
0x350aa4	0x180350aa4	.rsrc	ascii	$IwE5)e
0x350c50	0x180350c50	.rsrc	ascii	1(x_{M
0x3511fa	0x1803511fa	.rsrc	ascii	ZSOAC
0x3512e4	0x1803512e4	.rsrc	ascii	lQlJLH
0x3513d3	0x1803513d3	.rsrc	ascii	F+k9-lS
0x351453	0x180351453	.rsrc	ascii	=O#<]
0x351516	0x180351516	.rsrc	ascii	Cfn@yh
0x35152a	0x18035152a	.rsrc	ascii	'9QY?.iv
0x3515f8	0x1803515f8	.rsrc	ascii	sda!&
0x351620	0x180351620	.rsrc	ascii	v'aG|
0x35168b	0x18035168b	.rsrc	ascii	@3(hK"
0x351775	0x180351775	.rsrc	ascii	Qajbu
0x351a55	0x180351a55	.rsrc	ascii	8zvEp
0x351d28	0x180351d28	.rsrc	ascii	}ph'/
0x351d32	0x180351d32	.rsrc	ascii	<8xa`% X
0x351dfc	0x180351dfc	.rsrc	ascii	-UTtOAGm
0x351e0e	0x180351e0e	.rsrc	ascii	wSi&%NN
0x351eb5	0x180351eb5	.rsrc	ascii	e+mKL
0x351ee4	0x180351ee4	.rsrc	ascii	JH<^PfB
0x351faa	0x180351faa	.rsrc	ascii	oCA]/
0x35202b	0x18035202b	.rsrc	ascii	]QyNfnvz
0x3520a5	0x1803520a5	.rsrc	ascii	_Gsy>
0x35211c	0x18035211c	.rsrc	ascii	~|cK4
0x35234a	0x18035234a	.rsrc	ascii	y`X/8
0x352368	0x180352368	.rsrc	ascii	C`~%K
0x3526ac	0x1803526ac	.rsrc	ascii	Wyzb~V
0x352751	0x180352751	.rsrc	ascii	*]H3X
0x352795	0x180352795	.rsrc	ascii	\H]#k
0x352802	0x180352802	.rsrc	ascii	W`[L)
0x35281c	0x18035281c	.rsrc	ascii	ho=+"
0x352a96	0x180352a96	.rsrc	ascii	LO -%
0x352cb4	0x180352cb4	.rsrc	ascii	9$e+1
0x352d58	0x180352d58	.rsrc	ascii	xtK82
0x352e2a	0x180352e2a	.rsrc	ascii	vRH\hlD
0x352e40	0x180352e40	.rsrc	ascii	if'Ri
0x352f09	0x180352f09	.rsrc	ascii	_hI-xf
0x352f9b	0x180352f9b	.rsrc	ascii	i:+rh
0x352fa8	0x180352fa8	.rsrc	ascii	.TTXG
0x353149	0x180353149	.rsrc	ascii	+%4nZn9
0x353279	0x180353279	.rsrc	ascii	vO0/lU
0x353323	0x180353323	.rsrc	ascii	8PKpj9
0x3533e1	0x1803533e1	.rsrc	ascii	lH7R+j
0x3533e9	0x1803533e9	.rsrc	ascii	$%L*Z)
0x353531	0x180353531	.rsrc	ascii	vgawR
0x3535b1	0x1803535b1	.rsrc	ascii	K0g%!
0x35362e	0x18035362e	.rsrc	ascii	AP~-v
0x353796	0x180353796	.rsrc	ascii	1v!2K
0x3538b6	0x1803538b6	.rsrc	ascii	FXv=v
0x353b02	0x180353b02	.rsrc	ascii	t_d,*
0x353b59	0x180353b59	.rsrc	ascii	L~*)$p
0x353bfc	0x180353bfc	.rsrc	ascii	oz/6M
0x353c02	0x180353c02	.rsrc	ascii	(}'btN
0x353cf2	0x180353cf2	.rsrc	ascii	nDpn=
0x353d83	0x180353d83	.rsrc	ascii	)A!(<|
0x353d9c	0x180353d9c	.rsrc	ascii	8xG]{_k
0x353dfe	0x180353dfe	.rsrc	ascii	_ph@`
0x353f11	0x180353f11	.rsrc	ascii	xrW6B
0x353f47	0x180353f47	.rsrc	ascii	oGpr6LG
0x353f9c	0x180353f9c	.rsrc	ascii	Pi%5u
0x35405b	0x18035405b	.rsrc	ascii	X30vMco
0x354138	0x180354138	.rsrc	ascii	!,w?B
0x354214	0x180354214	.rsrc	ascii	ptaB&K
0x3542a3	0x1803542a3	.rsrc	ascii	fUx:G
0x35438d	0x18035438d	.rsrc	ascii	F^p(s
0x354430	0x180354430	.rsrc	ascii	m!hX,
0x3545f4	0x1803545f4	.rsrc	ascii	$Iz d
0x3546cb	0x1803546cb	.rsrc	ascii	!K-Cm~y:
0x3547ba	0x1803547ba	.rsrc	ascii	JU,^p
0x354820	0x180354820	.rsrc	ascii	{a>:/
0x354860	0x180354860	.rsrc	ascii	-xbg2
0x35486d	0x18035486d	.rsrc	ascii	yh@p^
0x3548c8	0x1803548c8	.rsrc	ascii	a`3+<I
0x354b8f	0x180354b8f	.rsrc	ascii	58xgY,
0x354db2	0x180354db2	.rsrc	ascii	f'RL.dx*-h~Evu7
0x354df6	0x180354df6	.rsrc	ascii	5 HvH
0x354f25	0x180354f25	.rsrc	ascii	CyBL3
0x354fd8	0x180354fd8	.rsrc	ascii	-?*[l
0x354ff2	0x180354ff2	.rsrc	ascii	xbg"b
0x3550a6	0x1803550a6	.rsrc	ascii	AT:Jv<p
0x35511e	0x18035511e	.rsrc	ascii	y*do{<
0x355364	0x180355364	.rsrc	ascii	#0o?"
0x355586	0x180355586	.rsrc	ascii	J|uK0R
0x355677	0x180355677	.rsrc	ascii	9&|ck
0x35569d	0x18035569d	.rsrc	ascii	iFXQ-
0x3557e2	0x1803557e2	.rsrc	ascii	KJbLrm
0x3558ad	0x1803558ad	.rsrc	ascii	o10(]
0x35598e	0x18035598e	.rsrc	ascii	noCTh
0x355a42	0x180355a42	.rsrc	ascii	jdaaW
0x355bd0	0x180355bd0	.rsrc	ascii	sp~-sP~="
0x355c59	0x180355c59	.rsrc	ascii	w.'sNIxhX
0x355c72	0x180355c72	.rsrc	ascii	=gatS2
0x355d7b	0x180355d7b	.rsrc	ascii	G0ACA
0x355d9c	0x180355d9c	.rsrc	ascii	QYkGHH
0x355daa	0x180355daa	.rsrc	ascii	K(CAA@Il
0x355ea1	0x180355ea1	.rsrc	ascii	2,vdX
0x355eae	0x180355eae	.rsrc	ascii	!I2As
0x355f6a	0x180355f6a	.rsrc	ascii	D xW8
0x355f77	0x180355f77	.rsrc	ascii	vE dg
0x35604e	0x18035604e	.rsrc	ascii	mM8Ef
0x35605e	0x18035605e	.rsrc	ascii	`%o888
0x356102	0x180356102	.rsrc	ascii	BwE"|g
0x35610a	0x18035610a	.rsrc	ascii	vD tG
0x35617f	0x18035617f	.rsrc	ascii	8$/DR
0x356227	0x180356227	.rsrc	ascii	AP^#v
0x35622e	0x18035622e	.rsrc	ascii	ApT9v
0x356250	0x180356250	.rsrc	ascii	(>?`iDNj
0x35627d	0x18035627d	.rsrc	ascii	bW0v>
0x356294	0x180356294	.rsrc	ascii	KDYv>
0x35646d	0x18035646d	.rsrc	ascii	 xO8B
0x3565a5	0x1803565a5	.rsrc	ascii	Qm4c{@
0x3565b2	0x1803565b2	.rsrc	ascii	 l{r;
0x3566a8	0x1803566a8	.rsrc	ascii	{$X0x
0x35679b	0x18035679b	.rsrc	ascii	PThMhm<
0x3567a3	0x1803567a3	.rsrc	ascii	eQ9Bv
0x3567df	0x1803567df	.rsrc	ascii	"vE"xg$v
0x356a0c	0x180356a0c	.rsrc	ascii	,L]s0
0x356d91	0x180356d91	.rsrc	ascii	g-@Vp4
0x356ded	0x180356ded	.rsrc	ascii	+kOai
0x356ec3	0x180356ec3	.rsrc	ascii	(roE~=
0x356f38	0x180356f38	.rsrc	ascii	@rl2tr
0x356f3f	0x180356f3f	.rsrc	ascii	42-dIr
0x356f80	0x180356f80	.rsrc	ascii	 MwX]
0x35709e	0x18035709e	.rsrc	ascii	FH*Y,
0x357148	0x180357148	.rsrc	ascii	Px0}z9*6
0x35723a	0x18035723a	.rsrc	ascii	&!$\I42
0x357308	0x180357308	.rsrc	ascii	59Y*t
0x357589	0x180357589	.rsrc	ascii	@(>C!
0x3575a1	0x1803575a1	.rsrc	ascii	&T"-w
0x3578e4	0x1803578e4	.rsrc	ascii	BQYb*i)
0x357a20	0x180357a20	.rsrc	ascii	5C#QA
0x357a78	0x180357a78	.rsrc	ascii	$dA]V
0x357a9f	0x180357a9f	.rsrc	ascii	k${oj
0x357adc	0x180357adc	.rsrc	ascii	L8Ln6vI
0x357aed	0x180357aed	.rsrc	ascii	g!wa!
0x357b6b	0x180357b6b	.rsrc	ascii	HLH@ 6
0x358001	0x180358001	.rsrc	ascii	Sw&ZK
0x35811f	0x18035811f	.rsrc	ascii	-e'(+A
0x358230	0x180358230	.rsrc	ascii	$)0o|
0x358257	0x180358257	.rsrc	ascii	C$4DNK
0x358286	0x180358286	.rsrc	ascii	VZ\0*uH
0x35832d	0x18035832d	.rsrc	ascii	`GRl2b
0x3583d4	0x1803583d4	.rsrc	ascii	z7[KM
0x358408	0x180358408	.rsrc	ascii	X=ltS
0x35840e	0x18035840e	.rsrc	ascii	(EBL"R
0x358419	0x180358419	.rsrc	ascii	`79`&
0x3585ed	0x1803585ed	.rsrc	ascii	KVC9"
0x358754	0x180358754	.rsrc	ascii	:+kvd
0x3588b4	0x1803588b4	.rsrc	ascii	(TRu8
0x3589c0	0x1803589c0	.rsrc	ascii	dWTa:e
0x358b37	0x180358b37	.rsrc	ascii	r5*Z;P\
0x358da6	0x180358da6	.rsrc	ascii	^oqC+
0x358e66	0x180358e66	.rsrc	ascii	$)F$&
0x358fe9	0x180358fe9	.rsrc	ascii	ZLHQ`
0x359037	0x180359037	.rsrc	ascii	_FqI1&
0x359081	0x180359081	.rsrc	ascii	)4aQY
0x3590a2	0x1803590a2	.rsrc	ascii	CC4p(
0x35924e	0x18035924e	.rsrc	ascii	5hCq}'
0x359348	0x180359348	.rsrc	ascii	wbkE)
0x359545	0x180359545	.rsrc	ascii	0A#Cw
0x359727	0x180359727	.rsrc	ascii	EIUG?
0x35976f	0x18035976f	.rsrc	ascii	vQ|Up(jlGY
0x3597af	0x1803597af	.rsrc	ascii	"'(x 
0x35980f	0x18035980f	.rsrc	ascii	xi]854
0x359a9b	0x180359a9b	.rsrc	ascii	0Hp(n
0x359b09	0x180359b09	.rsrc	ascii	34Yqm
0x359b3b	0x180359b3b	.rsrc	ascii	a|xx'
0x359d07	0x180359d07	.rsrc	ascii	>{&\F#t
0x359e14	0x180359e14	.rsrc	ascii	xs_#~
0x35a12d	0x18035a12d	.rsrc	ascii	n48Pi
0x35a150	0x18035a150	.rsrc	ascii	 |l E+U\
0x35a3d2	0x18035a3d2	.rsrc	ascii	fu3p0(
0x35a3f6	0x18035a3f6	.rsrc	ascii	<f/<v/lN/
0x35a4e7	0x18035a4e7	.rsrc	ascii	+dsXa
0x35a514	0x18035a514	.rsrc	ascii	LU(0:^
0x35a5b8	0x18035a5b8	.rsrc	ascii	7GFSq#
0x35a5d9	0x18035a5d9	.rsrc	ascii	3g~[x}
0x35a609	0x18035a609	.rsrc	ascii	.V/lv
0x35a702	0x18035a702	.rsrc	ascii	7al,,7
0x35a709	0x18035a709	.rsrc	ascii	69>sy
0x35a9e9	0x18035a9e9	.rsrc	ascii	zHG$C
0x35aa02	0x18035aa02	.rsrc	ascii	*x,~l
0x35aa15	0x18035aa15	.rsrc	ascii	v{8h|
0x35aaf7	0x18035aaf7	.rsrc	ascii	&+1?s"
0x35ab15	0x18035ab15	.rsrc	ascii	$9\:+tR
0x35ab5d	0x18035ab5d	.rsrc	ascii	e6dL]
0x35abb5	0x18035abb5	.rsrc	ascii	+],o@
0x35ac52	0x18035ac52	.rsrc	ascii	PC1r$t)2
0x35acde	0x18035acde	.rsrc	ascii	8|Yp(f
0x35adaf	0x18035adaf	.rsrc	ascii	Ux1fR>
0x35af18	0x18035af18	.rsrc	ascii	{+xx 
0x35af44	0x18035af44	.rsrc	ascii	AYc;Jw<
0x35af68	0x18035af68	.rsrc	ascii	Nf1lT
0x35b235	0x18035b235	.rsrc	ascii	%eP$K`Rj
0x35b274	0x18035b274	.rsrc	ascii	A'SC22
0x35b3dd	0x18035b3dd	.rsrc	ascii	&#~h<$q
0x35b3f1	0x18035b3f1	.rsrc	ascii	prFU6'e!
0x35b4cf	0x18035b4cf	.rsrc	ascii	R(R4P
0x35b4e2	0x18035b4e2	.rsrc	ascii	nhej$
0x35b500	0x18035b500	.rsrc	ascii	@Q/Eh
0x35b5cd	0x18035b5cd	.rsrc	ascii	+]gp`
0x35b5f9	0x18035b5f9	.rsrc	ascii	LQ!wN>
0x35b69a	0x18035b69a	.rsrc	ascii	t Sse-
0x35b6a5	0x18035b6a5	.rsrc	ascii	}8;mr
0x35b73f	0x18035b73f	.rsrc	ascii	IHMT"9A
0x35b999	0x18035b999	.rsrc	ascii	np ~X
0x35ba04	0x18035ba04	.rsrc	ascii	Bx9ptR
0x35bb00	0x18035bb00	.rsrc	ascii	Y\"RF
0x35bb1c	0x18035bb1c	.rsrc	ascii	2{1*8
0x35bc4b	0x18035bc4b	.rsrc	ascii	AfQL5s
0x35bc74	0x18035bc74	.rsrc	ascii	'9Mnh
0x35bd6d	0x18035bd6d	.rsrc	ascii	][;BxM
0x35bd8c	0x18035bd8c	.rsrc	ascii	J-;-N$
0x35bd9a	0x18035bd9a	.rsrc	ascii	xL.8u:8
0x35bf13	0x18035bf13	.rsrc	ascii	 aRJT0
0x35bf5d	0x18035bf5d	.rsrc	ascii	.85f()
0x35c020	0x18035c020	.rsrc	ascii	~: |6?
0x35c0c3	0x18035c0c3	.rsrc	ascii	E1+3p
0x35c10b	0x18035c10b	.rsrc	ascii	;NaiU
0x35c1b0	0x18035c1b0	.rsrc	ascii	.OcDW
0x35c355	0x18035c355	.rsrc	ascii	\F#/J
0x35c513	0x18035c513	.rsrc	ascii	8DBC4p
0x35c5a3	0x18035c5a3	.rsrc	ascii	#d2E%
0x35c7e0	0x18035c7e0	.rsrc	ascii	evA-Q#96
0x35c857	0x18035c857	.rsrc	ascii	XYP<v
0x35c9e0	0x18035c9e0	.rsrc	ascii	@"8|3
0x35ca2b	0x18035ca2b	.rsrc	ascii	v/,.7
0x35cc43	0x18035cc43	.rsrc	ascii	@fR$~
0x35cc4a	0x18035cc4a	.rsrc	ascii	&2xWJ
0x35ccae	0x18035ccae	.rsrc	ascii	@Is'+I
0x35cd9d	0x18035cd9d	.rsrc	ascii	"ac h
0x35ce10	0x18035ce10	.rsrc	ascii	et<Q>=
0x35cf93	0x18035cf93	.rsrc	ascii	 ILEr
0x35d059	0x18035d059	.rsrc	ascii	r<<QA
0x35d147	0x18035d147	.rsrc	ascii	MQ!5E
0x35d153	0x18035d153	.rsrc	ascii	P$'#UcE
0x35d170	0x18035d170	.rsrc	ascii	/0\op
0x35d26b	0x18035d26b	.rsrc	ascii	@xB"d
0x35d32b	0x18035d32b	.rsrc	ascii	uf8LvL
0x35d3c1	0x18035d3c1	.rsrc	ascii	a78X]
0x35d661	0x18035d661	.rsrc	ascii	CIfT)J
0x35d696	0x18035d696	.rsrc	ascii	B!AB#A@
0x35d7b7	0x18035d7b7	.rsrc	ascii	y6DZL_
0x35da7c	0x18035da7c	.rsrc	ascii	/]H%T
0x35daeb	0x18035daeb	.rsrc	ascii	<4PIB
0x35dd59	0x18035dd59	.rsrc	ascii	}-MR#9&
0x35ddd0	0x18035ddd0	.rsrc	ascii	iM+QC
0x35ddf2	0x18035ddf2	.rsrc	ascii	"= \H
0x35df88	0x18035df88	.rsrc	ascii	&,$:$
0x35e285	0x18035e285	.rsrc	ascii	-'QDk
0x35e2e2	0x18035e2e2	.rsrc	ascii	Yzmjk
0x35e4f8	0x18035e4f8	.rsrc	ascii	<?xml version='1.0' encoding='UTF-8' standalone='yes'?>
0x35e531	0x18035e531	.rsrc	ascii	<assembly xmlns='urn:schemas-microsoft-com:asm.v1' manifestVersion='1.0'>
0x35e57c	0x18035e57c	.rsrc	ascii	  <trustInfo xmlns="urn:schemas-microsoft-com:asm.v3">
0x35e5b4	0x18035e5b4	.rsrc	ascii	    <security>
0x35e5c4	0x18035e5c4	.rsrc	ascii	      <requestedPrivileges>
0x35e5e1	0x18035e5e1	.rsrc	ascii	        <requestedExecutionLevel level='asInvoker' uiAccess='false' />
0x35e629	0x18035e629	.rsrc	ascii	      </requestedPrivileges>
0x35e647	0x18035e647	.rsrc	ascii	    </security>
0x35e658	0x18035e658	.rsrc	ascii	  </trustInfo>
0x35e668	0x18035e668	.rsrc	ascii	</assembly>
0x21e72c	0x18021e72c	.rdata	utf16	Segoe UI
0x2220b0	0x1802220b0	.rdata	utf16	CoreWindUI.Core.Windows._WINDOW_indowClaPseudoCoConsoleW_HOSTINGCASCADIAnsoleWin
0x243820	0x180243820	.rdata	utf16	kernel32.dll
0x243960	0x180243960	.rdata	utf16	!x-sys-default-locale
0x244908	0x180244908	.rdata	utf16	w+bx
0x2449d8	0x1802449d8	.rdata	utf16	icu.dll
0x244b20	0x180244b20	.rdata	utf16	SYSTEM\CurrentControlSet\Control\LeapSecondInformation
0x244b90	0x180244b90	.rdata	utf16	LeapSeconds
0x245ed8	0x180245ed8	.rdata	utf16	api-ms-win-core-fibers-l1-1-1
0x245f18	0x180245f18	.rdata	utf16	api-ms-win-core-synch-l1-2-0
0x245f58	0x180245f58	.rdata	utf16	kernel32
0x245f70	0x180245f70	.rdata	utf16	api-ms-
0x246250	0x180246250	.rdata	utf16	(null)
0x246db0	0x180246db0	.rdata	utf16	minkernel\crts\ucrt\inc\corecrt_internal_strtox.h
0x246e20	0x180246e20	.rdata	utf16	__crt_strtox::floating_point_value::as_double
0x246e80	0x180246e80	.rdata	utf16	_is_double
0x246ea0	0x180246ea0	.rdata	utf16	__crt_strtox::floating_point_value::as_float
0x246f00	0x180246f00	.rdata	utf16	!_is_double
0x247c50	0x180247c50	.rdata	utf16	am/pm
0x247db8	0x180247db8	.rdata	utf16	mscoree.dll
0x248030	0x180248030	.rdata	utf16	         (((((                  H
0x248532	0x180248532	.rdata	utf16	         (((((                  H
0x248630	0x180248630	.rdata	utf16	      (                          
0x248850	0x180248850	.rdata	utf16	LC_ALL
0x248860	0x180248860	.rdata	utf16	LC_COLLATE
0x248878	0x180248878	.rdata	utf16	LC_CTYPE
0x248890	0x180248890	.rdata	utf16	LC_MONETARY
0x2488a8	0x1802488a8	.rdata	utf16	LC_NUMERIC
0x2488c0	0x1802488c0	.rdata	utf16	LC_TIME
0x248d50	0x180248d50	.rdata	utf16	Sunday
0x248d60	0x180248d60	.rdata	utf16	Monday
0x248d70	0x180248d70	.rdata	utf16	Tuesday
0x248d80	0x180248d80	.rdata	utf16	Wednesday
0x248d98	0x180248d98	.rdata	utf16	Thursday
0x248db0	0x180248db0	.rdata	utf16	Friday
0x248dc0	0x180248dc0	.rdata	utf16	Saturday
0x248e38	0x180248e38	.rdata	utf16	January
0x248e48	0x180248e48	.rdata	utf16	February
0x248e60	0x180248e60	.rdata	utf16	March
0x248e70	0x180248e70	.rdata	utf16	April
0x248e80	0x180248e80	.rdata	utf16	June
0x248e90	0x180248e90	.rdata	utf16	July
0x248ea0	0x180248ea0	.rdata	utf16	August
0x248eb0	0x180248eb0	.rdata	utf16	September
0x248ec8	0x180248ec8	.rdata	utf16	October
0x248ed8	0x180248ed8	.rdata	utf16	November
0x248ef0	0x180248ef0	.rdata	utf16	December
0x248f18	0x180248f18	.rdata	utf16	MM/dd/yy
0x248f30	0x180248f30	.rdata	utf16	dddd, MMMM dd, yyyy
0x248f58	0x180248f58	.rdata	utf16	HH:mm:ss
0x248f70	0x180248f70	.rdata	utf16	en-US
0x249070	0x180249070	.rdata	utf16	api-ms-win-core-datetime-l1-1-1
0x2490b0	0x1802490b0	.rdata	utf16	api-ms-win-core-fibers-l1-1-2
0x2490f0	0x1802490f0	.rdata	utf16	api-ms-win-core-file-l1-2-4
0x249128	0x180249128	.rdata	utf16	api-ms-win-core-file-l1-2-2
0x249160	0x180249160	.rdata	utf16	api-ms-win-core-file-l2-1-4
0x2491a0	0x1802491a0	.rdata	utf16	api-ms-win-core-localization-l1-2-1
0x2491f0	0x1802491f0	.rdata	utf16	api-ms-win-core-localization-obsolete-l1-2-0
0x249250	0x180249250	.rdata	utf16	api-ms-win-core-processthreads-l1-1-2
0x2492a0	0x1802492a0	.rdata	utf16	api-ms-win-core-string-l1-1-0
0x2492e0	0x1802492e0	.rdata	utf16	api-ms-win-core-sysinfo-l1-2-1
0x249320	0x180249320	.rdata	utf16	api-ms-win-core-winrt-l1-1-0
0x249360	0x180249360	.rdata	utf16	api-ms-win-core-xstate-l2-1-0
0x2493a0	0x1802493a0	.rdata	utf16	api-ms-win-rtcore-ntuser-window-l1-1-0
0x2493f0	0x1802493f0	.rdata	utf16	api-ms-win-security-systemfunctions-l1-1-0
0x249450	0x180249450	.rdata	utf16	ext-ms-win-ntuser-dialogbox-l1-1-0
0x2494a0	0x1802494a0	.rdata	utf16	ext-ms-win-ntuser-windowstation-l1-1-0
0x2494f0	0x1802494f0	.rdata	utf16	advapi32
0x249508	0x180249508	.rdata	utf16	kernelbase
0x249520	0x180249520	.rdata	utf16	ntdll
0x249530	0x180249530	.rdata	utf16	api-ms-win-appmodel-runtime-l1-1-2
0x249578	0x180249578	.rdata	utf16	user32
0x249588	0x180249588	.rdata	utf16	ext-ms-
0x24a830	0x18024a830	.rdata	utf16	UTF-8
0x24a840	0x18024a840	.rdata	utf16	UTF-16LEUNICODE
0x24a888	0x18024a888	.rdata	utf16	ja-JP
0x24a898	0x18024a898	.rdata	utf16	zh-CN
0x24a8a8	0x18024a8a8	.rdata	utf16	ko-KR
0x24a8b8	0x18024a8b8	.rdata	utf16	zh-TW
0x24ae88	0x18024ae88	.rdata	utf16	american
0x24aea0	0x18024aea0	.rdata	utf16	american english
0x24aec8	0x18024aec8	.rdata	utf16	american-english
0x24aef0	0x18024aef0	.rdata	utf16	australian
0x24af08	0x18024af08	.rdata	utf16	belgian
0x24af18	0x18024af18	.rdata	utf16	canadian
0x24af40	0x18024af40	.rdata	utf16	chinese
0x24af50	0x18024af50	.rdata	utf16	chinese-hongkong
0x24af78	0x18024af78	.rdata	utf16	chinese-simplified
0x24afa0	0x18024afa0	.rdata	utf16	chinese-singapore
0x24afc8	0x18024afc8	.rdata	utf16	chinese-traditional
0x24aff0	0x18024aff0	.rdata	utf16	dutch-belgian
0x24b010	0x18024b010	.rdata	utf16	english-american
0x24b038	0x18024b038	.rdata	utf16	english-aus
0x24b050	0x18024b050	.rdata	utf16	english-belize
0x24b070	0x18024b070	.rdata	utf16	english-can
0x24b088	0x18024b088	.rdata	utf16	english-caribbean
0x24b0b0	0x18024b0b0	.rdata	utf16	english-ire
0x24b0c8	0x18024b0c8	.rdata	utf16	english-jamaica
0x24b0e8	0x18024b0e8	.rdata	utf16	english-nz
0x24b100	0x18024b100	.rdata	utf16	english-south africa
0x24b130	0x18024b130	.rdata	utf16	english-trinidad y tobago
0x24b168	0x18024b168	.rdata	utf16	english-uk
0x24b180	0x18024b180	.rdata	utf16	english-us
0x24b198	0x18024b198	.rdata	utf16	english-usa
0x24b1b0	0x18024b1b0	.rdata	utf16	french-belgian
0x24b1d0	0x18024b1d0	.rdata	utf16	french-canadian
0x24b1f0	0x18024b1f0	.rdata	utf16	french-luxembourg
0x24b218	0x18024b218	.rdata	utf16	french-swiss
0x24b238	0x18024b238	.rdata	utf16	german-austrian
0x24b258	0x18024b258	.rdata	utf16	german-lichtenstein
0x24b280	0x18024b280	.rdata	utf16	german-luxembourg
0x24b2a8	0x18024b2a8	.rdata	utf16	german-swiss
0x24b2c8	0x18024b2c8	.rdata	utf16	irish-english
0x24b2e8	0x18024b2e8	.rdata	utf16	italian-swiss
0x24b308	0x18024b308	.rdata	utf16	norwegian
0x24b320	0x18024b320	.rdata	utf16	norwegian-bokmal
0x24b348	0x18024b348	.rdata	utf16	norwegian-nynorsk
0x24b370	0x18024b370	.rdata	utf16	portuguese-brazilian
0x24b3a0	0x18024b3a0	.rdata	utf16	spanish-argentina
0x24b3c8	0x18024b3c8	.rdata	utf16	spanish-bolivia
0x24b3e8	0x18024b3e8	.rdata	utf16	spanish-chile
0x24b408	0x18024b408	.rdata	utf16	spanish-colombia
0x24b430	0x18024b430	.rdata	utf16	spanish-costa rica
0x24b458	0x18024b458	.rdata	utf16	spanish-dominican republic
0x24b490	0x18024b490	.rdata	utf16	spanish-ecuador
0x24b4b0	0x18024b4b0	.rdata	utf16	spanish-el salvador
0x24b4d8	0x18024b4d8	.rdata	utf16	spanish-guatemala
0x24b500	0x18024b500	.rdata	utf16	spanish-honduras
0x24b528	0x18024b528	.rdata	utf16	spanish-mexican
0x24b548	0x18024b548	.rdata	utf16	spanish-modern
0x24b568	0x18024b568	.rdata	utf16	spanish-nicaragua
0x24b590	0x18024b590	.rdata	utf16	spanish-panama
0x24b5b0	0x18024b5b0	.rdata	utf16	spanish-paraguay
0x24b5d8	0x18024b5d8	.rdata	utf16	spanish-peru
0x24b5f8	0x18024b5f8	.rdata	utf16	spanish-puerto rico
0x24b620	0x18024b620	.rdata	utf16	spanish-uruguay
0x24b640	0x18024b640	.rdata	utf16	spanish-venezuela
0x24b668	0x18024b668	.rdata	utf16	swedish-finland
0x24b688	0x18024b688	.rdata	utf16	swiss
0x24b6b0	0x18024b6b0	.rdata	utf16	america
0x24b6c0	0x18024b6c0	.rdata	utf16	britain
0x24b6d0	0x18024b6d0	.rdata	utf16	china
0x24b6e0	0x18024b6e0	.rdata	utf16	czech
0x24b6f0	0x18024b6f0	.rdata	utf16	england
0x24b700	0x18024b700	.rdata	utf16	great britain
0x24b720	0x18024b720	.rdata	utf16	holland
0x24b730	0x18024b730	.rdata	utf16	hong-kong
0x24b748	0x18024b748	.rdata	utf16	new-zealand
0x24b768	0x18024b768	.rdata	utf16	pr china
0x24b780	0x18024b780	.rdata	utf16	pr-china
0x24b798	0x18024b798	.rdata	utf16	puerto-rico
0x24b7b0	0x18024b7b0	.rdata	utf16	slovak
0x24b7c0	0x18024b7c0	.rdata	utf16	south africa
0x24b7e0	0x18024b7e0	.rdata	utf16	south korea
0x24b7f8	0x18024b7f8	.rdata	utf16	south-africa
0x24b818	0x18024b818	.rdata	utf16	south-korea
0x24b830	0x18024b830	.rdata	utf16	trinidad & tobago
0x24b858	0x18024b858	.rdata	utf16	united-kingdom
0x24b878	0x18024b878	.rdata	utf16	united-states
0x24b898	0x18024b898	.rdata	utf16	utf8
0x24b8b0	0x18024b8b0	.rdata	utf16	utf-8
0x24c738	0x18024c738	.rdata	utf16	zh-CHS
0x24c930	0x18024c930	.rdata	utf16	ar-SA
0x24c940	0x18024c940	.rdata	utf16	bg-BG
0x24c950	0x18024c950	.rdata	utf16	ca-ES
0x24c960	0x18024c960	.rdata	utf16	cs-CZ
0x24c970	0x18024c970	.rdata	utf16	da-DK
0x24c980	0x18024c980	.rdata	utf16	de-DE
0x24c990	0x18024c990	.rdata	utf16	el-GR
0x24c9a0	0x18024c9a0	.rdata	utf16	fi-FI
0x24c9b0	0x18024c9b0	.rdata	utf16	fr-FR
0x24c9c0	0x18024c9c0	.rdata	utf16	he-IL
0x24c9d0	0x18024c9d0	.rdata	utf16	hu-HU
0x24c9e0	0x18024c9e0	.rdata	utf16	is-IS
0x24c9f0	0x18024c9f0	.rdata	utf16	it-IT
0x24ca00	0x18024ca00	.rdata	utf16	nl-NL
0x24ca10	0x18024ca10	.rdata	utf16	nb-NO
0x24ca20	0x18024ca20	.rdata	utf16	pl-PL
0x24ca30	0x18024ca30	.rdata	utf16	pt-BR
0x24ca40	0x18024ca40	.rdata	utf16	ro-RO
0x24ca50	0x18024ca50	.rdata	utf16	ru-RU
0x24ca60	0x18024ca60	.rdata	utf16	hr-HR
0x24ca70	0x18024ca70	.rdata	utf16	sk-SK
0x24ca80	0x18024ca80	.rdata	utf16	sq-AL
0x24ca90	0x18024ca90	.rdata	utf16	sv-SE
0x24caa0	0x18024caa0	.rdata	utf16	th-TH
0x24cab0	0x18024cab0	.rdata	utf16	tr-TR
0x24cac0	0x18024cac0	.rdata	utf16	ur-PK
0x24cad0	0x18024cad0	.rdata	utf16	id-ID
0x24cae0	0x18024cae0	.rdata	utf16	uk-UA
0x24caf0	0x18024caf0	.rdata	utf16	be-BY
0x24cb00	0x18024cb00	.rdata	utf16	sl-SI
0x24cb10	0x18024cb10	.rdata	utf16	et-EE
0x24cb20	0x18024cb20	.rdata	utf16	lv-LV
0x24cb30	0x18024cb30	.rdata	utf16	lt-LT
0x24cb40	0x18024cb40	.rdata	utf16	fa-IR
0x24cb50	0x18024cb50	.rdata	utf16	vi-VN
0x24cb60	0x18024cb60	.rdata	utf16	hy-AM
0x24cb70	0x18024cb70	.rdata	utf16	az-AZ-Latn
0x24cb88	0x18024cb88	.rdata	utf16	eu-ES
0x24cb98	0x18024cb98	.rdata	utf16	mk-MK
0x24cba8	0x18024cba8	.rdata	utf16	tn-ZA
0x24cbb8	0x18024cbb8	.rdata	utf16	xh-ZA
0x24cbc8	0x18024cbc8	.rdata	utf16	zu-ZA
0x24cbd8	0x18024cbd8	.rdata	utf16	af-ZA
0x24cbe8	0x18024cbe8	.rdata	utf16	ka-GE
0x24cbf8	0x18024cbf8	.rdata	utf16	fo-FO
0x24cc08	0x18024cc08	.rdata	utf16	hi-IN
0x24cc18	0x18024cc18	.rdata	utf16	mt-MT
0x24cc28	0x18024cc28	.rdata	utf16	se-NO
0x24cc38	0x18024cc38	.rdata	utf16	ms-MY
0x24cc48	0x18024cc48	.rdata	utf16	kk-KZ
0x24cc58	0x18024cc58	.rdata	utf16	ky-KG
0x24cc68	0x18024cc68	.rdata	utf16	sw-KE
0x24cc78	0x18024cc78	.rdata	utf16	uz-UZ-Latn
0x24cc90	0x18024cc90	.rdata	utf16	tt-RU
0x24cca0	0x18024cca0	.rdata	utf16	bn-IN
0x24ccb0	0x18024ccb0	.rdata	utf16	pa-IN
0x24ccc0	0x18024ccc0	.rdata	utf16	gu-IN
0x24ccd0	0x18024ccd0	.rdata	utf16	ta-IN
0x24cce0	0x18024cce0	.rdata	utf16	te-IN
0x24ccf0	0x18024ccf0	.rdata	utf16	kn-IN
0x24cd00	0x18024cd00	.rdata	utf16	ml-IN
0x24cd10	0x18024cd10	.rdata	utf16	mr-IN
0x24cd20	0x18024cd20	.rdata	utf16	sa-IN
0x24cd30	0x18024cd30	.rdata	utf16	mn-MN
0x24cd40	0x18024cd40	.rdata	utf16	cy-GB
0x24cd50	0x18024cd50	.rdata	utf16	gl-ES
0x24cd60	0x18024cd60	.rdata	utf16	kok-IN
0x24cd70	0x18024cd70	.rdata	utf16	syr-SY
0x24cd80	0x18024cd80	.rdata	utf16	div-MV
0x24cd90	0x18024cd90	.rdata	utf16	quz-BO
0x24cda0	0x18024cda0	.rdata	utf16	ns-ZA
0x24cdb0	0x18024cdb0	.rdata	utf16	mi-NZ
0x24cdc0	0x18024cdc0	.rdata	utf16	ar-IQ
0x24cdd0	0x18024cdd0	.rdata	utf16	de-CH
0x24cde0	0x18024cde0	.rdata	utf16	en-GB
0x24cdf0	0x18024cdf0	.rdata	utf16	es-MX
0x24ce00	0x18024ce00	.rdata	utf16	fr-BE
0x24ce10	0x18024ce10	.rdata	utf16	it-CH
0x24ce20	0x18024ce20	.rdata	utf16	nl-BE
0x24ce30	0x18024ce30	.rdata	utf16	nn-NO
0x24ce40	0x18024ce40	.rdata	utf16	pt-PT
0x24ce50	0x18024ce50	.rdata	utf16	sr-SP-Latn
0x24ce68	0x18024ce68	.rdata	utf16	sv-FI
0x24ce78	0x18024ce78	.rdata	utf16	az-AZ-Cyrl
0x24ce90	0x18024ce90	.rdata	utf16	se-SE
0x24cea0	0x18024cea0	.rdata	utf16	ms-BN
0x24ceb0	0x18024ceb0	.rdata	utf16	uz-UZ-Cyrl
0x24cec8	0x18024cec8	.rdata	utf16	quz-EC
0x24ced8	0x18024ced8	.rdata	utf16	ar-EG
0x24cee8	0x18024cee8	.rdata	utf16	zh-HK
0x24cef8	0x18024cef8	.rdata	utf16	de-AT
0x24cf08	0x18024cf08	.rdata	utf16	en-AU
0x24cf18	0x18024cf18	.rdata	utf16	es-ES
0x24cf28	0x18024cf28	.rdata	utf16	fr-CA
0x24cf38	0x18024cf38	.rdata	utf16	sr-SP-Cyrl
0x24cf50	0x18024cf50	.rdata	utf16	se-FI
0x24cf60	0x18024cf60	.rdata	utf16	quz-PE
0x24cf70	0x18024cf70	.rdata	utf16	ar-LY
0x24cf80	0x18024cf80	.rdata	utf16	zh-SG
0x24cf90	0x18024cf90	.rdata	utf16	de-LU
0x24cfa0	0x18024cfa0	.rdata	utf16	en-CA
0x24cfb0	0x18024cfb0	.rdata	utf16	es-GT
0x24cfc0	0x18024cfc0	.rdata	utf16	fr-CH
0x24cfd0	0x18024cfd0	.rdata	utf16	hr-BA
0x24cfe0	0x18024cfe0	.rdata	utf16	smj-NO
0x24cff0	0x18024cff0	.rdata	utf16	ar-DZ
0x24d000	0x18024d000	.rdata	utf16	zh-MO
0x24d010	0x18024d010	.rdata	utf16	de-LI
0x24d020	0x18024d020	.rdata	utf16	en-NZ
0x24d030	0x18024d030	.rdata	utf16	es-CR
0x24d040	0x18024d040	.rdata	utf16	fr-LU
0x24d050	0x18024d050	.rdata	utf16	bs-BA-Latn
0x24d068	0x18024d068	.rdata	utf16	smj-SE
0x24d078	0x18024d078	.rdata	utf16	ar-MA
0x24d088	0x18024d088	.rdata	utf16	en-IE
0x24d098	0x18024d098	.rdata	utf16	es-PA
0x24d0a8	0x18024d0a8	.rdata	utf16	fr-MC
0x24d0b8	0x18024d0b8	.rdata	utf16	sr-BA-Latn
0x24d0d0	0x18024d0d0	.rdata	utf16	sma-NO
0x24d0e0	0x18024d0e0	.rdata	utf16	ar-TN
0x24d0f0	0x18024d0f0	.rdata	utf16	en-ZA
0x24d100	0x18024d100	.rdata	utf16	es-DO
0x24d110	0x18024d110	.rdata	utf16	sr-BA-Cyrl
0x24d128	0x18024d128	.rdata	utf16	sma-SE
0x24d138	0x18024d138	.rdata	utf16	ar-OM
0x24d148	0x18024d148	.rdata	utf16	en-JM
0x24d158	0x18024d158	.rdata	utf16	es-VE
0x24d168	0x18024d168	.rdata	utf16	sms-FI
0x24d178	0x18024d178	.rdata	utf16	ar-YE
0x24d188	0x18024d188	.rdata	utf16	en-CB
0x24d198	0x18024d198	.rdata	utf16	es-CO
0x24d1a8	0x18024d1a8	.rdata	utf16	smn-FI
0x24d1b8	0x18024d1b8	.rdata	utf16	ar-SY
0x24d1c8	0x18024d1c8	.rdata	utf16	en-BZ
0x24d1d8	0x18024d1d8	.rdata	utf16	es-PE
0x24d1e8	0x18024d1e8	.rdata	utf16	ar-JO
0x24d1f8	0x18024d1f8	.rdata	utf16	en-TT
0x24d208	0x18024d208	.rdata	utf16	es-AR
0x24d218	0x18024d218	.rdata	utf16	ar-LB
0x24d228	0x18024d228	.rdata	utf16	en-ZW
0x24d238	0x18024d238	.rdata	utf16	es-EC
0x24d248	0x18024d248	.rdata	utf16	ar-KW
0x24d258	0x18024d258	.rdata	utf16	en-PH
0x24d268	0x18024d268	.rdata	utf16	es-CL
0x24d278	0x18024d278	.rdata	utf16	ar-AE
0x24d288	0x18024d288	.rdata	utf16	es-UY
0x24d298	0x18024d298	.rdata	utf16	ar-BH
0x24d2a8	0x18024d2a8	.rdata	utf16	es-PY
0x24d2b8	0x18024d2b8	.rdata	utf16	ar-QA
0x24d2c8	0x18024d2c8	.rdata	utf16	es-BO
0x24d2d8	0x18024d2d8	.rdata	utf16	es-SV
0x24d2e8	0x18024d2e8	.rdata	utf16	es-HN
0x24d2f8	0x18024d2f8	.rdata	utf16	es-NI
0x24d308	0x18024d308	.rdata	utf16	es-PR
0x24d318	0x18024d318	.rdata	utf16	zh-CHT
0x24e170	0x18024e170	.rdata	utf16	af-za
0x24e180	0x18024e180	.rdata	utf16	ar-ae
0x24e190	0x18024e190	.rdata	utf16	ar-bh
0x24e1a0	0x18024e1a0	.rdata	utf16	ar-dz
0x24e1b0	0x18024e1b0	.rdata	utf16	ar-eg
0x24e1c0	0x18024e1c0	.rdata	utf16	ar-iq
0x24e1d0	0x18024e1d0	.rdata	utf16	ar-jo
0x24e1e0	0x18024e1e0	.rdata	utf16	ar-kw
0x24e1f0	0x18024e1f0	.rdata	utf16	ar-lb
0x24e200	0x18024e200	.rdata	utf16	ar-ly
0x24e210	0x18024e210	.rdata	utf16	ar-ma
0x24e220	0x18024e220	.rdata	utf16	ar-om
0x24e230	0x18024e230	.rdata	utf16	ar-qa
0x24e240	0x18024e240	.rdata	utf16	ar-sa
0x24e250	0x18024e250	.rdata	utf16	ar-sy
0x24e260	0x18024e260	.rdata	utf16	ar-tn
0x24e270	0x18024e270	.rdata	utf16	ar-ye
0x24e280	0x18024e280	.rdata	utf16	az-az-cyrl
0x24e298	0x18024e298	.rdata	utf16	az-az-latn
0x24e2b0	0x18024e2b0	.rdata	utf16	be-by
0x24e2c0	0x18024e2c0	.rdata	utf16	bg-bg
0x24e2d0	0x18024e2d0	.rdata	utf16	bn-in
0x24e2e0	0x18024e2e0	.rdata	utf16	bs-ba-latn
0x24e2f8	0x18024e2f8	.rdata	utf16	ca-es
0x24e308	0x18024e308	.rdata	utf16	cs-cz
0x24e318	0x18024e318	.rdata	utf16	cy-gb
0x24e328	0x18024e328	.rdata	utf16	da-dk
0x24e338	0x18024e338	.rdata	utf16	de-at
0x24e348	0x18024e348	.rdata	utf16	de-ch
0x24e358	0x18024e358	.rdata	utf16	de-de
0x24e368	0x18024e368	.rdata	utf16	de-li
0x24e378	0x18024e378	.rdata	utf16	de-lu
0x24e388	0x18024e388	.rdata	utf16	div-mv
0x24e398	0x18024e398	.rdata	utf16	el-gr
0x24e3a8	0x18024e3a8	.rdata	utf16	en-au
0x24e3b8	0x18024e3b8	.rdata	utf16	en-bz
0x24e3c8	0x18024e3c8	.rdata	utf16	en-ca
0x24e3d8	0x18024e3d8	.rdata	utf16	en-cb
0x24e3e8	0x18024e3e8	.rdata	utf16	en-gb
0x24e3f8	0x18024e3f8	.rdata	utf16	en-ie
0x24e408	0x18024e408	.rdata	utf16	en-jm
0x24e418	0x18024e418	.rdata	utf16	en-nz
0x24e428	0x18024e428	.rdata	utf16	en-ph
0x24e438	0x18024e438	.rdata	utf16	en-tt
0x24e448	0x18024e448	.rdata	utf16	en-us
0x24e458	0x18024e458	.rdata	utf16	en-za
0x24e468	0x18024e468	.rdata	utf16	en-zw
0x24e478	0x18024e478	.rdata	utf16	es-ar
0x24e488	0x18024e488	.rdata	utf16	es-bo
0x24e498	0x18024e498	.rdata	utf16	es-cl
0x24e4a8	0x18024e4a8	.rdata	utf16	es-co
0x24e4b8	0x18024e4b8	.rdata	utf16	es-cr
0x24e4c8	0x18024e4c8	.rdata	utf16	es-do
0x24e4d8	0x18024e4d8	.rdata	utf16	es-ec
0x24e4e8	0x18024e4e8	.rdata	utf16	es-es
0x24e4f8	0x18024e4f8	.rdata	utf16	es-gt
0x24e508	0x18024e508	.rdata	utf16	es-hn
0x24e518	0x18024e518	.rdata	utf16	es-mx
0x24e528	0x18024e528	.rdata	utf16	es-ni
0x24e538	0x18024e538	.rdata	utf16	es-pa
0x24e548	0x18024e548	.rdata	utf16	es-pe
0x24e558	0x18024e558	.rdata	utf16	es-pr
0x24e568	0x18024e568	.rdata	utf16	es-py
0x24e578	0x18024e578	.rdata	utf16	es-sv
0x24e588	0x18024e588	.rdata	utf16	es-uy
0x24e598	0x18024e598	.rdata	utf16	es-ve
0x24e5a8	0x18024e5a8	.rdata	utf16	et-ee
0x24e5b8	0x18024e5b8	.rdata	utf16	eu-es
0x24e5c8	0x18024e5c8	.rdata	utf16	fa-ir
0x24e5d8	0x18024e5d8	.rdata	utf16	fi-fi
0x24e5e8	0x18024e5e8	.rdata	utf16	fo-fo
0x24e5f8	0x18024e5f8	.rdata	utf16	fr-be
0x24e608	0x18024e608	.rdata	utf16	fr-ca
0x24e618	0x18024e618	.rdata	utf16	fr-ch
0x24e628	0x18024e628	.rdata	utf16	fr-fr
0x24e638	0x18024e638	.rdata	utf16	fr-lu
0x24e648	0x18024e648	.rdata	utf16	fr-mc
0x24e658	0x18024e658	.rdata	utf16	gl-es
0x24e668	0x18024e668	.rdata	utf16	gu-in
0x24e678	0x18024e678	.rdata	utf16	he-il
0x24e688	0x18024e688	.rdata	utf16	hi-in
0x24e698	0x18024e698	.rdata	utf16	hr-ba
0x24e6a8	0x18024e6a8	.rdata	utf16	hr-hr
0x24e6b8	0x18024e6b8	.rdata	utf16	hu-hu
0x24e6c8	0x18024e6c8	.rdata	utf16	hy-am
0x24e6d8	0x18024e6d8	.rdata	utf16	id-id
0x24e6e8	0x18024e6e8	.rdata	utf16	is-is
0x24e6f8	0x18024e6f8	.rdata	utf16	it-ch
0x24e708	0x18024e708	.rdata	utf16	it-it
0x24e718	0x18024e718	.rdata	utf16	ja-jp
0x24e728	0x18024e728	.rdata	utf16	ka-ge
0x24e738	0x18024e738	.rdata	utf16	kk-kz
0x24e748	0x18024e748	.rdata	utf16	kn-in
0x24e758	0x18024e758	.rdata	utf16	kok-in
0x24e768	0x18024e768	.rdata	utf16	ko-kr
0x24e778	0x18024e778	.rdata	utf16	ky-kg
0x24e788	0x18024e788	.rdata	utf16	lt-lt
0x24e798	0x18024e798	.rdata	utf16	lv-lv
0x24e7a8	0x18024e7a8	.rdata	utf16	mi-nz
0x24e7b8	0x18024e7b8	.rdata	utf16	mk-mk
0x24e7c8	0x18024e7c8	.rdata	utf16	ml-in
0x24e7d8	0x18024e7d8	.rdata	utf16	mn-mn
0x24e7e8	0x18024e7e8	.rdata	utf16	mr-in
0x24e7f8	0x18024e7f8	.rdata	utf16	ms-bn
0x24e808	0x18024e808	.rdata	utf16	ms-my
0x24e818	0x18024e818	.rdata	utf16	mt-mt
0x24e828	0x18024e828	.rdata	utf16	nb-no
0x24e838	0x18024e838	.rdata	utf16	nl-be
0x24e848	0x18024e848	.rdata	utf16	nl-nl
0x24e858	0x18024e858	.rdata	utf16	nn-no
0x24e868	0x18024e868	.rdata	utf16	ns-za
0x24e878	0x18024e878	.rdata	utf16	pa-in
0x24e888	0x18024e888	.rdata	utf16	pl-pl
0x24e898	0x18024e898	.rdata	utf16	pt-br
0x24e8a8	0x18024e8a8	.rdata	utf16	pt-pt
0x24e8b8	0x18024e8b8	.rdata	utf16	quz-bo
0x24e8c8	0x18024e8c8	.rdata	utf16	quz-ec
0x24e8d8	0x18024e8d8	.rdata	utf16	quz-pe
0x24e8e8	0x18024e8e8	.rdata	utf16	ro-ro
0x24e8f8	0x18024e8f8	.rdata	utf16	ru-ru
0x24e908	0x18024e908	.rdata	utf16	sa-in
0x24e918	0x18024e918	.rdata	utf16	se-fi
0x24e928	0x18024e928	.rdata	utf16	se-no
0x24e938	0x18024e938	.rdata	utf16	se-se
0x24e948	0x18024e948	.rdata	utf16	sk-sk
0x24e958	0x18024e958	.rdata	utf16	sl-si
0x24e968	0x18024e968	.rdata	utf16	sma-no
0x24e978	0x18024e978	.rdata	utf16	sma-se
0x24e988	0x18024e988	.rdata	utf16	smj-no
0x24e998	0x18024e998	.rdata	utf16	smj-se
0x24e9a8	0x18024e9a8	.rdata	utf16	smn-fi
0x24e9b8	0x18024e9b8	.rdata	utf16	sms-fi
0x24e9c8	0x18024e9c8	.rdata	utf16	sq-al
0x24e9d8	0x18024e9d8	.rdata	utf16	sr-ba-cyrl
0x24e9f0	0x18024e9f0	.rdata	utf16	sr-ba-latn
0x24ea08	0x18024ea08	.rdata	utf16	sr-sp-cyrl
0x24ea20	0x18024ea20	.rdata	utf16	sr-sp-latn
0x24ea38	0x18024ea38	.rdata	utf16	sv-fi
0x24ea48	0x18024ea48	.rdata	utf16	sv-se
0x24ea58	0x18024ea58	.rdata	utf16	sw-ke
0x24ea68	0x18024ea68	.rdata	utf16	syr-sy
0x24ea78	0x18024ea78	.rdata	utf16	ta-in
0x24ea88	0x18024ea88	.rdata	utf16	te-in
0x24ea98	0x18024ea98	.rdata	utf16	th-th
0x24eaa8	0x18024eaa8	.rdata	utf16	tn-za
0x24eab8	0x18024eab8	.rdata	utf16	tr-tr
0x24eac8	0x18024eac8	.rdata	utf16	tt-ru
0x24ead8	0x18024ead8	.rdata	utf16	uk-ua
0x24eae8	0x18024eae8	.rdata	utf16	ur-pk
0x24eaf8	0x18024eaf8	.rdata	utf16	uz-uz-cyrl
0x24eb10	0x18024eb10	.rdata	utf16	uz-uz-latn
0x24eb28	0x18024eb28	.rdata	utf16	vi-vn
0x24eb38	0x18024eb38	.rdata	utf16	xh-za
0x24eb48	0x18024eb48	.rdata	utf16	zh-chs
0x24eb58	0x18024eb58	.rdata	utf16	zh-cht
0x24eb68	0x18024eb68	.rdata	utf16	zh-cn
0x24eb78	0x18024eb78	.rdata	utf16	zh-hk
0x24eb88	0x18024eb88	.rdata	utf16	zh-mo
0x24eb98	0x18024eb98	.rdata	utf16	zh-sg
0x24eba8	0x18024eba8	.rdata	utf16	zh-tw
0x24ebb8	0x18024ebb8	.rdata	utf16	zu-za
0x24ebe8	0x18024ebe8	.rdata	utf16	CONOUT$
